:020000040000FA
:1000000070C90120F90502001D150300E505020075
:10001000E5050200E5050200E5050200E505020030
:100020000000000000000000000000005D0702006A
:10003000E505020000000000F5060200E5050200EB
:10004000E1080200E1080200E1080200E108020004
:10005000E1080200E1080200E1080200E1080200F4
:10006000E1080200E1080200E1080200E1080200E4
:10007000E1080200E1080200E1080200E1080200D4
:10008000E1080200E1080200E1080200E1080200C4
:10009000E1080200E1080200E1080200E1080200B4
:1000A000E1080200E1080200E1080200E1080200A4
:1000B000E1080200E1080200E1080200E108020094
:1000C000E1080200E1080200E1080200E108020084
:1000D000E1080200E1080200E1080200E108020074
:1000E000E1080200E1080200E1080200E108020064
:1000F000E1080200E1080200E1080200E108020054
:10010000E1080200E1080200E1080200E108020043
:10011000E1080200E1080200E1080200E108020033
:10012000E1080200E1080200E1080200E108020023
:10013000E1080200E1080200E1080200E108020013
:10014000E1080200E1080200E1080200E108020003
:10015000E1080200E1080200E1080200E1080200F3
:10016000E1080200E1080200E1080200E1080200E3
:10017000E1080200E1080200E1080200E1080200D3
:10018000E1080200E1080200E1080200E1080200C3
:10019000E1080200E1080200E1080200E1080200B3
:1001A000E1080200E1080200E1080200E1080200A3
:1001B000E1080200E1080200E1080200E108020093
:1001C000E1080200E1080200E1080200E108020083
:1001D000E1080200E1080200E1080200E108020073
:1001E000E1080200E1080200E1080200E108020063
:1001F000E1080200E1080200E1080200E108020053
:10020000E1080200E1080200E1080200E108020042
:10021000E1080200E1080200E1080200E108020032
:10022000E1080200E1080200E1080200E108020022
:10023000E1080200E1080200E1080200E108020012
:10024000E1080200E1080200E1080200E108020002
:10025000E1080200633B0300E1080200E10802003C
:10026000E1080200E10802004D3B0300E108020042
:10027000E1080200E1080200E1080200E1080200D2
:10028000E1080200E1080200E1080200E1080200C2
:10029000E1080200E1080200E1080200E1080200B2
:1002A000E1080200E1080200E1080200E1080200A2
:1002B000E1080200E1080200E1080200E108020092
:1002C000E1080200E1080200E1080200E108020082
:1002D000E1080200E1080200E1080200E108020072
:1002E000E1080200E1080200E1080200E108020062
:1002F000E1080200E1080200E1080200E108020052
:10030000E1080200E1080200E1080200E108020041
:10031000E1080200E1080200E1080200E108020031
:10032000E1080200E1080200E1080200E108020021
:10033000E1080200E1080200E1080200E108020011
:10034000E1080200E1080200E1080200E108020001
:10035000E1080200E1080200E1080200E1080200F1
:10036000E1080200E1080200E1080200E1080200E1
:10037000E1080200E1080200E1080200E1080200D1
:10038000E1080200E1080200E1080200E1080200C1
:10039000E1080200E1080200E1080200E1080200B1
:1003A000E1080200E1080200E1080200E1080200A1
:1003B000E1080200E1080200E1080200E108020091
:1003C000E1080200E1080200E1080200E108020081
:1003D000E1080200373B0300E1080200E1080200E7
:1003E000E1080200E1080200E1080200E108020061
:1003F000E1080200E1080200E1080200E108020051
:10040000E1080200E1080200E1080200E108020040
:10041000E1080200E1080200E1080200E108020030
:10042000E1080200E1080200E1080200E108020020
:10043000E1080200E1080200E1080200E108020010
:10044000E1080200E1080200E1080200E108020000
:10045000E1080200E1080200E1080200E1080200F0
:10046000E1080200E1080200E1080200E1080200E0
:0C047000E1080200E1080200E1080200BF
:10048000064A074B02604FF44072DB7882800822F4
:10049000C371002382710372704700BFD1BE010097
:1004A000181B0020064A074B02604FF4C472DB7A27
:1004B00082800822C371FF2382710372704700BFDC
:1004C00045BA0100181B0020084B094A1B7892F816
:1004D00028201B020749C27103F52E730160838037
:1004E00008238371FF230372704700BF481C00205C
:1004F000181B002071690100074A9378D2781344D1
:10050000064A02604FF4BA72C371FF23828004224C
:1005100003728271704700BF181B002087690100B9
:10052000064A9378D2781344002282600260044A1B
:100530004260C371FF230372704700BF181B002085
:100540007000080008B50122094B83F82A2002F048
:1005500031FA04F0D5FF18F051FC06490D2000F0E7
:10056000E1FC05490E20BDE8084000F0DBBC00BFFF
:10057000181B0020C9040000F90400002DE9F34114
:10058000C41D0028064624F007040CBF00202046A6
:1005900000F0DAFC071E04DA6FF00B0002B0BDE8D1
:1005A000F081374DE988A88803316B7A03302A7AC5
:1005B00089B280B215F0B0FC0028EDDB3C44A9788C
:1005C000EB78002E04F10304194424F0030400FB2B
:1005D00001F10CBF0020204600F064FE20440EB95B
:1005E0000028D9DBEA7A0446B2B1EB7B697C13447C
:1005F0001944FF29D0D80330002EAA89C9B220F0AF
:1006000003040CBF0020204600F0BEFE0028C3DB20
:1006100004440EB9002CBFDB012000F08BFCB0B10C
:10062000A97BA1B195F82B3033B340234FF48172ED
:100630000734002E24F007040CBF0020204601F0F0
:1006400011FF0028A8DB04440EB9002CA4DBAB7A10
:10065000FBB1EB7AB3B10734002EA97A24F007047A
:100660000CBF0020204607F0FBF8002894DB044470
:100670007EB9002C0DDA8FE725232822D8E700BFAA
:10068000181B0020012000F055FC10B1AB7B002BA3
:10069000E1D1734B1B6893B1A97D81B10334002E66
:1006A000EA7D24F003040CBF002020469847002870
:1006B000FFF672AF044416B9002CFFF66DAF694B1C
:1006C0001B688BB1297C79B10334002E24F003041C
:1006D0000CBF0020204698470028FFF65DAF044479
:1006E00016B9002CFFF658AF5F4B1F68B7B1697C95
:1006F000A1B10334002E2B7D24F0030408BF002099
:10070000009318BF2046EB7CAA7CB8470028FFF670
:1007100043AF044416B9002CFFF63EAF072000F0AB
:1007200009FC98B1A97D89B10334002E2A7E24F0FA
:1007300003040CBF0020204600F014FF0028FFF641
:100740002BAF044416B9002CFFF626AFB6FA86F795
:1007500095F823007F09A0B103346B7FA97E24F0B4
:10076000070419443B4644F00404C9B2224600F091
:1007700039FF0028FFF610AF044416B9002CFFF62D
:100780000BAF95F8241000294CD004F10708002E77
:10079000EA8C28F007080CBF0020404615F0D0FB7B
:1007A000041EFFF6F9AE4444002E3ED1002CFFF6A5
:1007B000F3AEA97F002945D095F82230002B41D017
:1007C0002A8C0734002E02F1240224F007080CBF03
:1007D0000020404692B215F0B3FB0028FFF6DCAED5
:1007E000404416B90028FFF6D7AE03302B7FA97E10
:1007F00020F0070019443B4640F0040495F822001D
:10080000C9B2224600F0E0FE0028FFF6C5AE04445F
:1008100086B9002CFFF6C0AEEB6AF3B1C6B1EC624C
:100820000020BBE6002EC4D08846E98C40460CF080
:100830007FFFBEE72A8C4046A97F083292B20CF0B7
:100840007DFFE9E7002EE7D0002211461046F6E7CB
:1008500028343FF5A1AE2046A0E6002EE0D1FAE70D
:1008600014290020182900201C2900201FB572B669
:10087000194B1C6BECB9BFF34F8F1849184BCA6862
:1008800002F4E0621343CB60BFF34F8F00BFFDE77C
:10089000B2FBF6F22B465D1C002AF9D1DBB203F164
:1008A00010056D4405F80C2C0A2233B901A8A047A5
:1008B000E1E7024600230A26EDE7013BDBB203F144
:1008C00010050DEB0506B0FBF2F502FB150030300C
:1008D00006F80C0C2846E8E7181B002000ED00E0A5
:1008E0000400FA0513B5124C68462389ADF80030B0
:1008F000E388ADF80430A388ADF8023003F020FFA0
:1009000018B1FC219C20FFF7B1FF207D03F048FFC8
:1009100008B1FF21F6E7E07C03F03CFF10B14FF493
:100920008071EFE794F829000AF094FE02B010BD40
:10093000181B002070B50546002858D014F0E0FBC5
:1009400018B94FF0FF34204670BD13F035F8B0F5FC
:10095000FA7FF6D8274C012625630025284684F81F
:100960003450257084F82B50E56284F82A500CF03E
:1009700073F91A22294604F10F001CF073FB1B23A4
:1009800008210322A3802846E3800223A1721F21AD
:100990006372E375F72322722384FB23A273492237
:1009A000E3840A23A1812946E27484F82930A670E1
:1009B000E670E672A674267602F050F82A463146B2
:1009C000304602F007F8044620B140F2B7319C20CF
:1009D000FFF74CFF0246014602F02AF8EFF31085BC
:1009E00072B600F025FE002DADD162B6ABE76FF018
:1009F0001504A8E7181B002038B51446002840F05D
:100A0000EE80784D95F83430032B00F0E58019B373
:100A100012B96FF0150038BD0139172900F2DF80D7
:100A2000DFE811F0180029002C0042006C0075006E
:100A30009400480078007B008E004E005400620055
:100A400067009A009D00AC00AF00B200A300B500A3
:100A5000B900D2001378AB700020FFF78FFD00289B
:100A6000B7BF012302236FF00B0085F83430A8BF15
:100A700085F83430CFE71378EB70EDE71379002B6E
:100A8000C7D05379002BC4D01288FB2AC1D8638801
:100A90001B3B9BB2E02BBCD81A2ABAD92368A28888
:100AA0006B60514B9A80D7E71378EA7B9342B0D3BF
:100AB000EB72D1E71378EA7A9342AAD8EB73CBE7CB
:100AC0001378EA7A9342A4D86B74C5E71378002BA5
:100AD0009FD05378013BDBB2F82B9AD813889278D9
:100AE0006B82424B9A70B7E7107868750AF00CFC7D
:100AF000B2E71378002B8CD02B76ADE7012000F005
:100B000019FA237808B1012B83D9AB73A4E71388B2
:100B1000AB81A1E71378AB759EE7072000F00AFAD6
:100B200018B92378012B7FF674AF072000F002FA82
:100B300018B12378002B3FF46CAF2378EB758BE76B
:100B40001378082B3FF665AF2B7485E71388FF2BCE
:100B50003FF65FAFAB727FE713786B767CE7137875
:100B60000E2B3FF656AFAB7676E72368204AC5F8E2
:100B70001E3063685360238913816DE71378EB7629
:100B80006AE713786B7767E713782B7764E7137856
:100B900085F8283060E701F017FF98B1007900F080
:100BA00001026178207801F015FF00287FF433AF4F
:100BB0006378012B7FF650AF0CF018FD00287FF40E
:100BC0004BAF26E70246ECE713785A1E092A3FF698
:100BD00020AF85F829303FE74FF0FF301BE76FF07B
:100BE0002C0018E7181B00201C1B00202A1B0020CB
:100BF000361B0020F8B50D46064630B329B311F078
:100C0000070422D1124F97F83430012B02D16FF034
:100C10000B00F8BD032B02D14FF0FF30F9E700F0D5
:100C20009FF80028F8D02846FFF7A8FC0028EEDB44
:100C30001BF091FD3046F96A04F07CFCFFF752FE90
:100C40000323204687F83430E3E76FF01500E0E730
:100C5000181B002010B5074C94F83430032B03D137
:100C600004F080FC05F074FB15F08EFA002084F887
:100C7000340010BD181B002050B1074B03F11402C3
:100C800053F8041B934240F8041BF9D1002070472D
:100C90006FF01500704700BF10C6030008B504F0E0
:100CA000E5FB03490320BDE8084000F03BB900BF65
:100CB000A504000008B504F0EDFB03490220BDE8DF
:100CC000084000F02FB900BF8104000008B504F00F
:100CD00003FC03F081FD03490F20BDE8084000F04C
:100CE00021B900BF2105000008B50A4B93F82A304E
:100CF0000BB9FFF727FC01F067FEC1780120C1F3B3
:100D0000400101F0ABFE0FF081FDBDE8084012F09C
:100D10002BB900BF181B002008B5094B93F82A30E7
:100D20000BB9FFF70FFC01F04FFE0121C07808401E
:100D300001F094FE0FF072FDBDE8084012F01CB9FE
:100D4000181B002002680020014B1A60704700BF8A
:100D5000501B0020014B1B68184700BF501B002090
:100D6000024B1868003818BF01207047501B002044
:100D7000074B4FF0FF3141F6FF72C3E900120549FE
:100D80000022C1E900221F21C3E90212704700BFFF
:100D900020110020541B00203F280CD801380B4B99
:100DA000C0F3421200F01F0053F8223023FA00F083
:100DB00000F001007047FF2806D04038044BC0F314
:100DC000421200F01F00EFE70120704720110020C1
:100DD000541B0020074B0146006849681A4603C2AD
:100DE00040F48C2200201A6041F0107242F4FF623D
:100DF0005A607047201100200246034B006851687A
:100E000003C30020704700BF541B00200246034B61
:100E10000068516803C30020704700BF28110020FC
:100E200008B5382800F1FF33DBB205D104F008FC27
:100E30004078C0F3C00008BD5909054A03F01F03FC
:100E400002EB81029068D84000F00100F3E700BF98
:100E5000201100200A8870B595B2C67CC2F30E023C
:100E60000488023602F118033444C35AA4B233444E
:100E70002344013BB3FBF4F303FB0422438892B207
:100E80009342044B8BBF2B40AB4313439BB20B806D
:100E900070BD00BF0080FFFF4A1E062A08B503464A
:100EA000084604D84FF4D1711520FFF7DFFC094A3A
:100EB000914202D940F2A311F6E711B903B11960CA
:100EC00008BD2BB11B680022C3E901211A1D1A605D
:100ED0000430F5E7FAFFFF7F10B5114B00EB41043A
:100EE0001A786389B3FBF2F303FB0223013A1A4435
:100EF000B2F5706F0279807828BF00231A440B186E
:100F0000B2FBF0F100FB11215B1AB3FBF0F100FB27
:100F1000113313446FEA43436FEA5343638110BDB7
:100F20005C1B0020024B03EB80035960704700BF3D
:100F30005C1B0020034B03EB80035868003818BF8C
:100F4000012070475C1B00202DE9F04F10F0070ACC
:100F500085B0054604D040F26F111720FFF786FCDC
:100F6000534F04464FF0010B07F15406B146B0460B
:100F700057F8043B8DF80BA03BB101A898479DF8AA
:100F80000A30082B01D9F521E7E79DF80B1041BB8A
:100F900005B131604F4506F10406E9D1002D6FD04F
:100FA0000022DFF810911427964689F8002058F89F
:100FB00027A0013FBAF1000F55D09AF804609AF8C3
:100FC00002C0FF2E60D039460023481C38D19C4413
:100FD000BCF1FF0F3FD90AB189F800E04FF49A71D4
:100FE000BBE79DF80AC04B1D60465A0004EB430363
:100FF000022838BF0220441E40422344BDF8084066
:101000006444CCF1000C0340013C04EA0C04B4F548
:10101000803F02D340F205119FE775B19A1A326002
:101020009170148082F803B09DF80C001071019843
:101030004FEA104C1081A2F806C004FB0134A9E766
:1010400058F8210028B190F804B0B34504BF807867
:101050001B180139B9E7DBB2E6458AF804303CBF1A
:101060005FFA8CFE01227B1CA1D10AB189F800E055
:10107000142640F6FF6A58F82670B7B9013EFAD236
:10108000601B05B0BDE8F08F0023E5E707EB4103E7
:1010900009F101093846A3F80AA0FFF71DFF5FFA1E
:1010A00089F1BB788B42F1D8E8E74FF00009F6E709
:1010B000601B00205C1B002038B54FF6FF73024612
:1010C0000380184B03EB8103986DA8B184780379F2
:1010D000B3FBF4F104FB1133DBB2194600EB41051D
:1010E000B5F90A50002D0EDB0131B1FBF4F504FB1C
:1010F0001511C9B28B42F1D1002038BD6381BDE822
:10110000384014F0D6BE00EB41046389C3F30E03EC
:101110001380C278002AF1D14FF4E5711720FFF750
:10112000A5FB00BF5C1B00201C4B03EB810370B5CB
:101130009C6D054644B3030404D54FF4EC711720AD
:10114000FFF794FB0146204614F096FEFF28014667
:1011500004D02046BDE8704014F0ABBEA078B5FBCB
:10116000F0F300FB1353DBB219460A1D04EB4206F1
:10117000B6F90260002E09DB0131B1FBF0F200FB91
:101180001211C9B28B42F0D1002070BD8B4201D048
:101190000023E37004EB42025580DAE75C1B002079
:1011A000094B03EB8103014610B59C6D204614F0FA
:1011B00063FEFF28014604D02046BDE8104014F02D
:1011C00078BE002010BD00BF5C1B0020F8B5104B9E
:1011D000074603EB810301469C6D204614F04CFE4C
:1011E000FF28054611D0E288238953EA024606D03B
:1011F0000146204614F05DFE01463846B0472046C1
:101200002946FFF769FE0020F8BD0520FCE700BF76
:101210005C1B002038B50E4B0446827903EB820339
:10122000986D08B9052038BD8278E1799142F9D2EC
:101230004B1CE37100EB41035D89B3F90A30002BCD
:10124000F3DBA58014F035FE20600020EBE700BF43
:101250005C1B002008B5124B03EB81039A6D22B989
:1012600040F246211720FFF701FB9178831A481DB1
:10127000A3EB40031088B3FBF0F3002B01DB994292
:1012800002DC40F24921EDE702EB4302B2F90A30F9
:101290005089002B02DA40F24B21E3E708BD00BF82
:1012A0005C1B002070B5044610F003000E4603D00E
:1012B0004E211820FFF7DAFAFFF7EEFD054624B1BC
:1012C000034831460460FFF7E7FD284670BD00BFC4
:1012D000081C00202DE9F14FDFF870B01E460746CC
:1012E0000D46DBF8003090469DF828A09DF82C9024
:1012F0001BB960211820FFF7B9FA52460921404670
:1013000014F03EFC4A4684B20921304614F038FC01
:1013100081B2DBF80000214414F082FD386018B976
:10132000286001B0BDE8F08F0444534641460922CD
:101330002C60386814F0E7FB4B46092231462868D8
:1013400001B0BDE8F04F14F0DEBB00BF081C002068
:1013500070B50E46044614F026FC0546304614F0DF
:1013600022FC044B2A1821461868BDE8704014F08E
:101370007CBD00BF081C0020024B186808B114F0A7
:1013800043BD7047081C00201F2AF8B504461346C9
:101390000ED89200033222F00303B3F5803F2DD222
:1013A000184DACB1A00710D068210920FFF75EFAF4
:1013B000FF2B4FEA420204D9FF339A42A8BF1A46D4
:1013C000E8E77C2AB8BF7C22E4E729706C602B81B7
:1013D00022F0030228230127120403FB01F06B68AB
:1013E0000025120CEEB2B14200D8F8BD14B1261897
:1013F0001F705E60104401352833F3E74FF0FF3073
:10140000F3E700BF0C1C0020154A002170B553689B
:101410001578C8B2854203D8BA210920FFF726FA09
:101420001C461846013114F8286B0EB92346F0E724
:101430000021997001241289996103F126055C70DD
:101440009208D96103F11E04596824F8022FA542BD
:1014500043F8041F1144F8D100234361037070BDA9
:101460000C1C00200A4B1B89B3F5FF7F4FEA930049
:1014700006D25A089B1A9BB2984238BF184670474A
:10148000B3F5EE6F01D8FF22F4E740F27263F3E7A1
:101490000C1C00204B782DE9F04106460C4602F06A
:1014A000040702F0FB05E3B1A5BBFF23A3707B0893
:1014B00004EB57073A7D032A02D1022D18BF0133EE
:1014C000E2180121117503F10C01002204EB8303E2
:1014D00024F811205B68A27030463360B280BDE80A
:1014E000F081002DE1D1012301F11E028D61204622
:1014F0004B7004F1260C1A4BCD611B8949689B087F
:1015000022F8023F944540F8041F1944F8D1002303
:101510006361CAE7D1F8048014220021A018617029
:101520001BF0A0FD0E4B1B89B3F5FF7F0FD25A08AD
:101530009B1A9BB208EB0301C4F804802384A160CA
:101540006284C4F80C80A3842161E284ADE7B3F522
:10155000EE6F4FF0FF02EBD940F27263EAE700BF93
:101560000C1C00202DE9F84305460C46F720052108
:10157000914614F005FB061E21DB1DB906FB04F0A5
:10158000BDE8F88315F0030703D098211920FFF771
:101590006DF9DFF83080C8F81050A8F81460BBB2BD
:1015A0009C42EBD9B8F814504B46D8F810000522ED
:1015B000F72107FB0500013714F0A5FAEFE74FF01C
:1015C000FF30DDE7201C002007B5CDE900230B46E6
:1015D00003490246081D14F0B1FD03B05DF804FB99
:1015E000381C002013B5064CCDE900230B460246FB
:1015F00004F1080104F10C0014F0A0FD02B010BDCC
:10160000381C002008B54B1E032B03D92321902042
:10161000FFF72CF90028054A0CBF05230C2303EB28
:101620008103053323F00103137008BD481C00201B
:10163000114B01224FF0FF3000215A60C3F808031C
:10164000C3F80015C3F804255A6040F6FE72C3F8CB
:1016500008034020C3F8001503F570330749C3F8A9
:101660000825C1F88800BFF34F8FBFF36F8FC1F813
:101670008801C3F8082570470060045000E100E0CD
:101680000A4606483D2302F8033BC368C1F803300D
:101690000369536043699360704700BF4C1C00208E
:1016A000024B5A8C02435A845B6A18474C1C002038
:1016B000014B00215B6A18474C1C002070B5194C87
:1016C000054694F828604EB1012807D1638C1A07AB
:1016D00004D594F830300BB1012070BD0129FBD83E
:1016E000636B284698470028F6D094F83800002805
:1016F000F2D11EB9012D0BD03046EEE7002DECD112
:10170000638C9B0704D594F8300080F00100E4E777
:10171000608C0028E0D194F83930002BDDD194F8AA
:101720003A00F2E74C1C002010B5154C0AF046FDBB
:101730000BF054FAA08FFFF7BBFF237E63B1224664
:10174000104904F1190052F80C3BE36063685360E0
:10175000A368936018F0D0FF0B4BA28F93E80300AF
:1017600006F008FAE36A188806F014F8236C94F877
:10177000381094F83E009847002384F8443010BD98
:101780004C1C002081160000741C0020034B93F8B1
:1017900044300BB1FFF7C8BF704700BF4C1C00209E
:1017A00070B5214C0646A36DE56AA3644FF48173BE
:1017B00094F85C00A4F84C3095F8933095F87510C7
:1017C00000EB83002EB9FF2803D195F874308B42CB
:1017D00001D00AF087FB95F89330FBB1206E0AF038
:1017E000D3FD216EA06C0BF07FF95EB995F87530D2
:1017F000033B012B2B8F8CBF00202820184480B284
:101800000AF010FEA88E0AF02DFB95F87410002047
:101810000AF04EFE022384F8443070BDA06C0AF03A
:10182000B3FD0BF0DBF9E0E74C1C0020F0B591F8BC
:10183000686087B00C4606BBCA883346134F04F174
:10184000800190F87500903497F82850013897F887
:101850005C70003DC0B218BF0125032810D8059662
:10186000002604960A4E305CCDE902700220CDE9D4
:1018700000540BF055F807B0F0BDD1E91E23DDE7A9
:1018800040F22C410620FEF7F1FF00BF4C1C002067
:10189000937203002DE9F041234C06460F4694F85D
:1018A0004430012B5FFA83F804D040F62F01272043
:1018B000FEF7DCFFE56A95F8843053B1002104207F
:1018C00085F88410FFF7ECFE94F828300BB185F80A
:1018D000858095F88830042B0DD114490220FFF73C
:1018E000DFFE94F8283033B1E36E1B789A1E534222
:1018F000534184F8303095F8933023B105F18001DD
:10190000E06AFFF793FF1EB1BDE8F041FFF70CBF9F
:10191000002FF9D031463046FFF7D0FE0028F3D132
:10192000BDE8F041FFF73CBF4C1C0020B81C002074
:1019300008B5094B93F84420022A04D040F2E6216E
:101940002720FEF793FFDA7A42F00102DA72BDE84F
:101950000840FFF7E9BE00BF4C1C0020F7B5184C4B
:101960000646656F0DB1236D23B940F2E77127205C
:10197000FEF77CFFB4F8543001F003012F466B7082
:101980002B7823F003030B4307F8033B3846B4F8E6
:101990005420216D13F00CFD0DF1020201A9A06F7E
:1019A000A564276514F026FA019814F011FA0122B3
:1019B000B4F854103060A06F14F0B5F903B0F0BD66
:1019C0004C1C002070B591F8686086B00C4606BBD0
:1019D000CA88334690F8740004F18001114D9034A8
:1019E000013895F82850C0B2B5FA85F503284FEABA
:1019F000551511D805960026009504960A4E305CC0
:101A00000390FB20CDE9014004200AF089FF06B0D5
:101A100070BDD1E91C23DDE740F22C410620FEF722
:101A200025FF00BF4C1C0020937203002DE9F04FEE
:101A3000B94C85B0E76A97F8741058B997F89320B5
:101A400094F85C3003EB8203FF2B03D197F87530D9
:101A50008B4202D0FF200AF045FA02A9AF4816F0E7
:101A600071FB8346A0B3029A53786266A4F8703083
:101A700003B1D31CE36600251378C3F3001384F885
:101A8000393097F89230002B00F06B81B4F8703049
:101A9000002B00F06681206E0AF076FC2A46D4E91D
:101AA00018100AF05BFE18B9D4E918010AF0B2FF69
:101AB000F88E0AF0D7F997F8751001200AF0F8FCB3
:101AC000012384F8883084F8443005B0BDE8F08FF5
:101AD000E66A8DF8050096F88830ADF80600052B0B
:101AE00000F20C81DFE813F006000D01E100E100D7
:101AF000FA00FA0094F87F300DF1060103A8A6F869
:101B00006430ADF8063003F0EDFE40B1039D35B111
:101B1000012384F88030042386F88830DBE096F8CF
:101B2000CF30002B40F0A6800DF105020DF106012B
:101B3000D4F8840014F05EF80546002800F09A807E
:101B40009DF805B0BBF1000F1FD00146D4F884000A
:101B500014F03AF914F03CF9D0F800A0D0F8049051
:101B600080465AEA09037ED1002388F8003088F8BD
:101B7000013088F8023088F8033088F8043088F89B
:101B8000053088F8063088F80730BDF80630002B9D
:101B900078D1012386F8883001234FF0000B84F8B8
:101BA0008030BDF806306566A4F8703003B1EB1CD8
:101BB00096F8888096F889A0B8F1020F96F88A9076
:101BC000E36600F0A380A8F10408B8F1010F00F269
:101BD0009B80BBF1000F00F0A5800025E36E1B7811
:101BE0001B2B40F0BB80012106F110000AF0C2F966
:101BF0004FF003080122616E4FEACA0A4FEA8909D1
:101C00000B780AF0080A09F0040903F0F30343EA29
:101C10000A0343EA090323F0100343EA051323F000
:101C2000030348EA03030B70B4F870304B700223CF
:101C3000606EA4F86830037823F0200343EA42136F
:101C4000037052B1E36A197C5B7C032903F01F0324
:101C500008BF002143EA8113837005F0010584F871
:101C6000395015460DE71AF0B4FF824579EB0101B2
:101C7000BFF47AAF00230122294DADF8063086F873
:101C8000882090E79DF805301BB92B80AB700323AB
:101C900080E72B7803F00303012BF8D0022386F8AA
:101CA0008830002386F8953076E7B6F864300DF179
:101CB00005020DF10601D4F88400ADF8063013F0EA
:101CC00099FF054620B940F20D512720FEF7CEFDC1
:101CD000012384F88030BDF8063064E70DF1060179
:101CE00003A803F0FFFD08B1039D15B940F21C5194
:101CF000EBE7012384F8803005230DE740F22651FD
:101D0000E3E7074D00234EE74FF00108BBF1000F5A
:101D10000ED000252A466EE74C1C0020741C0020C3
:101D2000C81C00201B78022B3FF457AF4FF003086C
:101D3000D4F8840013F0B6FF50B9B8F1030F3FF4A4
:101D40004CAF03F0EBFD80F00105EDB2002252E74D
:101D5000B8F1030F4FF00105F8D13FE74FF003084A
:101D6000F4E7606E0AF010FB0AF038FF2946606E57
:101D70001AF01BFD9CE600BF2DE9F04F0023794CC3
:101D800085B080468A46E56ACDE9003394F8443050
:101D9000022B04D04FF40C612720FEF767FDA26CE4
:101DA00051781378A4F8541003210A44A4F84C1075
:101DB000226503EA01028DF80820C3F3C0028DF802
:101DC0000920C3F380028DF80A20C3F30012C3F385
:101DD00040138DF80B208DF80C3095F893300028C7
:101DE00000F06F81D3B10AF017FF831EDBB2012B25
:101DF00004D8FFF799FC05B0BDE8F08F70B9B4F8CE
:101E000054305BB195F88A309DF8092003F0010346
:101E10009A4203D1012384F83E30EAE7524A02A9EC
:101E2000A2F1280016F090F98346002849D1B4F8B1
:101E3000541011B1A06F13F056FFA38F9DF80A1034
:101E400043F400736067A38795F889300133DAB2F1
:101E500003F00103994236D0C146BBF1000F2DD1EA
:101E600095F88A309DF8092003F001039A4225D1A4
:101E7000B4F854609DF80830002E7BD05A1E012A19
:101E800078D8A38F95F8937043F48053A38709F013
:101E9000FFFF042894F8893006D1002F0CBF1F22C1
:101EA0001B22934228BF1346B4F854209A424ED9BD
:101EB00094F8383043F0100384F838300026374661
:101EC00070E00020B9E795F888305BB3013B85F8F6
:101ED0008920DBB2042B0FD8244A13441B79002B32
:101EE000BAD0022B0BD16946D4F8840013F0A4FEBB
:101EF00088B940F2F7614FE740F2D6614CE7032B17
:101F000010D103F0FDFC10B940F2017144E700214B
:101F10000820FFF7C5FBD5E93C32013342F100024E
:101F2000C5E93C32002194F8283085F888103BB18F
:101F300095F8853023B1102085F88510FFF7B0FBA8
:101F4000A38F4FF0000943F40063A38785E7636F15
:101F5000002BB3D094F88A3053B12020FFF7A8FBB0
:101F6000ACE700BF4C1C00209C1C002093720300B7
:101F70009DF8083095F88A20032B02F1010285F8BC
:101F80008A2000F093805A1E012A00F28180002EE0
:101F900094D000264746D5E93E32013342F1000293
:101FA000C5E93E3295F8923023B105F1800128460B
:101FB000FFF708FDBBF1000F40F0AD80636F9DF8A7
:101FC0000B20002B40F0A580B4F85430B3FA83F313
:101FD0005B09012A14BF002303F0010384F83A309F
:101FE000BAF1000F00F099800AF08CFA002F40F04F
:101FF000A7800126A38F5A0606D44020FFF758FB7E
:10200000A38F43F04003A387B9F1000F10D094F8D9
:10201000283043B1B4F80720B4F805301343B5F8BD
:102020008620134304D0B4F809300133A4F80930F2
:10203000B8F1000F00F08A80B4F805300133A4F83D
:102040000530002384F88B30434805F009FB0098E5
:1020500030B113F0BDFE00220272294604F092FA5C
:10206000019B33B100221A720C222946019804F018
:1020700057FA002E7FF4BDAEA38F1B063FF5BBAE13
:102080008020FFF715FBA38F43F08003A387B2E600
:10209000002E3FF414AF002B7FF410AFD5E93E3291
:1020A000013342F10002C5E93E3207E7A38F012068
:1020B0002A4943F4805385F88400A387FFF7F0FA98
:1020C000ECE70BB10AF0C2FD94F88B30013384F8D1
:1020D0008B30A38F43F48063A38795F87530033B5F
:1020E000012B0DD809F0D4FE04280DD1B4F85460AA
:1020F00000271B2EBB46B94694BF0026012651E798
:1021000004F0F4FA0028EDD100263746B346B14674
:1021100048E701235DE7002360E794F88B10012076
:10212000FFF7CCFA00287FF45FAFFFF77FFC002FAA
:102130003FF460AF9DF8081001A8FFF70FFC59E7C6
:102140009DF8081001A8FFF709FC52E7B4F8073022
:102150000133A4F8073077E7741C00209C1C002092
:10216000064B10B593F8442002F0FF0422B91C7608
:1021700005F0F8FC204610BD0C24FBE74C1C0020A9
:10218000094B0A4A10B51A60FFF7EAFF20B14FF475
:10219000A4712720FEF76AFB054C03F0FFF9A06548
:1021A00003F000FA206610BD20290020542400000E
:1021B0004C1C00202DE9F341924C089FCDE9000111
:1021C00094F8441001F0FF0511B90AB103B127B921
:1021D0004FF408712720FEF749FBDDE9000104F107
:1021E000280C63639DF82430626284F88A30276487
:1021F00084F8385084F88B5084F83E5084F8885026
:102200006584A58784F8395084F83A5084F8805062
:1022100084F830508CE8030015F09AFF6566E56697
:10222000A4F87050A5642565A4F85450E56A09F037
:10223000C3FE0AF0D3FC95F97C0005F1800709F094
:1022400023FFAE6A286A09F025FF30460AF080F8BD
:1022500095F8A40009F028FFAB8E4E2B02D9EB8E27
:102260004E2B01D809F004FE94F82860002E40F0AF
:10227000898019F0DCF895F87420634B4FF47A717B
:1022800053F8223003F5FA73B3FBF1F34633191810
:10229000304609F07FFF5D4B18680AF05FF86B6904
:1022A000E26AC4F88430AB6992F87460A36792F86C
:1022B0008D30A3F12A01012903D992F88E102A2921
:1022C0006BD194F82830002B64D192F83A12304642
:1022D00013F05CFF064605F13C083146404618F015
:1022E00010FB314617F03EFBB5F8483095F87510F5
:1022F000834228BF0346404684F87F3018F0AFFA87
:1023000095F8751095F893800429B5F8506008BFCA
:10231000032117F027FBB8F1000F01D1043080B280
:10232000864228BF0646F6B284F8896004F0DEF9DA
:1023300028B104F0E1F9864238BF0646F6B294F8B7
:10234000283084F85C60002B4CD195F892301BB19A
:1023500039462846FFF736FB0120FFF767FB0023CD
:1023600023606360A360B5F8863063802B88238088
:1023700095F8A4302371AB6F0BB101221A6002B043
:10238000BDE8F08119F053F895F8752000F165016A
:1023900001207EE792F8CA1299E7253B012B10D85D
:1023A000282910D094F82830C3B192F836315A0752
:1023B00012D413F001018AD1C3F340035B00D9B2F8
:1023C00085E728290AD194F828303BB192F83631B4
:1023D00092F86D201340EAE7042178E7032E08BF46
:1023E000042678E795F893301BB139462846FFF765
:1023F0001DFA0120FFF7D4F9E36AD3F8E00109F0F0
:10240000DFFFACE74C1C0020A07503002029002052
:10241000014B93F8880070474C1C0020054A938FAD
:1024200092F8800003F4805110B113F4C06F00D112
:10243000080B70474C1C0020024B93F83D00C0F382
:10244000C00070474C1C0020014B93F88B00704774
:102450004C1C002031190000791D00009518000067
:102460008D170000343270B5054692B20C461E46F8
:1024700013F066FD25B1034A556014745674147048
:1024800070BD00BFF01C00200138C0B2032808B5A1
:1024900004D940F211310620FEF7E8F9014B185C2F
:1024A00008BD00BFC67203000138C0B2032808B5DA
:1024B00004D940F211310620FEF7D8F9014B185C1F
:1024C00008BD00BFE37203000138C0B2032808B59D
:1024D00004D940F211310620FEF7C8F9014B185C0F
:1024E00008BD00BF447303000138C0B2032808B51B
:1024F00004D940F211310620FEF7B8F9014B185CFF
:1025000008BD00BF41740300F0B5284AA7B00446D7
:102510000D4610686B46516802AE0F2203C30021BE
:102520000DF189001AF09EFD0021102230461AF0AC
:1025300099FD16ABDDE9000183E80300234618ACE2
:1025400003F128071868083353F8041C2246BB42DD
:1025500003C21446F6D1802306AA8DF888300023E2
:1025600002F8013B0133102BFAD196E80F0012ACB0
:1025700084E80F000AAA214606A813F030FE0123C2
:102580000EAA214606A88DF84B3013F028FE2A46E5
:102590000EA90AA804231AF09CFC042305F11002DA
:1025A00029460AA81AF095FC27B0F0BDCA720300AC
:1025B00000487047400D030010B590F86232042BBC
:1025C0000CBF0124002406D1062380F8623203499F
:1025D000034818F08EF8204610BD00BFD5630100F7
:1025E000901D002038B50C4D02210C4C28461AF0E5
:1025F000BBFA60B11AF02FFAE0680130E06068437E
:1026000000F54330BDE838405A301AF022BA20694C
:10261000BDE8384013F083BE400D0300901D00203C
:1026200010B50CF0E9F8074C20B92069BDE810405E
:1026300013F075BE237D1BB1FFF7D4FF0023237574
:1026400010BD00BF901D002010B5094C237D5BB16B
:102650000AF094FE20B12069BDE8104013F05FBE7F
:10266000BDE81040FFF7BEBFBDE810400CF0D4B885
:10267000901D002010B5164C2061164812F0BCF8D1
:10268000144812F0C7F823691348D3F8D420D27C39
:10269000012A09BF93F85D320023B3FA83F35B0983
:1026A00023750023E3601AF0D4F920690BF0F6FEDD
:1026B00018B979218520FEF7D9F820690CF00AF8BD
:1026C00020B92069BDE8104013F029BE10BD00BF3D
:1026D000901D0020212600005A0C0300014B024AE5
:1026E0001A607047242900202C270000014B18682D
:1026F000704700BF2429002010B50D2140F6FF705F
:10270000FEF74EFD04460749074817F0ECFF0CB9E9
:102710000C2010BD94F86232062BF9D00AF022FE8C
:102720000020F6E7D9630100A51D0020B1250000B7
:102730001B630100752600001F630100492600008D
:1027400021260000B925000008B50CF055F828B97D
:10275000034B1868BDE8084013F047BF08BD00BF31
:10276000B01D0020F7B50446052900F20B81DFE813
:1027700011F00600A800AB0009010901A40090F8BF
:10278000623223B903B0BDE8F04012F0F3B890F81C
:102790006232052B05D10F220021204613F058FF8D
:1027A000F0E74FF40C71806811F0BAF8A368283B89
:1027B00018441AF04EF994F86232032B08D094F8BA
:1027C0006232022B04D040F247118E20FEF74EF801
:1027D000032384F86232D4F8D4300D21B4F8642293
:1027E0002046B3F847301344A381FEF733FD064675
:1027F0000E21FEF7D5FC69460546304617F019F95B
:1028000008B18421E1E794F85D3240F2712E95F829
:102810003E710199B5F83821C969B5F850014A43AC
:10282000B5F83A110EFB00F0B3FBF7F607FB1633D1
:102830005643DBB203F1010C4B430EFB03638342AF
:1028400001D98E21C1E7BC45A0EB030300D0F1B94B
:102850003244904202D8042284F86222D5F84C21F6
:10286000934218D2042284F8622223F07F43D4F8E2
:102870005022204663F31702C4F850220BF00EFEDC
:1028800060B9204603B0BDE8F04013F0AEBE0EFBC9
:1028900001F18B42DEE722F07F43E8E720460BF0B0
:1028A00019FF0028EDD0394811F0A6FF374811F084
:1028B000B1FF374B1C6003B0F0BD0BF0B5FF032236
:1028C0006AE74FF4F17180E7FF2380F8673290F8F0
:1028D000623203F0FF0213B980F86722EBE790F849
:1028E0006232052B07D10322002113F0B1FE002331
:1028F00084F86732F2E73023694680F82032B0F876
:102900006032ADF800300BF077F9BDF800300228E6
:10291000B4F86022A3EB020384F8B030E7D00128BA
:102920002CD1042384F862320D212046FEF792FC5C
:102930000E21FEF735FC94F85D3290F83E21B3FB92
:10294000F2F102FB11330133DBB29A4202D00423CD
:1029500084F86232D4F8D4302046B3F84710B4F883
:102960006432194489B2A1810BF080FF94F862327D
:10297000042BBCD1204613F038FDB8E720460FF0F9
:10298000E3F8D1E74FF4F4711FE700BF49270000D7
:10299000B01D0020014B024A5A607047B01D002054
:1029A00065270000024B0246183059681AF0ACB98E
:1029B000B01D0020024B034A1A60528B9A80704768
:1029C000B81D0020E6110020014B1868704700BFB9
:1029D000B81D002008B5034610465A1E032A10D819
:1029E0004A1E032A0DD8084A012951700CBF002144
:1029F0000A211071937091721946FEF703FE0020B0
:102A000008BD6FF01500FBE7E6110020074B5A8A5E
:102A100038B142F01002987A5A82DA8A9A8398770B
:102A2000704722F0100298835A82F8E7E6110020DE
:102A300010B4094C637A58B143F00403002963725F
:102A400010460CBF00230723637110BCFFF7DEBFE5
:102A500003F0FB03F2E700BFE611002040EA41006B
:102A6000014BD870704700BFE611002014280BD02E
:102A700028280BD00A280BD10323064A0020528BAA
:102A80001340054A938070470223F6E70023F4E7DA
:102A90001E207047E6110020B81D0020014B9888C9
:102AA000704700BFB81D002070B546680D4604464B
:102AB0000E213088FEF774FB064980F8BD50B43013
:102AC00017F011FE002386F849312046BDE870401A
:102AD00017F0FDBF592C00002DE9F041476805466D
:102AE00088460E213888FEF75BFB0D2104463888A6
:102AF000FEF756FB002680F86262094904F1B40033
:102B000084F8BD8084F8BE60A4F8C06017F0EBFDC7
:102B100087F84A612846BDE8F04117F0D8BF00BFEA
:102B2000C76901002DE9F0414668054690F800802C
:102B30000F4630880E21FEF733FB0D210446308806
:102B4000FEF72EFBB8F1000F03D096F88E30462B1F
:102B500015D0002384F84571A4F84831A4F8463113
:102B6000A8B994F8453104F1B4000B4984F8BD309C
:102B7000002384F8BE30A4F8C03017F0B4FD002361
:102B800086F84B312846BDE8F04117F0A0BF90F819
:102B90006232002BE5D0F2E7C769010038B543681F
:102BA00014460D460E211888FEF7FAFAB4B9B0F8AB
:102BB0004831B0F84621A0F848419B1AA0F8464198
:102BC0001BB290F8A4205AB980F8A5509C308472AA
:102BD00083810449BDE8384017F085BD0023F0E744
:102BE00038BD00BFC769010010B500880C460E2132
:102BF000FEF7D6FA90F872305BB980F8734014B9DA
:102C0000FF2380F8C23003496A30BDE8104017F056
:102C10006ABD10BDA16B010070B5466804460D4643
:102C20000E213088FEF7BCFA90F87C304BB980F862
:102C30007D5015B9FF2380F8C5300649743017F070
:102C400052FD002386F848312046BDE8704017F059
:102C50003EBF00BFEB710100F8B50C460E210646E1
:102C6000FEF7F8FA0E210746FEF79AFA054600230A
:102C700080F8C6303123A7802370737AE37090F810
:102C8000163103F03F03A37190F8F830012BE37184
:102C900055D190F804310026237290F80831637200
:102CA00090F80531A37290F80631E37290F807317D
:102CB000237390F80931637390F80C31A37390F883
:102CC0000B31E37390F80A31013BDBB2072B96BF5F
:102CD0001C4AFF23D35C2374D0F8F930C4F81130B8
:102CE000D0F8FD30C4F81530B0F80131A4F819302F
:102CF00090F80331E37690F80D31237790F80E3198
:102D0000637790F80F31A377E67790F8123184F863
:102D1000203090F8133184F8213090F8103184F885
:102D2000223090F8113184F8233002F089FC0368D6
:102D30001B0505D595F81531012B01D1E377F8BDB9
:102D4000E677FCE7D2720300502808B51DD018D8EA
:102D500028280CD8092806D9A0F10A020C4BD2B2B7
:102D6000D340DB0707D43221D620FDF77FFD322880
:102D700001D03C28F7D10A23B0FBF3F00138C0B2F0
:102D800008BD9128EFD10720FAE70620F8E700BF39
:102D9000010410404B680E2130B5054689B01888F3
:102DA000FEF7FEF904461B22002101A81AF05AF989
:102DB00094F8163194F8F82003F03F0343EA8213A5
:102DC0008DF8043003F0C003402B40F0A880D4F805
:102DD000F93094F80B21CDF80530D4F8FD3002F02D
:102DE0000F0294F80D11CDF80930B4F80131ADF8A7
:102DF0000D3094F803318DF80F3094F804318DF8CC
:102E0000103094F80831FF2B8DF811301FBF94F863
:102E100005318DF8123094F806318DF8133094F89E
:102E200007318DF8143094F809318DF8153094F885
:102E30000A318DF8163094F80C311B0103F0300381
:102E400013439DF8172022F03F0213438DF81730EB
:102E50009DF8183061F30303DAB28DF8183003F0EF
:102E60000F03012B0AD1134694F80E2162F30713C6
:102E70008DF8183094F80F318DF8193094F812014C
:102E8000FFF762FF8DF81A0094F81301FFF75CFF5B
:102E900094F810318DF81B00642B2CD025D8502BC2
:102EA0002BD03C2B05D81D2B07D80F2B0CD0142B67
:102EB0000AD05D21D620FDF7D9FCA3F11E011D4AE1
:102EC000C9B2CA40D107F4D50A22B3FBF2F3013BE1
:102ED000DBB28DF81C3094F81131142B11D0282B53
:102EE00024D00A2B24D04321E4E7782B07D0962B5B
:102EF000DFD10923EDE70723EBE70623E9E7082302
:102F0000E7E701238DF81D3094F815315A1E53421E
:102F100053419DF8172063F386128DF81720284639
:102F200001A917F07FF91C2009B030BD0223E9E7A1
:102F30000023E7E701041040436810B50C461888E9
:102F40000E21FEF72DF9044980F887407E30BDE858
:102F5000104017F0D1BB00BF592C00002DE9F04FF5
:102F6000466889B090F8008007468A4630880E216E
:102F7000FEF716F9044690F8C2B05FFA8BFBB8F181
:102F8000000F08D0D6F8805015F480650DD00120D0
:102F900009B0BDE8F08F96F88E30002BF7D13021C4
:102FA00096F88D0013F062FD054602F043FB0A041B
:102FB00001F4004940F1078196F89230002B00F0AF
:102FC000048196F89330002B00F0FF80B5B90D21F5
:102FD0003088FEF7E5F860B9BBF1000F0DD0504620
:102FE00001A917F056F901A814F002FA08BB1E2532
:102FF00004E090F86232002BEED00C25B8F1000FFF
:1030000003D096F88E30002BC1D12A4630213846A5
:1030100017F08AFD362386F88E30B9F1000F03D001
:1030200029463846FFF788FF384617F059FD00203B
:10303000AEE79DF8043003F0C003402B40F0AF80B2
:10304000214601A814F044FA002800F0BA809DF847
:103050000430C3F3050203F03F0103F0C003402B2B
:1030600040F09D8094F817311BB994F816319942BD
:10307000BDD1012384F8162184F8F830002384F8A8
:103080001731DDF80530C4F8F930DDF80930C4F83F
:10309000FD30BDF80D30A4F801319DF80F3084F8F3
:1030A00003319DF8103084F804319DF8113084F814
:1030B00008319DF8123084F805319DF8133084F8FA
:1030C00006319DF8143084F807319DF8153084F8E6
:1030D00009319DF8163084F80A319DF81730C3F392
:1030E000030203F03003B3FA83F384F80B215B0986
:1030F00084F80C319DF81830C3F30302C3F30313B3
:1031000084F80E319DF8193084F80D2184F80F31C0
:103110009DF81A30052B36D8013303EB83035B008F
:10312000DBB284F812319DF81B30052B30D8013307
:1031300003EB83035B00DBB29DF81C2084F81331A2
:10314000082A97BF254B96239B181B7A84F81031C9
:103150009DF81D300BB3012B0CBF1423282384F8DA
:10316000113102F06DFA03681B0544BF9DF817503A
:10317000C5F3801584F81551B8F1000F27D13B2312
:1031800086F88E3050E7062B0CBF50239123C8E7FA
:10319000062B0CBF50239123CEE70A23DFE79DF8CF
:1031A000043094F8162103F03F0393427FF41FAFDD
:1031B0000023012284F8F83084F8172184F81831AC
:1031C000DAE720251AE71A2518E72F2516E7D6F89B
:1031D000803043F48063C6F8803025E7D272030064
:1031E0002DE9F04146680446884696F88E707FBB0C
:1031F00002F020FA0B040DD41A223921204617F0D0
:1032000093FC3623204686F88E3017F069FC38464A
:10321000BDE8F08196F8923013B196F893300BB96F
:103220002F22EAE763680E211888FDF7B9FF0546EB
:1032300000F1E20300F1DA0200F1CA01404616F0A3
:10324000D1FF044905F1880017F053FA3D23D9E76F
:103250000127DCE75F760100436810B50C4618884B
:103260000E21FDF79DFF044980F89A409130BDE89A
:10327000104017F038BA00BFE57501002DE9F74F8F
:103280001E4613688346154637680093BB4204D92F
:103290004FF48D71D320FDF7E9FAD1F804A09AF824
:1032A0007F0002F07FFE04460AF13C0017F0D5FAD9
:1032B000DAF83C30610098421FFA81F838BF1846AE
:1032C000414600F5E979484610F02AFB9AF8742047
:1032D0002D4B00F11004DAF81C00414653F822305F
:1032E0004FF47A724C4403F2E733B3FBF2F3DBF8AA
:1032F0004C2197332732B62B024438BFB623B2FB9A
:10330000F0F25043019310F00BFB9BF83E218146F5
:10331000BBF83A014146019B5043DBF84C2102F1D6
:10332000480B40F2712202FB00BBDAF81C009B4400
:1033300010F0F6FADAF81C10D944484481429CBFD8
:10334000B0FBF1F301FB1300009B081A0139814225
:1033500028BF01468C4228BF0C46A34238BF2346F3
:10336000BB421C4628BF3C46A1422C6038BF2146C8
:10337000B94228BF39468C42316002D94FF4B2714C
:1033800088E703B0BDE8F08FA075030070B5441E58
:10339000E5B21F2D0ED8A1F2E2460D4DAE4209D87E
:1033A00040F27126012806FB02F505D001F19602D4
:1033B000954203D2002009E0002AFBD106FB03F06E
:1033C00005FB0411884234BF0020012070BD00BFFE
:1033D0001D043D0073B5466805460E213088FDF793
:1033E000DFFE2F4B4FF4FA72044690F82C11CDE912
:1033F0000023D0F8282114F0B8F9C4F84C010FF0DC
:10340000CDFB84F83E010FF0CFFB294601AB6A46A5
:10341000A4F83A012046FFF731FF009B019A23F000
:103420007F43F06994F83E11C4F8303122F07F43B5
:103430005032B4F83A510139D4F84C610244C4F81E
:103440003431694340F27125324405FB0122B4F85E
:103450001C11B2FBF0F20132A4F85011A4F838218B
:10346000B4F82221012A18D09533034405FB013317
:10347000B4F82011B3FBF0F39BB28B4238BF0B467C
:10348000A4F8523194F82C31A4F8542184F8563120
:103490000F2384F85A3102B070BD0023F0E700BF5B
:1034A000FF083D002DE9F04F466897B00F460546EE
:1034B0000E213088FDF774FE0D2104463088FDF79B
:1034C0006FFE06A98046384616F07BFF2F7896F8E7
:1034D0008D0037BB322113F0C9FA824694F8C83008
:1034E00083B303AA04F5AE7104F1F8000FF000F9FC
:1034F00096F88E90B9F1000F40F05A8102F09AF8D8
:103500000B0429D41A223221284617F00DFB36234A
:1035100086F88E30284617F0E3FA484617B0BDE823
:10352000F08F34280CBF4FF02A0A4FF0000AB8F190
:10353000000F05D098F862727A1E57425741CDE7C6
:103540004746CBE703ABD4F8F900D4F8FD10B4F844
:10355000012103C31A80CBE794F8C4300BB92F22A2
:10356000D1E7BAF1000F01D05246CCE70DF1180CAB
:103570000DF1340AD5F804E0BCE80F00AAE80F000A
:103580009CE807009DF818308AE8070003F03F0325
:1035900094F81621934213D194F8F830012B0FD1EF
:1035A00094F8173163B9BDF81930BEF886209B1A1C
:1035B0001BB2002BB8BF5B429BB2B3F5804F01D367
:1035C0001E22A0E7BDF81C309DF81B207A4942EA74
:1035D000032202F18073A3F5FA7323F07F438B4239
:1035E000EED8BDF81E309DF8201043EA01439A4200
:1035F000E6D8DEF81C209A42E2D90A99BDF82130BB
:10360000BDF8262021F07F419DF82500FFF7BEFE82
:103610000028D5D0BDF82D20BDF82B30012A3ED191
:10362000002BCDD1BDF82330002BC9D09DF84F30F1
:1036300003F00F02042A01D90F2AC1D14F2B03D95D
:1036400003F0F003F02BBBD19DF82FB0BBF1070FB7
:10365000B6D89DF831309DF830A01846019317F088
:10366000D4F90128ACD1019B082BA9D8BAF10F0FCE
:10367000A6D8504617F0C9F98246FFF7A5F9437856
:1036800053459DD394F80C1158460EF04FFD8245DA
:1036900096D303A80FF0E8F820B9482233E7002BAF
:1036A000C0D18DE7BDF82B2047F6FE739A421BD898
:1036B0009DF831309DF82FB00193FFF785F9222254
:1036C000824600210DA819F0CDFC3C4B52465946CC
:1036D0000D930DAB94F80C0114F056FA20B101993A
:1036E000686814F0C8F808B920220CE7B8F1000F98
:1036F00005D098F8623213B10FB90C2203E74023CA
:10370000BDF81C20204686F88E309DF81B3043EA19
:1037100002239DF82020C4F83031BDF81E3043EA62
:103720000243C4F83431BDF82630A4F83A319DF88C
:10373000253084F83E319DF824209DF8233043EA5B
:103740000223A4F83831069BC3F30F23A4F83C31BD
:103750000A9BC3F31703C4F84C319DF82C209DF845
:103760002B3043EA0223A4F852310B9BC3F30F23FF
:10377000A4F85431089BC3F30F23A4F850319DF8EB
:10378000313084F857319DF8323084F858319DF843
:103790002F3084F856319DF8303084F85A316968FA
:1037A00014F036F8064904F1AA0016F0A2FFB1E6BB
:1037B0004FF00109B1E600BF0B073D000004040013
:1037C0009D7701002DE9F04F466889B005460F4608
:1037D00096F88D0013F0BDFF002800F002810E2145
:1037E0003088FDF7DDFC02A90446384616F05BFE82
:1037F0009DF8083094F8162103F03F03934214D14A
:1038000094F8F830012B10D194F817316BB969682E
:10381000BDF80920B1F88630D31A1BB2002BB8BF0F
:103820005B429BB2B3F5804F14D343F21E330022A8
:103830001E21A6F81C313623A6F8C62086F88D3046
:103840002846FFF7ABF96B68002083F84A0109B0FE
:10385000BDE8F08FB4F83C31D21A1304E5D4BDF8BA
:103860000C309DF80B20604842EA032202F180737D
:10387000A3F5FA7323F07F438342D6D8BDF80E3008
:103880009DF8100043EA00439A42CED8C969994294
:10389000CBD9D4F830118A42C7D3D4F8342193421B
:1038A000C3D89DF81830BDF81680BDF8149048EACA
:1038B00003489DF81300B4F850314A464146FFF7DB
:1038C00065FD0028B1D0BDF81130002BADD09DF8BA
:1038D0001930072BA9D894F80C71184694F856B1F2
:1038E000394601939DF81AA00EF020FC394600904D
:1038F00058460EF01BFC009A019B824295D1B7FA04
:1039000087F718467F0939460EF010FC39460090BB
:1039100058460EF00BFC009B834286D8504617F0A9
:1039200074F8012881D1BAF1080F3FF67EAFD4F8C0
:103930004C3198453FF679AFB4F83A314B453FF6F4
:1039400074AF9DF81A10686813F095FF024650B9DD
:1039500043F220332021A6F8C600A6F81C313623F6
:1039600086F88D306CE7029B2046BDF80C20C3F32F
:103970000F23A4F83C319DF80B3043EA02239DF855
:103980001020C4F83031BDF80E3043EA02439DF8F0
:103990001820C4F83431BDF81430A4F83A319DF839
:1039A000133084F83E31049BC3F30F23A4F838315D
:1039B0009DF81A3084F857319DF81B3084F858313F
:1039C0009DF8193084F85631BDF8163043EA0243A9
:1039D000C4F84C31422386F88D30696813F018FF23
:1039E00031E7012033E700BF0B073D0043682DE9B5
:1039F000F04F93F88E2089B005460F46432A40F0D9
:103A0000AA80002683F88E6017F07BF86B680E2181
:103A10001888FDF7C5FB03A90446384616F099FD42
:103A20009DF80C3094F8162103F03F03934240F0C8
:103A30009E8094F8F830012B40F0998094F817316B
:103A4000002B40F094806968BDF80D20B1F88630F5
:103A5000D31A1BB2002BB8BF5B429BB2B3F5804FA9
:103A600080F08580B4F83C31D21A13047FD4BDF8BD
:103A700010209DF80F30624843EA022303F1807260
:103A8000A2F5FA7222F07F42824270D8CA699A4245
:103A90006DD9D4F83021934269D3D4F834219342BC
:103AA00065D8BDF818309DF81780BDF8159048EA24
:103AB00003289DF81400B4F850314A464146FFF7F8
:103AC00065FC002853D0BDF81230002B4FD09DF874
:103AD0001A30072B4BD894F80C71184694F856B14D
:103AE000394601939DF81BA00EF020FB394600904B
:103AF00058460EF01BFB009A019B824237D1B7FA61
:103B000087F718467F0939460EF010FB39460090BA
:103B100058460EF00BFB009B834228D8504616F007
:103B200074FF012823D1BAF1080F20D8D4F84C3102
:103B300098451CD8B4F83A314B4518D89DF81B70FD
:103B4000686839469DF91C8013F095FEC0B976B1BE
:103B5000002220210DE093F88D303F2B4DD116F03F
:103B6000B6FF6B68002283F84A2101264EE7002247
:103B70001E212846FFF712F8002009B0BDE8F08F9B
:103B80003EB994F85731BB42F1D194F958314345CD
:103B9000EDD1BDF8102028469DF80F30002143EAF2
:103BA0000223BDF81820C4E94C33059BC3F30F234F
:103BB000A4F83A319DF8143084F83E31BDF8123043
:103BC000A4F83831039BC3F30F23A4F83C319DF8CC
:103BD000173043EA0223BDF81A20C4F84C319DF98E
:103BE0001C30A4F85621012284F85831FEF7D6FF84
:103BF0006968204613F00CFEBEE70120BDE700BF58
:103C00000B073D00304BF0B5B0F868700C4611461C
:103C10001A88B0F8666085B097425D8828BF17465D
:103C2000964228BF16461B2E2ED0B5F5A47F2DD068
:103C300040F6480301AA9D4228BF1D4614F0D7FA5A
:103C4000BDF80A30BB4228BF3B46E380BDF80C30CC
:103C5000AB4228BF2B462381BDF80630B34228BFB4
:103C600033466380BDF80830AB4228BF2B46A380A3
:103C7000FF232370E3881B3B9BB2E02B08D940F263
:103C8000E7613920FCF7F2FD1B2FCED105B0F0BD66
:103C900063881B3B9BB2E02B02D940F2E961F0E75D
:103CA000238940F64812A3F5A4739BB2934202D92C
:103CB00040F2EB61E5E7A388A3F5A4739BB29342BE
:103CC000E4D940F2ED61DCE7C01D0020F7B5002328
:103CD00004460E461746CDE900336846FDF79AFACA
:103CE00008B1002016E0009DA542F6D03046EB1C3E
:103CF00014F031FA3946AA7815F0ACFD0028ECD062
:103D000005F10A036A7A04F10A01607A15F0A2FD4E
:103D10000028E2D003B0F0BD054A516A02F11D034C
:103D2000127F11F8030BC0F3801015F093BD00BF94
:103D30004023002010B503210020FDF731FA04468E
:103D400070B90321FDF7F0F9044620B94FF4597119
:103D50003920FCF78BFD034B93F95C1017F036FE0E
:103D6000204610BDC01D00202DE9F04F87B007464A
:103D70008846008804A915F05CFE064600287CD120
:103D8000059D95F87D31002B6DD0B8F1020918BF63
:103D90004FF0010995F88E30272B95F8E13043EA72
:103DA000D3030CBF89F0010A4FF0000AD90702D4EF
:103DB000BAF1000F63D0B8789DF8104008B901F04F
:103DC00043FC8DF80B00F87808B901F03DFC2E4B50
:103DD0008DF80C00D3F800B0BBF1000F0BD00AF047
:103DE000010320460DF10B022946009303ABD8478F
:103DF000044600283AD19DF80B20B2B39DF80C3050
:103E00009BB3164695F87D2032B1B20703F002034A
:103E100037D5B3B302231E46FF2285F83521B9F109
:103E2000000F28D195F8342102F0FF041ABB85F861
:103E3000348103A985F83661284685F83731BB8877
:103E4000A5F83831BA78ADF80E308DF80C20FA7834
:103E50008DF80D2015F0A7FD002385F8353120469B
:103E600007B0BDE8F08F814694E70924BAF1000F4E
:103E7000F5D00023C6E73A24EEE70446EFE71A241C
:103E8000EDE70924EBE700BF50290020034B93F82E
:103E90002200C04300F00100704700BF7C220020D8
:103EA000044B93F82200C0F3400080F0010000F0C2
:103EB000010070477C22002038B515F0CAFC0025AF
:103EC00001F0CCFE224C01F0CDFB16F0EDFB03F02F
:103ED000D9FC02F0FFF807F0A9FB012001F066FB16
:103EE0001C4B1D4A29461D601C4BA4F854501A60F7
:103EF0001B22DD839A80F9221D8483F822501D77CE
:103F0000174B22835868174A1B8922601422E061EC
:103F100004F124002384A576A580A57519F0A2F8E4
:103F2000012342F2107204F13A0084F8243084F83C
:103F30003930C4E90A2218F0DAFB04F1440018F021
:103F4000FBFB0022002384F86850C4E9182338BD25
:103F5000C01D00202829002003021B007C22002015
:103F6000E37203001B004801064B41F64C521B2133
:103F70005A611974C3E9022241F288329A61FFF74B
:103F80009BBF00BF7C22002073B5344D0446AB6854
:103F9000C363334B1B79003B18BF012380F87D308E
:103FA000304BC36117F00BFB064601F043FB830661
:103FB000297C53BF1B236B88AA881A46A4F8663055
:103FC000294BA4F868201B6884F84410A4F84660C4
:103FD0001BB194F97C1020889847244B1B6813B1BF
:103FE0002349208898472349204615F0DCFC01230B
:103FF0006386214B1B6813B10021208898471F4B13
:104000001B6813B10021208898471D4B1B680BB11A
:10401000208898471B4B1B680BB120889847AB88BA
:1040200004F114006A8869780333033201919BB26A
:10403000297892B2009104F11801FDF74BF96369F8
:1040400023B940F2BE613920FCF710FCA36913B913
:1040500040F2BF61F7E7002002B070BD7C22002073
:10406000C01D002000093D003C290020302900200F
:10407000C81D00209A220020542900204429002035
:10408000482900204C2900202DE9F34104460E4622
:1040900017F0DDFC002800F0B080204617F01AFD74
:1040A00030B1B6F80130013B7F2B01D9122004E07A
:1040B000204617F013FD18B90C2002B0BDE8F081BE
:1040C000204617F033FB0028F6D1204617F068FC95
:1040D00007460028F0D1204605F080FA0028E5D0F8
:1040E00042F21073B6F80180F178204603FB08F81D
:1040F00017F0DBFC04213078FDF752F80546062165
:104100003078FDF74DF82DB140B141F64B413920E3
:10411000FCF7ACFB08B3054690F8E570384E336801
:10412000DBB14035284617F019F9B0B1284617F031
:10413000F5F890B93FB1334B28461B68984760B1FA
:1041400041F65F41E3E730493A463368284649691A
:10415000984710B141F66441D9E7204617F0B2FC08
:10416000014640B94246204604F0EEF9002842D00C
:1041700041F66D41CBE7204617F0ACFC40B9022177
:104180000DF10600FCF798FF054658B90D2094E79D
:10419000204617F0B2FC0028F1D11C4B1B79002BF4
:1041A000EDD183E7002101F033FFBDF80630204652
:1041B00029462B8017F0CCFC204617F09EFC88B9CE
:1041C000216A204617F0A3FC01462846FFF7DCFED3
:1041D00042462946204604F0B7F9024620B141F68E
:1041E000904194E70121F0E7084B9B6D1BB105F569
:1041F00095712846984700205FE742205DE700BFA1
:104200002C290020342900207C220020C01D002001
:10421000024B1B6803B118470C2070472829002067
:10422000B0F9002011B292B2F8B502F5A0639BB2CA
:10423000B3F5206F37D8B0F902301DB29BB203F549
:10424000A06080B2B0F5206F2DD802F2F64040F2A7
:10425000BE5480B2A04228D803F2F64080B2A042F9
:1042600023D800294FF00A04C4BF093211B2002D2F
:10427000C8BF093391FBF4F4C8BF1DB207F0DEF9E3
:104280000A2367B2064695FBF3F1384649B207F0B8
:10429000C7F9074B1B6813B1A01B40B208B9002037
:1042A000F8BD9847FBE73020FAE71120F8E700BF98
:1042B00038290020034B5A8802801B788370002025
:1042C000704700BF7C2200207FB5837806461A2BFA
:1042D00008D8042B04D9334A22FA03F3DB0705D4A8
:1042E00012251AE0292B01D03B2BF9D13088B0F5EB
:1042F000706FF5D2694615F09CFB88B9019B93F865
:10430000282102F0FF05C2B9B27883F82921FF22E3
:1043100083F82821684614F010F9284604B070BDCF
:1043200009213088FCF73CFF0446002837D002A959
:10433000B0F8AC0115F07DFB08B10C25EDE70821C4
:10434000B4F8AE01FCF72CFF20B940F61E2139204D
:10435000FCF78CFA03781BB994F8C831032BECD125
:10436000039B93F83E21002AE7D194F8F02102F054
:10437000FF05002AE1D1B4F8B021A3F8402194F858
:10438000B82183F84221027D83F84321B27883F873
:10439000442184F8F021FF2283F83E21BDE7022565
:1043A000BBE700BF200038040188A1F11B039BB2CA
:1043B000E02B0CD8428844F24810A2F5A4739BB2BB
:1043C000834204D8034B002019805A807047122082
:1043D000704700BFC01D0020034B1A885B88028015
:1043E00043800020704700BFC01D002038B5027810
:1043F000447802F0010302F0020254EA030101D101
:10440000112038BDBAB98578002DF9D0002B18BF1E
:10441000002400E01D46204613F0DCFE0028EFD00B
:10442000284613F0D7FE0028EAD0054B00209C77E1
:10443000DD771884E5E7002BECD000242546EAE779
:104440007C22002013B50088694615F017FB04464E
:1044500020B9019890F83A311BB13A24204602B0B5
:1044600010BD90F8DA3003F0FF04002BF5D190F87E
:10447000D1309B0706D1FF2380F83A31684614F00B
:104480005CF8EBE70249D23016F036F9E6E700BFF8
:1044900001B10100F7B5067804460F46EF2E03D9A7
:1044A0001226304603B0F0BD90F901204378002A6F
:1044B000F6DB82789207F3D113F0100048D19D0605
:1044C00003F0030241D5002AEAD119074FD503F0C2
:1044D0006702012AE4D1627A013A062AE0D8A27A78
:1044E000032ADDD813F0040102D1023A012A03D8CD
:1044F000E27A012AD4D811B9A27C032AD0D8227D2D
:10450000002847D0012ACBD1237E012BC8D8002810
:1045100050D06378D90703D500F0D8FF002850D0D9
:104520006378227D03F01803082B5AD1022A48D160
:1045300003213046FCF734FE0546002857D017F01B
:10454000F5F800285FD00C26ABE7032ABDD1A7E71A
:1045500013F0600FA4D103F00702052A05D003F081
:104560000F010D22CA40D2079AD51D07B3D4217975
:10457000E278E57942EA0122617942EA0142A179D1
:1045800041EA0521257A41EA05418A4288D81F2A55
:10459000A1D885E7022A04D103F06F03092B7FF429
:1045A0007FAFA37D013B022B3FF67AAFE37D0F2B5C
:1045B000AAD975E701F048F8820707D4237D022BBA
:1045C00001D111266DE7A37D022BFAD001F03CF852
:1045D00043079ED4237D032BF3D0A37D032B98D1D7
:1045E000EFE7022AA4D0237F002BA1D0E9E7032123
:1045F0003046FCF799FD0546002843D0224B93F93D
:104600005C1017F0E3F90021304617F0DEFC28BB00
:10461000284617F054FA21463870E074284605F011
:104620003DF8E37E0646002B3FF43BAF00287FF4C5
:1046300038AF0246E96C6846FCF72CFF3246E86C5E
:10464000012111F0D2FCE96C68460422FCF722FF3C
:1046500032463146E86C11F0C8FC22E7403016F0D3
:104660007DFE0028D4D0637813F0330F7FF418AFA9
:10467000A67D2846296A17F04AFAFDF715FF8642FB
:10468000C6D060E707260CE7C01D002030B50279D0
:104690008BB00346042A4FD84088B0F5804F4BD8E2
:1046A000264900241144ADF800408DF808408A7C6A
:1046B0004D7B42F010028DF8244042EA4502CD7D48
:1046C000097F42EA850242EAC102694602F01F02FE
:1046D0008DF80020BDF80020ADF809201A888DF86B
:1046E0000E00000A8DF80B20120A8DF80D408DF88F
:1046F0000C208DF80F008DF810405A7BD3F807007E
:104700008DF811205A79059002A88DF812209A7917
:104710008DF81320B3F80B209B7BADF818208DF893
:104720001A307F238DF81B304FF00113CDE9073489
:10473000FFF7B0FE0BB030BD1220FBE7E3720300C1
:104740000278034672B1427862B142881A2A09D9C6
:1047500082881A2A06D90068034A106000209B88C4
:1047600093807047122070477C220020026800204E
:10477000014B9A60704700BF7C2200200378A3F1B0
:104780000A02112A9BBF024A0020122013747047AC
:104790007C220020014B187600207047C01D0020AD
:1047A000014B587600207047C01D0020024B1B684B
:1047B00003B11847112070475829002008B505207B
:1047C00000F000FF06F010FD014B024A9A6508BD9B
:1047D000C01D0020053C000008B5212000F0F2FEBD
:1047E000222000F0EFFE06F00BFD054B054A1A6093
:1047F000054B064A1A60064B064A1A6008BD00BF00
:1048000038290020DFC401003C2900203DB400000D
:10481000402900200DC4010037B5044600F00AFF0E
:10482000090403D40C24204603B030BD2588694612
:10483000284615F023F904460028F4D1019B93F88B
:10484000922082B393F893206AB393F8E32012077F
:10485000E8D593F8E530DB09E4D00E212846FCF7D3
:104860009FFC054690F8C230002BDBD0B0F85A30E0
:104870009B0713D590F87C30002BD4D1112348220C
:10488000214680F87D3018F0EDFBFF2385F8C53018
:10489000064905F1740015F026FFC4E7019BFF22CD
:1048A00083F84821BFE72F24BDE700BFEB7101006B
:1048B0002DE9F04FB0F8008091B004460EA94046B3
:1048C00015F0DCF8064620BB1D229DF838100F9825
:1048D00001F018FF002840F086810E214046FCF7C9
:1048E0005FFC054690F8C63003F0FF06002B40F051
:1048F0007C810F9B93F89220002A00F0788193F836
:104900009320002A00F0738193F8E330180704D451
:104910000C26304611B0BDE8F08F95F8C230002B60
:10492000F6D0617904F10D07A0780D91217BE27D2D
:104930000139237994F806E0C9B294F8079094F805
:1049400008A0022994F809B097BFDFF8ACC2FF2194
:104950008C449CF8211094F81AC0CDF828C094F823
:1049600019C0CDF824C094F818C0CDF820C094F830
:104970000AC0CDF81CC094F80BC0CDE9051C0D99F8
:10498000CDE903AB00913946CDE901E912F0D4FC41
:10499000002800F02E81E378012B00F22A81A37A0F
:1049A000A3B995F8F23013F0010F00F02281FEF761
:1049B0000BF8237E81460193237B0093E37A62798F
:1049C000217912F055FD40B91126A2E7012BEED155
:1049D00095F8F23013F0020FE7E7237E05F1480067
:1049E0000193237B0093E37A6279217912F040FDF1
:1049F0000028E9D0A27A002A40F0818095F84B3057
:104A000013F0020FE0D005F1F80013F0AAFB20B17B
:104A100095F81611A3789942D6D1E37ED90705D52A
:104A2000012A73D1B9F81230DB06CDD50D214046ED
:104A3000FCF7B6FB13F09EFB00287FF469AFA37868
:104A400085F81631D4F80D30C5F8F9307B68C5F813
:104A5000FD303B89A5F80131E37D85F803312379E9
:104A600085F804316379FF2B85F8083117BFA379E6
:104A700085F8050185F80531E07985F80601237A86
:104A800085F80731637A85F80931237B013BDBB276
:104A9000022B97BF584AFF239B1893F8213085F8C3
:104AA0000A31E37A85F80B31A37A85F80C31237E3D
:104AB00085F80D31637E85F80E31A37E85F80F31C0
:104AC00000F0BEFD03680722B5F85C1013F4006324
:104AD0001CBFE37E03F0010385F81531B9F814001B
:104AE00012F064F995F815318046002B5ED0A37A58
:104AF000072283B9B5F86410B9F816000FE0012A4F
:104B000081D195F84B3013F0010F7BE7002A8DD14E
:104B1000B5F85A3088E7B5F85E10B9F81C0012F005
:104B200045F90922B5F860100746B9F8180012F0E7
:104B30003DF98146FDF7B2FF0222B5F8621012F08E
:104B400035F9B8F1050F35D808F1010808EB8808E8
:104B50004FEA48085FFA88F8052F85F8128131D8A6
:104B6000013707EB87077F00FFB2B9F1080F85F81F
:104B7000137197BF204B96234B4493F8243085F84C
:104B8000103120B301280CBF1423282385F81131DC
:104B9000FF2285F8C620E378012B1AD185F8F8307A
:104BA00085F817310F9B83F84921B2E60722B5F843
:104BB0005E10A1E7B8F1060F0CBF4FF050084FF0A0
:104BC0009108C9E7062F0CBF50279127CDE70A238C
:104BD000DCE7012300210EA885F8F83085F81711CD
:104BE000FEF7AAF995E6452693E63A2691E62F26A2
:104BF0008FE612268DE600BFE372030073B504460C
:104C00000DF032FE00285FD017F021FF304A92F8F5
:104C1000683053B12F4ED2E91835C31A61EB050540
:104C20009E424FF00003AB4150D2012382F868301E
:104C30000023C2E91801CDE900336846FCF7EAFA1F
:104C4000D0B100204FF40033CDE900036846FCF7F3
:104C5000E1FAC8B10023CDE900336846FCF7DAFA7F
:104C6000C0B100224FF40033CDE900236846FCF7C1
:104C7000D1FAE0B1002005E0009B93F84C31002B05
:104C8000DBD03A2002B070BD009B93F84C31002B72
:104C9000DCD0F6E7009890F8E5305906DDD500F550
:104CA0009472234630F8801B13F041FBD5E700983F
:104CB00090F8E5305B06D9D500F59472234630F8BC
:104CC000801B13F034FBD1E71220DBE70C20D9E77F
:104CD000C01D00203F420F0003882DE9F7439FB21B
:104CE00004460B80B7F5706F04D31226304603B02C
:104CF000BDE8F0836946384614F0C0FE0646002839
:104D0000F4D10E213846FCF74BFAA37890F816211F
:104D100005469A42E9D1F83013F023FA0028E4D08E
:104D2000032AE2D8B4F80330002BDED0B4F80930FF
:104D3000012B09D0B4F80520002AD6D0B4F80730EA
:104D4000002BD2D09A42D0D8227BE37A43EA0223C6
:104D5000627B43EA0243614A03F18073A3F2E243B8
:104D600023F07F439342C0D8E17BA37B43EA012336
:104D7000217C43EA014303F18073A3F2E24323F071
:104D80007F439342B1D8637C072BAED8A37C013B11
:104D9000032BAAD8207D0F28A7D895F80C9115F0E1
:104DA00034FE8046607CB9FA89F149090DF0BEF9FC
:104DB00080459AD3637D053BDBB2F92B95D9A37D62
:104DC000053BDBB2F92B90D90D213846FCF7E8F909
:104DD00013F0D0F900287FD1FDF7F6FD0746207DBE
:104DE00015F013FE95F84930834201D20D267DE778
:104DF00005F148033A46617C95F80C0112F0C4FEB7
:104E00000028F3D0B4F8037040F27123B4F809001D
:104E1000BAB25A4383B2012B5BD0019BB4F805C0F0
:104E2000D3F81CE0BCF57A7F61460EF1FF3328BF52
:104E30004FF47A711344B3FBFEF30133B4F807E087
:104E4000B3F57A7F28BF4FF47A739BB2734528BFBE
:104E50007346634538BF634694F80CC094F80BE082
:104E600094F80F804EEA0C2E94F80DC04EEA0C4ECA
:104E700094F80EC04CEA082C94F81080A5F81E1186
:104E800047F6FE714CEA084CA5F81C718B42A5F858
:104E9000220128BF0B46964594BFC5F824E1C5F80A
:104EA0002421944594BFC5F828C1C5F82821A5F848
:104EB0002031637C85F82C31A37C85F82D31E37C8F
:104EC00085F82E31237D85F82F31FF2385F81831A1
:104ED0000CE700210B46BFE70C2607E71E043D0048
:104EE0002DE9F84F0D21044640F6FF70FCF758F904
:104EF000002840F08C822278531E022B02D9122007
:104F0000BDE8F88F6378FF2B06D1B4F81B104D076E
:104F1000F5D4022A0CD10FE0002BF0D0191FC9B232
:104F2000FA29ECD9022A05D003F0FD010129E6D0C7
:104F3000032A01D0022BE2D0A378032BDFD8E37839
:104F4000013B022BDBD82679012ED8D86379062BBA
:104F5000D5D8A379013B022BD1D8E379013B032BB0
:104F6000CDD8627A237A43EA0223A27A43EA024343
:104F700040F2E1429342C2D9B4F80B20617BD2B136
:104F800040F2712042439A4215DA0129B7D894F9C8
:104F90000E2002F17F03DBB2932B01D97D2AAEDD17
:104FA000E37B502B1BD8312B07D80A3BDBB21E2BDF
:104FB000A5D8864A04E02029E8E7323B844ADBB2E0
:104FC00022FA03F3D8079AD5237C502B1CD8312B17
:104FD00008D80A3BDBB21E2B91D87C4A05E0912B06
:104FE000F2D08CE7323B7A4ADBB222FA03F3D907DC
:104FF00085D5637C3C2B00F2C4801D2B07D80F2B7A
:105000000DD0142B0BD07AE7912BF2D077E71E3B13
:105010006E4ADBB222FA03F3DA077FF570AFA37CA6
:105020000A3BDBB21E2B3FF66AAF694A22FA03F352
:10503000DB077FF564AFE27C0A2A3FF660AF40F2FF
:105040001743D340DF077FF55AAF94F814A0BAF1A5
:10505000070F3FF654AFA37D053BDBB2F92B7FF67C
:105060004EAFE37D053BDBB2F92B7FF648AFA37E65
:10507000002B3FF444AFB4F81B90564B19EA030FD2
:105080007FF43DAF94F81D80B8F1680F3FF637AF5D
:1050900019F0010F04F11E077ED0A57F6B1E472B70
:1050A0003FF62DAF3A46002312F8011F01334E2977
:1050B000DBB23FF624AF9D42F6D10135EDB219F0D7
:1050C000040F05D07B5D002B3FF419AF0135EDB225
:1050D00019F0080F05D07B5D042B3FF610AF0135AA
:1050E000EDB219F0100F10D0504617F805B00DF0C2
:1050F00011F80DF033F80138C0B2834503D9BBF184
:10510000FF0F7FF4FCAE0135EDB219F0200F1CBF8C
:105110000835EDB219F0400F0CD07A5D6B1C402AB7
:105120003FF6EDAEFB5C1BB1443B4A2B3FF6E7AECE
:105130000235EDB219F0800F05D07B5D022B3FF6F2
:10514000DEAE0135EDB219F4807F07D07B5D072B11
:1051500002D9802B7FF4D3AE1135EDB219F4806FF4
:1051600002D0012E3FF4CBAEA8457FF4C8AEFDF7C8
:105170002BFC2279C37805461341DE072CD411207D
:10518000BEE6782B3FF44BAF04D8502B3FF447AF2B
:10519000642B37E7962B35E738460DF065FB002882
:1051A0003FF4ADAE94F82830012B3FF6A8AE0AD1FB
:1051B00094F82930012B3FF6A2AE94F82A30023B36
:1051C000062B3FF69CAE0D2579E700BF0104104089
:1051D0000104004002FAFFFF2378032B02D063781A
:1051E000032B02D12B79D807C9D56379002B49D17C
:1051F000AB79002BC3D0A379012B05D06A7A013B90
:1052000042FA03F3D907BAD5E2796B789A42B6D855
:10521000A98AE07B12F0B5FF0028B0D0E98A207C93
:1052200012F0AFFF0028AAD0627C2B8B322A4FD01D
:1052300033D81E2A49D02BD80F2A3DD0142A3FD06C
:10524000A27C6B8B0A2A4CD0142A4ED0207DE37CA2
:1052500000284DD1002B92D10CF05CFFAB7883423B
:105260008DD32179207D0CF061FF6B78834286D34A
:105270002379002B40D0012B47D043F275513920C0
:10528000FBF7F4FA013B012B94BFEB792B7AB0E7E3
:10529000282AD5D1C3F3C00314E0642A1ED006D84F
:1052A0003C2A18D0502ACBD113F0400F06E0782AC0
:1052B000C6D1C3F3002305E013F0010FC0D15EE7B0
:1052C000C3F34003002BBBD159E7C3F38003F9E7D5
:1052D000C3F30013F6E7C3F34013F3E7C3F3C013BC
:1052E000F0E713F0010FB1D149E713F0020FFAE72D
:1052F000AA7A9A42B0D942E7A27DFF2A08D00123B8
:105300009340EA7A134203D139E7E27DFF2AF7D1CD
:10531000B4F81B3013F0C20F7FF431AFDA0707D4B3
:1053200094F82830012B03D16B8A5B077FF527AFF8
:1053300040F6FF7011F0DBFA0E21054640F6FF70D3
:10534000FBF72EFF064648B90E2140F6FF70FBF72B
:10535000EBFE48220021064617F084FE15B943F201
:105360009B518CE7B4F81B3006F1F90813F0010FDC
:105370000DD1D4F81E3031462846C6F8F9307B6886
:10538000C8F804303B89A8F808300DF003FA002370
:10539000C5F8D480A5F8183286F8163185F85D3244
:1053A0002D64032385F862322946204608F0D4FC98
:1053B00005F1400617F0FBFAB4F80B3040F2712209
:1053C0001BB353430027A5F89C20C5F89830A5F8D7
:1053D0007A70FDF78BF92867304602F065FAB4F869
:1053E0001B3013F480630BBF217A3A46627A40F691
:1053F000340101BFA07A41EA02211A4641EA004184
:105400003046BDE8F84F02F05FBA1346DAE70C20E9
:1054100076E500BF08B50378012B08D0022B0BD02E
:105420007BB9D0F80120084B9A61002008BD407874
:10543000BDE80840FDF71ABBB0F901000DF08EFB86
:10544000F3E71E20F2E700BF7C22002008B501220E
:10545000054B1A7104F0ACF805F026F814F035F895
:10546000BDE8084000F084BF2C1E002010B5064C9B
:10547000064904F1080013F0CEFF04F10C000449C2
:10548000BDE8104013F0C7BF2C1E00209011002073
:105490009811002010B5094C094904F1080013F0D7
:1054A000BAFF04F10C00074913F0B5FF04F1100036
:1054B0000549BDE8104013F0AEBF00BF2C1E002010
:1054C000A0110020A8110020B0110020014B187974
:1054D000704700BF2C1E002010B5064C064904F191
:1054E000080013F098FF04F10C000449BDE81040D7
:1054F00013F091BF2C1E0020B8110020C011002015
:1055000010B52E20084C00F05DF8302000F05AF85D
:1055100004F10800054913F07EFF04F1100004496E
:10552000BDE8104013F077BF2C1E0020C8110020EA
:10553000D011002038B5074C0D4600F0F5FEA068EC
:10554000256013F060FFFEF70FFD01F04DF9012318
:10555000237538BD2C1E0020014B187D704700BFFD
:105560002C1E002010B50C4CE06813F04CFF206995
:1055700013F049FFFEF7A0FC202000F037F82F20A1
:1055800000F034F8262000F031F8292000F02EF841
:105590000023237510BD00BF2C1E0020004870475B
:1055A000411E002000487047431F0020014B83F834
:1055B000190270472C1E0020014B93F81902704706
:1055C0002C1E0020C208074900F007000123834079
:1055D000885C03438B5404490B78934238BF1346CD
:1055E0000B70704738110020462000200F4B01211E
:1055F00010B503EBD002C40800F0070001FA00F078
:10560000195D21EA0001195509490B78A34205D11A
:10561000002012F8014914B100B10B7010BD002B2D
:10562000FAD0013B0120DBB2F3E700BF38110020C4
:1056300046200020014BD3E90001704738110020BB
:105640000048704740110020054B1868C0F3C02285
:10565000C0F30020400040EA820040F001007047A3
:105660003811002008B50EF0A7F90023074A32F8D8
:105670002310814205D302EB83029378044A13700E
:1056800008BD01330C2BF2D10023F7E7147303009C
:1056900047200020024B1878072828BF07207047B2
:1056A0004720002010B54468238884F88B11A4F8A3
:1056B0008C3194F87400FCF707FF84F88E0194F89D
:1056C0007500FCF701FF054984F88F0104F5C170EE
:1056D00015F012F8002384F8343110BDE99401006C
:1056E000406807490388A0F87E3190F86C3080F854
:1056F000803190F86D3000F27510037314F0F6BF2E
:10570000FF9401002DE9FF4744688946054694F857
:105710008DA0AAF1260359425941052A36D194F8A1
:105720008E30282B37D104F18E0799F8018099F833
:10573000026008F0070806F0070608F1FF33721E42
:1057400003EA0803324013431FD1304613F04DFFE4
:1057500060B394F87430984228D094F836211642F9
:1057600013D0BAF1260F21D094F86D2016421DD126
:105770000138013B474AC0B2DBB21044032B007929
:105780000FD81A441379834210D9284604B0BDE8D3
:10579000F04713F0E8BEBAF1260F79D104F18D0776
:1057A000C3E74FF4E4710620FBF760F8404613F0BE
:1057B0001CFF40B194F87530834204D094F837311F
:1057C00018EA030FE1D0B9F8039003AB2046324644
:1057D000009341464B4613F015FF6C6878BB94F874
:1057E0003431012B28D1B4F8863004F5327294F8A4
:1057F0007410B4F8380113F067FF0646C0B90146CB
:105800002846FFF74FFF3E706B6803F18E02974208
:1058100002D1002283F88E206B6803F18E0297423A
:1058200032D1284615F06DF9002004B0BDE8F087AC
:105830002C2384F88D30E7E784F83401E4E7B4F8EA
:105840008630A4F8C89209F1FF39A9EB030947F69D
:10585000FD731FFA89F9994506D92823284684F84B
:10586000B13001F055FCD7E794F88E300E2B02D002
:105870000B3B012B01D82A23F0E7BDF80C30A4F82C
:10588000CA322A233B70C7E7002283F8CA20CBE73D
:105890000220CAE744730300034B002283F8502020
:1058A000A3F85220704700BF4A200020044B93F811
:1058B0005020012A1ABF036001200020704700BF5A
:1058C0004A200020064B024693F8501001291BBFC6
:1058D0000120A3F85220002083F85000704700BF39
:1058E0004A200020054B024693F8500028B113606F
:1058F00011B1B3F852300B80012070474A200020CC
:10590000054B002293F85000A3F8522010B101205B
:1059100083F85020704700BF4A200020034B93F8C3
:105920005000B0FA80F04009704700BF4A200020C4
:1059300050B90A4A0120134603F8010B0868C2F85F
:1059400001008A889A807047012805D1034B0A68B4
:10595000D8719A608A889A81704700BF9E20002083
:1059600050B90B4B187888B1D3F80120B3F8053043
:105970000A6001208B807047012806D1044BD8793A
:1059800020B19A689B890A60F3E70020704700BF46
:105990009E20002010B9044B18787047012806BFDC
:1059A000014BD879002070479E200020F7B58A88E7
:1059B00000238DF80600ADF8042008680B4A8DF826
:1059C00007300146147802F5A872019DD8B28442CE
:1059D00001D8082007E052F8087F01335668AE422C
:1059E00008BF8F42F2D103B0F0BD00BFB02000204D
:1059F000084B0146002230B55C7803F20113D0B2A7
:105A0000844201D8082004E013F8015F01328D427E
:105A1000F5D130BDB0200020F8B52D4C63782218A8
:105A2000013B92F80251DBB28342637030D01A011D
:105A30000101961C8F1C2644274406F1100C56F8D1
:105A400004EB664547F804EBF9D1823282312244F7
:105A5000214402F1100652F8047BB24241F8047B63
:105A6000F9D1E118221891F8026182F80261062644
:105A70007343704303F5857300F58570E618E358AA
:105A800027182350B388BB8091F83A3182F83A3115
:105A90002846FFF7ADFF082818D12378013BDBB279
:105AA0009D42237012D02B3305F12B0204EBC3036C
:105AB00004EBC20293E8030082E803002078FFF7BA
:105AC00097FF08281CBF241884F80251F8BD00BFB6
:105AD000B0200020F0B5254D89B095F8984105F229
:105AE0009911684622460FF063FC2146684613F080
:105AF000CFFE0446B8B300EB400102A8C9B2FBF7E1
:105B000029F9631E95F8A1610124DBB295F898117B
:105B100005E0721CB2FBF1F001FB1022D6B206F1D7
:105B200020020DEB020010F8202C002AF1D103EB2B
:105B3000430100F8204C06EB460220312A44694418
:105B400011F8187C82F8A27111F8177C11F8161C54
:105B500082F8A37182F8A411013BAA19DBB282F882
:105B60009941FF2BD2D109B0F0BD00BFB020002079
:105B700070B5064688B00C46002A4ED0294A92F8E5
:105B8000A131D01890F8991119B9FF212820FAF7FE
:105B90006DFE03EB43010133114491F8A251E5700E
:105BA00091F8A35191F8A41125716171002180F839
:105BB000991192F89811B3FBF1F001FB103382F8C0
:105BC000A13192F8C23123B9174902F5DD7014F002
:105BD00090FD65790D220021684605F03F0545F0EE
:105BE0004005657117F03EFAE37804AA69468DF81E
:105BF0000F30304623798DF80D508DF80E30042388
:105C000017F067F99DF81F3023709DF81E30637000
:105C10009DF81D30A37008B070BD03216018FBF71C
:105C200099F8D6E7B0200020D55A0000044B5A78E6
:105C3000824286BF1B1893F84A010020704700BFBC
:105C4000B0200020044B5A78824286BF1B1893F87C
:105C500042010020704700BFB0200020064B002208
:105C60004FF461711A8083F8C32183F8C421A3F82B
:105C7000C61183F8C2217047B02000202DE9F047FB
:105C80008246894617469846FFF790FE0828054643
:105C9000064603D0FFF7ACFE082860D1324C63788B
:105CA000072B5ED8082D15D12678731C072E23707C
:105CB00003D96C212820FAF7D9FD06F12B02D9F877
:105CC000000004EBC20344F83200B9F8042083F862
:105CD00006A09A80657807F110026B1C2901637099
:105CE0004B1C234412F8010DBA4203F8010FF9D1FD
:105CF000813108F11003214413F8012D984501F872
:105D0000012FF9D125441021404613F0F1FD102157
:105D100085F84201384613F0EBFD85F8026166789C
:105D2000002385F84A013146104885F83A3113F0CE
:105D3000AFFD0128054607D831460D4813F0A8FDF0
:105D4000002818BF0135EDB284F898510025284687
:105D500084F8A151FFF7BEFE2846BDE8F087122067
:105D6000FBE70720F9E700BFB0200020F221002068
:105D7000FA210020064B10B55878013840B20028AF
:105D800000DA10BDC4B22046FFF746FE601EF5E7FC
:105D9000B0200020014B83F8C3017047B0200020E1
:105DA000014B93F8C3017047B0200020431E4AF214
:105DB000B7129BB293429DBF024BA3F8C6010120CC
:105DC00000207047B0200020014BB3F8C601704797
:105DD000B02000200A4B30B55C7884420ED91844BC
:105DE00090F802012B3003EBC004A5790D7053F835
:105DF000300010600120A388938030BD0020FCE7B4
:105E0000B02000200246074810B590F8C34124B1E5
:105E1000417821B1023005F03DFC204610BD0C4612
:105E2000FBE700BFB02000202DE9F74F2F4C9A462A
:105E3000804689466378834256D9231893F84251A5
:105E400085F00105F9B193F84A31E3B945F002074D
:105E50000135BAF1000F18D1FA070AD5062104EB73
:105E60000810524601FB0841823001F58571FFF7A9
:105E70007FFEBB0734D504EB08105246494602307A
:105E8000FFF776FE2CE02F46E3E794F8A1614FF090
:105E9000010B002DE0D0A31993F89911019399B942
:105EA0000092DAB100F070FC019B06EB4601009A0B
:105EB0004FEA102C83F899B1214481F8A201000C1B
:105EC00081F8A3C181F8A401013694F89831013D0D
:105ED000B6FBF3F103FB1166F6B2DAE747F004070D
:105EE000384603B0BDE8F08F0027F9E7B020002066
:105EF000074B5A78824209D91A1892F842212AB9D6
:105F0000062202FB003000F58570704700207047C4
:105F1000B0200020064B5A78824281BF1B1893F8AC
:105F20003A01B0FA80F0400998BF0020704700BFE6
:105F3000B0200020F8B50E4607460621154630462B
:105F400013F0D6FC044670B10C4B0022587803F2D3
:105F50003913D1B2884202D801242046F8BD01325B
:105F600003F8015FF5E73146384613F0ADFC082829
:105F7000F3D0024B034483F83A51EDE7B020002000
:105F8000034B80F87C101B680BB1008818477047E2
:105F90005C290020014B024A1A6070475C290020EE
:105FA000CBC101000B2808B504D940F20D112920FE
:105FB000FAF75CFC014B33F8100008BD4C7303008A
:105FC00030B5002442F21075A0F84040B0F84440CB
:105FD0004C43B4FBF2F4A0F84440541E05FB0343C9
:105FE000B3FBF2F3A0F84230084BB3FBF2F30133FA
:105FF000A0F84830838F05FB0344436B5943B4FB3F
:10600000F2F4B1FBF2F18463416330BD005A6202E5
:1060100070B504460D46F9B94FF4407217F022F8F6
:10602000FE22012384F8E65084F81E217F2284F8A2
:10603000963084F88B20164A84F8E830C4F8E020C3
:106040006F2284F8E4206FF03C0284F8E5206FF0C2
:106050007F0284F8E72070BD012911D10023A0F848
:10606000E43180F8DB3140F6B833C269A0F8BC30C7
:106070001146C38C04F18000BDE87040FFF7A0BF5B
:106080000229E8D1B0F8D632D0F8D022C169F1E7C0
:106090002BC904C4054B1B7833B9054B1A681B790F
:1060A00002600371012070470020704778220020B1
:1060B00048110020054BFF221A70054A0168116043
:1060C0000179117100221A70704700BF78220020F8
:1060D0004811002007B5064A1068127900906846FA
:1060E0008DF80420FFF7E6FF03B05DF804FB00BF66
:1060F00025C603000346084671B13F2B0BD8074A5B
:10610000D35C03F07F02914205D08CBF01200020B8
:1061100000EAD31070470120704700BF647303008A
:106120002DE9F04F85B08B461546984602A99DF89B
:10613000384013F07EFC824620B9039E35B9012316
:1061400086F89430012005B0BDE8F08F77692946C4
:1061500038460FF0F9FC01460028F4D0224B5B884A
:10616000AB423FD3019038460FF02AFE96F89430A8
:1061700001998146002BA0F801A018BF4FF0020B37
:1061800080F800B008460FF023FE8246E4B1748F19
:10619000D4B116F05CFC40F271235C43241841F149
:1061A0000001CAF804102A46414609F10300CAF862
:1061B00000400FF0FDF8294638460FF000FD28B9E1
:1061C0008B212B20FAF752FB2146EAE79DF8083095
:1061D00033B102A812F0B1F9039B0022A3F8D22137
:1061E0000023ADE75046AEE77C220020FF230B7072
:1061F00002234B7083238B70014B1B78CB7070474D
:10620000A02200202DE9F84FD0F804800C46D8F8E1
:10621000186030460FF0C6FD054620B940F2531114
:106220001020FAF723FB014630460FF0C9FDB5F800
:1062300000B082461FFA8BF717B940F25711EFE70B
:10624000224B00F103091B68D3B998F8003098F885
:1062500001202370637802F00F02A4F802B023F04B
:106260000F03134323F0C00363709AF8003003F068
:106270000303012B0FD0022B0DD040F27511CFE795
:106280003A464946B8F80000984705460028DCD150
:106290002846BDE8F88F6278304663F305126270D5
:1062A0000FF098FD054610B940F27F11B8E7FB2FBB
:1062B00002D94FF4C771B3E73A464946201D0FF0A3
:1062C00077F830460FF0DDFCE2E700BF60290020E0
:1062D00038B5134C10220021201D16F0C3FE0125F5
:1062E000257404F108031022002104F11400C4E90C
:1062F000013316F0B7FE84F8205004F11803094A60
:10630000C4E9053300236362A36284F82C30C4F827
:106310002D30C4F8313084F835301360A36338BDB4
:10632000A02200206029002010B5084C2378FF2B04
:1063300004D04FF4CC711020FAF798FA0EF0A4FFB5
:106340002070BDE81040FFF7C3BF00BF4D11002013
:1063500010B5034C20780EF0B1FFFF23237010BD61
:106360004D110020014B18780EF0B8BF4D110020E0
:10637000014B024A1A60704768290020056200003C
:106380002DE9F341DFF88881054608F11407D8F8B4
:106390000830D8F81840227A012A22D1D8F83820BB
:1063A00052B1137A1BB9BF211020FAF75FFAD8F85F
:1063B0003840C4B9002093E01A7A012AFAD01C466A
:1063C000544AEFF3108172B650680068506001B90A
:1063D00062B6A34208BFC8F83840237A1BB9EE2141
:1063E000E2E73A46EDE7267AF6B205232372731EFA
:1063F0000B2B7ED8DFE803F07A062336773F4E3F3B
:106400003F3F3F6B636813B940F20B21CCE7204656
:10641000294698470420EFF3108272B6237A052BA1
:10642000D9B24FF0000369D12372D8F83810A142D5
:1064300001D1C8F83830002A45D162B643E063681C
:1064400013B94FF40571AFE7294620469847034634
:10645000ADF80400C0B2C3F30723012B3ED0022BDA
:10646000D9D129E0636813B94FF407719CE720463E
:1064700098470020CFE7284B1B68002BF9D0324605
:10648000606829469847A6F10A0204205342534106
:106490005B00E4E763680BB9FE2185E70D222A70F3
:1064A00001221988AA706A7100225869A5F80310A0
:1064B000AA710FF0E6FB0420D8F83830A34202D1CD
:1064C0000023C8F8383000283FF461AF08E0134BD0
:1064D000294620461B689847034668B9267298B13A
:1064E00002B0BDE8F08140F253215DE740F2562151
:1064F0005AE740F2592157E70220DDE711B940F28F
:106500007A2151E7184696E7002B7FF440AF51E718
:10651000A0220020A4220020642900206829002055
:10652000134610B5027A22B140F201311020FAF779
:106530009DF90A4601460248BDE8104014F0B6B87D
:10654000A4220020044890F82C301BB903492430C1
:1065500014F0C9B8704700BFA02200209FA6010018
:106560000346064890F83C203AB190F8352022B90D
:10657000034900F82D3B14F0B6B87047A022002064
:10658000ED6100000A4610B5037A23B140F20931EB
:106590001020FAF76BF9014607230248BDE81040C6
:1065A00014F084B8B42200201346027A0AB10372B0
:1065B00070470A460146014814F078B8A42200202A
:1065C00003460846F0B4B3F86020B3F8544093F89B
:1065D00075509442B3F85810A5F10305B3F84A700A
:1065E00028BF1446B3F86220EDB2B3F84E608A4279
:1065F000A3F84A4028BF0A46012DB3F8501087BFC0
:10660000B3F852C015464FF4296C4FF42965A142E6
:10661000A3F84E5038BF2146624538BF6246A742B4
:10662000A3F85010A3F8522026D1741B18BF0124E0
:10663000B3F85C20B3F85610B3F848609142B3F851
:106640004C5028BF114693F87420033A012A15D9FB
:10665000B3F85A20B3F85E70BA4228BF3A468E4269
:10666000A3F84810A3F84C2002D1954200D144B1C0
:106670000549F0BC14F040B80124D9E74FF4296271
:10668000EDE7F0BC704700BF15A701000B8BA2F827
:1066900009001046A2F80B304B8BA2F80D308B8B03
:1066A000A2F80F30CB8B0249A2F8113014F01EB8BB
:1066B000C3A7010008B50B4A0B460B4970B1492B23
:1066C00004D940F207312C20FAF7D0F801200870E5
:1066D0001178994238BF1946117008BD08701B2106
:1066E000FAE700BF4E110020DD220020014B187890
:1066F000704700BFDD220020014B1878704700BFB3
:106700004E1100202DE9F0470446174690F874908A
:106710008A4690F87580058F59BBC68E04361321C2
:106720002088B6B2FAF73CFD40B3BAF1000F22D18F
:1067300094F8741014F01FF8B0F804A049463846D5
:1067400014F001F80F4B0746B4F850001B780635DB
:1067500041469842354438BF1846554413F0F3FF7C
:1067600038440544E069A8422CBF00200120BDE860
:10677000F087868ED2E794F87510DBE74FF0960A23
:10678000DCE700BF4E110020094AD2E90003434074
:1067900083EAB01181EA43214FEAF3431160536069
:1067A000044B58434FEAF06000EB8000704700BF95
:1067B000E0220020BB79379E094AD2E9000343401A
:1067C00083EAB01181EA43214FEAF3431160536039
:1067D000044B58434FEAF06000EB8000704700BF65
:1067E00050110020BB79379E10B50A4C082109488A
:1067F000FAF7B0FAD4E900321343F7D0064CFFF7AA
:10680000DBFF2060FFF7D8FF236860601843F6D0F5
:1068100010BD00BF50110020E022002038B5A0F1CB
:106820000C0314460D46DBB22046432B96BF0C4AA0
:10683000FE21D15C14F00BF988B985B1297834298F
:1068400009D03F2909D0272908BF26212046BDE8C5
:10685000384014F0FCB83221F8E73E21F6E738BDA5
:10686000A4730300174B184A9A60184A5A60184AD2
:106870001A60184A9A62184ADA62184ADA60184AA4
:106880009A61184A1A63184A1A62184ADA64184A4E
:106890009A64184A5A62184B184A9A60184A5A62FF
:1068A000184ADA62184A1A61184A5A61184A9A61F3
:1068B000184A1A63184A9A64184ADA64184A9A639A
:1068C000704700BF6C2B0020C3AB0100F3AB01008D
:1068D00029AD0100E1AE010053AF010035720000A7
:1068E00069AF0100F97400004D73000049B0010068
:1068F00071B00100B17300006C2C0020DFAB01000F
:1069000009B001008BAF01002FAF0100AFAF010054
:10691000ED7200001FB10100BFB00100A9B001007D
:10692000EFAF0100044B054A5A65054B054A1A654D
:10693000054A5A65704700BF6C2B00205BAE010012
:106940006C2C002041AE010089AE0100054B064AC7
:106950009A65064A1A66064B064A9A65064ADA6539
:10696000704700BF6C2B00207D9701000557000089
:106970006C2C0020D19501002F980100114B124A78
:106980001248134970B5134E134D144C1A60144B32
:10699000144AC3F88C60C3F89050C3F89440124B6B
:1069A000C3F88C00C3F89010C3F894200F4BC3E9D0
:1069B0002365C3F894400E4BC3E92301C3F8942028
:1069C00070BD00BF7C2D0020DFC1010097C5010014
:1069D00027C60100C7C50100D1B40000A5B300005F
:1069E0006C290020C7C601006C2A00206C2B0020F7
:1069F0006C2C0020584B594A59495A48DFF868C155
:106A00002DE9F04F1A60594B594A5A4C1A605A4BAB
:106A10005A4A5B4D1A605B4B5B4A5C4E1A605C4B9A
:106A20005C4ADFF874A11A605C4B5D4A5D4F1A60E6
:106A30005D4B5E4ADFF878911A605E4B5E4ADFF884
:106A40007C811A605E4B5F4ADFF87CE11A605F4B25
:106A50005F4ADFF880B11A605F4B604A1A60604B92
:106A6000604A1A60604A614BC2F8E410C2F8D03044
:106A70005F49604BC2F8E000C3F8B4105E49C2F849
:106A8000D440C2F8C8105D495D4CC3F8CC105D49D4
:106A9000C3F8E850C2F8BC605B4DC3F8B8A0C3F8B7
:106AA000D810DFF868A15A4E5A485B49C2F8C07046
:106AB000C2F8B890C3F8BC80C2F8D8E0C3F8DCC014
:106AC000C3F8C4B0C2F8C460C3F8C050C3F8E0A0B3
:106AD000C3F8C840C2F8E800C3F8D4104F4A504B7E
:106AE000C3F8D0204F4AC3F8C050C2F8C070424F1C
:106AF0004D4DC2F8C8701B4FC3F8E0A0C2F8E0705B
:106B00001C4FDFF894A0C2F8D4701D4FC3F8E450B6
:106B1000C3F8E8701D4F454DC2F8BC70C3F8C840BB
:106B2000384F434CC2F8B890C3F8BC80C2F8D8E0E4
:106B3000C3F8DCC0C3F8C4B0C3F8B8A0C3F8D870B9
:106B4000C2F8C460C2F8B450C2F8CC40C2F8E80041
:106B5000C3F8D410BDE8F08F802D002057700100DD
:106B6000D1760100998001007B720100842D002004
:106B7000B57001005F7D0100882D0020952D00007B
:106B8000317F01008C2D0020B3720100FB700100E9
:106B9000902D002089760100F96F0100942D0020CE
:106BA000AD760100DF720100982D0020BD78010054
:106BB000857001009C2D0020777A01006171010031
:106BC000A02D0020D57B010061720100A42D0020C2
:106BD0002B80010067750100A82D0020FD7C0100BD
:106BE000AC2D0020777E01006C2A0020B77C0100CC
:106BF000EB7601006C290020C3790100C537000045
:106C0000A53400001B7201005D2F0000AD80010063
:106C1000F9720100D97E01008D7D0100ED3900007F
:106C20006C2B00206C2C0020E13100002777010044
:106C3000697B01003F2A70B505460C4643D83F2AC0
:106C400044D8DFE812F046009600B100BD00D8003D
:106C5000BC01BC01E800EA00F000BC01BC01F3008B
:106C6000FF00EA00430043000301BC01BC0117011F
:106C700017012E012E01350143004300BC013A01EA
:106C800046014A014E01570159015B015D01660150
:106C90006F019C019E01430043007601A601A401FF
:106CA0008E018401860188018A019001940192017C
:106CB0009801BC01430096018C019A01A801AA0128
:106CC0004300A001A201FF2A00F06D814FF4A161F1
:106CD0000DE1456841F27073D5F84412B5F83E22D3
:106CE000A1F57A7098420BD84FF47A73B1FBF3F3A5
:106CF00003F550639BB264200126B2FBF0F20CE076
:106D000040F2E2406FF45066B1FBF0F39BB29E1983
:106D1000062EF0D90026B2FBF0F223711B0A627036
:106D20006371B5F84832A3711B0AE371B5F84A32B2
:106D300023721B0A637295F81F3133B905F50F737F
:106D400005F51072284613F07AFFB5F83C32A372AD
:106D50001B0AE372D5F8403246B164220C20B3FB23
:106D6000F2F3A370C3F30723E37070BD40F2E24275
:106D7000F4E74668D6F83032C1F8013096F834327C
:106D80004B71406890F81F313BB913F00AFF6B68F4
:106D9000B3F886301844A6F83602B6F83632082022
:106DA000A3711B0AE371E0E70378012B436802D16A
:106DB00093F8203101E093F8293102206370D4E781
:106DC00043681720D3F87822C1F80120D3F87C2239
:106DD000C1F80520B3F88022A1F80920D3F8582281
:106DE000C1F80B20D3F85C22C1F80F20D3F8103182
:106DF000C1F81330B9E74268D2F8EE31C1F801307A
:106E0000D2F8F231C1F8053043680D20D3F81431BF
:106E1000C1F80930A9E74368CAE7084600F020FB3B
:106E20000028A2D161E000F02DFBF9E71023062035
:106E30004B7059238B700023CB70A3230B7130232D
:106E40004B7192E7436893F81A31B6E702784368CA
:106E500052B993F820213AB193F81D214A7093F862
:106E60001C310320A37080E793F81B21627093F814
:106E70001A31F6E743680920B3F860204A70120A15
:106E80008A70B3F82221CA70120A0A71B3F85C2022
:106E90004A71120A8A71B3F82031CB711B0A0B7246
:106EA00063E7436893F836214A7093F83731D8E79F
:106EB0000146204612F024FCB2E7436811211888ED
:106EC000FAF76EF900F15B01204613F02AF923204E
:106ED0004BE7084615F0F9FBA2E7084615F0FEFB64
:106EE0009EE7384B1B68002B59D140F20D515120C1
:106EF000F9F7BCFC344BF5E7344BF3E7344BF1E7DF
:106F0000344B1B68002BF0D0024623209847042006
:106F10002BE7304B1B68002BE7D002462420984714
:106F2000052022E72B4B1B68002BDED002462520D4
:106F3000F5E7436811211888FAF732F900F17D026C
:106F400000F15B01204613F0F8F82B200DE7224BEF
:106F5000C8E7224BC6E7224BC4E7224BC2E7224BCD
:106F6000C0E7224BBEE7224BBCE7224BBAE7224BDD
:106F7000B8E7224BB6E7224BB4E7224BB2E7224BED
:106F8000B0E7224BAEE7224BACE7224BAAE7224BFD
:106F9000A8E7224BA6E7224BA4E7224BA2E729460B
:106FA000204698473CE74368204693F8BF22D3F831
:106FB000C01213F082F86B6893F8BF0230E701202B
:106FC000D3E600BF6C2D0020742D0020702D002012
:106FD000782D00207C2D0020802D0020842D002085
:106FE000882D00208C2D0020902D0020942D002035
:106FF000982D0020A02D00209C2D0020A42D0020E5
:10700000A82D0020AC2D0020B82D0020BC2D002084
:10701000C02D0020C42D0020B02D0020B42D002054
:10702000C82D0020CC2D00203F289ABF024B53F8DA
:1070300020000020704700BF6C2B00203F289ABF23
:10704000024B53F820000020704700BF6C2C00203A
:1070500030F8023CF7B504460E4630F8A85C73B130
:1070600001226846ADF801508DF80020ADF80330DC
:10707000FDF7CEF818B195216320F9F7F7FB1C4B0B
:107080001B6813B1A4F1280098471A4B1B680BB179
:1070900028469847184B1B680BB1284698470A2387
:1070A0000027A6F803503370B770637A54F8900C39
:1070B00073710EF0F0FD08B9BA21DDE739462846B4
:1070C000FAF784F802212846FAF780F818B90B4B32
:1070D0001B6803B198474FF40173002003F00402CA
:1070E0001B0A62F3070063F30F2003B0F0BD00BF7B
:1070F000D02D0020D42D0020DC2D0020D82D002004
:10710000014B024A1A607047DC2D00208F69010094
:10711000F7B5456804464FF6FF776E690DF1020139
:107120000DF101023046ADF802700EF063FD01A9C9
:1071300030460EF081FD40B101980EF049FE6168C5
:1071400000220272FFF71EFAE8E7044905F1A800E1
:1071500003B0BDE8F04013F0C9BA00BF51700000A1
:10716000F0B5044685B00D46FF2600F8E96C10F82E
:10717000EA3CF3B1174F3B781BB15F211F20F9F7B1
:1071800075FB0C21381DF9F7E5FD3E70002304F86E
:10719000E93C09232A4602F8033BD4F80930C5F834
:1071A0000330D4F80D305360D4F81130936005B03B
:1071B000F0BD01A80C21F9F7CDFDA4F5E673039A03
:1071C0001A6001AB03CB44F8F20C44F8EE1C04F84F
:1071D000EA6CDBE7E822002010B5054C23782BB9D8
:1071E0000C21201DF9F7B6FDFF23237010BD00BF51
:1071F000E8220020024690F8F631BBB990F8F7314A
:1072000003F0FF010BB100207047094B18780028EC
:10721000F9D01970D9680433C2F8141103CBC2F83D
:10722000EE01C2F8F211FF2382F8F6310120704717
:10723000E8220020426838B592F88E3004460D46A8
:107240003BB1142B05D0123B0F2B8CBF0120082023
:1072500038BDD2F82431002B38D192F8D03013B990
:10726000204613F03DFC6268D5F80B30C2F8E631D9
:10727000D5F80F30C2F8EA316368D5F81320C3F8A7
:1072800010211A88A3F8E922D5F80120C3F8EB22CF
:10729000D5F80520C3F8EF226368B5F80920A3F8F4
:1072A000F3226368002283F8F62160680E4900F536
:1072B000387013F018FA6568204610F047FF17225F
:1072C00085F8E800636883F88E200BE00C222046E6
:1072D000032113F029FC63683622204683F88E20B0
:1072E00013F0FEFB0020B3E76171000038B543687E
:1072F000044693F88E20212A04D04FF410711F20E9
:10730000F9F7B4FA002293F8D0101D8803F5DB706A
:1073100083F8CF2069B10B4983F8D020A3F8C0517E
:1073200083F8BF2113F0DFF96368002283F88E2011
:1073300038BD012283F8BF11A3F8C051024983F878
:10734000C221EFE7CDAE0100BFAE010038B5057830
:10735000446825B994F88E302BB101201CE0D4F894
:107360008030DB07F9D4D1F801200F4BD1F805109C
:1073700013400E4AC4F8E030C3F307630A4043F0F9
:107380000803C4F8E42084F8E33013F0A9FB25B91E
:10739000042384F88E30002038BDD4F8803043F0C8
:1073A0000103C4F88030F6E72FC904F76FDB0080D3
:1073B00038B5436893F88D20042A32D1D1F80120E2
:1073C0004C1CD1F80550C3F8E020C2F30762C3F8A3
:1073D000E45042F0080283F8E320002283F8CA2038
:1073E00083F88D2002780AB983F83B2193F83C2179
:1073F000AAB993F8982102F0FF0082B91A8883F89D
:10740000990103F5C870A3F89A21D1F80120064923
:10741000C3F89C216268C3F8A02113F064F900202E
:1074200038BD0120FCE700BFCDAF0100436893F8F1
:107430003C2112B1084B1B68184793F8982152B9A8
:107440001A8803F5C8700549A3F89A211A2283F80F
:10745000992113F048B97047E02D0020CDAF01000D
:1074600010B50446FEF7E6F8044A054B0240092031
:107470000B40C4F80120C4F8053010BD2FC904F733
:107480006FDB008037B50C464568FEF7D3F80A4B32
:107490000A4A03400A4095F8E01000930B4001921D
:1074A0008DF800306B4603CBC4F801000920C4F806
:1074B000051003B030BD00BF2FC904F76FDB00809B
:1074C00038B5DB04154604D5C37C13B100234363F0
:1074D00038BD446B0134446313F002FE836B9C425D
:1074E000F6D30023034943632846BDE8384013F030
:1074F00003B900BF3BB0010070B54468054606788B
:1075000094F88D30012B09D026B994F88E302BB128
:1075100001203DE0D4F880309807F9D494F8D130B8
:107520009A0713D44A78D80784F8DB204A88A4F84D
:10753000DC208A88A4F8DE2043F0020284F8D120FF
:1075400010D5194904F1D20013F0D6F894F8D130CF
:10755000D90712D4EEB994F88E3043B153214020AC
:10756000F9F784F994F83A31002BEAD1EEE70123D8
:1075700084F88E30284613F0B3FA94F88D3000204A
:10758000012B4FF0000304BF84F88D3084F8CA301B
:1075900070BDD4F880309A0701D55821DFE743F059
:1075A0000203C4F88030E5E701B1010000F5006096
:1075B000104A031392F9001040F3073081420BDDAB
:1075C00092F901005B425BB218447F280DDC10F198
:1075D000800F0CDB40B2704792F90210814202DA50
:1075E00092F90300EEE7002070477F2070476FF0AC
:1075F0007F007047F822002070B5044650F84F0C09
:10760000FFF7D4FF064640B354F8571C6FF0004311
:1076100054F8532CA4F157059A4208BFB1F1FF3F2B
:107620001BD015F014FA54F8572C54F8533C9042E0
:10763000994112D3022332462021284614F011FF2B
:1076400058B9064B9E8815F002FA4FF47A73E6FBA0
:10765000030144F8570C44F8531C70BDF822002075
:1076600070B54568044603F0B9FF054B014685F83F
:107670008B001B681BB12046BDE87040184770BDE9
:10768000E82D0020044B9B685843C3F580534B43BF
:1076900003EB2030704700BFF822002038B5436864
:1076A0000D460F211888F9F77BFD044604F0F0FB26
:1076B0007F2DE07321D0A0682946FFF7E3FF0F4B31
:1076C000A0601B7BCBB1FFF771FFB0B16FF000433F
:1076D000D4E900129A4208BFB1F1FF3F0DD015F076
:1076E000B6F9D4E900239042994106D304F157003A
:1076F0000349BDE8384013F005B838BDF822002032
:10770000F9750000F8B547880346B7F5805F23D2C6
:107710000689B2B202B30578012D1DD890F9042074
:1077200090F90510104613F027FDA8B193F9064013
:10773000A24211DAA1420FDD93F9070082420BDA6F
:10774000814209DD054BD87000201A7099709F6046
:107750005C709E801D73F8BD1220FCE7F8220020AB
:107760000B4B00F500601B7840F307305B425BB2C7
:1077700018447F2807DC10F1800F06DB40B220EAB6
:10778000E070C0B270477F20F9E76FF07F00F6E746
:10779000F8220020024B1B6803B11847704700BF56
:1077A000E42D0020014B024A1A607047E82D0020AA
:1077B0009D760000084BBA221A70E2229A704FF4AC
:1077C00000629A60BF225A70DD22DA7041F288327C
:1077D0009A8000221A737047F8220020F0B51F4DDE
:1077E00000242B7814709BB1013B6D68DBB21E1B2B
:1077F000012E0FDC05EBC40655F8347076688E4216
:1078000008BF874227D0B84271EB060612D2147027
:107810000020F0BD1E197710C6F3470655F837C093
:1078200005EBC70E8445DEF804708F412CBF33464C
:107830003446DCE705EBC30455F8335064688C42EA
:1078400008BF854206D0A84271EB040428BF01336B
:107850001370DDE71C4601201470DAE708230020CE
:1078600010F0070208B503D063214820F8F7FEFFA7
:1078700018B1034B197258601A70C80008BD00BFD8
:1078800008230020014B00221A70704708230020B3
:1078900008B50022034B1A6004F0ECFCBDE8084078
:1078A0000DF068B81423002010B5044690F8383065
:1078B0003BB902460349083015F026FA012384F843
:1078C000383010BD3BB301002DE9F043044689B0C8
:1078D0000F46914690F83830012B7AD13E4B8362A7
:1078E00015F0B5F805460E4600F016F9494638463B
:1078F000276500F0F7F80146804604F1480000F0E3
:10790000C3F840F6B833ED1846F10006B9F1010F9F
:107910004ED100F0E1F88269002A54D0A16D7B1E9F
:1079200090460B44B3FBF1F34B43DB1BD2E900075A
:1079300061EB0101181841EB0701CDE90056A26D7A
:1079400013F083FD0746B8F924000221A4F86C0067
:1079500013F051F8B4F86C303F18A3EB0003A4F80F
:107960006C304FEAE07343F100037F193D4646EB6C
:10797000030600F0D7F8204613F026FC0027236BFF
:1079800003905B6820688DF80870984704238DF891
:1079900010008DF81130CDE90656022384F83830F6
:1079A000204602A913F041FC384609B0BDE8F08337
:1079B000B8F1000FDDD0D8F80830D8E900219818C8
:1079C00041F10001B9E7B8F1000FD2D028463146A5
:1079D000B3E70C20E9E700BF3BB30100024610B556
:1079E000052924D8DFE801F0032623121720438F4E
:1079F0000133438713F092FC0146136B106819B9E9
:107A0000DB68BDE8104018479B68FAE7036B5B69C9
:107A1000BDE810401847084B1B68002BF8D140F216
:107A200051110B20F8F722FF036B1B69F0E74FF4AD
:107A3000B171F6E710BD00BF14230020024B187A85
:107A4000003818BF012070471823002030B50D4AB8
:107A5000FF231372D0E9065373B1D0E902149D617C
:107A60000C44D9682144D960816939B1CB610023C4
:107A7000C0E90633137230BD1560F5E7002BF6D070
:107A8000D960F4E71823002010B5124AFF231372BF
:107A9000C16189B91368836103B1D86110600023A3
:107AA000C169C36099B1CB687BB18468A3420AD233
:107AB00030213720F8F7DAFE8B6988618361002B6B
:107AC000EDD0D861EBE71B1BC3600023CB60002324
:107AD000137210BD18230020014B1868704700BFB7
:107AE000182300200B4B002230B51B6804464FF0D2
:107AF000FF35104623B911B9002808BF104630BD24
:107B0000DA68A24203D3AA423CBF154618461A4679
:107B10009B69EFE718230020014B01221A7170477F
:107B200018230020014B00221A71704718230020EF
:107B3000014B1879704700BF18230020FF23084A23
:107B40000B700D234B7082238B701368C1F80330C8
:107B50005368C1F807309368C1F80B30704700BF15
:107B60002223002016220021014815F07BBA00BF15
:107B700022230020F7B51E4C02AB03E90300637D0E
:107B8000A3B39DF800300D462BBBD1E9747613F0FA
:107B90004EFC95F87420174B463053F822304FF4C2
:107BA0007A7203F2E733B3FBF2F3DB192A8846F16A
:107BB00000061B18228046F100066360A660B5F837
:107BC000863002220C4904F10C00638003B0BDE84A
:107BD000F040FEF7E9BC530608D50B882380D1F8A6
:107BE00070326360D1F87432A360E8E703B0F0BD8F
:107BF00022230020A07503003D7B0000094B53F8B1
:107C0000203003F5224370B5B13316464FF47A7233
:107C10000C46B3FBF2F5344404F090FD2C442044B0
:107C200070BD00BF8C7503002DE9F04F99468BB0F5
:107C30000023044688461746069390F875B011F065
:107C400051FC054694F87F00FEF7ACF9054413F0AB
:107C5000EEFB94F88E3000F13C06ADB2482B3BD0E1
:107C60000E2B39D094F88DA0AAF14802D2F1000A67
:107C70004AEB020A002F5FD194F88C30032B5BD1C2
:107C8000BAF1000F58D0B4F8C832434554D1D4F8F3
:107C900010322046B4F8E421C4F80032E369C4F895
:107CA0000432B4F882321344C4F8083203F01AFAEA
:107CB00041F64B53D4F8D02294F8DC129A428CBF90
:107CC0000023012359B9E1698A421ED02088049318
:107CD00014F01AFD049B18E04FF0010ACAE720884F
:107CE00014F00FFD20B940F24A713020F8F7BEFDC4
:107CF000B4F8D8326386B4F8DA328381B4F8C83283
:107D0000C7814381013B03823B4694F87E20002AD1
:107D100036D1002B35D1D4F8CC2284F87E30022322
:107D2000E262B4F8CA2284F88C302286D4F8D022D9
:107D3000E261D4F8D422626204F51473B4F886C008
:107D40000493A8EB0C0CB4F880320FFA8CFCA8EB6F
:107D500003031BB2002B1FDAD4E99A23C4E99E2344
:107D60000023012284F82332634694F88C100329FF
:107D700000F2BF81DFE811F0120026016B0047011D
:107D80002BB14FF04D12626300222287C3E74FF000
:107D9000961223876263BEE74A46E6E794F87510B9
:107DA00094F8DE0111F014FE8346E06A2946584437
:107DB0000BF0B6FD2946C4F80C02E0690BF0B0FDEB
:107DC00094F87E3007A95B00DBB2034408A8C4F82E
:107DD000103204F0A7FB079B0093DDE90823D4E9E8
:107DE0009E0114F03CFE0546204613F060FBD4F8DB
:107DF0008432E26A94F875000693049204F0A6FCBB
:107E0000069B00F52240049A203BD4F80C12B130B6
:107E100013444FF47A725B1A30319B1BB0FBF2F0C3
:107E20005B4432465B1B1B1A94F875000693238E45
:107E300003EB4101FFF7E2FED4F88422069BC4F86D
:107E400014029B1ACC2B5DD840F2C7414DE7E36A80
:107E50002946D4F8040218440BF062FD2946C4F800
:107E60000C02E0690BF05CFD94F87E305B00DBB245
:107E700003442046C4F8103213F019FBE36AD4F827
:107E800004521D44B4F8E431002B40F09780B9F15E
:107E9000000F00F0938094F8750004F057FCD4F8BC
:107EA0000C12D4F8703200F522406D1A94F8752047
:107EB000B130203D1D44A94B53F822204FF47A7372
:107EC00002F2E732D4E99ABCB2FBF3F2A5EB0B0560
:107ED000B0FBF3F01544AD1B2D1AD4F80032D4F8E2
:107EE000082294F8750002FB0311238E3246069592
:107EF000303103EB4101FFF781FE0123C4F8140286
:107F000084F88C30E56904F13C00D4F81032A93DC6
:107F10000699ED1AD4F81432AD1B9D4228BF1D46B8
:107F2000002384F85032C4F8E051D4E99E325B1843
:107F300042F10002C4E9983212F08FFC0423284475
:107F4000A4F8808284F85932C4F85402D4E9982302
:107F5000C4E99E2302F0B6FA20B1D4F854321E339D
:107F6000C4F85432B4F8D031A3EB08031BB2002B91
:107F7000D4BF00220122520084F85822BAF1000F27
:107F800040F0BA80B9F1000F40F0B98094F88C301D
:107F9000002B00F0D080E16904F51470D4F81032A1
:107FA000C91A11F0B1FC80B2002800F0C480149B03
:107FB00003B1188001200BB0BDE8F08FD4F80C128B
:107FC0006D1A8AE7D4F81002E269D4F80812121A7E
:107FD000D4F800525A43D4F80C3206923033B4F835
:107FE000E42105FB01336244521A218E013A00FB61
:107FF0000233324694F8750001EB4301FFF7FEFDB2
:10800000C4F814027EE7E16959430691B9F1000F03
:108010002DD0B4F8E40150BB84F82302D4F8100248
:1080200000FB131E94F88D3004902A2BCDF818E035
:1080300003D094F88E302A2B0AD1B4F8C832A8EBBA
:1080400003031B0404D494F8CB32002B18BF9B46C7
:10805000B4F8E4017AB370BBD4E99C51D4E99A2313
:10806000AA4273EB010108D340F21B513DE694F89C
:10807000230200287FF446AFD0E794F87520203D16
:10808000364B53F82230D4E99A12CDE9021203F2AA
:10809000E7324FF47A7103F52243B2FBF1F2B133C8
:1080A0000592029AB3FBF1F3AD1A059A1544ED1A45
:1080B000AD1B7544069500EB0C05049B32465846F3
:1080C0005D4330356D002946FFF798FD41F64B536F
:1080D000C4F81402E06998423FF614AF06AB32468A
:1080E0002946009304F5057311F08EFC84F82302F1
:1080F00008E740F23351F8E5B9F1000F1BD0B4F8AE
:10810000F80110B3B4F8FA1194F8FC214D1CA4F84E
:10811000FA1101FB022290420DDD002B0BDD002342
:10812000A4F8FA5184F85832FEF72EFB00F007004D
:10813000013084F8FC0104F5147104F50A700CF0A8
:108140002DFC20B940F27D51CFE50146DCE787F0F8
:10815000010784F8207200202DE700BF8C75030012
:10816000F0B5044685B018B9A7213020F8F77EFB9A
:10817000052900F2E580DFE811F00600DD003A0095
:108180003500E300D80090F82032B0F8862003B321
:10819000B0F81E32934208BFB0F8D4319A1AA0F852
:1081A000D621A4F886302046D4E99823C4E99A233E
:1081B00002F0C0FE94F8DB31002B00F0B480614B7C
:1081C0001B68002B00F0AF80204605B0BDE8F040F2
:1081D0001847B0F81C329B1AA0F8D631B0F81C3200
:1081E0009BB2DEE705B0BDE8F04004F0A7B914F09B
:1081F0002EFCD4E99A23801A61EB0301012871F166
:10820000000302DA4FF4C161AFE76FF0010383426C
:108210004FF000038B4102DA40F20961A5E7E36900
:108220000BB1B0FBF3F394F88E00B4F81E2248288B
:1082300010D094F88D10473901290BD90E2809D098
:10824000B4F886100B449BB2D11A0D0444D5013307
:108250009BB243E00132A4F81E22B4F8823202AE8F
:10826000B4F886500133384FA4F88232B4F8C230E3
:108270001D44B4F8C030013DED1AADB23B685BB1AE
:10828000B4F81E1200222046013989B29847B4F88A
:108290001E321844A4F81E02B4F81E126B1A1804F9
:1082A0002CD40023204600961A46FFF7BDFC012877
:1082B00039D1B4F81E22B4F8D011BDF808301344F7
:1082C000521A12049BB204D5EA1A12F4004F18BFD6
:1082D0000B46A4F81E32D1E7013293B2A4F81E3245
:1082E00094F82132002BB8D1B4F8D431B4F81E225E
:1082F000934204BF0133A4F81E32AEE794F89130E4
:1083000030460394002B14BF08233E2384F8B13079
:1083100001238DF80830FEF7FBFE204613F004FE23
:10832000002384F88C3005B0F0BD05B0BDE8F04006
:108330000DF03CBF90F88C30042BF1D0C82114E72D
:10834000CD2112E7EC2D0020F42D0020D0E99C2354
:1083500073B5D0E99A45944275EB030104D240F617
:1083600001013020F8F782FAD0E99A45C66900F198
:108370008001A41AB4FBF6F4CDE9000101341046E3
:108380001946E4FB06010EF07EF902B070BD000054
:1083900073B50446D0E9746513F049F894F8742075
:1083A0000C4B463004F1800153F822204FF47A73CD
:1083B00002F2E732B2FBF3F2921945F10003121810
:1083C00043F100031046CDE9004119460EF05BF978
:1083D00002B070BDA07503002DE9F8430E460446B7
:1083E00018B9D5213020F8F741FA052900F2A78005
:1083F000DFE801F00376413DA52E14F0EAFBC4E965
:108400005A01204601F0A0FBD4F85C01A43814F016
:1084100020FB204613F05EFB054600BB01462046CC
:1084200013F01AFB00F1AE06D4F85C01B04209D299
:10843000301A0321192838BF192014F095FB60B1B8
:1084400014F009FBC4F85C61204613F08DFB45B1C4
:108450002046BDE8F84313F088BB0125F2E700256C
:10846000F2E7D4E95A23C4E95423BDE8F883BDE810
:10847000F84304F063B813F015FB042381468846E3
:1084800084F8613114F0E3FA07220F46A9FB0231A8
:1084900002FB0811D4E954525B1941EB0205D4F8F0
:1084A00038213AB159EA080204D0984277EB050224
:1084B00028BF012684F86061D4E95C26121A66EBB5
:1084C000070694F8801139B9012A76F100010BDA18
:1084D000204601F041FB03E0012A76F10006F7DBBC
:1084E000002384F87831C0E7984277EB05010FD27A
:1084F00059EA08080CD01B1A65EB07019A4276EB83
:10850000010005DB012B71F10000A4BF1A460E46E5
:108510000C49012304F58870914284F879314FF0B9
:10852000000384F85831B341B8BF0A4604F5AC7172
:108530000CF0E0FA002898D140F2BA6152E7F1213C
:1085400050E700BF0040420F2DE9F84304460E46B5
:10855000154690F8783103F0FF07002B40F0A28019
:1085600000F5887839467822404614F07BFD224693
:108570004D49404614F0C8FBC4F83861FF2384F825
:10858000783166B1FEF718F900F007003246474926
:10859000013086F8FC0106F50A7014F0B5FB40F2D4
:1085A00002434FF00009A4F8603184F858910BF0B1
:1085B0000DFA00F14906204613F08CFA0146B6B2D6
:1085C000002845D010F08EFF00F5CD61284689B215
:1085D0000BF0A6F92844C4F85C0114F038FA3018FE
:1085E0004FF00106A4F8269041F1000184F83C61A7
:1085F000C4E95A01204613F084FA20B3A5F2AA4533
:108600003146204613F028FA2D1AC4F840514FF095
:10861000FF356FF000414046D4E95A23C4E95C516C
:10862000002504F5AC71C4E95223C4E9542384F84D
:10863000795142F210720CF05DFA60BB40F2BB114E
:108640003020F8F713F93046AE3D13F02AFBDBE794
:108650002046DFF85C9013F0FFF9AE30C4F85C01FF
:10866000B9F8000048B1E08C38B1FEF7A5F8B9F8C8
:108670000030B0FBF3F202FB1300064414F0E7F9FC
:10868000361841F10001C4E95A61002DBFD0AD197F
:1086900041F10001BFE72946204613F068FA384649
:1086A000BDE8F8830C27FAE7D98300006181000058
:1086B00038230020F0B5002385B0CDE90033032333
:1086C0008DF806306846F8F7A5FD88B10123124EF3
:1086D000B3700023CDE9023302238DF80E3002A8D7
:1086E000F8F798FD044638B10023B37005B0F0BD2B
:1086F000009812F037FFE5E7029D95F88C30002BCB
:10870000EDD005F50A7738460CF0A8F9384614F094
:1087100021FB85F88C40E2E738230020044B00223F
:10872000DA709A7042F210721A80FFF7C3BF00BF6E
:1087300038230020014BD870704700BF3823002039
:1087400008B503F0ABFB044B5A6882422ABF987805
:10875000002080F0010008BD38230020F0B5044659
:1087600085B090F8DB3103F0FF05002B6AD190F85B
:108770008C30032B66D114F06AF9D4E99A23801A5D
:1087800061EB0301012871F100035BDB6FF0010372
:10879000834275EB010104DA40F2B1513020F8F761
:1087A00065F8E269B4F886300AB1B0FBF2F2013341
:1087B00013449BB2A4F81C32B4F8D431B4F81C2290
:1087C0009B1A1BB2002B3DDD04F50A700CF046F934
:1087D000002837D0FF2384F82132B4F8C2300DF1DD
:1087E0000E07B4F88650184E1D44B4F8C030013D51
:1087F000ED1AADB2336863B1B4F81C120022204602
:10880000013989B29847B4F81C32184480B2A4F8F0
:108810001C02B4F81C32EB1A1B0413D4B4F81C125B
:1088200000230122204689B20097FFF7FDF90128B5
:1088300008D1B4F81C32BDF80E2013449BB2A4F842
:108840001C32D7E705B0F0BDF42D00202DE9F3412F
:108850000446062900F2A580DFE801F0042714246D
:108860002B309E00504B9B7803F0FF0253B90092CF
:108870000123B0F8D411FFF7D7F930B140F2D66137
:10888000302031E0042384F88C3003F0F3FC0CF04A
:1088900071F80023B4F88620A4F88232A4F81E22CE
:1088A00084F8213202B0BDE8F081032380F88C30D7
:1088B000F8E713F06EFFC4E99C01F3E73B4B1B683C
:1088C0001BB10246D0E99C01984713212088F8F794
:1088D00067FC00285ED094F87530022B58D005D87C
:1088E000012B08D0DC21B420F7F7C0FF033B012B9C
:1088F000F8D81E3000E00A30858894F87500DFF85B
:10890000A880C31E012B8CBF0026282612F0B8FDBC
:108910007730D4F8102206F58076A84234BF2B1A9F
:108920000023E56999188D428ABFAD1A0025ED1A1A
:1089300098F803301BB9E36B9D4228BF1D46D4F85D
:10894000E07104F13C0011F088FF0744022014F0AC
:10895000E1F80221ED1B25EAE575854228BF0546B1
:10896000284614F001F910B12F4414F074F80123D3
:1089700032463946204612F01BF8D4F8E031C8F8E8
:108980000400E069184402B0BDE8F04114F061B899
:108990001430B1E79625B0E702B0BDE8F04112F01F
:1089A00086BD40F2A4716BE738230020F02D002033
:1089B000014B1880704700BF38230020034B044A46
:1089C0001A60044B044A1A60704700BFEC2D002067
:1089D0004D830000F02D00209D670100044B1A78A4
:1089E000012AD0B203D01878831E584258417047EC
:1089F000402300200C4B4FF47A7253F82130023997
:108A000003F2E733C9B2B3FBF2F3022900F1FF32FC
:108A100010B54FEAC21296BF044CF02134F8111081
:108A2000134400FB013010BDA0750300E873030080
:108A3000D928F0B5054628BFD925BDF814600446ED
:108A4000303501F5A57006F00207ADB2FF2D28BF45
:108A5000FF2516F0010621D10FBB002B00F0C580C9
:108A6000911EC9B2022996BF7B4D40F6480135F8E8
:108A700011100844D92C7FD9D93C951EF721A4B2F6
:108A8000EDB2002B00F0CF80F634022DB4FBF1F4F0
:108A900000F2C680714B33F815306BE0EFB1911ED8
:108AA000C9B2022997BF6E4D4FF4147105EB410115
:108AB000C9880144D01E012837D801F614409830E7
:108AC000002E3BD0023AD2B2022A97BF644BC02399
:108AD00003EB42035B8A18444EE053B1911EC9B2C6
:108AE000022997BF5E4D40F6480105EB4101898997
:108AF000DFE7042A05D1691D89B2890101F5C87132
:108B0000D7E7032A05D1691D89B2090101F5BF71B3
:108B1000CFE7022A0BBF05F10B0105F10A0189B26B
:108B200089B20CBF8900C900C3E7022A01F19C0188
:108B300014BF4FF4B070B4200844C0E7EBB1911EED
:108B4000C9B2022996BF474D40F6480135F81110C9
:108B5000D92C084410D9D93C951EF721A4B2EDB206
:108B60004BB3F634022DB4FBF1F459D83C4B03EB74
:108B700045031B8B03FB0400F0BDF12C214628BFED
:108B8000F121042A05D1133189B2890101F5C87197
:108B9000DEE7032A05D1133189B2090101F5BF715E
:108BA000D6E7022A0BBF1931183189B289B20CBF3E
:108BB0008900C900CCE7B4FBF1F3022DDBB239D850
:108BC000294931F8151001FB0300C3EB4311C3EB36
:108BD000C103E41AA3B2002BCED00833042A9BB2FF
:108BE0002BD19B0103F21A4375E7042A06D1053500
:108BF000ADB2AD0105F5C87528443BE7032A05D1A0
:108C00000535ADB22D0105F5BF75F5E7022A0BBF9D
:108C10000B350A35ADB2ADB20CBFAD00ED00EBE7E0
:108C200040F69213A6E7B4FBF1F3022DDBB201D8B4
:108C30000E49C6E740F69211C5E7032A03D11B018E
:108C400003F5467347E7022A0BBF9B00DB0003F5E1
:108C5000BB7303F5CD733EE7F473030000740300A8
:108C6000E8730300F473030000740300007403004E
:108C7000264B5A6A10B5D2F80F300362537D117D2E
:108C80001B0443EA0123D17C0B436FF450618362E0
:108C9000B2F81930591806298DBF40F2E241A3F508
:108CA00050634FF47A714B438EBF00214B43012137
:108CB000C36180F87E10937DD9B103EB830303EB8E
:108CC00083039B000386B2F81730D9B164214B436C
:108CD000C362B2F81B308384B2F81D30C38492F8AB
:108CE000243003F01F025B0980F8A22080F87F3057
:108CF00010BDC3EB431403EB840303EB83035B005E
:108D00009BB2DFE740F2E241E1E700BF40230020F1
:108D10000346074A506AD3F86920C0F80320B3F825
:108D20006D20A0F8072093F8681011F061B800BF1B
:108D300040230020D0F8803073B50BB101221A60B7
:108D40004388DB0724D50023124E056ACDE90033A2
:108D500002238DF80630FF2333776846F8F75AFA76
:108D6000B0B9009CA542F8D005F10A036A7A04F173
:108D70000A01607A10F06EFD0028EED0A3783377F8
:108D8000D4F80330C6F81D30034BB4F807209A809E
:108D900002B070BD402300205D23002038B5084D8F
:108DA000044600F169010623686A002211F02BF9DC
:108DB00094F86810686ABDE8384011F019B800BF2F
:108DC0004023002070B504460E461346807F658818
:108DD000324615F0040118BF04F17701FDF724F8BD
:108DE0004107054621D4C2070BD50123A07F84F893
:108DF0006830FDF77DF80368C4F869308388A4F80B
:108E00006D30AB0701D4012070BD094B0121586AB8
:108E1000D4F8773084F87610C0F80930B4F87B3095
:108E2000A0F80D3010F0EDFFEDE70020ECE700BFFB
:108E30004023002010B50446084694F8D8306BBB98
:108E40002378082904F1DB0284F8D93016D004F124
:108E5000DA01FCF7BFFF20B940F66E712D20F7F75D
:108E600005FD94F8DA3043F0020384F8DA3004F1B7
:108E7000D0000B49BDE8104011F035BC094B586AD1
:108E8000034613F8031BC1F3801184F8DA10D0F8FD
:108E90000310C4F8DB109B889380E8E710BD00BF87
:108EA0004FB701004023002070B504460E4615461A
:108EB000FCF782FB98B92378A4F8C16084F8C0302D
:108EC000637C84F8BF500BB194F8483004F1B600CD
:108ED00084F8C3300249BDE8704011F004BC70BD95
:108EE00051B9010003292DE9F043054685B0174625
:108EF00007D14388980723D40024204605B0BDE855
:108F0000F083428890F88830D107DBB2F4D5002B8B
:108F1000F2D14FF00108DFF8D49099F80C60C6B197
:108F200010F0DCFC0828387016D002AA0DF10701F9
:108F3000FCF750FF38B940F6F5612D20F7F796FCA5
:108F40004FF00208E7E702A99DF8070012F032F996
:108F500006463B78082B08D1D9F8241011F8030BEA
:108F6000C0F3801012F026F90646D9F8241005F156
:108F7000700395F86F2011F8030BC0F3801010F008
:108F800069FCD9F82410044611F8030BC0F38010D3
:108F900010F09AFC8146FCF7BDFF40B1B9F1080F13
:108FA0001BD04846FCF742FE80F00103D8B23A7865
:108FB000082A14D01CB9AC7FA21A544254416A88C2
:108FC00053079AD4002897D176B92C7D444518BF11
:108FD000002C0CBF012400248FE70020E7E780F07D
:108FE00001022240D4B2EAE7344686E7402300205B
:108FF0002DE9FF4108230DF10702052104468DF8F4
:109000000730FFF76FFF054620B90025284604B05A
:10901000BDE8F081FAF780FE06460028F5D1334F0F
:109020000DF10808216A7A6A91F89630104610F816
:1090300003CB03EA5C1303F0010381F89630D2F806
:109040000330C1F803308388A1F807301146D4F803
:1090500020C011F81F3BC3F380138CF80230D2F804
:109060001F000B79029060468DF80C30FFF700FE70
:10907000434694F913200121206A12F0DBFB216A98
:1090800084F8956020460B889DF80720A4F8963058
:10909000FF2384F8B3304FF6FF73A4F8B43012F016
:1090A000F0FB134904F18C0011F01DFBFCF784FA6E
:1090B00060B9236A04F1C4000E491A88A4F8CD20CF
:1090C00093F8963084F8CF3011F00DFB236A00221C
:1090D00020461988FFF7E8FE074B00221B683A700C
:1090E000002B93D02146206A98478FE74023002029
:1090F000D7B7010039B70100FC2D0020032973B553
:10910000044604D005292BD0012002B070BD0823ED
:109110000DF107028DF80730FFF7E4FE0028F3D0C9
:10912000237C23B19DF807102046FFF783FE114DE5
:109130000622042620466B6A5A701E70FFF7E8FD6F
:10914000A16D94F85C20686A10F071FE686A2E7058
:1091500003F01AF90021686A13F027FB0020D4E716
:10916000054B1B68002BF9D0984780F00100C0B276
:10917000CBE700BF40230020F82D002038B5B0F821
:1091800048300446194D0133C3F30E03A0F84830AC
:109190002B7B2BB103F072F902F0D4FA00232B736E
:1091A00000232B7094F889302BB101212046BDE8B3
:1091B000384012F039BA637CB3B1B4F848209A420F
:1091C00012D30121204612F02FFA63882046DB07D4
:1091D00047BF236A432243224FF6FF7148BF1988D5
:1091E000BDE83840FFF760BE0021DFE740230020E4
:1091F00010B5FFF7F3FB064C28B1237B1BB103F03E
:109200003DF902F09FFAA06ABDE81040FFF7B6BF33
:10921000402300200346074A906A03B909B9FFF7C3
:10922000ADBF1378D26A03F180431269033B52F851
:1092300023301847402300202DE9F3410146FFF772
:10924000CDFB054620B94FF448612D20F7F70EFB02
:109250003A4CA26A176A0FB197F87D70C9B3616A78
:1092600002F1690392F8682011F8096BF00910F017
:10927000F1FA70B306F00F06606A052E3CD190F843
:10928000243003F01F03102B36D9D4F8288098F827
:1092900012308BB308230DF10702314640468DF89A
:1092A0000730FFF71FFEA0B198F8E9308BB9626A6A
:1092B00008F1EA01D31C233253F8040B934241F81E
:1092C000040BF9D11B8808F1E1000B801C4911F057
:1092D0000AFA237B1BB103F0D1F802F033FA55B33D
:1092E000A06A12F05AF900B302F068FFE36A9B68C3
:1092F00002B0BDE8F0411847394610F0A7FD00283C
:10930000E7D0A56AFFF76AFB10B940F65A419CE71F
:1093100023782846E26A314603F180435269013BD3
:1093200052F8233098470546D3E7A06A02B0BDE85B
:10933000F041FFF723BF02B0BDE8F08140230020D9
:1093400067B70100F8B504460F4619B300F13005C0
:10935000284612F083FCA0B963881A072ED5284648
:1093600012F091FC0646284612F078FC301AC0B282
:1093700012F097FC494A536803442846536012F0A0
:109380004CFC284612F04EFC02F08EFE217925207E
:1093900002F0A8FD414E002394F87620706A037015
:1093A00043706388103B0D2B68D8DFE803F06367D8
:1093B0005F0C674467676767676767442046BDE877
:1093C000F840FFF7DBBE06234370202303702046DE
:1093D000FFF79EFC638823F008039BB2152B05D092
:1093E00094F85420216D706A10F012FD706A02F03A
:1093F000CBFF0021706A13F0D8F9032321790020F4
:10940000337002F05FFE054607B9B06063881B0742
:1094100004D512F043FC0544C4F844516388103B62
:109420000D2B36D8DFE803F038352F2F352F3535A3
:1094300035353535352F0C2321214370034603F88C
:10944000091B52B1D4F877200121C0F80920B4F8E3
:109450007B209A8010F0D5FCB9E7226FC0F8092074
:10946000B4F874209A8094F86F10F3E70623037021
:109470004370ACE7022303700623F9E740F2596119
:109480002D20F7F7F3F921790120BDE8F84003F02A
:109490000FB840F6F341F3E7F8BD00BF40230020CA
:1094A00038B543880446102B04D10121BDE838406B
:1094B000FFF748BF0B4D2B7B23B102F01DF9402075
:1094C00002F0D0FF686A02F05FFF608810F00400CD
:1094D00002D1217902F0ECFF002002F0A3FF01236A
:1094E0002B7038BD40230020024B0121986AFFF702
:1094F00029BF00BF4023002010B5144C237B1BB1B3
:1095000002F0BCFF02F01EF9A06A12F046F8A16A50
:1095100018B14B8803F0180323B90846BDE8104082
:10952000FFF72CBEFFF75AFA20B940F684312D2000
:10953000F7F79CF923780846E26A03F18043D26882
:10954000013BBDE8104052F823301847402300206B
:10955000064810B5037803F0FF042BB924222146F6
:1095600013F080FD204610BD0C24FBE740230020B3
:1095700010B50023094C2370FCF710F86062FFF768
:10958000E7FF20B14FF442712D20F7F76FF9E36A3E
:1095900013B940F20B31F7E710BD00BF40230020A4
:1095A000014B024ADA62704740230020B89B00005A
:1095B000044B054A1A60054B054A1A60054B064ADA
:1095C0001A607047F82D0020F18F0000FC2D00205C
:1095D000E9B50100002E0020A99800002DE9F04116
:1095E000467D0446B31E06F0FD06DBB2012B8CBFA0
:1095F0004FF000084FF00108371E18BF0127012B5C
:1096000019D800F1700190F86F0010F05DF905466F
:1096100063889B0616D4082D0FD17EB3FBF7CCFFD1
:10962000B0BB237F8BB3D4F81630C4F86930638B9A
:10963000A4F86D3006E00825EAE72846FCF702FBAF
:109640000028EAD1A57784F81D8084F86870FCF7BB
:10965000BBFB054613F0FBF900220F4B84F8762084
:10966000E5FB0301C4E9180111462046FFF7AAFBF8
:1096700060B940F2A3412D20F7F7F8F804F1690131
:109680003046FCF76DF90028DCD10020BDE8F08100
:1096900004F169010120F4E740420F002DE9F04F89
:1096A00007469DB00C46054610AE0FCF0FC60FCF34
:1096B0000FC697E80F0008AF86E80F0038466E79AE
:1096C00012F091FAA37A61780393237801F07F0A6C
:1096D0000493D146237D013BDBB2022B00F28E8046
:1096E000704AC906134493F8228008D4A37D013B35
:1096F000DBB2022B00F282801A4492F82260637E71
:1097000003F0FD03012B04D1B8F1030F28BF4FF084
:109710000308A37E03F0FD03012B02D1042E08BF32
:109720000326617A384612F065FA237D227F384697
:10973000022B02F101020CBF617D0121D2B204BFF4
:109740000131C9B212F058FA1AF0080F6CD138463C
:1097500012F099FA63788346DA0654D4F7F782FE5A
:10976000824641465846FFF745F9012301463246F5
:109770005046CDF80090FFF75BF940F27122217955
:1097800000F29920E378B0FBF2F043EA012361791B
:10979000504343EA01435343984239D84FF0000BFA
:1097A00094F818A00793A37CE86C05930AF1FF33A3
:1097B000D3F1000A4AEB030A0CF0A0FC0690E86C17
:1097C0000CF0ACFC0699079B814238BF014688B279
:1097D00068B308A90C9306930A910AA9ADF82C90D6
:1097E000CDF834B08DF838808DF8396011F0CAFFAB
:1097F000069BE0B945201DB0BDE8F08F40F227314F
:109800000620F7F733F82822494600F0E1F9B4E7DB
:10981000E179A37943EA0123217A43EA01435343DF
:10982000834228BF0346B9E700239B46B8E7CDE94A
:10983000123B059B0DF1400C049A8DF85430039BAC
:109840008DF845602E468DF850A08DF855308DF876
:109850004020ADF842908DF84480BCE80F000FC660
:10986000BCE80F000FC69CE80F0086E80F0097E8E1
:10987000030028630020A986E37A03F0FD03003B80
:1098800018BF012385F86F30E3682B67238AA5F89A
:10989000743095F84630E27D62F3071385F8463060
:1098A000A9E700BFE87303002DE9F04385B0082362
:1098B000052104460DF107028DF80730FFF712FB72
:1098C00000287BD0FAF728FA002877D13D4D02AF67
:1098D000206AFFF7CDF96B6AD3F81F0093F82320B5
:1098E00002903A71226AD3F80310C2F80310B3F859
:1098F0000710A2F807101B78206AC3F38013837047
:10990000314B1B6813B1012221469847D4F82080BF
:109910000E23686A082698F80290002143700670AA
:1099200010F090FB00224FF00301686A10F091FBE9
:109930002046FFF733FA4946686A10F062FA0623B8
:10994000012208F10301686A10F05DFB6179FF20D4
:1099500002F0C8FA686A02F017FD0021686A12F086
:1099600024FFD4F820802046414612F0D0F83B4630
:10997000014694F91320404611F05CFF216A002350
:109980009DF80720204684F895300B88A4F896307F
:10999000FF2384F8B3304FF6FF73A4F8B43011F00E
:1099A00070FF236A1A882E70A4F8CD2093F89630A1
:1099B00084F8CF30012005B0BDE8F0832046FFF7E2
:1099C000DDFBF7E740230020FC2D00202DE9FF41BF
:1099D000564F04463A7802F0FF0312B90278FF2A84
:1099E00004D140F6DC112D20F6F740FF7B60FB81AF
:1099F0007B7380F889304E4B684604F13005009344
:109A00004C4B01934C4B0293FB6A5B68039302F04F
:109A1000A5FC02F0D1FA02F031FD01F093FE4748B7
:109A200002F038FB464802F093FC284612F0F5F8A5
:109A3000284612F0F7F802F037FB2179252002F0D2
:109A400051FA94F9130002F01FFB04F15001E06C8D
:109A50000CF0E9FA064604F15801E06C0CF00AFB40
:109A60008046002E3AD094F82430BBB3B4F9485065
:109A7000ED43ED0F637F13B963885B0709D56FF082
:109A80000043D4E918129A4208BFB1F1FF3F2FD129
:109A9000ADBB94F88B301BB946EA0806F6B2AEB1FE
:109AA000638813F0100511D1606CC0F30B2012F025
:109AB00039F894F8463084F84500C0F3032023F0C9
:109AC0000F03034384F8463084F88B50786A0330E0
:109AD000FCF798F9387304B0BDE8F081B8F1000FD5
:109AE00004D094F82550002DC0D1C3E74546C1E706
:109AF00012F0ADFFD4E9182390429941C8D3012256
:109B000029462046FFF75EF950B1FCF75DF905469E
:109B100012F09DFF0B4BE5FB0301C4E91801B8E708
:109B2000002DB6D040F61A215DE700BF402300208B
:109B3000F99400003992000015920000D6BE898E7B
:109B40005555550040420F00024B9862DB6A1B6876
:109B5000184700BF4023002043881A0710B5044669
:109B60000ED5036A3C220F498C3042721B88438118
:109B7000FF2380F827304FF6FF73038510F0B3FD05
:109B800063882046DB0747BF236A3C223C224FF60E
:109B9000FF7148BF1988FFF787F9FF2384F88930E0
:109BA00010BD00BFD7B7010097B90100A194000014
:109BB0009DB90100FD90000037BB0100F19100004C
:109BC000E9940000A89B0000AC9B0000B49B00003F
:109BD0000138022808B503D9C4212F20F6F746FE24
:109BE00013290A4B05D811290CD8102907D0D221E6
:109BF000F3E71529FBD103EB4003D88801E033F8E4
:109C0000100008BD03EB40039889FAE70E740300C7
:109C10000D4A0346117891B990683BB9B0F86410C9
:109C2000B0F8482091420AD8FEF78ABD93891B07F5
:109C300007D590F88F00083818BF01207047002022
:109C400070470120704700BF702300202F4A38B5AD
:109C50000346948990681C43402B948104D10421CD
:109C6000BDE83840FEF7F2BD802B01D10521F7E7B2
:109C700003F00304032C04D140F62E313120F6F713
:109C8000F5FDDD0706D50C6811612478062C1CD083
:109C90000B2C26D09C0713D50C6821780729117549
:109CA00030D00B2928D005290AD190F88E10192917
:109CB00006D1002400250121C0E93E4580F893101B
:109CC0009B0644BF0823137038BD90F88E401D2CAE
:109CD000E0D100240025C0E93C45012480F89240F1
:109CE000D8E790F88E40132C01BF002480F89240F2
:109CF000012480F8D040CDE790F88E101229DFD1F2
:109D00000021DBE7617880F82011D9E7702300207B
:109D100073B5044640680D46D0F8803013F0300F1C
:109D20004DD1B1F805101A2904D9B5F80730B3F5AB
:109D3000A47F06D22978204602B0BDE8704010F01A
:109D40000CBFB5F801201A2AF4D9B5F80360B6F5AE
:109D5000A47FEFD33C30009610F0B4FD194B9A89E4
:109D600092070FD51B7D142B0CD16268D2F880307E
:109D700043F01003C2F88030204610F0B1FE0020FE
:109D800002B070BD636893F88D20222AEDD093F85D
:109D90002B31002BE9D1636893F82A31002BE4D1F1
:109DA0006268D2F88030114602F5B17243F02003A8
:109DB00031F83C0B42F8E23CFCF768FCDCE70120A0
:109DC000DEE700BF7023002013B5044601A8FBF7AF
:109DD0006DFD20B940F617113120F6F747FD5022EE
:109DE0000021019813F03EF901992246064801F836
:109DF000034FFCF71FFFFBF765FD10B940F61E117E
:109E0000EAE702B010BD00BF742300202A4B2DE901
:109E1000F0419C6894F8CA7294F8CB52002F47D155
:109E200094F87460002D45D194F8758084F87460BE
:109E300084F87580FF2384F87630204B1B6813B1BB
:109E40003146204698471E4B1B681BB1324641469F
:109E50001C48984794F83431012B01D03D4303D07E
:109E600000211848FBF71EFC04F13C06304610F0B8
:109E7000F4FC04F2591105462046FCF7A1FB2046EC
:109E80000621FEF7E3FC304610F0E7FC854204466D
:109E90000BD212F0A2FE0146601B192838BF192010
:109EA00012F062FE10B112F0D6FD0120BDE8F08183
:109EB0003E46B7E7A846B9E770230020142E0020DD
:109EC000642E00207423002013B54C7842683E2C89
:109ED00092F88D306ED8222C07D8A4F10E02D1B2A0
:109EE0000F2941D9002002B010BD233C1B2CF9D80A
:109EF00001A252F824F000BF17A00000E59E000068
:109F0000E59E000035A00000E59E0000E59E0000F3
:109F1000E59E0000E59E0000A7A00000E59E000071
:109F2000E59E00003DA00000E59E00006BA0000043
:109F3000E59E00007FA00000E59E0000E59E000079
:109F400093A0000057A00000E59E0000E59E0000E1
:109F5000E59E0000E59E0000ABA00000E59E00002D
:109F6000E59E000039A000000F2ABBD801A151F8DE
:109F700022F000BFC99F0000E59E0000E59E0000A2
:109F8000E59E0000C99F0000E59E0000C99F0000FB
:109F9000E59E0000D99F0000C99F0000E59E0000DB
:109FA000E59E0000E59E0000E59E0000E59E0000A5
:109FB0002BA00000FF2C95D13D4B9B69002B91D02D
:109FC000012382F8BE328DE702460121204602B00D
:109FD000BDE8104011F020BF262B01D0332B81D1DA
:109FE000019010F074FD0198436893F88E20272AA1
:109FF0003FF478AF93F8E1201A2122F0010283F8B0
:10A00000E120426892F8E13023F0080382F8E13061
:10A01000FBF748FB66E72D2B7FF464AF254B1B68ED
:10A02000002B3FF45FAF98475CE7372B7FF45AAFC4
:10A03000214BF4E7214BF2E7214BF0E7392B02D01B
:10A04000502B7FF44FAF1F4B1B68002B3FF44AAFE0
:10A050002E21984746E73A2B7FF444AF194B1B68F3
:10A06000002B3FF43FAF3621F3E73B2B7FF43AAFB1
:10A07000144B1B68002B3FF435AF3021E9E73F2B31
:10A080007FF430AF0F4B1B68002B3FF42BAF322116
:10A09000DFE7452B7FF426AF0A4B1B68002B3FF40C
:10A0A00021AF3521D5E7084BB9E7084BB7E700BF2B
:10A0B00070230020102E0020202E0020342E00209F
:10A0C000582E0020402E0020602E0020742E0020EC
:10A0D0000029034608BF1F21252870B514461AD849
:10A0E00022284AD81D2812D80D2801D8002070BD7A
:10A0F000A0F10E060125F6B2B54040F251263542D8
:10A100001CD116281FD01D28F0D1274A36E0202860
:10A11000ECD1264A32E026283AD0A0F12E02D2B263
:10A12000102AE3D8012040F295159040284237D1FB
:10A130000D2A37D0102AD9D11D4B2AE00021BDE8C5
:10A14000704011F069BE556895F88D30262B08D106
:10A150002046FBF7A7FA002385F88D3085F8CA3032
:10A16000C4E7332BC2D195F88E30A3F12502062A1D
:10A17000F1D9332BEFD02A21EAE70E4A1568002DDA
:10A18000B4D00A46204619462B46BDE87040184711
:10A19000094B1B68002BA9D02046BDE8704018472A
:10A1A000064AEBE7064BF4E71C2E0020242E002085
:10A1B000542E00200C2E0020302E00203C2E00209B
:10A1C000702E002002464068497890F88D30222B8E
:10A1D00018D00FD8042B17D0102B17D090F88E0062
:10A1E000282817D0343BDBB21C2B15D80B48C05C99
:10A1F000FFF76EBF2D2B0BD0332B01D0262BEDD1CB
:10A200001620F5E71420F3E70E20F1E71220EFE720
:10A210002320EDE71720EBE7FE20E9E72074030099
:10A220002DE9F843914D0646AC68002840F0D980EE
:10A23000AB89190757D594F81E312A2B16D00CD8A4
:10A240001C2B13D0222B18D094F81E31FE2B20D1BA
:10A2500040F2F7513120F6F709FB3C2BF4D1844B47
:10A260001B68002BF0D0281D9847EDE7002384F8E9
:10A270003D31804810F02BFCE6E784F83E017E4B30
:10A280001B68002BF5D004F59F7104F59270984778
:10A29000EFE7FE2384F81E3194F88E301F2B07D190
:10A2A0000027744884F8CF7010F02BFC84F88E706F
:10A2B00094F88D30382B3AD0442B41D0252B0AD13D
:10A2C00094F88E30A3F12502062A2ED9332B2CD0F8
:10A2D000262384F88D3094F88F30082B02BF022398
:10A2E0002B7784F81E31AB89DA0751D5D5F8088071
:10A2F000296998F88E30D1F80090123B99F80070D7
:10A300000F2B0BD8BB1EDBB2092B00F2AD8040F245
:10A31000333222FA03F3DB0740F1A680097938468D
:10A32000FBF7E8FE98B9394685E03323D1E70123EE
:10A3300084F8BD32002384F88D3084F8CA30CAE72F
:10A34000002384F84C314B4810F0C1FBC3E7012FC8
:10A3500001D9162F51D198F88D0010F0EBFB40B1C8
:10A3600098F88D30252B04D0262B36D1332388F84E
:10A370008D303846FCF758FE034600284CD1FF2F9D
:10A38000D1D1AB69002B54D0AB68012283F8BE2237
:10A39000AB89580705D594F88F20072A04BF0122FE
:10A3A0002A7799074ED5287D0122AB680D2883F8BE
:10A3B0001F2144D0112850D0072850D0FCF73EFE72
:10A3C000034600283CD12A7DFF2A4AD1AA683821B9
:10A3D00082F8BC0282F88D1034E0162F14BF0226DA
:10A3E00020262B781B0705D594F88E30123B0F2BB7
:10A3F00098BF08263046BDE8F883112F15D005D840
:10A40000072F14D00D2FB4D11C4B05E0142FB0D161
:10A410001B4B1B68002B86D02A69494615481279C8
:10A4200098470028B4D00646DBE7164BF4E7164BF6
:10A43000F2E799F800100F4810F08FFBF1E7134B8B
:10A440000C489847AB89DA06CBD594F88E300B2BA5
:10A45000C7D10C2384F88E30C3E70D4BF0E70D4BCA
:10A46000EEE740F2EA51F5E60826BAE7702300204D
:10A47000682E0020742300202C2E0020C5A100008F
:10A48000082E0020B7BE0100C99E00002FBD0100AC
:10A490004DBD0100C1BD0100024B00209861186252
:10A4A000704700BF7023002008B50022044B9A615A
:10A4B0001A62FCF7D7F9BDE80840FCF78DBE00BF73
:10A4C00070230020024B9869003818BF01207047A4
:10A4D000702300202DE9F04FDFF804820F4689B089
:10A4E0008146B8F80C10D8F808408E0504F1800AAF
:10A4F00054BFB4F8C0200023504653BF0132A4F823
:10A50000C03084F8DF31A4F8C02011F037FC30B13E
:10A510000B4604F5A87221465046FCF7D1FFB8F867
:10A520000C3003F4C0633BB194F89130002B00F081
:10A53000AE80032B00F0B28094F89120B8F80C3074
:10A54000012A04D11D0544BF022284F89120B9F1EB
:10A55000000F40F01281580657BFB4F8F8214A4660
:10A56000013292B2A4F8F82103F00A020A2A0FD1AC
:10A5700098F81420022A0BD123F008033846A8F8D3
:10A580000C30FFF74DFE38430823C7B2A8F80C3053
:10A590003846FFF745FED8F818303843C7B2002BCD
:10A5A0005BD01422002103A812F05CFD94F8750022
:10A5B00002F0CCF8054694F8750002F0BFF805F5F6
:10A5C000FA754FF47A72238841F27071ADF80C304D
:10A5D000B4F88630B5FBF2F5ADF810300544E36908
:10A5E000ADF81250A3F57A70884295BFB3FBF2F331
:10A5F00040F2E24203F55063B3FBF2F39BB2ADF8D5
:10A600000E3094F8BE3233B1D8F810301A689B88F7
:10A6100006928DF81C3094F8BD2203A89DF81430E2
:10A6200062F300038DF81430D8F8183098470023EF
:10A63000069A84F8BE3284F8BD3272B194F8BC3206
:10A640005BB994F88D30382B07D09DF81C3023B1BE
:10A650001178FF2927D11B2B2CD9D8F8086096F840
:10A660001E31FE2B4CD1002F4AD196F88F30073B7C
:10A67000012B45D996F8283123B396F829310122C8
:10A680000221A6F8C47086F82031304688E1012105
:10A6900084F891102046FEF7D9F84DE702230121F6
:10A6A00084F89130F6E70729D7D1022BD5D151781C
:10A6B000FF29D2D10121C4F8C02284F8BF3284F826
:10A6C000BC12CAE796F88E50113DEDB2102D40F243
:10A6D0002081D6F88030D90704D53A460921D4E73D
:10A6E000702300209A0740F1A7803A460C2130469B
:10A6F00011F004FB96F8D13043F0010386F8D13015
:10A70000B4F8D83194F8DC510133A4F8D831002DD5
:10A7100000F00183F7F790FE10B10023A4F8D831C0
:10A72000208811F0EEFF94F891308346012B40F21F
:10A73000358394F88F30082B40F00583B4F8C0308F
:10A74000022B40F22B83B4F8C2500135ADB2B4F8FD
:10A75000863003A920462B44A4F8D0310123ADF85C
:10A760000C300DF0F6FC002800F02E83BDF80C3004
:10A77000B4F886201344A4F8D431B8F80C30D8F8D3
:10A7800008505E0657BFB5F8E4310023B5F8D6216E
:10A790009B1858BF9BB2A5F8E43195F8283123B92E
:10A7A00095F88F30073B012B06D8B5F8C430B5F8C3
:10A7B000D6211344A5F8C43095F8CA1031B1B5F8C4
:10A7C000C630B5F8D6211344A5F8C63095F9CE2089
:10A7D000002AC1BFB5F8CC30B5F8D6011B18A5F8D2
:10A7E000CC3095F8B1306BB9B9F1000F40F09783D8
:10A7F00098F81C30022B40F04C8395F82031062B42
:10A8000018BF162395F8B02022B9B24885F8B130A8
:10A81000FCF77EFC284611F087FBAF4B1B681BB191
:10A82000AE4A204611689847002384F8DB3109B00E
:10A83000BDE8F04FFBF764B8580702D53A4613213C
:10A8400023E7190706D596F818313A4686F82031DD
:10A8500007211AE71A0602D500221B2115E713F07B
:10A86000300138D096F82B31002B75D196F82A316B
:10A87000DBB196F88E3006F5957106F2CA222A2BC6
:10A8800027D096F88D30A3F12A0043424341304649
:10A890000FF0ECFFD6F8803023F0200343F01003D4
:10A8A000C6F88030002386F82A31D6F88030DA06E0
:10A8B00052D506F259113046FBF782FEB6F85E30EB
:10A8C00000221521A6F82031B6F86230A6F8223110
:10A8D000DBE60123DBE713F0400202D00A46242125
:10A8E000D3E613F4807101D01E21CEE613F400727A
:10A8F00002D00A462F21C8E613F40051FAD113F40E
:10A90000806202D00A463121BFE6DB0424D52C2127
:10A91000BBE6D8F808B09BF88E30192B4CD016D86F
:10A92000122B3AD0172B3ED096F88D30002B40F0EA
:10A93000898096F88E30113B102B40F28B8096F870
:10A94000BE30002B00F08680012212219DE6212BD3
:10A95000EAD13A46062122E0D8F808B09BF88E30BA
:10A960003E2B63D00CD82F2B66D0362B52D0272B02
:10A97000DAD19BF83431022B4FD1002217210EE09F
:10A98000462B56D04F2B5AD0412BCDD1544B51484A
:10A990001B6898470022332101E03A460B215846B4
:10A9A00011F0ACF9ACE65846FCF724FC00283FF463
:10A9B000A7AE00220421F2E79BF8B832012B07D1A1
:10A9C0003A460521584611F099F98BF8B87297E686
:10A9D0009BF8B832022BD9B27FF492AE9BF8D030FC
:10A9E00053B106233A468BF82031584611F086F9C8
:10A9F00000238BF8B832EAE703210622354810F02D
:10AA000093F89BF8E0303A4613F0040F0CBF0D2189
:10AA10001121EAE700221121C1E79BF83431012B13
:10AA200082D19BF83531002BA7D07DE700222D2164
:10AA3000B5E700223A21B2E700222021AFE7002249
:10AA40003C21ACE70A2B05D196F81931012286F892
:10AA50002031FDE6102D7FF653AED8F8085095F85A
:10AA60008DB0BBF1000F40F0C98095F83B313BB190
:10AA700001220E21284611F041F985F83BB1A6E7E5
:10AA800095F83A3193B195F8D1B01BF003030DD18D
:10AA90004BF0010B01220C212846019311F02EF9F5
:10AAA00085F8D1B0019B85F83A3190E795F83C31B3
:10AAB000D3B195F8E730DB0903D001222B212846DA
:10AAC0006EE7084B1B68002B00F098800148984700
:10AAD00094E000BF74230020282E0020581100208D
:10AAE000502E0020602E002095F82A3133B395F8BF
:10AAF0002B311BBB95F88E3005F5957105F2CA22F6
:10AB00002A2B19D095F88D30A3F12A0043424341F6
:10AB100028460FF0ABFE002385F82A3101221421CC
:10AB2000284611F0EBF8B5F85E30A5F82031B5F8FD
:10AB30006230A5F82231E3E50123E9E795F83431E5
:10AB4000012B71D195F83531002B6DD195F88E2000
:10AB5000A2F12503062B67D9332A65D095F8741026
:10AB60004B1EDBB2032B09D8DFF838C26344587F91
:10AB700095F87530013BDBB2032B04D940F211315B
:10AB80000620F5F773FE022895F836E113D0032866
:10AB900014D0012805D1BEF1010F14BF00200120FF
:10ABA00078B9A2F14803012B28D90B3A042A25D9F8
:10ABB0000122162183E7BEF1020FEEE7BEF1040F7A
:10ABC000EFD16344587F95F83731022823D003280A
:10ABD00023D00128E5D1012B14BF00230123002B32
:10ABE000DFD0B5F8863005F53272B5F838010EF0D1
:10ABF0006BFD0146A0B96C48FAF754FD96F88D300C
:10AC0000002B7FF47DAD96F8BC32002B3FF478AD7D
:10AC10000122FF2139E5022BDEE7042BE1D0C0E75A
:10AC20002C2385F88D306BE595F83E3113B1012268
:10AC3000222144E795F83D3143B15C4B1B685A48EB
:10AC40009847FE280146D9D0012238E795F84631C9
:10AC500013B101221D2132E795F847316BB195F808
:10AC6000E530DB0902D001222E2128E7504B0122DA
:10AC70000C214D481B68984742E595F8483113B1BF
:10AC8000012236211BE795F8493113B10122302109
:10AC900015E795F84C3113B1012238210FE795F8EB
:10ACA0004A3133B1434B40481B6898470122322157
:10ACB00005E795F84B3113B101223521FFE695F8F0
:10ACC0004D3113B101222621F9E695F8C43213B1B2
:10ACD00001223E21F3E695F84E31BBB1DFF8D8B042
:10ACE0001221DBF808301888F6F75AFA03699B0737
:10ACF00007D5324B0BF104001B68984701223B211A
:10AD0000DDE62F4B0BF104001B68E0E62D4B1B68C2
:10AD1000002B94D172E7F7F77BFB08B1A4F8D85168
:10AD2000F7F792FB00283FF4FBAC94F8DF310133D6
:10AD3000DBB2022B84F8DF3182BF0023A4F8D831C4
:10AD400084F8DF31ECE494F8BE301BB194F88D3018
:10AD5000102B23D1B4F8C2505046B4F8C0200135AE
:10AD6000638EAD1A9900A5EB830511F007F8B8B111
:10AD7000D4F8B830D4F8B42001339B1A5B1A9D4242
:10AD8000A8BF1D46BBF1000F05D0BBF80E30043B39
:10AD90009D42B8BF1D46012D3FF7D8AC0125D6E432
:10ADA0002B46ECE72074030074230020042E0020BF
:10ADB000442E00204C2E0020702300206C2E0020FA
:10ADC000742E0020182E0020DFF860A1668EDAF8BD
:10ADD00000307BB1012E0DD9F7F720FBDAF80030F7
:10ADE0000246B4F8861020469847BDF80C30184447
:10ADF000ADF80C0094F8DD31002B3ED1012D3CD98B
:10AE000094F88E300BB10C2B37D194F88D30A3BB56
:10AE100094F88F308BBB94F89130022B2DD194F89D
:10AE2000DF3153BB60690AF036FF30B394F81E314E
:10AE3000FE2B22D1B4F8D231012B1ED9B4F8D8217F
:10AE4000A38C9A4219D2BBF1000F02D0BBF80E10AE
:10AE500099B9013D9B1AADB29BB2B5FBF6F59D4287
:10AE600028BF1D46BDF80C3005FB0633003D18BF5A
:10AE70000125ADF80C3084F8DA512D4B1B68002BFE
:10AE80003FF474ACBDF80C1020469847ADF80C00A8
:10AE90006CE4012B09D195F89030002B7FF4B2AC13
:10AEA00000212846FDF7D2FCB7E45FB1F80634D4A0
:10AEB000390734D4BA0634D4BB0734D140F6AF21B5
:10AEC00031205EE639B1B5F8C610B5F8C830994200
:10AED00001D3222396E4002A05DDB5F8CC20B5F88D
:10AEE000C8309A42F5D2B5F8C420B5F8C2309A42BB
:10AEF0000AD295F89120B5F8C03052B1B5F8C22009
:10AF00009A42CDD808237DE495F82831002BE0D172
:10AF1000EFE7052BC4D93E2374E41E2372E43D23DE
:10AF200070E423236EE42A236CE400BF382E002053
:10AF3000482E0020F7B5654D002601220446A86082
:10AF40002A71AE812E702E77FF2380F8DB31B0F8A6
:10AF5000D231002B7AD090F81E31FE2B76D190F8AA
:10AF60002831002B72D090F88F30073B93426DD977
:10AF700090F829310221A0F8C46080F8203110F047
:10AF8000BDFE022084F8DA61FEF71EFFB4F8D61188
:10AF900004F18007638E0139B4F8D821384689B2AC
:10AFA000B1FBF3F31344A4F8D831B4F8C0300B4428
:10AFB000A4F8C03010F0E2FE20B1D4F8B4300B4455
:10AFC000C4F8B430B4F8D2310026012B9CBF013351
:10AFD000A4F8D23109B184F8DF6194F88E3084F896
:10AFE000DA61A3F10B02012A3FD8B4F88630B4F835
:10AFF000C8229B1A190451D404F2CA2104F1960004
:10B000000EF07DFD84F88E60FF2384F8CB30B4F819
:10B01000D621214638460EF0B9FD94F88E302C49E1
:10B02000123B2C4A0F2B8CBF0023012301932A4B88
:10B0300000932A4B03C9F7F7BDF8296A002943D0CA
:10B04000002003B0BDE8F04011F0AEBB94F81E0143
:10B05000FE2899D1224B1E68002E97D011F0B9FD21
:10B0600002460B461A48B04790E72A2B16D1B4F88F
:10B07000C822B4F886309B1A1A040FD484F88E6064
:10B08000FEF7C4FE014630B984F8340103B0BDE8D0
:10B09000F040FFF71FBA84F83461B8E794F88D30B8
:10B0A0002A2B01D02C2BB2D1B4F88630B4F8C822A8
:10B0B0009B1A1B04ABD4002384F88D30FEF7A6FE48
:10B0C00001460028A3D1E1E703B0F0BD70230020C2
:10B0D000742300204D9C0000D5A40000119C0000AA
:10B0E000782E0020D0F8D032C269934273B504465E
:10B0F00012D1D0F8D462426AB61A18BF012694F869
:10B10000DC22002A42D0208811F0FBFA30B940F648
:10B11000E9413120F5F7AAFB0126F0E7B4F8D8227F
:10B12000638E9A421CD1B4F8DA3282899B1A18BF16
:10B13000012394F88D50482D16D094F88E20482A7B
:10B1400010D0002502212046FAF762FF002D44D0DE
:10B15000002384F88D30032384F8913002B070BD51
:10B160000123E6E73343ECD01D4B1B6813B940F6CF
:10B17000F441CEE7A5F1480200216846019455420A
:10B18000554101228DF800209847DBE7002ED8D0EA
:10B190002288A3F57A7104F5D270A4F8AE2141F2A9
:10B1A000707291420F4995BF4FF47A7240F2E242B9
:10B1B000B3FBF2F3B3FBF2F398BF03F550639BB21A
:10B1C000A4F8B031B4F8D432A4F8B231B4F8D6321D
:10B1D000A4F8B4310FF090FAB3E784F88E50BAE7D0
:10B1E0005C2E002009AD010008B5FBF79BFB024B6C
:10B1F000024A1A6008BD00BF082E0020119D000001
:10B2000008B5FBF7BBFB064B064A1A60064B074A1C
:10B210001A60074B074A1A60074B084A1A6008BDB4
:10B220000C2E0020E9BC0100102E0020D7BC01002C
:10B23000142E0020EBC30100182E00206DC6010063
:10B2400008B5FBF7D7FB094B094A1A60094B0A4AB4
:10B250001A600A4B0A4A1A600A4B0B4A1A600B4BD7
:10B260000B4A1A600B4B0C4A1A6008BD3C2E00209A
:10B27000B16A0100402E0020316B0100442E0020F5
:10B2800041710100482E0020ABBC01004C2E002073
:10B29000D5330000502E0020DF790100014B58709B
:10B2A000704700BF94230020014B024A1A60704788
:10B2B0007C2E00209183000008B5FBF79BFB084B18
:10B2C000084A1A60084B094A1A60094B094A1A6071
:10B2D000094B0A4A1A600A4B0A4A1A6008BD00BFA5
:10B2E000802E0020B16A0100842E0020316B010005
:10B2F000882E0020417101008C2E0020D5330000E3
:10B30000902E0020D17B0100014B1873704700BFC5
:10B3100028240020F8B5034616464ABB91F82C2095
:10B32000E2B391F93020CAB301F12F0291F82F0056
:10B3300001F1180501F14604374678B3B1F86E10F3
:10B340006372618160735378237410F06BFE05EBB8
:10B35000400595F901000EB900F02EF9A0732046C2
:10B360002B780F49E3732773BDE8F8400FF0C7B996
:10B3700001F1320291F8320001F1200501F13504AA
:10B3800091F83470012F07D091F82D7037B191F9F1
:10B3900033701FB10127D0E70227CEE7F8BD00BF09
:10B3A00043C00100F8B546680D460F213088F5F717
:10B3B000F7FE90F82E300446DB073AD56F7810F090
:10B3C00024FE384035D0AA7895F9037002F00302C4
:10B3D00095F9045094F8341001F0FF0379B921462F
:10B3E00040FA03FC013302311CF0010F1CBFCD7782
:10B3F0008A77042BF4D184F8337084F8320094F8FF
:10B400002D30B3B1AFB133880B49A4F83F300023DE
:10B4100084F8420004F1350084F83E30012384F8BA
:10B42000457084F8435084F8442084F841300FF08C
:10B4300066F90020F8BD00BF43C0010070B50D469D
:10B440000F210646F5F770FE044620B940F2A6210A
:10B45000AC20F5F70BFA7022002111F003FE7F23D8
:10B460002946204684F8213084F8233084F825309A
:10B4700084F82730A4F86E6010F02FFE4FF0FF33F1
:10B480000022A362024BA3600023C4E9002370BD25
:10B4900000E0FCFF08B5FCF785F9FAF77BFDFCF747
:10B4A00089F9024B00221A7008BD00BF98240020C1
:10B4B0000138C0B2032808B504D940F2EB21AC2012
:10B4C000F5F7D4F9014B185C08BD00BFEB7403001D
:10B4D0002DE9F341D0F8048007460E4698F88D30E8
:10B4E0002D2B54D10F21B8F80000F5F759FE044672
:10B4F00090F8320010F096FD737804EB4002054698
:10B5000003F0030382F82030B37884F83330F37803
:10B5100082F821302318327983F828201D4B1978BE
:10B5200031B35B789A4223D9FF2A21D0D11A090678
:10B5300004F1180154BF9B1A80230246404658BFAD
:10B54000DBB28DF807300DF1070310F0AAFE9DF96C
:10B5500007306BB1022284F8312084F830300123A7
:10B5600000222146AB40104684F82F30FFF7D2FE70
:10B57000012221460020FFF7CDFE002584F834503B
:10B5800038460FF0A4FA284602B0BDE8F081012049
:10B59000FAE700BF98240020012808D8054B10B90D
:10B5A000187000207047012259701A70F9E71220B4
:10B5B000704700BF98240020074B93F900301844CF
:10B5C000142804DC10F17F0F03DB40B27047142015
:10B5D00070476FF07E0070479A2400207F2307B5E4
:10B5E0000DF107008DF8073000F056FF03469DF976
:10B5F000070053B1094B5B785B425BB218441428D7
:10B6000006DC10F17F0F05DB40B203B05DF804FBF0
:10B610001420FAE76FF07E00F7E700BF9A240020BD
:10B62000014B1870597070479A240020024B002279
:10B630001A705A70704700BF9A240020014B93F98A
:10B64000000070479A240020014B93F901007047D5
:10B650009A240020014B1870704700BF9C240020E2
:10B66000064BD3F8000138B1D3F8040120B1D3F868
:10B670000801B0FA80F04009704700BF0060045034
:10B68000034B00221A705A7010229A70704700BF44
:10B69000A0240020F8B50646022014460D4600F00E
:10B6A000CBF8114B114A01275C60191D9A6002F119
:10B6B000807203342D011F70DC601D83C3E90426F2
:10B6C0000022243303F80A2C0D2203F8092C084A1F
:10B6D000C2F83015074903C983E80300C2F80875AA
:10B6E000C2F83835F8BD00BFA02400200300000BCD
:10B6F00000600450F074030008B5022000F09CF8CC
:10B700000D4B01221A7000220C4BC3F80021C3F824
:10B710000421C3F808210A4AC3F8802003F57433D2
:10B72000C3F88C20A3F58023C3F88C21A3F58053A4
:10B730000822C3F8042508BDA0240020006004509E
:10B7400003000080154A08B51378FBB100231449A3
:10B75000C1F8803001F57431C1F88C30A1F5802139
:10B76000C1F88C3108210F4BC3F80815FFF778FF9B
:10B7700088B101235370938EFF2B03D9BC213B204A
:10B78000F5F774F8DBB29370002313700020BDE866
:10B79000084000F051B810235070F4E7A0240020B6
:10B7A0000060045000200450094B1A7862B1094B24
:10B7B000D3F8002152B1D3F8040140B1D3F8080105
:10B7C000B0FA80F0400970475878704702207047FF
:10B7D000A024002000600450064A08B513782BB15D
:10B7E000FFF73EFF20B192F8340008BD9078FCE7E7
:10B7F0001020FAE7A024002038B5084C0025D4F822
:10B800000035032B04BF01236360C4F80055C4F85E
:10B81000005501F0E3F9C4F8805038BD00600450D1
:10B82000044B4022C3F88820BFF34F8FBFF36F8FC4
:10B83000FFF7E2BF00E100E010B50446FFF7DCFFD0
:10B84000012C06D0022C09D03CB18C213D20F5F70B
:10B850000DF8074B0222C3F8002510BD044B03224C
:10B86000C3F8002502F10042C3F88020F5E700BFCD
:10B8700000600450024BD3F8A00300F001007047B1
:10B8800000C0FF00084BD3F8A423D3F8A833511C01
:10B890009BB203D14FF6FF718B4203D002608380CD
:10B8A000012070470020704700C0FF000B4B30B5EF
:10B8B000D3F89053D3F89443D3F89813D3F89C2338
:10B8C00005EA04030B401340013317BF0560002055
:10B8D000446081601CBFC260012030BD00C0FF0019
:10B8E0000B4B30B5D3F88053D3F88443D3F8881387
:10B8F000D3F88C2305EA04030B401340013317BF30
:10B9000005600020446081601CBFC260012030BD22
:10B9100000C0FF00074B0022C3F80022C3F8182222
:10B92000C3F82022C3F80C22C3F81422C3F81C2247
:10B93000704700BF00A0085010B50D4C01F03F014A
:10B94000D4F8203E41F40C3123F4702341F42071EB
:10B9500043EA0243074AC4F8203ED36823F00303B6
:10B960001843D060C4F8000DC4F8101D10BD00BF0E
:10B9700000A00850D8240020064B10B50024C3F8BE
:10B980007043224621462046FFF7D6FF024B83F83C
:10B99000444010BD00A00850D8240020EFF31082CE
:10B9A00072B60D4B93F8451021B15B78012B04D092
:10B9B000022B0ED002B962B6704710F0040FF9D115
:10B9C000064B0021C3F8401503F5A043012119617E
:10B9D000F0E710F0020FF2E7D824002000500850E2
:10B9E00008B5104B187401380F4B072815D8DFE83D
:10B9F00000F004080A0C140E10120322C3F80025EC
:10BA000008BD0422FAE70622F8E70522F6E700223D
:10BA1000F4E70122F2E70F22F0E74FF474613E20D1
:10BA2000F4F724FFD824002000A00850002814BFF9
:10BA30000223042307B58DF8043000238DF8063067
:10BA400011F0CBF801284FF0FF3088BF00208DF8AF
:10BA5000050001A809F032FD20B140F6DC413E208E
:10BA6000F4F704FF09F042FD58B15723ADF8023056
:10BA7000BDF802309BB25A1E92B2ADF80220002BE4
:10BA8000F6D1034B012283F8452003B05DF804FB97
:10BA9000D824002070B5144D0346084695F825605B
:10BAA00026B940F634213E20F4F7E0FE6BB9012EB2
:10BAB0002C6A95F8241005D100F0E6FE2044AB690D
:10BAC000C01A70BD10F077FEF8E7012B0AD1012EE5
:10BAD0002C6A95F8241002D100F0C0FEEEE710F0B9
:10BAE00075FEEBE70020EAE7D8240020124B93F81C
:10BAF0003100F8B193F83020EAB193F832200F4BBF
:10BB000052B10F4AC3F80821A3F5A043D3F840016E
:10BB1000B0FA80F040097047D3F8002442F00102E7
:10BB2000C3F80024D3F8200500F0F600023818BF4F
:10BB30000120704701207047D824002000A0085041
:10BB40000B00008007B50B4A01AB92F9112001F000
:10BB50009FFD9DF8050007F053FA20B140F2B17146
:10BB60003E20F4F783FE9DF9040000F013FE03B0BD
:10BB70005DF804FBD824002008B5134BDB8A952B15
:10BB800021D970B9114B28311846D960104907F0F6
:10BB90001FFA0130012816D940F6BE013E20F4F705
:10BBA00065FE01280CD1094B29311846D960084996
:10BBB00007F014FA0130012805D940F6C801EDE775
:10BBC00040F6CC01EAE708BDD8240020641100202B
:10BBD000F874030008B50E4BDA8A952A16D95B78FB
:10BBE000012B09D107F000FA013001280ED940F6E7
:10BBF00084213E20F4F73AFE022B07D107F0FAF930
:10BC00000130012802D940F68A21F2E708BD00BFC1
:10BC1000D82400200A4B40F409000A4A9B8A40F0CD
:10BC20004000B3F5166F36BFA3F63813A3F51663BD
:10BC300043F48073C2F80837C2F84005704700BF6C
:10BC4000D824002000A0085010B50C46FFF7C8FE0D
:10BC50002046FFF7DFFF0D4BD3F8002442F010021F
:10BC6000C3F800240A4A127C082A0BBF4FF48172E1
:10BC700040F20312C3F8442EC3F8442E14BF40F21E
:10BC80005B62044AC3F8482E10BD00BF00A00850F4
:10BC9000D82400202110010007B50DF1070009F09C
:10BCA00019FC20B140F61F513E20F4F7DFFD0D4A8C
:10BCB0009DF807305278012A04D0022A0ED003B032
:10BCC0005DF804FB13F0040FF9D1074B0022C3F811
:10BCD000402503F5A04301221A61F0E713F0020F9B
:10BCE000F2E700BFD82400200050085038B50C46B9
:10BCF0000546FFF775FE20462146FFF78BFF2846D5
:10BD0000FFF720FF094B1B7C082B094B0BBF4FF49F
:10BD1000817240F20312C3F8442EC3F8442E14BFBC
:10BD200040F25B62034AC3F8482E38BDD824002095
:10BD300000A00850211001002DE9F04106460C46F4
:10BD40001746FFF773FE10F08CFE0028FBD03B4D2A
:10BD5000002E41D14FF0010895F8303085F8018070
:10BD60003BBBA97C3846FFF7C1FF95F8323023B3BF
:10BD7000334BC3F80080334B4FF47A7233F81730EB
:10BD800003F5FA73B3FBF2F3E41AA96901272E4B0A
:10BD9000214485F830702D4DC5F84015C5F8C031E7
:10BDA000FFF7A4FE044600283DD100242046BDE84C
:10BDB000F08195F83230002BDDD1254B4FF47A72AB
:10BDC00053F8273003F5FA73B3FBF2F31E4AE41A73
:10BDD0001B4BC3F80021D8E7012E1FD102236B7043
:10BDE00095F8303083B9A97C3846FFF72DFF95F8D8
:10BDF00032306BB1124B5E60114AD2F8003443F01E
:10BE00001003C2F80034C0E795F83230002BF3D1AC
:10BE10000B4B293C0C4AC3F80421B6E74FF41B61D5
:10BE20003E20F4F723FDEF64D5F84C358B42BCDAA5
:10BE30003046FFF7A1FEFFF72FFFB7E7D824002019
:10BE400000A00850C47503000B000080005008508B
:10BE5000A075030048220021014811F003B900BF7A
:10BE6000D8240020014BD882704700BFD82400207E
:10BE7000024B012283F83220704700BFD8240020F3
:10BE8000024B0344187D00F516607047F8740300F8
:10BE9000014B93F824007047D8240020024B186A05
:10BEA0009B69C01A704700BFD82400200A4B93F842
:10BEB0002420D3E90630C01A084B03EB8203DB6B66
:10BEC000C01A074B53F822304FF47A7203F2F3137F
:10BED000B3FBF2F3C01A7047D8240020F8740300B3
:10BEE0008C750300FF2810B504D940F20D313E20B7
:10BEF000F4F7BCFC013907292AD8DFE801F02C311E
:10BF00000404292C2C220024032201214FF0C743D2
:10BF1000234340EA024043EA015340F0007043EA01
:10BF20000123134943F00803C1F8203EC1F8280E4D
:10BF3000D1F8203503F0F703032B17D140F29731E6
:10BF4000D5E700224FF080644FF000731146DFE721
:10BF500040F27D31CBE70024032201212346D7E7BD
:10BF60000024032201214FF08073D1E710BD00BFF0
:10BF700000A0085008B50A4603460C490C48C1F811
:10BF800070031878032804D04FF47B713E20F4F737
:10BF90006DFC012A59780CBF08220022FFF7CCFC67
:10BFA000044B012283F8442008BD00BF00A00850C4
:10BFB00006000080D8240020F8B52A4E4FF4806790
:10BFC000C6F89070BFF34F8FBFF36F8F10F045FD31
:10BFD0000546254C10F0FDFD0121401B234DA061BD
:10BFE000C5F8A410FFF796FC0323C5F8401E217482
:10BFF000C5F800354FF40023C5F800341C4B187CFD
:10C0000007F010F809F0AAF91A4B1B4AC5F83833A3
:10C010001A4BC3F8C820013AC3F8C42040F6FE7298
:10C02000174BC5F81433174BC3F804250023962289
:10C03000A3842362238684F83230E282D5F8002D6F
:10C0400084F844304FF48073E260C6F89071C5F80C
:10C050008834A36C376103B19847BDE8F84006F017
:10C06000ABBF00BF00E100E0D824002000A00850D2
:10C07000641100200300008006000080005008507A
:10C080000100008000200850014B5874704700BF29
:10C09000D8240020020E034B0002C3F8342EC3F84C
:10C0A0002C0E704700A00850044B054A03449074BE
:10C0B0001B7D03F516639382704700BFF87403007D
:10C0C000D8240020F8B52F4C06460F4694F831309E
:10C0D00023B940F606113E20F4F7C8FBFFF7A6FC93
:10C0E0000123294A84F83030D2F8003443F00103A8
:10C0F000C2F80034002384F8323010F0B2FC00287B
:10C10000FBD03EBB0123A17C38466370FFF7EEFDF8
:10C110006378012B02D040F61F11DCE71B4AD36481
:10C1200002F5A0421360194B3046D3F84C5529460E
:10C13000FFF722FDFFF7B0FDA369ED1AF6B9144B26
:10C140004FF47A7253F8273003F5FA73B3FBF2F326
:10C150005819F8BD012EE6D10223A17C3846637040
:10C16000FFF772FD6378022B02D040F62811B2E788
:10C17000064BDE6403F5A0435E60D4E705F12900B9
:10C18000E7E700BFD824002000A008500050085066
:10C19000A075030008B5FFF7CFFD58B9064B012283
:10C1A000C3F8400503F5A04302201A61BDE808402A
:10C1B000FAF7D6B908BD00BF0050085073B5294B37
:10C1C0004FF48061284A4FF0FF30D3F88854C3F809
:10C1D0009004C2F890114FF40022244C05F48075AD
:10C1E000C3F8002400222249228684F83220C1F8B4
:10C1F0004025C3F80821C3F80021C3F80421D3F86F
:10C200002015C9B2D1B18DF80700C3F82022012250
:10C210001A619DF8072012B1D3F820223AB19DF897
:10C2200007305BB940F672213E20F4F71FFB9DF802
:10C230000720013AD2B28DF80720EAE7FFF7CAFCDF
:10C24000084E0023C6F82032238094F844300BB106
:10C25000FFF792FB1DB14FF48073C6F8883402B02B
:10C2600070BD00BF00A0085000E100E0D82400200D
:10C2700000500850F8B50022304B314FC3F8482524
:10C28000C3F84425C3F84025C3F84C25FFF796FFB3
:10C2900006F098FE97F845304BB109F015F920B13A
:10C2A00040F241613E20F4F7E1FA87F845000020B2
:10C2B00009F016F9044610B140F24461F2E71F4D4F
:10C2C000204EC5F8C401C6F80801C6F80001C6F83A
:10C2D0000401C5F8C800C5F8C400C6F80401C6F8D2
:10C2E000000109F053F8184B40F6FE72C6F83843C7
:10C2F000C6F81443C5F8C041C3F808254FF480625E
:10C30000124B3C71C7E90744C5F84845C5F8444598
:10C31000C5F84045C5F84C45C5F84841C5F8444105
:10C32000C5F84041C5F84C41C3F89020BFF34F8F8A
:10C33000BFF36F8FC3F89021F8BD00BF00500850C5
:10C34000D824002000A008500020085000E100E0A0
:10C35000014BC3F84C0E704700A0085038B5044696
:10C36000074809F0BDF820B140F6DB213E20F4F784
:10C370007DFA044D94E80F0085E80F0038BD00BF3A
:10C380009DB90000242500200A490B4B10B501245B
:10C39000C1F8D00ED86283F83140FFF7A7FB40B94F
:10C3A000064BC3F8400503200C61BDE81040FAF7C6
:10C3B000D7B810BD00A00850D82400200050085065
:10C3C000144B9A6910441A6A824210B5124C09D370
:10C3D0000220FAF7C5F800230122C4F840350F4BBC
:10C3E0001A610DE0012298601A716264D4F8443534
:10C3F0000533834205D3094BD3F80C120029EFD043
:10C4000010BD0023C4F84431054BC4F84405C4F8FA
:10C41000C431F5E7D82400200050085000A008508F
:10C420000900008038B50D4C0222034694F82550CF
:10C430002271012D94F82410227CE08A0BD100F0A7
:10C4400031FA074A0023A060C2F84431236A03444A
:10C45000C2F8443538BD00F03FFAF2E7D824002096
:10C4600000500850044BC3F8940ED3F8002442F057
:10C470004002C3F80024704700A00850054BD3F8D1
:10C48000002422F04002C3F800240022C3F8942EB6
:10C49000704700BF00A00850044BD3F8183703F0D2
:10C4A0007F035B4203700120704700BF00A008506B
:10C4B000021E114B14BF0220012010B5187093F812
:10C4C0003200997068B1187C884204D040F654411B
:10C4D0003E20F4F7CBF9012A0849094C02D1C1F8F2
:10C4E000044110BDC1F80041002AFAD1997CBDE891
:10C4F0001040FFF727BB00BFD824002000A0085041
:10C5000007000080054B0022C3F84025044AD2F8FA
:10C510002035DBB20BB10123136170470050085086
:10C5200000A00850044B30B5D3E90E451B6CC0E9A0
:10C5300000450B6030BD00BFD82400202DE9F0413C
:10C5400010F085FA794C7A4D0123C4E90E01EB64B1
:10C55000D5F84C352364FFF73DFB764B0022C3F83A
:10C560000821C3F80021C3F80421C3F80421C3F84B
:10C570000021D3F8001421F01D01C3F8001484F841
:10C580003120227922B1D5F84421003A18BF012286
:10C59000617801290AD1D3F81852002D3AD1654BA0
:10C5A000D3F82032ABB145F0100512E002292FD1AB
:10C5B000604BD3F81852D3F80C3E003D18BF01254C
:10C5C000D8074FEA450558BF45F00405E2B145F0EC
:10C5D0000105FFF79FF9E906627803D5012A08BF34
:10C5E00045F02005524B022AD3F848152162D3F8B2
:10C5F000443584F82520E361237C19D163B940F2E6
:10C600008F213E20F4F732F915F00B0FE1D1C6E788
:10C610000025C4E70825DCE7DA1E012A08D8454BC7
:10C62000D3F81C3E13F0060317D0022B17D10323B7
:10C630000127267884F82430A6B9667026712686EC
:10C6400084F8326094F844300BB1FFF795F915F097
:10C65000010126D0E36C98473AE00423E8E704237D
:10C660000027E6E715F0110810D1013EE18AA27813
:10C6700018BF01263046FFF70DFA94F83230014614
:10C68000A4F800802BB984F8303005E0FFF796FD60
:10C69000D8E7274BC3F84081A2783046FFF77AFDF0
:10C6A000D0E715F0020026D0224BD3F81C0E00F084
:10C6B000010045EA80001FB940F004000121C0B22A
:10C6C000C0F38000236D80F0010000F00100984766
:10C6D0006378022B0DD123795BB1022B144A18D158
:10C6E000236AA1680B44C2F84435114B124AC3F8BF
:10C6F000C421BDE8F08115F0280F05F0200104D019
:10C70000B1FA81F1636D4909E1E7EB06E0D5A36D6C
:10C71000A1E7012B02D040F6196172E7A368216AF4
:10C720008B42E0D840F61A616BE700BFD8240020A6
:10C730000050085000A0085009000080024B03EB95
:10C740008003D86B704700BFF8740300024B03EB03
:10C750008003186D704700BFF8740300F8B50D46EC
:10C76000012347780146437004462846164600F0E8
:10C7700051F9074AD2F80431002BFBD0677016B983
:10C78000EB78A370AB707B1E58425841F8BD00BFD8
:10C79000006004502E3008B5362854D8DFE800F089
:10C7A0005053535353534D53535353535353535362
:10C7B00053534B535353535358535853495347535D
:10C7C00045534353413F3D3B39373533312F2D2BB3
:10C7D00029272523215A1C003F231F4AC2F810375E
:10C7E00008BD3323F9E72D23F7E72823F5E72323B3
:10C7F000F3E71F23F1E71B23EFE71823EDE71523EA
:10C80000EBE71323E9E71123E7E70F23E5E70D2320
:10C81000E3E70B23E1E70A23DFE70923DDE708234A
:10C82000DBE70723D9E70623D7E70523D5E704236A
:10C83000D3E70323D1E70123CFE74FF49873CCE785
:10C840004FF48873C9E740F20D113F20F4F70EF85A
:10C850000223C2E73923C0E700A008504FF47A73DF
:10C86000033A5843012A10B5064C00F2E73034F978
:10C8700011100844B0FBF3F08CBF02230A23C01A46
:10C8800010BD00BF787503004FF47A73044A00FBB3
:10C89000033032F911201044B0FBF3F0704700BFB1
:10C8A0007875030038B51D460A4B33F9114003EB88
:10C8B000820305355B691C444FF47A7304F6B73480
:10C8C00003FB00441046B4FBF3F42544FFF736FFA6
:10C8D000284438BD7875030070B5064608461546ED
:10C8E000FFF734FF094B03EB85035C694FF47A7360
:10C8F00004F6B73403FB0644241A2846B4FBF3F4C9
:10C90000FFF71CFF0530204470BD00BF78750300A1
:10C91000024B00221A705A709A707047342500201A
:10C920002DE9F047074601200E4615469DF8344094
:10C930009846DDF824A09DF83090FEF77DFF9DF825
:10C940002C1007F003032F4A43EA01430021D4705F
:10C9500043EA04632C4CC4F804352C4BC4F8801013
:10C96000C3F88410A3F58023C3F88411A3F5805382
:10C970000221C3F80815BDF8283031689380F368A8
:10C9800009BA93FA83FCB36818BA7368C4F810C57F
:10C990001BBAC4F81405C4F818352B0AC4F81C15C2
:10C9A0002D069DF8206043EA0863DAF804102DBADA
:10C9B000003E23F00043DAF8000009BA18BF012650
:10C9C000B9F1020F00BAC4F8201543EAC673C4F8DF
:10C9D00024051BBAC4F82835C4F82C550CD80C4BC8
:10C9E000022F13F80930C4F848354FF00103537093
:10C9F00000D11370BDE8F0874FF495716C20F3F708
:10CA000035FF00BF3425002000600450003008507E
:10CA1000D87503002DE9F84F2E4B04460D465A7881
:10CA200022B940F241116C20F3F720FF2A4A03F1AA
:10CA3000080E4F7803F1100693F8038003F1380CC9
:10CA4000DFF898A04FF00E09B8F10008DF809F844E
:10CA500003F1480B18BF4FF001089D61C3F81CA0FB
:10CA600007EB880783F8279092E80300C3E9144A8C
:10CA70008EE80300D2E9020186E80300E91C0026E3
:10CA8000196283F82660D2E90401C3E90A668CE8DA
:10CA90000300611C196412495964D2E90601E21CC1
:10CAA0008BE803009A650121A3F85C7083F85E604F
:10CAB00083F85F90C3E91866AA78A270094AC2F8A1
:10CAC00030E5C2F838C599701970C2F80461116078
:10CAD000BDE8F88F34250020DC7503000100000D4F
:10CAE0000100000C00600450334B5A782DE9F041EE
:10CAF00005460E4622B940F261116C20F3F7B6FEEE
:10CB00002E4A03F1380C03F1480403F10807DFF85B
:10CB1000B080DFF8B0E0C3F844801E65C3F854E08D
:10CB200092E80300C3E9085E8CE80300711C1964F5
:10CB3000D2E9080184E80300F11C00249965224928
:10CB40005C6683F82E40C3E91714D2E9040187E834
:10CB50000300691CC3E90418D2E90601EA1C03F1C9
:10CB600018089A629A889A850E2288E8030083F84A
:10CB70002F200121C3E90C44B278AA70134AC2F8ED
:10CB800030C5C2F8387599701B780BB9A321B4E78A
:10CB90000F4BC2F80441C2F80841C2F880300D4A78
:10CBA000C2F88430A2F58022C2F8843102220A4BF6
:10CBB000C3F80425BDE8F08134250020DC750300AE
:10CBC0000100000C0100000DE803000E006004509D
:10CBD0000100008000300850002004500C4B1A78EF
:10CBE0008AB100220B490220C1F8802001F574317E
:10CBF000C1F88420A1F58021C1F88421A1F58051DC
:10CC0000C1F808051A7000225A709A70704700BF68
:10CC1000342500200060045008B50B4BD3F80821E0
:10CC200022B10420F9F79CFC022008BDD3F80421AE
:10CC300022B90520F9F794FC0320F6E7D3F80004A5
:10CC4000003818BF0120F0E700600450014B0122BA
:10CC50005A60704700600450014B1860704700BF75
:10CC6000A0250020014BC3F80405704700200850A0
:10CC7000014BC3F80805704700200850164840F6DD
:10CC80002E731649C0F808350023154AC1F8C03183
:10CC9000C2F80031C1F8C431C2F80431C1F8C8315A
:10CCA000C2F80831C1F8CC31C2F81031C1F8D03126
:10CCB000C1F8D431C2F8A031C2F8BC33C1F88C300D
:10CCC000C1F8C430C2F85833C2F814314FF47C7341
:10CCD000C0F8083508F05ABB002008500050085032
:10CCE00000A00850064BD3F82C283AB940F0407009
:10CCF000C3F800080120C3F87C0870470020704783
:10CD000000A00850054BD3F8002420B142F00102E6
:10CD1000C3F80024704722F00102F9E700A0085090
:10CD2000054BD3F8002420B142F40022C3F80024BC
:10CD3000704722F40022F9E700A00850024B0022BD
:10CD4000C3F80024704700BF00A00850034BD3F87D
:10CD50002002003818BF0120704700BF00A0085013
:10CD6000024B0022C3F82022704700BF00A00850E9
:10CD7000024B0022C3F8BC22704700BF00A008503D
:10CD8000034BD3F8BC02003818BF0120704700BF26
:10CD900000A00850024B0022C3F80022704700BFD9
:10CDA00000A00850034BD3F80002003818BF012040
:10CDB000704700BF00A00850024B0022C3F81C229D
:10CDC000704700BF00A00850034BD3F81C02003886
:10CDD00018BF0120704700BF00A00850034B01227C
:10CDE0005A600022C3F80022704700BF005008506C
:10CDF00000F5A870014B43F8201070470050085010
:10CE0000024B00F5A87053F82000704700500850FE
:10CE1000034B80001858003818BF0120704700BF2E
:10CE2000405108508000024B00221A50704700BF4A
:10CE300040510850024B4FF48002C3F8042370475E
:10CE400000500850024B4FF48002C3F8082370478B
:10CE500000500850024B0022C3F8C822704700BFA0
:10CE600000A00850024B0022C3F80422704700BF04
:10CE700000A00850024B0222C3F88824704700BF6C
:10CE800000A00850024B0222C3F89024704700BF54
:10CE900000A00850034BD3F80402003818BF01204B
:10CEA000704700BF00A00850024B0022C3F80822C0
:10CEB000704700BF00A00850024B0422C3F888242A
:10CEC000704700BF00A00850024B0422C3F8902412
:10CED000704700BF00A00850034BD3F80802003889
:10CEE00018BF0120704700BF00A00850034BD3F8C3
:10CEF000C802003818BF0120704700BF00A00850CA
:10CF0000012804D1094B0322C3F8002570470228E9
:10CF100002D1064B0422F7E7082806D1034B04226E
:10CF2000C3F800250322C3F81028704700A008505A
:10CF30000230024BC3F80807704700BF00A008503A
:10CF4000064B020E0002C3F8342E0A0E0902C3F883
:10CF50002C0EC3F8382EC3F8301E704700A00850BE
:10CF60000138074B074A18BF012043EA0123000696
:10CF700040F48020C2F8200EC2F8283E704700BF5F
:10CF80001000030000A00850014BC3F8D00E7047FA
:10CF900000A00850034BD3F8180700F07F00404270
:10CFA000704700BF00A00850014B01221A61704772
:10CFB00000A00850024B034AC3F80421704700BF89
:10CFC00000A0085008000080024B034AC3F8042167
:10CFD000704700BF00A0085002000080034B044AC5
:10CFE000C3F8C420C3F88C20704700BF005008501D
:10CFF00005000080034B0022C3F8C420C3F88C2036
:10D00000704700BF00500850064B0022C3F80022B2
:10D01000C3F80C22C3F81822C3F82022C3F81C223C
:10D02000704700BF00A0085008B50FF0E6FB014BA9
:10D03000185C08BD82D3010008B50FF0DEFB024B7F
:10D04000034493F82B0008BD82D30100084AD2F8AC
:10D05000D43723F0875323F4F013C2F8D437D2F82F
:10D06000D43743EA404343F08053C2F8D437704783
:10D0700000A008501C4B0022C3F8202201221A6194
:10D08000D3F82022002AFBD0002240F22141C3F82D
:10D090002022C3F8181501F1004101F5911101F6A4
:10D0A000A241C3F8D4171149C3F80428C3F80819DA
:10D0B000D3F8401B21F0FF01C3F8401BD3F8401BFD
:10D0C00041F09001C3F8401B0221C3F81018012160
:10D0D000C3F8A410C3F84825C3F85425C3F8502555
:10D0E000C3F85825704700BF00A008500500801005
:10D0F000024A136D23F001031365704700B0085016
:10D10000024A136D43F001031365704700B00850E5
:10D11000064B1A6D42F001021A6502221A609C2227
:10D120005A6041F64222DA61704700BF00B00850F1
:10D1300008B5134B2629186D40F0010018654FF013
:10D14000030018604FEA4100586015D008D808293C
:10D150000AD012290DD040F29B418920F3F786FBBB
:10D16000A229F8D1002101E04FF6FF71D9619A613F
:10D1700008BD47F2C711F9E743F2E551F6E700BFF2
:10D1800000B008500128034B16BF032298639A632E
:10D19000704700BF00B00850014B01229A637047EE
:10D1A00000B00850014B586A80B2704700B0085078
:10D1B000014B586A000C704700B00850024B1B6AC4
:10D1C0001A0C0A800380704700B00850064B586B59
:10D1D0007D23000100B20028B8BF0F300011584372
:10D1E00000EBD0704010704700B0085008B50E4BEF
:10D1F000DA6AFFF7EBFF0028C2F30B12B8BF404218
:10D200000B2A05D843F69823984203DC002007E058
:10D21000162A06D847F230539842D4BF0120022084
:10D2200008BD0220FCE700BF00B0085001F6621103
:10D230004BF6BC6348430028CBBF00F5BE42A0F5C7
:10D24000BE425E325E3ACCBFB2FBF3F392FBF3F325
:10D25000064AC3F30C01C2F80418054A02FB030096
:10D26000642390FBF3F000B2704700BF00A00850A9
:10D270004441FFFF024B4FF40042C3F88C24704737
:10D2800000A00850024B4FF40042C3F894247047AA
:10D2900000A00850024B4FF48072C3F888247047F6
:10D2A00000A00850024B4FF48072C3F890247047DE
:10D2B00000A00850024B8022C3F88824704700BFAA
:10D2C00000A00850024B8022C3F89024704700BF92
:10D2D00000A00850024B0122C3F88824704700BF09
:10D2E00000A00850024B0122C3F89024704700BFF1
:10D2F00000A00850034B4FF480220120C3F88C2477
:10D30000704700BF00A00850024B4FF48022C3F8C2
:10D310009424704700A00850054B4FF0FF32C3F82B
:10D3200090244FF48062034BC3F890211A61704738
:10D3300000A0085000E100E0084B4FF0FF32C3F8B6
:10D3400090244FF48062064BC3F89020BFF34F8FB8
:10D35000BFF36F8FC3F89021704700BF00A0085043
:10D3600000E100E0014BFF221A717047A025002068
:10D37000014B00221A717047A0250020024B18793A
:10D38000003818BF01207047A025002010B50C4CB4
:10D39000D4F8483543F00703C4F848350123C4F8EE
:10D3A000503500F0FE03C4F8541503EB5003093365
:10D3B000012A08BF0133DBB2C4F8583510BD00BFE5
:10D3C00000A00850014B01229A63704700A008504A
:10D3D000024B034AC3F80829704700BF00A0085059
:10D3E0000500901000384FEA8203094A18BF012057
:10D3F000012903F0780314BF40214FF4807143EA00
:10D40000012343EA800343F002031365704700BF22
:10D4100000B008502DE9F047474D4FF0010A17467C
:10D420000C46C5F8A4A0984681460FF0BCF9042329
:10D430000021C5F840AE2046C5F83C3E0E46FFF739
:10D440008FFD4FF480734846C5F8443EC5F8481E2A
:10D45000514605F071FE05F05FFE3A4680B2C5F810
:10D4600010074046C5F81865C5F800640899FFF72D
:10D470008DFF424621463846FFF7B4FF2F4C07F098
:10D480006DFF2F4A4FF47C730127C2F804352D4BF2
:10D49000C4F8C031C5F800310133C4F8C431C5F84F
:10D4A00004310133C4F8C831C5F808310633C4F873
:10D4B000CC31C5F810310133C4F8D031C4F8D431BF
:10D4C000C5F8A031053BC5F8BC330633C5F8583361
:10D4D000C5F8143140F62E73C2F804352022D4F872
:10D4E000043523F00303C4F804356760D4F8083525
:10D4F00043F00303C4F808354FF0FF33C4F8106558
:10D50000E760C4F80833104BC4F84065C4F84465BC
:10D51000C4F84865C4F84C65C4F85065C4F854654F
:10D52000C4F858651A610FF092FA054627600FF0AB
:10D5300050FB281ABDE8F08700A0085000500850A2
:10D54000002008500100008000E100E0064BD3F805
:10D55000402B22F0FF02C3F8402BD3F8402B42F0BF
:10D560008802C3F8402B704700A00850032912D945
:10D5700002680729084B12BA5A650CD942680B2970
:10D5800012BA9A6507D982680F2912BADA6582BF82
:10D59000C26812BA1A66704700B00850034BD3F83D
:10D5A000C002003818BF0120704700BF00A008501B
:10D5B000024B0022C3F8C022704700BF00A00850F1
:10D5C000024BD3F8000BC0F30030704700A00850A6
:10D5D000024B1B6803B11847704700BFA02500200D
:10D5E000014B5871FFF7F4BFA0250020024B1868CB
:10D5F000003818BF01207047A0250020014B587942
:10D60000FFF7E6BFA0250020014B5861704700BF1F
:10D6100000B00850014B00225A61704700B008501A
:10D6200038B5194B0C46054611461B7E33B1174BD6
:10D630001B681BB12046984743001BB2012C9BB2CC
:10D6400007D11DB903F5F3500C3007E003F5F7508F
:10D65000FAE7022C08D11DB903F6EE7080B238BD8E
:10D6600003F583500830F9E7082C07D115B903F505
:10D670008050E9E703F584500630EFE740F2692176
:10D68000B620F3F7F3F800BFA8250020942E002061
:10D690002DE9F04F254C85B0054698460F461646B5
:10D6A00005F0FEFC23788146AB4211D16378BB4282
:10D6B0000ED194F90230B3420AD1E378834207D104
:10D6C000A388A8F8003094F9060005B0BDE8F08FF3
:10D6D000082D1CD18DF80F6028469DF90FB00FF072
:10D6E000A3F882463846FEF7CBFB002203464146AC
:10D6F00000925846524605F089FCB8F80030A071F7
:10D70000A38025706770A67084F80390DBE7284635
:10D710000FF08AF80DF10F033246394605F0C6FCCA
:10D720000028D9D04121A920F3F7A0F87A110020D0
:10D73000014B186099807047C4250020024BD860C7
:10D7400019745A82704700BFF02500202DE9F84374
:10D75000089D1C4606461B88407817468846E854B4
:10D76000238801339BB223803078E854B4F80090CA
:10D7700009F101091FFA89F9A4F8009070780FF0F7
:10D780006AF805F80900238801339BB22380727878
:10D79000032A00F2D180DFE802F0022E507DB27938
:10D7A000EA54238801339BB22380F279EA54238818
:10D7B00001339BB22380327AEA54B8F1000F39D199
:10D7C00022885F49013292B22280B6F904308B423E
:10D7D000B8BF0B4642F210718B42A8BF0B46C3F391
:10D7E0000E03AB541B0A22882A4453702388023349
:10D7F0002380BDE8F883B279EA54238801339BB2D1
:10D800002380F279EA54238801339BB22380327A51
:10D81000EA54238801339BB22380B288EA542388D8
:10D8200096F905202B445A70238802339BB223803B
:10D83000727AEA5423880133DAE73279EA54002213
:10D84000238801339BB2238006EB820101324879A1
:10D850009742E854238888792B4458702388C879E4
:10D860002B449870238803F103039BB22380087A2A
:10D87000C0F30300E8540B7A208803F0F003295C1E
:10D8800043EA01032B54238803F101039BB2238055
:10D89000DADAAEE7B279EA54238801339BB2238007
:10D8A000F279EA54238801339BB22380327AEA5416
:10D8B000238801339BB22380B288EA54238896F9E7
:10D8C00005202B445A70238802339BB22380727A3E
:10D8D000EA54238801339BB22380B27AEA540022AF
:10D8E000238801339BB2238006EB82010132C87A80
:10D8F0009742E854238888892B4458708889238864
:10D90000C0F30F202B449870238803F103039BB2CC
:10D910002380887BC0F30300E8548B7B208803F0CE
:10D92000F003295C43EA01032B54238803F101032C
:10D930009BB22380D8DA5CE7CA218720F2F796FFF2
:10D94000F0D8FFFF2DE9F04F002387B004460D46C5
:10D95000174690F8978200F2B226DFF8B490ADF83F
:10D960001630B4F8A232FF2B07D899F8000003FB59
:10D97000006042780AB9827822B904F2B229DFF84D
:10D9800090A02BE0D4F8D4304246D97C0DF1160398
:10D990000097FFF7DBFEB4F8A2320133A4F8A232FD
:10D9A000DFE7D4F8D4304246D97C03910EF053FF20
:10D9B000CBF1FF0303305B1B00B21BB283421ADBC7
:10D9C0000DF116034246039930460097FFF7BEFE5D
:10D9D000B4F8A23201339BB2A4F8A232FF2BBDF8F7
:10D9E00016B008D89AF8006003FB0696707810B15C
:10D9F000B378002BD5D15D44FF2D04DD40F2051135
:10DA00008720F2F733FF584607B0BDE8F08F00BF1C
:10DA1000481C00202DE9F3470C46054620B940F28A
:10DA2000C9118720F2F722FF0D21DFF8C081F3F73B
:10DA300011FC0D21F3F7B4FB98F8002000F2B22797
:10DA4000B0F8A23206460D2102FB037393F8019051
:10DA5000B9F1000F40F08580F3F7FCFBD6F8D43025
:10DA6000A4F803005A7F6271DA7A012A14BF96F88B
:10DA700097124946012A21746989E180A989218187
:10DA800003D19A7C013A012A35D895F90E202273E8
:10DA9000DB7C93BBB5F91030554A9342B8BF1346AF
:10DAA00042F210729342A8BF1346C3F30E0304F16F
:10DAB0001202102163813046B6F8A2A2FFF742FF9E
:10DAC000B6F8A212A1EB0A036374AA7C0F2A2ED81F
:10DAD000B1F5807F05D098F8003001FB03735978C9
:10DAE00069B900231107A37335D00F236373002393
:10DAF00095F812900EE07F22C9E73E4BD7E79B785E
:10DB000013B940F22D118CE70123A3736373A27B39
:10DB10000F2AEDD01030332284F80F90C0B260701D
:10DB20000420227040EA032002B0BDE8F0873F2ABB
:10DB30004FEA121304D8012B04D84FF4AE7170E7EA
:10DB40000F2BFAD1EB7C5344A6F8A2320F23A37318
:10DB5000AA7C1207CAD12B7D83F0010363730023D3
:10DB6000D5E7F3F777FBD6F8D430A4F80300092102
:10DB70005A7F3046627104F10B02DB7A012B14BF2D
:10DB800096F8973200236372B6F8A292FFF7DAFE96
:10DB9000B6F8A232A3EB0909B3F5807F84F80A90A6
:10DBA00005D098F8002003FB02777B78BBB9AA7CEC
:10DBB000002312F00F01E37109D12A7D0B4682F098
:10DBC0000102A271E2790F2A03D0002202E00F22A3
:10DBD000A271AA7C093022723422C0B29FE7BB78BE
:10DBE000002B8ED001221346E271EAE7481C002088
:10DBF000F0D8FFFF00C0FFFF2DE9F84F00F51576C4
:10DC0000D0F8D43004460D46D87A314604F030FBC3
:10DC1000D4F8D43031468046D87B04F029FBD4F8C0
:10DC2000D4C094F8A03281469CF80E209CF8107065
:10DC30009A42DFF820A128BF1A462B889AF80010D4
:10DC4000F818FF2826DD01FB03440022FF2B02D930
:10DC50000220BDE8F88F013384F8B3220C449BB254
:10DC6000F4E7B4F8540201330644288801FB004B62
:10DC700001308BF8B3E22880D8B28742F1D8002077
:10DC8000C3B293420AD317444FF0FE0B9F2F20D903
:10DC90000020DEE700231E469E46EDE7D4F8503212
:10DCA0004644C3F31703B34203D2EC218820F2F7B2
:10DCB000DDFD2B8801309CF80BB001FB034E0133D6
:10DCC0009BB28EF8B3B2B3F5807F2B80D8D1012000
:10DCD000BFE7D4F8503294F85C02C3F31703C0B91D
:10DCE0004E449E42B5D89AF8002084F85CB22B8846
:10DCF00002FB0343D4F8D420D27B83F8B3222B88D1
:10DD000001339BB2B3F5807F2B80E0D00137BFB2E7
:10DD1000BCE746449E42BBD8D4F8D4C09CF80F3030
:10DD2000FF2B0DD0FE2808D104F1DA032A889CF8D5
:10DD30000D109CF80C0003F03FFD013884F85C02E4
:10DD40009AF800202B8802FB0343D4F8D420D27A1F
:10DD5000D3E700BF481C00202DE9F04F05468FB0E7
:10DD600008460C4604F000FEB5F81B305E0500F1D5
:10DD700049822B78287D8DF823306B7894F82F61B9
:10DD80008DF82730AB79013BDBB2022B96BFCF4A2F
:10DD9000FF23D35C8DF829306B7C8DF82F30EB7B23
:10DDA0008DF831302B7C8DF83230AB7C8DF83030F3
:10DDB000EB7C8DF833306B798DF82A3004F0AAF9BA
:10DDC00002AA014606A804F009FA9DF82330022BA6
:10DDD00000F0F781032B00F0F781012B40F0F78171
:10DDE000BDF80AA0B5F81BB01BF0040300F0FB81DE
:10DDF0009DF82720022A00F0EE81032A00F0EE8130
:10DE0000012A40F0EE81BDF80A90BDF8082095F88F
:10DE100003802F7A02FB08F10091697A47EA012713
:10DE2000A97A47EA014702FB08F1B94280F0E6818E
:10DE30001BF0010FAA7E18BFAE7F5643002B00F0E7
:10DE4000D5819DF82720012A40F0D08105F11E02DE
:10DE5000697F584601930EF017FD019BB6FBF0F069
:10DE60004644B5F80B200644B6B2A02E28BFA02623
:10DE7000F6B21AB3009ABF1A002B00F0B98105F16F
:10DE80001E02697F58460EF0FFFC00FB0A99B7FBA3
:10DE9000F9F300FB033009FB13734044B3FBFAF3BF
:10DEA000DBB203441FFA83F8B8F1A00F28BF4FF08C
:10DEB000A0085FFA88F8464528BF4646002195F835
:10DEC0001A90D4F8D470A4F86012B5F80B20D4F8E6
:10DED0005032002A40F098817D4A62F31703C4F85B
:10DEE0005032012384F85E3204F2B2234FF000086E
:10DEF000102204F1DA00C4F8B4304146C4F8B88006
:10DF0000A4F8CE800FF0AEF841464FF0FF38102253
:10DF100004F1EA000FF0A6F81222FF21C4F81C81D8
:10DF2000C4F8208104F5857084F82481C4F8258123
:10DF3000C4F8298184F82D810FF094F82B8B84F894
:10DF40002E8184F8EA301B0A84F8B06084F8EB3044
:10DF500087F80A9084F8B09204F515796B7C95F8EF
:10DF600000806E78FB75EB7B7B762B7CBB76594B08
:10DF7000C4F8C4302B79FB74AB79013BDBB2022BC4
:10DF800096BF524AFF23D35C7B746B79BB7495F9BF
:10DF90000E307E2B08BF6FF07F0384F8D930287DC8
:10DFA00084F89502EB7984F89832002384F899324A
:10DFB00004F0B0F884F8970294F89502F97C04F024
:10DFC000B5F884F89602B87C04F042FCC00884F8E6
:10DFD0007102F7F735FB036813F400631CBF6B7D18
:10DFE00003F001033B773C4BC4F89C32B5F81B307F
:10DFF00013F4806F00F01E81012394F897124A46B3
:10E0000038463B74A423FF263B76FB7604F0E6F803
:10E01000B4F85822B4F854321344D4F8502263F3BD
:10E020001702C4F850224A4694F89712384604F072
:10E03000D5F80023022287F80B80BB757A75FE7332
:10E04000B5F81B3013F0010300F0FB80AE7F04F540
:10E05000BE703A7505F11F07324684F87A61394679
:10E0600084F8C46184F87B6184F8C56107F0A0F985
:10E0700032460136394604F5E370F6B207F098F9F6
:10E08000B5F81B70780740F1E9800136697F05F12A
:10E090001E0238460EF0F8FBD4F8D430F6B21873EE
:10E0A0005873FE23390784F85C324FF0FF0384F87D
:10E0B000943213D57A0558BFAB1906F101064CBF4F
:10E0C00001239B7FF6B284F8943207E004760300C4
:10E0D00000093D00000E270700010203022384F817
:10E0E0009A32FB0611D5AB19987FFF2840F0BD800E
:10E0F000012394F8970284F89A3204F02FF801383B
:10E10000C0B2013684F89B02F6B2B5F81B2012F0BB
:10E11000200300F0AE80A91991F8203091F8210079
:10E120001B0443EA0063887FC97F034343EA01235A
:10E13000311D0836C9B2C4F86832F6B2294491F8E4
:10E14000203091F821001B0443EA0063887FC97FD7
:10E15000034343EA012312F48072C4F86C3200F0E6
:10E160000481834B02AF03F1100E3A46186808335E
:10E1700053F8041CBC467345ACE803006746F5D170
:10E180007C4F0DF1180C07F110086346386808370A
:10E1900057F8041CE6464745AEE80300F446F5D1BF
:10E1A000A91904F2732004F52177897F072963D820
:10E1B0000139062965D8DFE801F0808A91AAB1B853
:10E1C000BF00BDF80CA00DE6BDF80EA00AE6722156
:10E1D0008820F2F74BFBBDF80C9016E6BDF80E90C8
:10E1E00013E68321F4E74FF6FF790EE6002037E6C9
:10E1F000B7FBFAF7B8441FFA88F855E6B7FBF2F711
:10E20000FEB25BE6022659E6687A2A7A42EA0022E2
:10E21000A87A42EA004262F31703C4F850326B7BDB
:10E22000002B08BF202384F85E32AB78BB7384F8E0
:10E23000A01259E6EB783B74AB7C3B76EB7CFB762B
:10E24000F1E63B750D2694F82F3184F87A3184F885
:10E250007B3184F8C43184F8C53111E7D4F8D43067
:10E2600006221A730A225A731BE7002384F89A3293
:10E2700047E7C4F868326EE7802964D040F24A214B
:10E28000A6E7944606466546083603CD9D4246F805
:10E29000080C46F8041CAC46F5D11546083703CDEA
:10E2A0009D4247F8080C47F8041C2A46F5D1012383
:10E2B00084F870320FB0BDE8F08F10220F210EF0FD
:10E2C000D1FE10220F2138460EF0CCFEEFE71022CF
:10E2D00055210EF0C7FE10225521F4E71E460546D3
:10E2E0000DF1280C3246083503CA624545F8080C82
:10E2F00045F8041C1646F5D11A46083703CA62458C
:10E3000047F8080C47F8041C1346F5D1CFE7102254
:10E31000FF210EF0A7FE1022FF21D4E710220021DA
:10E320000EF0A0FE10220021CDE71022F0210EF009
:10E3300099FE1022F021C6E71022AA210EF092FECB
:10E340001022AA21BFE71F3635442B4605F11002E3
:10E3500053F8041B934240F8041BF9D155F8043BD1
:10E36000954247F8043BF9D1A1E784F87022A1E770
:10E370002BC603000776030038B500F5297504465F
:10E3800028460CF0C2F948B9B4F86432284604496A
:10E39000A4F8AE32BDE838400CF0ABB938BD00BFD0
:10E3A00045C9010090F8C53190F8C41199420BD0CD
:10E3B00003F1010C5FFA8CFC034480F8C5C1012015
:10E3C00093F8C63113707047002390F8B01280F8AC
:10E3D000C53129B101394FF0010C80F8B012EBE7DB
:10E3E0000846704790F87B3190F87A219A4207D01E
:10E3F0005A1C0344D2B280F87B2193F87C01704709
:10E4000000230122034480F87B2193F87C017047AC
:10E4100038B5044690F8C53190F8C40115469842C5
:10E4200008D05A1C2344012084F8C52193F8C63132
:10E430002B7038BD94F8B0020028FAD0013804F1EE
:10E44000DA0284F8B00204F5E27002F0C5FE94F836
:10E45000C531E6E710B590F87B31044690F87A2193
:10E460009A4206D05A1C234484F87B2193F87C01FD
:10E4700010BD00F1DA0200F5BD7002F0BFFD94F8A6
:10E480007B315A1C234484F87B2193F87C0110BD16
:10E490005E21A62008B5F2F7E9F900BF2DE9F04F9B
:10E4A0000023054687B000F50670B5F81842C5F898
:10E4B000C830C5F8C030A5F8CC30C5F8D03004F06D
:10E4C00047FBB5F86032A5F818420DF11601284651
:10E4D000ADF81630FFF790FBB5F86042BDF8168036
:10E4E0000228A8EB04085FFA88F800F0D980012818
:10E4F00004D1042385F86232B5F86042D5F8D4908F
:10E5000099F81430022B00F0C6806D4BDFF8B4A1EF
:10E51000009399F81030002B00F0CB8005F2B22662
:10E52000694F334656469A4697F800B0214628462A
:10E5300004FB0BFBB04701340AF80B00B5F860028E
:10E54000A4B299F81030844603449C42ECDB99F85D
:10E550000EA0002295F8A03285F8A0229A4528BF87
:10E560009A46431E54449BB2A4B2BAF1000F1AD08B
:10E57000D5F8D41005F2B226534FC97ACDE90280FE
:10E580000191397803F1FF3B019801FB03FE06EB93
:10E590000E0898F8018080453AD092451FFA8BF317
:10E5A000EFD8DDE9028008EB0C03A34240F384803E
:10E5B00005F2B226444F12E0009B9847002858D03D
:10E5C000D34504D095F8A032013385F8A032013448
:10E5D000B5F86032A4B203EB0802944229DA97F846
:10E5E00000C0214699F80FA0284604FB0CFC06EB5E
:10E5F0000C0292F801B0D345DED1BAF1010FDBD1A4
:10E6000095F8C5312B4493F8C53106F80C30DEE798
:10E61000013216F80EE01FFA8BF3D2B2A4EB020817
:10E6200092451FFA88F801FB08F106F801E0A8D826
:10E63000B7E7E41AE4B295F8C52195F8C4319A42D7
:10E6400032D0D5F8D43085F8B0401B7CA3421ED21E
:10E65000B5F860321C44A4B2FF2C06D81A4A002335
:10E66000127804FB025585F8B332012007B0BDE8EB
:10E67000F08FB5F86032E31ADCB2042385F8623219
:10E68000D5F8D43085F8B0401B7CA342E0D30020FD
:10E6900007B0BDE8F08F0D4BDFF834A0009338E7EA
:10E6A000002085F8B080F3E795F8B032002BC8D190
:10E6B000E3E7A44620464AE7201AC4B2BBE700BFFE
:10E6C00011E4000055E40000481C0020A5E3000010
:10E6D000E5E30000D0F8D4302DE9F04190F8B02007
:10E6E00084B01B7C9A4271D90446414806F0F8FE7A
:10E6F000002866D106238DF80E0003A8ADF80C3073
:10E7000006F0DCFE002866D1D4F8D4300121394A65
:10E710005E7CDF7C94F9D95094F87182117004F01A
:10E720001FFC434600903A4631462846FEF772FEEB
:10E73000B0F5D57F0DDB94F82032032262F3071386
:10E7400084F82032042384F86232002004B0BDE84B
:10E75000F08140F2A9131B1A5B01C4F8BC30FEF72C
:10E76000DBFD03A806F0B6FEC8BB9DF80C3003F035
:10E770000603062B0ED094F82032032262F307130F
:10E7800084F8203294F86232042BDED0204603F065
:10E79000A1FCDAE7204601F0F7FF28B1012822D1D9
:10E7A000012004B0BDE8F08102F024F80028FBD07D
:10E7B0000128F5D00228C8D04FF4CE71A620F2F778
:10E7C00055F84FF4AB71A620F2F750F84FF4A97149
:10E7D000A620F2F74BF85521A620F2F747F864215E
:10E7E000A620F2F743F840F28511A620F2F73EF892
:10E7F00091E400000D26002008B501F0FBFF002881
:10E80000FBD0012802D0022801D1002008BD4FF41E
:10E81000CE71A620F2F72AF808B501F0EBFF4FF40D
:10E82000D371A620F2F722F810B50F4CFEF7D6FAF6
:10E83000FEF724FAFEF71EFCFEF77EFDFEF7DEFE75
:10E8400023781BB106F040FE28B92070002006F0A6
:10E8500047FE20B910BD6C21A620F2F707F86F2102
:10E86000A620F2F703F800BF0D2600202DE9F043A3
:10E8700090F85D3283B090F85E22044601330D4675
:10E88000DBB29A4280F85D3202D8042380F862320B
:10E89000B4F860220D2194F8B03020461344A4F857
:10E8A0006032F2F7D7FC0E210746F2F779FCD4F874
:10E8B000D4300646B4F860221B7C1344FF2B00F3CF
:10E8C000928040F6FF739F4265D0694638460BF050
:10E8D000B0F8002840F0B88096F83E314FF0000EB6
:10E8E00094F85D22B6F83A11B6F85081B2FBF3FC09
:10E8F00003FB1C22019B5FFA8CFCD2B2DF69A2FBF6
:10E90000012193009B1841EB0E0EDB004FEACE0E67
:10E910009B1A6EEB010E4FEA0E1E4EEA137E1B0190
:10E920009B18B6F83821B4F8546241EB0E0ED4F8B7
:10E93000D41002FB07F7D4F8C42091F81090C9FB5B
:10E940000620ECFB0720D71840F271234FF0000996
:10E9500003FB08F840EB0E06474576EB090342D26D
:10E96000C87BFF280BD091F80EC094F8A02294F831
:10E970005C32944594BF43EA0C03134303B1C87A55
:10E9800004F5157103F074FCC01946F100068045CA
:10E9900079EB060627D394F8B030A4F81A5284F81D
:10E9A000213294F86232DBB294F86622042BD2B2A0
:10E9B0001DD004F5097528460BF0A7FE88B304F2B4
:10E9C0003A2528460BF0A1FE50B3302384F82032BC
:10E9D000042384F862321F4904F20E2003B0BDE81C
:10E9E000F0430BF08CBE042384F86232D3E701239A
:10E9F00084F82232002ADCD0D4F8D42092F84B20BC
:10EA0000162A04D0282A09D0132A18BF0F2394F8F5
:10EA1000202263F3030284F82022CAE70323F6E7E7
:10EA20000120162204F5067302FB004407CBC4F84C
:10EA30002E022846C4F832120649C4F8362203B022
:10EA4000BDE8F0430BF052BE4FF4F271A620F1F78F
:10EA50000DFF00BF15DA00002DE9F047DFF81C813B
:10EA6000154604460F46FEF7C1FB0646D8F80000DF
:10EA7000D0F8D430DA7C012A1ED11B7FE3B1002FFD
:10EA800058D0FEF795FB6378C0F30F10022B00F40B
:10EA900000623FD0002A5CD1C0F30A0006F00F06E6
:10EAA00004EB8505020A002346EA0716E8722A737A
:10EAB000AE736B73BDE8F087B0F9CC2006F00F069B
:10EAC000217807F00F0704F09BF8637820F07F406F
:10EAD000022B0FD004EB8504C0F307232373A37B21
:10EAE000E072000C66F30303607367F30713A3730C
:10EAF000BDE8F08704EB8505C0F30723AB712B7AE3
:10EB00006871000C66F30303E87167F307132B7257
:10EB1000BDE8F08702B340F2FF7006F00F0604EB89
:10EB20008505020A002346EA07166871AA712E724B
:10EB3000EB71DDE7FEF736FB814685B1B8F80430AE
:10EB4000A8F8040008EB4508A0EB0309A8F8089012
:10EB500097E740F2FF70A1E7C0F30A00DDE794F801
:10EB600000A004F015F8C0F12A00A8F8049000FBFA
:10EB70000AFA09EB4A09A8F8089082E71026002053
:10EB800070B5174E346894F89A32022B0BD0012BD3
:10EB900094F89B5217D0D4F8B4305A78022A0CBF9C
:10EBA0001D719D7270BDB4F8CE1004F1DA02B4F894
:10EBB0006032194489B202F07BFC84F89B0234680D
:10EBC00094F89B52E7E7013503F0C8FA3468B5FBC7
:10EBD000F0F303FB1055EDB284F89B52DBE700BF66
:10EBE00010260020F8B5FEF7EFF8002834D01D4EAF
:10EBF000FEF7EAF93268D2F8D43092F871525A7CB2
:10EC0000012A24D0AD0023271A22EDB2DC7D022098
:10EC10005B7E144431692C443D441C44033401EBB5
:10EC200044112544FEF7E4F83169032001EB451156
:10EC3000FEF7DEF80C48FEF7A7F9FEF743FBFEF7F8
:10EC40008FF8FEF727FB094B0120B362F8BDED00FA
:10EC500038272C22EDB2D9E740F271518320F1F729
:10EC600005FE00BF102600202426002021060100FA
:10EC700070B51D4E346894F8703223BB94F871025D
:10EC800008B3B4F86032C000B4F8CE10C5B219446D
:10EC9000D4F8D430DB7C89B2B3B104F5217304F12C
:10ECA000DA02284602F006FF3268B4F8CE10284691
:10ECB000B2F8604202F273232144DA3289B2BDE82D
:10ECC000704002F0F7BE70BD04F2732304F1DA0263
:10ECD000284602F0EFFE3268B4F8CE102846B2F8AB
:10ECE000604202F52173E7E710260020F8B5294EAF
:10ECF0003568D5F8D420B5F86032147C1C449C42A9
:10ED000045DD2549D27C91F800C0F2B1012A39D104
:10ED10006FF07F0203FB0C5191F9B9128A4202DABB
:10ED20007F2918BF0A4601339BB29C42F2DC524253
:10ED3000D4B22046FEF778F93368C5F8D000D3F88E
:10ED4000D000FEF783F92046F8BD6FF07F0205F290
:10ED5000B22E124F0CFB03E090F9071091420CDD2C
:10ED60007F290AD0B0F9040020B100EB80025200E4
:10ED700097FBF2F00A46C5F8C80001339BB29C42EB
:10ED8000E8DCD4E74FF496618320F1F76FFD80242F
:10ED9000CFE700BF10260020481C002000CA9A3B85
:10EDA00010B5FEF777F8E0B1104CFEF76BF80DF0F8
:10EDB00022FD236884F8310093F89632012B08D99C
:10EDC0000620FEF72FF8FEF735F8094B0120A36265
:10EDD00010BDFEF769F8FEF76FF8064B0120A3623D
:10EDE00010BD40F25B618320F1F740FD102600204A
:10EDF00091FE000041FE000010B5FEF76DF868B10D
:10EE0000094CFEF761F80DF0F6FC84F83000FEF7CF
:10EE100021F8FEF76FFA054BA36210BD40F239717D
:10EE20008320F1F723FD00BF102600203D030100E1
:10EE300010B5FEF72FF8E0B1104CFEF723F80DF0F7
:10EE4000DAFC236884F8310093F89632012B08D954
:10EE50000620FDF7E7FFFDF7EDFF094B0120A36258
:10EE600010BDFDF77DFFFEF715FA064B0120A362EA
:10EE700010BD40F29B718320F1F7F8FC10260020B2
:10EE800019FF0000C1F7000038B5FDF79DFF50B332
:10EE9000174CFEF717FAFEF797F802202368D3F80D
:10EEA000D420557CD37D012D527E14BF1A212C21F4
:10EEB0000B4421691344033301EB4311FDF798FF21
:10EEC0002846FEF725F904F11400FEF75DF8FDF77A
:10EED0004FFFFDF7BFFFFEF7CDF9FEF70BFA054B2D
:10EEE0000120A36238BD40F2F3218320F1F7BEFC7C
:10EEF0001026002085FC000010B5FDF7EDFF80B165
:10EF00000A4CFDF7E1FF206800F27220FEF73CF8A2
:10EF10000020FDF7F7FEFEF7BDF9054B0120A362C7
:10EF200010BD40F2AB318320F1F7A0FC1026002089
:10EF3000D5FC000010B5FDF735FF90B10B4CFEF786
:10EF4000D1F9206800F27220FEF71EF80020FDF7CC
:10EF5000D9FEFDF705FFFEF79DF9054B0120A362E1
:10EF600010BD40F2C9518320F1F780FC102600202B
:10EF7000B904010010B5314C82B02368D3F86C128B
:10EF8000D3F868C293F8992293F89802CDE900C1AA
:10EF900022BB0138C0B2FEF71BFBDDE90032134390
:10EFA0002CD02368D3F8D430DB7C002B38D0012B55
:10EFB0003ED1DDE90001FDF7C3FF01992368009A06
:10EFC0000029B4BF0A210521002A83F87212B4BFB8
:10EFD0000A22052283F8832202B010BD93F89622FC
:10EFE000B0FBF2F102FB1100C0B2421C83F8982280
:10EFF000FEF7EEFADDE900321343D2D1216801AB0E
:10F000006A46B1F8CE00DA31B1F886C1604480B208
:10F0100002F0C2F92368D3F8D430DB7C002BC6D1D0
:10F02000DDE90010FDF78CFF00992368019AC7E71E
:10F030004FF420718320F1F719FC00BF1026002047
:10F040002DE9F047334CD4F80090D9F8D460707CA7
:10F05000012857D0DFF8C0804FF0200A18251A2762
:10F06000FDF74EFFD9F8B4301878FDF761FFF37D56
:10F070002269002002EB431202EB08014FEA431819
:10F08000FDF7B6FE2369022008EB0301A1EB0A019C
:10F09000FDF7AEFE206800F27220FDF775FFFFF766
:10F0A00069FFFDF765FEFDF75BFEFDF785FEFEF7E8
:10F0B0001FF80D212068F2F7CDF80E21F2F770F855
:10F0C000D9F8B4301B78192B8CBF053B023BDBB25F
:10F0D000C056FEF799FAF37D727E04203B44216905
:10F0E000053301F5087113442B4401EB4311FDF77F
:10F0F0007FFEFDF75FFFFEF7DDF8084B0120A362FE
:10F10000BDE8F087DFF818804FF0340A2A252C2755
:10F11000A6E700BF10260020C0FAFFFF89EE00001E
:10F12000ACFAFFFF2DE9F0472A4D2C68D4F8D460E3
:10F13000707C012846D04FF07408274F4FF020090B
:10F140004FF01A0AFDF7DCFED4F8B4301878FDF75A
:10F15000EFFE2969F37D0120A1F5AC6101EB4311BC
:10F16000FDF746FE1D48FDF70FFFFFF703FF0120E7
:10F17000FDF7C8FDFDF798FEFDF7FAFDFDF7F0FD80
:10F18000F47D737E0020544405341C442B69F91827
:10F19000660101EB44114444FDF72AFE296902206F
:10F1A000A1EB09013144FDF723FE2969032001EB9E
:10F1B0004411FDF71DFEFDF77FFE094B0120AB62F8
:10F1C000BDE8F0874FF08608064F4FF034094FF046
:10F1D0002C0AB7E710260020E0FDFFFF24260020C0
:10F1E000F9EE0000CCFDFFFF70B5224C2668D6F882
:10F1F000D450687CFDF784FED6F8B4301878FDF75B
:10F2000097FE2369E97D0120A3F5AC6303EB41116F
:10F21000FDF7EEFDFDF7E2FE0A20FDF729FD04F102
:10F220001400FDF7B1FEFDF7A3FDFDF799FD0120E8
:10F23000FDF768FDFFF79EFE2268D6F8C400D2F8FD
:10F24000D420EB7D527C03EB40032169012A4FF06F
:10F25000030014BF1C223122134401EB4311FDF7BC
:10F26000C7FD054BA362FEF715F8FEF703F8012072
:10F2700070BD00BF10260020EDF800002DE9F04120
:10F28000294C2368D3F8D4506E7C012E48D0DFF887
:10F290009C8020273046FDF733FE2368D3F8B43036
:10F2A0001878FDF745FEEB7D226900205D0102EB39
:10F2B000431202EB0801FDF79BFDFDF721FF2369D7
:10F2C0000220E918C91BFDF793FDFDF773FEFFF758
:10F2D00051FE206800F27220FDF756FE236830468A
:10F2E00093F87112FDF73CFEFFF7C2FC2568FEF7AC
:10F2F0006FF8FEF72BF905F5217095F87112FEF7FE
:10F3000035F9FEF755F9FEF75DF8FDF731FDFDF72C
:10F3100053FDFDF7CFFF064B0120A362BDE8F0814E
:10F32000DFF810803427B5E710260020C0FAFFFF71
:10F33000E5EB0000ACFAFFFF2DE9F84F3C4D2B68E0
:10F34000D3F8D44093F8717294F81180B8F1010F9A
:10F3500065D0BF00DFF8DC904FF0200A1A26FFB21C
:10F360004046FDF7CDFD2B68D3F8B4301878FDF793
:10F37000DFFD94F817B029690120ABF1020BA1F56C
:10F38000A46101EB4B11FDF733FDFDF7B9FE012040
:10F39000FDF7B8FC647E2B690020073409EB0301FC
:10F3A0005C4434443E443C4401EB44112644FDF7A4
:10F3B0001FFD29694FEA44190220A1EB0A014944C3
:10F3C000FDF716FD2969032001EB4611FDF710FD3D
:10F3D000FFF7D0FD1848FDF7D7FD2B68404693F89E
:10F3E0007112FDF7BDFDFFF743FC2C68FDF7F0FF40
:10F3F000FEF7ACF804F5217094F87112FEF7B6F838
:10F40000FEF7D6F8FDF7DEFFFDF7C4FCFDF7B0FC14
:10F41000FDF760FF094B0120AB62BDE8F88FFF00EC
:10F42000DFF81C904FF0340A2C26FFB298E700BF9B
:10F4300010260020E0FDFFFF2426002035EF00000D
:10F44000CCFDFFFFF0B51E4F83B0FDF799FC0646DB
:10F45000FEF7A4F80546384650F8144B94F871228C
:10F4600004F2832101320DF0D6FD97F82E20B0FA78
:10F4700080F30020023A66F307005B09012AD4F802
:10F48000B42065F30F208CBF0121022163F31740E4
:10F490005378012B61F31F6007D0032B05D04BB9C4
:10F4A00094F89832137203B0F0BD94F89832537206
:10F4B00003B0F0BD4FF40B718320F1F7D7F900BF13
:10F4C000102600202DE9F0415F4D01232C68D4F86F
:10F4D000B4209370B4F8CE30C4F8B82001339BB296
:10F4E000A4F8CE3078BB94F8B0209A4226D994F88C
:10F4F0002062FDF743FF0F2E20D8F8B92968B4F831
:10F50000CE30B1F8600201F2B222D1F8D410034437
:10F510004E489BB2007800FB0323C4F8B430CF7C84
:10F520005E78FDF70BFC002F55D0012F7BD1032E09
:10F5300000F28380DFE806F047413B3500230220DC
:10F54000AB62BDE8F0815278032A7BD8DFE802F095
:10F5500025211D02B4F85A225201D4F8C0100A44E1
:10F56000D4F8D410C4F8C020C87C002831D1097C5C
:10F57000994205D8D4F8C81011B192FBF1F1521A92
:10F58000D4F8BC1011442961ADE7B4F858225201F7
:10F59000E3E7B4F856225201DFE7B4F854225201EF
:10F5A000DBE72B4B1B68BDE8F0415B681847294B34
:10F5B0001B68BDE8F041DB681847264B1B68BDE8B7
:10F5C000F0419B681847234B1B68BDE8F0415B681E
:10F5D00018472A6187E72D68D4F8B430B5F91E02C0
:10F5E0001978FDF723FEA5F8CC00032E20D8DFE81C
:10F5F00006F0140E0802164B1B68BDE8F0411B68AC
:10F600001847154B1B68BDE8F041DB681847124BE3
:10F610001B68BDE8F0419B6818470F4B1B68BDE8AD
:10F62000F0415B6818474FF432618320F1F71EF90F
:10F6300040F603318320F1F719F940F619318320A0
:10F64000F1F714F9002288E710260020481C00205A
:10F65000A02E00209C2E0020982E002070B5FDF7D3
:10F6600045FC002800F0A080544CFDF74DFE94F8B6
:10F670002E3094F82C20012B4AD9023B012B00F2AA
:10F68000988023680221D3F8B400FFF7E5F9FDF76D
:10F690008BFC0120FFF716FF94F8303013B194F87B
:10F6A0003130A3BB2368D3F8B84093F897526278FF
:10F6B000A5F10903022ADBB231D0F52B59D8013567
:10F6C00004F10B034FF0000CEEB2C5F346051968C8
:10F6D0000CF1010C5A68083321F070615FFA8CFE5E
:10F6E00022F0706241F00071AE4542F0007243F8C2
:10F6F000081C43F8042CEAD3F30708D506F0FE06ED
:10F70000022204EB8606B37B62F30303B37370BD7E
:10F7100023680121D3F8B400FFF79EF9B7E7F52B72
:10F7200035D80135631D4FF0000CEEB2C5F3460528
:10F7300019680CF1010C5A68083321F070615FFA06
:10F740008CFE22F0706241F00071AE4542F0007212
:10F7500043F8081C43F8042CEAD3F207D7D506F087
:10F76000FE06022204EB8606337A62F30303337249
:10F7700070BD00220226134604EB83030132997BFD
:10F7800066F303019973D3B29D42F5D270BD002197
:10F790000B4604EB830301311E7A62F303061E72EB
:10F7A000CBB29D42F5D270BD40F2D2618320F1F719
:10F7B0005DF840F2E3618320F1F758F8102600204D
:10F7C00070B5FDF7C3FA002800F08980FDF76AFDE7
:10F7D0000120FFF777FE444B93F83020AABB1B684B
:10F7E000D3F8B84093F897526278A5F10903022A3A
:10F7F000DBB22FD0F52B57D8013504F10B034FF0B6
:10F80000000CEEB2C5F3460519680CF1010C5A68FC
:10F81000083321F070615FFA8CFE22F0706241F0D3
:10F820000071AE4542F0007243F8081C43F8042C06
:10F83000EAD3F30708D506F0FE06022204EB86069B
:10F84000B37B62F30303B37370BD93F83120002AD6
:10F85000FAD1C4E7F52B35D80135631D4FF0000C04
:10F86000EEB2C5F3460519680CF1010C5A6808336D
:10F8700021F070615FFA8CFE22F0706241F000713D
:10F88000AE4542F0007243F8081C43F8042CEAD35A
:10F89000F207D9D506F0FE06022204EB8606337A7B
:10F8A00062F30303337270BD00220226134604EB99
:10F8B00083030132997B66F303019973D3B29D42AE
:10F8C000F5D270BD00210B4604EB830301311E7A93
:10F8D00062F303061E72CBB29D42F5D270BD40F2B8
:10F8E000D3718320F0F7C2FF102600202DE9F04FDE
:10F8F00085B0FDF7C7FCFDF743FA002800F08480CF
:10F9000000210320FDF774FAFDF720FA002840F0EB
:10F910000D818D4C2568D5F8D49099F81130012BC4
:10F9200000F0EA806FF43E734FF01A086FF05F0B3F
:10F93000864F01931333404603936FF057030293AE
:10F940002023009399F8193003F15F0603F1050AAB
:10F950000644FDF735FE2368D3F8D43093F811C080
:10F96000002800F0B680BCF1010F00F0C280DDF885
:10F9700008B007EB4A1700204FEA4A1AC4F810B043
:10F9800007EB0B01FDF734FA2369009A0220534478
:10F99000991AFDF72DFA2169032001EB4611FDF7B5
:10F9A00027FA99F8193022690A204344643302EB9C
:10F9B00043122261FDF756F9FDF71CFB0120FDF70C
:10F9C0001FFA034600210120C5F8C830FDF710FAE0
:10F9D000206800F27220FDF7D7FA0020FDF792F9B7
:10F9E0000020FDF79DF9D5F8B460FDF7D3FA0022A9
:10F9F000F071D5F8B4309A71FDF7B2F9544B01208B
:10FA0000A36205B0BDE8F08FFDF7A0F9002800F073
:10FA100088804D4C012047F602712368D3F8B4204A
:10FA200090705078D18001281FD003281DD0002865
:10FA300040F0848093F89812B3F854521172D3F8BE
:10FA4000C410B5EB410F1AD293F82022022161F3C2
:10FA5000071283F8202293F86232042B40D1002051
:10FA600005B0BDE8F04FFFF72DBD93F89812517225
:10FA7000D3F8C410B3F85452B5EB410FE4D3B3F844
:10FA8000CE10D3F8D4600131367CB142DCDA0328E1
:10FA9000266950D0012841D006EB45152D4889B282
:10FAA000C3F8B820256103F2B222B3F86042A3F88C
:10FAB000CE1021440078C3F8C05089B200FB012267
:10FAC00025490968C3F8B4200B6805B0BDE8F04FBC
:10FAD0001847BCF1010F7FF44CAFDDF804B048E7E4
:10FAE000206802F0F7FA002005B0BDE8F04FFFF7FC
:10FAF000E9BC039B0193F0E76FF0B8034FF02C08CB
:10FB00004FF4F07B154F01936FF0A503404603932C
:10FB100040F2E71302933423009313E7B3F85652ED
:10FB2000BAE740F275418320F0F7A0FE40F26E4143
:10FB30008320F0F79BFEB3F85A52ADE74FF40B71F8
:10FB40008320F0F793FE00BF10260020E0FDFFFFAA
:10FB50009DFD0000481C00209C2E0020CCFDFFFFD6
:10FB6000F8B5444D2E68FDF7C1F900287DD0FDF7AA
:10FB7000CBFBFDF76FF9FDF729FB0446FDF714FAFF
:10FB8000D6F8B42092F907307F2B2DD03A49E317ED
:10FB900081FB04140021C3EBA4031BB22C689380E7
:10FBA0009171B4F8CE30D4F8D4200133127C934252
:10FBB0001DD0D4F8B4305A78012A0CD0032A0AD0C8
:10FBC000002A4DD12A68012092F898221A72BDE8C5
:10FBD000F840FFF777BC2A68012092F898225A7201
:10FBE000BDE8F840FFF76EBC244B0221D6E7FFF7D3
:10FBF0007DF82E6807460CF00CFE296886F81C027A
:10FC0000D1F8D400B1F8603290F810C09C449C4503
:10FC10000FDD1B4A167803E001339BB29C4508DDDB
:10FC200003FB0612B2F9B62212F5804FF4D0A1F808
:10FC30001E22802F02D0FDF7EDFCBAE7037EA42B35
:10FC4000F9D091F82032022262F3071381F82032B2
:10FC500091F86232042BEED0286802F03BFAEAE712
:10FC60004FF40B718320F0F701FE40F23D31832009
:10FC7000F0F7FCFD102600206766666600C0FFFFF7
:10FC8000481C002070B5114C2368D3F8D430587C40
:10FC9000FDF778FAFDF7F6FAFDF772F840B9236838
:10FCA0007F22D3F8B430BDE87040DA71FFF758BF57
:10FCB000FDF720FB23680546D3F8B460FDF76AF929
:10FCC000034BF0712846A36270BD00BF10260020D0
:10FCD00061FB0000F8B5FDF739F8002856D02E4C2E
:10FCE000FDF7E0FA2368D3F8B450FDF749F850BBAC
:10FCF000236847F60272D3F8B430DA80FDF784F94E
:10FD00002568B5F8CE30D5F8D4200133127C934263
:10FD100022D0D5F8B4305A78012A0BD0032A09D062
:10FD20007ABB2268012092F898221A72BDE8F84046
:10FD3000FFF7C8BB2268012092F898225A72BDE8EA
:10FD4000F840FFF7BFBBFDF725F92368E8710022F3
:10FD5000D3F8B4309A71D1E7FEF7C8FF064627689A
:10FD60000CF057FD802E87F81C02D2D120680222A9
:10FD700090F8203262F3071380F8203202F0AAF9DB
:10FD8000C7E74FF40B718320F0F770FD4FF46F71EC
:10FD90008320F0F76BFD00BF10260020F8B5FCF7BC
:10FDA000D5FF002844D0254DFDF77CFAFDF72CF94E
:10FDB0002C682969B4F8CE30D4F8D4200133C4F8C3
:10FDC000C010127C934219D0D4F8B4305A78012A6A
:10FDD0000BD0032A09D032BB2A68002092F898225F
:10FDE0001A72BDE8F840FFF76DBB2A68002092F850
:10FDF00098225A72BDE8F840FFF764BBFEF776FF21
:10FE000006462F680CF005FD802E87F81C02DBD11A
:10FE10002868022290F8203262F3071380F820321B
:10FE200002F058F9D0E74FF40B718320F0F71EFD74
:10FE300040F27E418320F0F719FD00BF102600201C
:10FE400010B5114C0021206884F82D1002F098F9AB
:10FE5000FDF7BEFB94F82D30013384F82D30FDF70B
:10FE60003BF860B1FDF730F80CF0C5FC84F83000C9
:10FE7000FCF7F0FFFDF73EFA044BA36210BD40F221
:10FE800093618320F0F7F2FC10260020F5030100B7
:10FE900010B51E4C94F82D10206802F071F9FDF792
:10FEA00097FB94F82D300620013384F82D30FCF7B1
:10FEB000AFFF28B3226894F82D3092F89712994238
:10FEC00014D0D2F8D420D17E107ED27D084421698E
:10FED00003FB0023062001EB4311FCF789FF0620FA
:10FEE000FCF7A0FF0A4B0120A36210BDFCF7AAFF9C
:10FEF000FCF7DAFFFCF7E0FF064B0120A36210BD20
:10FF00004FF4CF618320F0F7B1FC00BF1026002032
:10FF100091FE000041FE000038B52B4D95F82D10E4
:10FF2000286802F02DF9FDF753FB95F82D300620D7
:10FF3000013385F82D30FCF76BFF002839D00620FF
:10FF4000FCF770FF2B6895F82DC093F89742A445F5
:10FF500025D0D3F8D420137F5BB105EB4C0CBCF853
:10FF60000600FCF7BFFE48B32B6895F82DC0D3F808
:10FF7000D420137ED07ED17D1844927E04FB0003F2
:10FF80000B4429690533134400FB0C33062001EBB5
:10FF90004311FCF72DFF0D4B0120AB6238BDFCF780
:10FFA00051FFFCF7DDFEFDF775F9094B0120AB624F
:10FFB00038BD40F2B7718320F0F758FC40F2C671AB
:10FFC0008320F0F753FC00BF1026002019FF00002B
:10FFD000C1F7000010B5FCF789FF00283AD0254C86
:10FFE000FDF792F994F82E3094F82C20032B3BD88F
:10FFF000DFE803F02902290223680221D3F8B400C4
:020000040001F9
:10000000FEF72AFD0021206884F82D1002F0B8F8D0
:10001000FDF7DEFA94F82D3022680133D2F8D420AF
:10002000DBB2127F84F82D302AB104EB4303D88869
:10003000FCF758FE98B1FCF715FFFCF71BFF0E4BC1
:100040000120A36210BD23680121D3F8B400FEF79C
:1000500003FDD7E740F276718320F0F707FC4FF4F9
:10006000F2618320F0F702FC40F287718320F0F701
:10007000FDFB00BF1026002031EE00002DE9F84303
:10008000514C4FF000080120236884F82C80D3F8ED
:10009000B420D3F8D4501778B3F9CC9093F8976282
:1000A000FCF72EFF3846FCF743FF2169404695F8E0
:1000B0001780A1F5A46101EB4811FCF799FEFDF74B
:1000C0006BF839462F7E4A462068023F02F072FDE7
:1000D00002460120FFB23946FDF72AF83046FEF706
:1000E0004FFD206890F89432FF2B5FD0042B55D041
:1000F00084F82E30002184F82D1002F041F8FDF72D
:1001000067FA94F82D30013384F82D30236893F882
:100110009632012B09D92B7E0620EA7E43442169C1
:10012000134401EB4311FCF763FE2A7EEB7E216949
:100130001344EA7D06FB0336B71894F82E2012F01C
:10014000FD0F25D1FB1A012001EB4311FCF750FEF6
:10015000EB7E0420AE7E21691E44403106363E44CB
:1001600001EB4611FCF744FE2A7EEB7E0520216957
:1001700013444031334401EB4311FCF739FE134B78
:10018000A362FCF76FFEFCF775FE0120BDE8F88363
:1001900001EB47110120FCF72BFED9E794F82E3034
:1001A000013303F0030384F82E30A3E7B0F8CE3018
:1001B00000F1DA01B0F86022134498B201F0D2FBEA
:1001C00084F82E00206895E710260020A1ED00009D
:1001D0002DE9F843574C012000252368D3F8B420BB
:1001E000D3F8D4601778FCF78BFE3846FCF7A0FEF6
:1001F000236884F82C5093F89782FCF7CDFF206891
:10020000D0F8D4301A7F002A00F085802A46317E4B
:10021000012008F101070239C9B2FCF789FF216901
:1002200096F817900120A1F5A46101EB4911FCF7A4
:10023000DFFDF57E216904204D444031013501EB9D
:100240004511FCF7D5FD327EF37E0520216913446C
:1002500040312B4401EB4311FCF7CAFD337EF57EA0
:10026000002021691D44B37EA1F500714B4408FBB9
:10027000055505331D4401EB4511FCF7B9FD40461A
:10028000FEF77EFC0021206884F82D1001F078FF35
:10029000FDF79EF994F82D302168013384F82D3054
:1002A00091F89632012B0AD9F37E0620327E21691D
:1002B00013442B4401EB4311FCF79AFD216891F89C
:1002C0009402FF282CD0042804D194F82E00013089
:1002D00000F0030084F82E000238F37EC0B2327EB4
:1002E00021691344012803FB07550ED9ED1A032099
:1002F00001EB4511FCF77CFDFCF7D6FDFCF7DCFDBE
:100300000D4B0120A362BDE8F88301EB45110320EA
:10031000FCF76EFDF0E7394602F04CFC024676E74A
:10032000B1F8CE00DA31B1F88631184480B201F06C
:1003300019FBCFE710260020F9ED0000F8B52A4C94
:1003400094F82C302068013390F89772DBB2BB42EE
:1003500084F82C3003D290F89632012B33D8FCF776
:10036000C5FD00283BD0FCF775FD94F82C50FCF738
:10037000C1FF94F82C20013D0646BA42EDB20AD3E3
:100380001A4923682A46A1620021D3F8B400FEF777
:1003900063FB3046F8BD23682169D3F8D4004031AF
:1003A000C77E037EC07D3B44013002FB03333844EB
:1003B000034401EB4311D30754BF05200420FCF78D
:1003C00017FD0B49DDE794F82D1001F0D9FEFDF77C
:1003D000FFF894F82D30013384F82D30BFE740F258
:1003E00051718320F0F742FA10260020D5FF00005B
:1003F0003D030100F8B52D4C94F82C3020680133F2
:1004000090F89762DBB2B34284F82C3003D290F8B4
:100410009632012B39D8FCF769FD002841D0FCF752
:1004200019FDFCF767FF94F82C200546B2420BD368
:100430001F4BA3622368013A0021D3F8B400D2B263
:10044000FEF70AFB2846F8BD23682169D3F8D4706B
:10045000403197F81BC03B7E634402FB033006FB30
:100460000336FB7DBF7E3B44063333446344034481
:1004700001EB4311D30754BF05200420FCF7B8FC5F
:100480000C4B94F82C20A362D4E794F82D1001F0C3
:1004900077FEFDF79DF894F82D30013384F82D3068
:1004A000B9E740F2AD618320F0F7E0F910260020B3
:1004B0005DF60000F50301002DE9F04383B0FCF781
:1004C00045FC002800F0A380FCF7ECFE524FFEF73D
:1004D000B9FF034601200093FEF7F4FF3E6805468E
:1004E0004FF602717F20D6F8D4404FF400429DF8B9
:1004F000003094F81190D6F8B8409DF801C09DF8EE
:1005000002E09DF803802072E180A280002B4DD094
:10051000BCF1000F4AD0BEF1000F47D0FDF750F8F4
:10052000002843D03A68D2F8D430DB7C002B45D188
:10053000B9F1010F96F871325FD09B001A21DBB23E
:100540000B44D2F8C890DEB202F01EFD01A9036888
:1005500038689847012829D061783B680129D3F889
:10056000D42027D093F8971206F11907D37E107E76
:1005700008EB4101927E0344174401FB0377274BAC
:10058000019803FB070602F0FFFC03464946384684
:100590005B689847304400F50043B3F5803F05D2CF
:1005A000A080FCF7F7FC00232072A371284603B05B
:1005B000BDE8F083731D527E9F18E0E702F0EAFC6D
:1005C00001A90368386898470128EFD061783B6833
:1005D00001290198D3F8D42013D093F89732117ED3
:1005E00008EB4308D37E927E0B4408FB03F31933D8
:1005F00013440A4A02FB0300CDE7DB002C21DBB2E7
:100600009EE7537E054A053302FB0300C3E740F231
:10061000D9518320F0F72AF91026002030F8FFFF87
:100620002DE9F04383B0FCF791FB002800F0A38094
:10063000FCF738FE524FFEF705FF034601200093FA
:10064000FEF740FF3E6805464FF602717F20D6F860
:10065000D4404FF400429DF8003094F81190D6F841
:10066000B8409DF801C09DF802E09DF8038020721B
:10067000E180A280002B4DD0BCF1000F4AD0BEF12A
:10068000000F47D0FCF79CFF002843D03A68D2F80F
:10069000D430DB7C002B45D1B9F1010F96F87132D3
:1006A0005FD09B001A21DBB20B44D2F8C890DEB2B7
:1006B00002F06AFC01A9036838689847012829D02C
:1006C00061783B680129D3F8D42027D093F897129A
:1006D00006F11907D37E107E08EB4101927E034498
:1006E000174401FB0377274B019803FB070602F031
:1006F0004BFC0346494638465B689847304400F552
:100700000043B3F5803F05D2A080FCF743FC0023F3
:100710002072A371284603B0BDE8F083731D527E9A
:100720009F18E0E702F036FC01A903683868984793
:100730000128EFD061783B6801290198D3F8D420D3
:1007400013D093F89732117E08EB4308D37E927E44
:100750000B4408FB03F3193313440A4A02FB03005A
:10076000CDE7DB002C21DBB29EE7537E054A053343
:1007700002FB0300C3E740F28E518320F0F776F8C6
:100780001026002030F8FFFF164A0023D0F8BCC026
:100790001549C2F810C04FF0070CA0F8CE30C0F8D1
:1007A000B83000F2B2230978106082F82EC0B0F899
:1007B000602201FB0233D0F8D420C0F8B430D37CDF
:1007C0002BB1012B07D1094B1B681B681847084B3D
:1007D0001B685B68184740F63C31832010B5F0F782
:1007E00045F800BF10260020481C00209C2E002049
:1007F000982E0020044B9B6A03B1184740F64931FC
:10080000832010B5F0F732F810260020014B024A81
:100810001A607047982E00202C080100014B024AF4
:100820001A6070479C2E00203C0801000000000068
:1008300041F000007DF200007D000100E9F10000C0
:1008400025F1000039F30000D101010040F223310D
:100850008C2008B5F0F70AF8F0B504468DB00069B1
:1008600061696D46A269E3690FC59DF80E202B46AC
:100870002146002009328DF80E206A4605F0D2FC90
:10088000AE4608AD4FF0FF3CBEE80F004FF0000E43
:1008900020606160A260E360C4F84BE0C4F84FE000
:1008A00084F853E0C4F842C0C4F846C084F84AC093
:1008B000C4F830C0C4F834C0C4F838C0C4F83CC070
:1008C000A4F840C084F854C00FCD20616161A261DA
:1008D000E3610DB0F0BD00BF2DE9F04F5F181C467D
:1008E000944687B097F842300E4605461A18802A7B
:1008F00000F283805FFA82F994F854208A4238D05B
:1009000001F118030DF10808616934F813C0C646F7
:10091000A269E3692069AEE80F0097F84B309DF8B3
:1009200017109DF815200B445FFA8CF18DF81730E5
:100930009DF8163033448DF816309DF8143003EBD3
:100940001C2394440A44DBB28DF815C0FF2A01D958
:100950000133DBB28DF8143041464E4B04F12002D6
:10096000204601930433009304230CF063FA97F8B4
:10097000423084F85460DE0813F0070313D00122DC
:10098000C3F108032644AA405B1B96F82010013AE5
:100990009A400A4042FA03F3109A137087F8429083
:1009A00007B0BDE8F08F4FEAD50805F00705B8F1AC
:1009B000010F1AD1A319109A93F820301370002D4B
:1009C000ECD001234444AB403444C5F10805013B5D
:1009D00094F82020AB401340109A2B4102F80830C5
:1009E00087F8429007B0BDE8F08F06F1200142463B
:1009F0001098214404F0DCFCE1E797F84BE00DF19E
:100A0000080804EB410B4FF0000A0EF1010EC1463D
:100A10005FFA8EFE87F84BE0E36920696169A2699D
:100A200087F842A0A9E80F00BBF83030634504D036
:100A3000D64687F84BA0ABF830C09DF817305FFA68
:100A40008CF19DF815209E449DF8163033448DF8A6
:100A500017E08DF816309DF8143003EB1C239444F6
:100A60000A44DBB28DF815C0FF2A01D90133DBB28D
:100A70008DF814304146074B04F120022046A94668
:100A800001930433009304230CF0D4F997F8423017
:100A90006FE700BF841100202DE9F04F8BB0BDF847
:100AA000504003920594159C002800F0E48098467D
:100AB00001F1FF3B01250027049074E004EB0806D8
:100AC00096F8423003F10802802A77D85FFA82F95B
:100AD00094F85420424538D008F118030DF1180A53
:100AE000616934F813E0D446A269E3692069ACE88F
:100AF0000F0096F84B309DF827109DF825200B44E9
:100B00005FFA8EF18DF827309DF8263043448DF83A
:100B100026309DF8243003EB1E2396440A44DBB2B2
:100B20008DF825E0FF2A01D90133DBB28DF824309E
:100B30005146524B04F120022046019304330093A6
:100B400004230CF077F996F842305A0784F8548061
:100B500030D104EBD30393F8203005FB03F21FFAE6
:100B600082FAD2B28DF818304FF4807386F8429032
:100B7000B3FBF5F305FB03F3C3F58073934269DC24
:100B80004FEA1A2AFBB203999A4501EB0A0202D0F6
:100B900011F80A30CB55029B013713706B1C049A75
:100BA000954268D01D461BF8013F012D029385D167
:100BB000039AF0E7002292461346D3E796F84BC01B
:100BC0000DF1180A4FF000090CF1010CD6465FFA3E
:100BD0008CFC86F84BC06169A269E369206986F8DC
:100BE0004290AEE80F0004EB48020599138E8B4249
:100BF00003D0CC4686F84B9011869DF82730059897
:100C00009C449DF826309DF82520C1B243448DF8C0
:100C100027C0114402448DF826309DF82430FF2966
:100C20008DF8252003EB1023DBB201D90133DBB2B1
:100C30008DF824305146114B04F1200220464FF02C
:100C4000080901930433009304230CF0F3F896F899
:100C500042307AE706AB059A4146082000932346C6
:100C6000FFF73AFE9DF8183005FB03F30AEB032368
:100C7000C3F3074A86E70BB0BDE8F08F841100206C
:100C80002DE9F04F90F8C431002690F8C5C189B025
:100C900090F8B02200F2B22AA3EB0C0C0E70D0F840
:100CA000D4505FFA8CFC834F2C7C03FB02C8B0F855
:100CB00060321C443B78A4B204FB03A35B78002B96
:100CC00000F0ED80B4F5807F48D8013400F1DA02FD
:100CD00081460591A4B2039235E09A4203D1059A68
:100CE0001378013313701FFA84FB0136BBF5807F44
:100CF000F6B232D0464530D23B7804FB03A35B7892
:100D0000022B77D0D9F8D420032B04922AD0012BC0
:100D100011D1917C022940F2B28003290BD107AD99
:100D2000039B5A46082120200095FFF7D5FD3B780C
:100D300004FB03A35B78013483B140F201118B45BE
:100D40000CD0D9F8D450EA7B012AC6D1012BCAD1E4
:100D50001FFA84FBBBF5807FCCD1FF26304609B05B
:100D6000BDE8F08F99F89732013B032B00F29C808D
:100D7000DFE803F03E24130207AD039B5A4604212B
:100D800008200095FFF7A8FD9DF81C3003EB4303F6
:100D9000DB0013F0F00F19D111E007AD039B5A46A9
:100DA000042108200095FFF797FD9DF81C3003EB08
:100DB00043035B0013F0FC0F08D100E007AD039B79
:100DC0005A46042108200095FFF786FD4FF00003E6
:100DD0005A46032102208DF81C300095039BFFF733
:100DE0007BFD049B9B7C022B51D9032B98D09EE763
:100DF00007ADEBE799F89732013B032B54D8DFE8B6
:100E000003F03C24130207AD039B5A46042108203B
:100E10000095FFF761FD9DF81C3003EB4303DB00F9
:100E200013F0F00F19D111E007AD039B5A460421CE
:100E300008200095FFF750FD9DF81C3003EB43039D
:100E40005B0013F0FC0F08D100E007AD039B5A468E
:100E5000042108200095FFF73FFD4FF000035A469C
:100E6000032102208DF81C300095039BFFF734FD11
:100E70003B7804FB03A35B785DE707ADEDE7002952
:100E80003FF459AF4FF4A1718C20EFF7EFFC002B2A
:100E90003FF44DAF40F25D118C20EFF7E7FC4FF4CB
:100EA000BE718C20EFF7E2FC40F2E6218C20EFF7D8
:100EB000DDFC00BF481C002010B51C4692B0C37B6F
:100EC00090F801C08DF80830837B8DF80930437BA2
:100ED0008DF80A30037B8DF80B30C37A8DF80C3017
:100EE000837A8DF80D30437A8DF80E30037A8DF8C1
:100EF0000F30C3798DF8103083798DF81130437934
:100F00008DF8123003798DF81330C3788DF81430D2
:100F100083788DF8153003788DF816C08DF817306A
:100F2000CB798DF800308B798DF801304B798DF8C5
:100F300002300B798DF80330CB788DF804308B7844
:100F40008DF805304B7809788DF80630D37B8DF815
:100F500007108DF81830917B537B8DF819108DF8A0
:100F60001A30117BD37A8DF81B108DF81C30917AD2
:100F7000537A8DF81D108DF81E300AAB117A507817
:100F80008DF81F10D1798DF8260002A88DF8201059
:100F900091798DF8211051798DF8221011798DF801
:100FA0002310D1788DF8241091788DF825101178C0
:100FB00006AA8DF82710694605F076F90DF1280C80
:100FC000BCE80F0020606160A260E360BCE80F0035
:100FD00020614FF0FF306161A261E36120636063D3
:100FE000A063E063A4F84000C4F84200C4F84600DF
:100FF00084F84A0084F8540012B010BD00232DE993
:10100000F04F144689B0437092F85520002A00F042
:1010100083808B4600F1020A04F156080125CDE9D0
:1010200002206EE094F8433003F10807802F7AD84D
:1010300094F85420FFB2012A35D00DF1100E6169E9
:10104000A269E36976462069B4F832C00FC694F805
:101050004C309DF81F109DF81D200B445FFA8CF159
:101060008DF81F309DF81E3001338DF81E309DF82D
:101070001C3003EB1C2394440A44DBB28DF81DC0E2
:10108000FF2A01D90133DBB28DF81C307146514B78
:1010900004F12002204601930433009304230BF053
:1010A000C9FE94F84330012284F854205A0736D1FF
:1010B00004EBD30393F8203005FB03F296B2D2B2CF
:1010C0008DF810304FF4807384F84370B3FBF5F360
:1010D00005FB03F3C3F58073934269DC360A6B1E8C
:1010E0000AEB0602DBB29E4204D0039B1AF80610FC
:1010F0000133595582F800906B1C029A95420BD02F
:101100001D46012D18F8019F8CD152466B1C82F8A8
:101110000090029A9542F3D109B0BDE8F08F002209
:1011200016461346CCE70DF1100E94F84C60A269F8
:10113000E3697746206901366169F6B20FC7628EAE
:10114000002384F84C605A4584F8433004D01E468E
:1011500084F84C30A4F832B09DF81F305FFA8BF160
:101160009DF81D201E449DF81E3011445A44013341
:101170008DF81F60FF298DF81D208DF81E309DF819
:101180001C3003EB1B23DBB201D90133DBB28DF83A
:101190001C3071460F4B04F12002204608270193B2
:1011A0000433009304230BF045FE94F843307AE7B0
:1011B00004AB5A460121082000932346FFF78CFB1D
:1011C0009DF8103005FB03F306EB0323C3F307463A
:1011D00085E700BF8411002000232DE9F04F14465D
:1011E00089B0437092F85520002A7CD08B4600F1DC
:1011F000020A04F156080125CDE9022068E094F8BE
:10120000423003F10807802F73D894F85420FFB2BE
:1012100082B30DF1100E6169A269E3697646206917
:10122000B4F830C00FC694F84B309DF81F109DF8ED
:101230001D200B445FFA8CF18DF81F309DF81C3097
:1012400003EB1C2394440A44DBB28DF81DC0FF2A33
:1012500001D90133DBB28DF81C3071464D4B04F1DE
:101260002002204601930433009304230BF0E2FD97
:1012700094F842300022590784F8542036D104EB08
:10128000D30393F8203005FB03F296B2D2B28DF867
:1012900010304FF4807384F84270B3FBF5F305FB14
:1012A00003F3C3F58073934263DC360A6B1E0AEBCB
:1012B0000602DBB29E4204D0039B1AF806100133EB
:1012C000595582F800906B1C029A95420BD01D462E
:1012D000012D18F8019F92D152466B1C82F80090A4
:1012E000029A9542F3D109B0BDE8F08F1646134635
:1012F000CDE70DF1100E94F84B60A269E3697746D3
:10130000206901366169F6B20FC7228E002384F886
:101310004B605A4584F8423004D01E4684F84B3066
:10132000A4F830B09DF81D205FFA8BF19DF81F30B6
:1013300011445A441E449DF81C30FF298DF81D208D
:1013400003EB1B238DF81F60DBB201D90133DBB245
:101350008DF81C3071460F4B04F1200220460827FF
:1013600001930433009304230BF064FD94F842309E
:1013700080E704AB5A460021082000932346FFF77C
:10138000ABFA9DF8103005FB03F306EB0323C3F320
:1013900007468BE7841100202DE9F0411E4691F8A5
:1013A000473086B00C461746002B48D191F8543090
:1013B000052B42D002ADB1F83AE00869A269AC460B
:1013C0004969E369ACE80F0094F850305FFA8EF099
:1013D0009DF817209DF81510134401EB0E020144EF
:1013E0008DF817309DF81630FF298DF8152003F180
:1013F00005038DF816309DF8143003EB1E23DBB285
:1014000001D90133DBB22946284D8DF8143004F19F
:1014100020022B1D20460195009304230BF00AFDAA
:10142000052384F85430802384F847306B683B6090
:101430002B68336006B0BDE8F0811C4DF0E791F8F1
:1014400050E002AD844608690EF1010EA8465FFA2D
:101450008EFE81F850E04969A269E369A8E80F00AF
:10146000628F0023624584F8473004D09E4684F89A
:101470005030A4F83AC09DF817305FFA8CF19DF80F
:1014800015209E449DF8163005338DF817E08DF831
:1014900016309DF8143003EB1C2394440A44DBB24D
:1014A0008DF815C0FF2AAED9ABE700BF841100202C
:1014B0000138F0B50E4687B01446032800F2758156
:1014C000DFE800F002791905002007B0F0BD02AF97
:1014D000134608200A4600970421FFF7FDF99DF8FE
:1014E000085005EB4505ED0015F0F00F00F0F68013
:1014F000280A07B0F0BD92F8463003F10802802AAE
:10150000174600F2FA8094F85420FFB2042A35D02E
:1015100002AD6169A269E369AC462069B4F838E0BC
:10152000ACE80F0094F84F309DF817109DF8152087
:101530000B445FFA8EF18DF817309DF816300433A6
:101540008DF816309DF8143003EB1E2396440A44A0
:10155000DBB28DF815E0FF2A01D90133DBB28DF83B
:1015600014302946934B04F12002204601930433A2
:10157000009304230BF05EFC94F84630042284F8B8
:1015800054205A0700F0FC80002384F846701D4662
:101590008DF8083002A82346324604210090082026
:1015A000FFF79AF99DF8083003EB430305EB43205E
:1015B000C0F3074089E792F8463003F10802802A19
:1015C000114648D894F85420CEB2042A34D002AD43
:1015D0006169A269E3692F462069B4F838C00FC772
:1015E00094F84F309DF817109DF815200B445FFAC2
:1015F0008CF18DF817309DF8163004338DF81630C5
:101600009DF8143003EB1C2394440A44DBB28DF89C
:1016100015C0FF2A01D90133DBB2664A29468DF88D
:1016200014302046019204320423009204F1200277
:101630000BF000FC94F846300422590784F854203B
:1016400040F0AF8004EBD30393F82000C00984F886
:10165000466007B0F0BD02AD94F84F70A269E3692F
:10166000AC46206901376169FFB2ACE80F00228FF8
:10167000002384F84F70B24284F8463003D01F46EE
:1016800084F84F3026879DF817309DF815201F44A9
:101690009DF8163004338DF817708DF816309319B5
:1016A0008DF815309DF8143003EB1623F6B2DBB23B
:1016B0003244FF2A01D90133DBB23E4A29468DF874
:1016C00014300423101D0826CDE9000204F1200285
:1016D00020460BF0AFFB94F84630ADE723460820D8
:1016E000324604210097FFF7F7F89DF8083003EB26
:1016F000430305EBC320000CE7E602AD94F84F70FE
:10170000A269E369AC46206901376169FFB2ACE8C0
:101710000F00228F002384F84F70B24284F84630C5
:1017200003D01F4684F84F3026879DF81730F1B25A
:101730009DF815201F449DF8163004338DF817705E
:101740008DF8163093190A448DF815309DF8143031
:10175000FF2A03EB1623DBB201D90133DBB2154AB2
:1017600029468DF8143020460192043204230827BC
:10177000009204F120020BF05DFB94F84630FDE688
:1017800004EBD30393F8203084F8467003EB430056
:101790008DF80830400010F0FC0F04D0000A07B0AC
:1017A000F0BD002053E70546F4E640F2E6218C2028
:1017B000EFF75CF8841100202DE9F0430D1A87B093
:1017C00006460135EDB2012D63D01C4693F8443036
:1017D000174603F10802802A5ED85FFA82F994F86E
:1017E0005420022A35D00DF1080C6169A269E36921
:1017F000E0462069B4F834E0A8E80F0094F84D30D2
:101800009DF817109DF815200B445FFA8EF18DF8A6
:1018100017309DF8163002338DF816309DF81430CD
:1018200003EB1E2396440A44DBB28DF815E0FF2A31
:1018300000F292808DF814306146494B04F1200289
:10184000204601930433009304230BF0F3FA94F839
:101850004430022284F854205A0768D104EBD303A1
:1018600093F8203003FB05F85FFA88F28DF8083012
:101870004FF4807384F84490B3FBF5F305FB03F356
:10188000C3F58073934256DC4FEA1828B0445FFAE0
:1018900088F007B0BDE8F0830DF1080C94F84DE036
:1018A000A269E369E04620690EF1010E61695FFA01
:1018B0008EFEA8E80F00A28E002384F84DE0BA4205
:1018C00084F8443003D09E4684F84D30A7869DF8B6
:1018D0001730F9B29DF815209E449DF8163011443A
:1018E0003A4402338DF817E0FF298DF815208DF862
:1018F00016309DF8143003EB1723DBB201D9013306
:10190000DBB28DF8143004F12002154B61462046FD
:101910004FF0080901930433009304230BF08AFA73
:10192000022294F8443084F854205A0796D00022BA
:10193000904613469AE702A923463A4608200091AA
:101940000221FEF7C9FF9DF8083005FB03F308EB01
:101950000323C3F3074899E70133DBB26AE700BF0B
:101960008411002070B591F8453086B00C469A1C61
:10197000802A56D8154691F85420032AEDB234D067
:101980000DF1080ECE8E0869A269F4464969E36933
:10199000ACE80F0094F84E309DF817109DF8152014
:1019A0000B44F1B28DF817309DF8163003338DF8E3
:1019B00016309DF8143003EB162316440A44DBB2AC
:1019C0008DF81560FF2A01D90133DBB2384A714620
:1019D0008DF814302046019204320423009204F161
:1019E00020020BF027FA94F8453004EBD3010322D0
:1019F00013F0070384F8542091F820000FD0C3F1AE
:101A000006039A4010401841C3B2C0F3460084F860
:101A1000455040EA430000F0030006B070BD800965
:101A2000F2E791F84E500DF1080E84460869013531
:101A30007646EDB281F84E504969A269E3690FC656
:101A4000E28E0023624584F8453004D01D4684F8B8
:101A50004E30A4F836C09DF817309DF815201D446F
:101A60009DF8163003338DF817508DF8163002EBC1
:101A70000C038DF815309DF8143003EB1C235FFA2E
:101A80008CFCDBB26244FF2A01D90133DBB2084A85
:101A900071468DF814300423101D0225CDE9000293
:101AA00004F1200220460BF0C5F994F845309CE77C
:101AB0008411002030B51C4600F0BF0383B00546FA
:101AC000202B03D0402801D080283AD11346284645
:101AD0000A4600940821FEF7FFFE2078EB082D0946
:101AE000591E9A1E022D14F801C084F800C06054DB
:101AF0006178A05C6070A15421D0D91EA0781A1F13
:101B0000042D14F801C084F802C06054E178A05C90
:101B1000E070A15413D05A1F2179063B062DA05C1A
:101B20002071A1546279E15C6171E25407D0A1791E
:101B3000607AE379227AA0716172E271237203B054
:101B400030BDFEF783FE00BF2DE9F04F91B090F855
:101B50006232042B00F04F8290F87B3100F1DA0200
:101B600090F87A11044603928B4200F0E0818B4298
:101B700080F04682D4F8D420127C1344DBB28B422E
:101B800000F2AF8184F87B310DF127012046A4F8E3
:101B9000CE20FFF775F8FF2800F0C381D4F8D410E9
:101BA00094F8A0328A7B9A4228BF1A469042924605
:101BB000C0F01282801A9DF8273094F8C4B1C2B2E6
:101BC000D31A049294F8C52184F8A03200239345D7
:101BD0000A938DF82C3000F0C381934540F2F781D1
:101BE000ABEB0205ADB2AB45C0F00F8204998D425C
:101BF0005DD30A44D2B2B4F8CE30D4F8D4E0534422
:101C000084F8C521194494F8A032A4F8CE109EF8A7
:101C10000E509EF80F609D4228BF1D46FF2E00F01B
:101C20007E81002D40D0AF1CFFB294F8B03012B2CC
:101C3000B4F860120B449BB2B7B39DF828109DF81E
:101C40002900014300F0E681DF1B04F2B22CDFF82B
:101C50000883BFB206E0214491F8C61101701DB39C
:101C6000BB4221D0013B98F800009BB203FB00C0AF
:101C700090F801904E4500F02E819EF80BA0013A9D
:101C8000013DCA4591B2EDB212B240F09181002AF5
:101C9000E1DA0531C9B2042900F28F81694491F873
:101CA00028100170002DDBD111B0BDE8F08FB4F821
:101CB00060324A1B534493459BB205EB0307BFB206
:101CC00080F2738194F82F91ABEB03034FF000087F
:101CD000CDF81CA04E460693CDF814B0002E00F0AF
:101CE000BD80012E00F0BA8002254FF4807A18E002
:101CF00004EBD30393F8FA3005FB03F2D2B28DF86C
:101D0000303084F81C91BAFBF5F305FB03F3C3F5FF
:101D10008073934200F39580AE4240F29D8001357E
:101D2000EDB294F81C3103F10802802A41D85FFA21
:101D300082F994F82E21AAB30DF1300BD4F8EE10ED
:101D4000D4F8F220D4F8F630DC46D4F8EA00B4F83F
:101D50000AE1ACE80F0094F825319DF83F109DF89A
:101D60003D200B445FFA8EF18DF83F309DF83C30FA
:101D700003EB1E2396440A44DBB28DF83DE0FF2AB4
:101D800001D90133DBB28DF83C305946734B04F175
:101D9000FA02039801930433009304230BF04AF8EA
:101DA00094F81C315A0784F82E81A1D000221346E2
:101DB000A5E70DF1300B94F825C1D4F8F630D4F82E
:101DC000EA00DE46D4F8EE100CF1010CD4F8F22053
:101DD0005FFA8CFC84F81C81AEE80F00B4F80A317D
:101DE00084F825C1BB4205D04FF0000C84F8258152
:101DF000A4F80A719DF83D20F9B29DF83F301144D6
:101E00003A449C449DF83C30FF298DF83D2003EB7B
:101E100017238DF83FC0DBB201D90133DBB28DF857
:101E20003C3059464D4B04F1FA0203984FF0080933
:101E300001930433009304230AF0FCFF94F81C314F
:101E4000B0E70CAB3A46002108200093039BFEF755
:101E500043FDAE423FF663AF94F82F61069B059AAF
:101E6000FD18049B1744ADB2BFB25B1B93423FF712
:101E700035AFDDF81CA09346B146D4F8D42094F8D1
:101E8000A012937B8B4228BF0B46002B40F084802E
:101E9000137C4846039A04F231113B44019204F545
:101EA000E3729BB20093002384F8C531FEF7F4FD82
:101EB00094F8B032002B00F09480013B84F8B032EB
:101EC000049BAB42C0F0928094F8C52119461A4495
:101ED000521BD2B28FE6012E3FF4C2AE013A12B2CB
:101EE000BEE604F1DA000190B4F8600202440A444C
:101EF000591AD21A0023CDB204F23111D2B284F8A9
:101F00007B310123009204F5BE7294F82F01FEF795
:101F1000C3FDD4F8D43084F87B511A7C34E62F46C4
:101F200083E6042384F8623211B0BDE8F08F00210B
:101F300000F5BE72DA300123019084F87B11009124
:101F400004F2311194F82F01FEF7A6FD94F87B31CD
:101F500094F87A110BE600BF481C00208411002081
:101F60000A7C04F1DA0184F8C5310191B4F86012F9
:101F70000A4404F2311192B2009204F5E37294F82B
:101F80002F01FEF789FD94F8B032DBB1013B94F8E4
:101F9000C52184F8B03220E6A344DBF8C1019BF8E8
:101FA000C5310A908DF82C3072E794F82F9164E7D0
:101FB00040F201218C20EEF759FC40F20E218C20DA
:101FC000EEF754FC40F29D118C20EEF74FFC40F2EE
:101FD000A1118C20EEF74AFC40F2D1118C20EEF7D3
:101FE00045FC4FF4DC718C20EEF740FC40F2BB1155
:101FF0008C20EEF73BFC40F236318C20EEF736FCBD
:1020000040F223218C20EEF731FC40F2A5118C2008
:10201000EEF72CFC012E30D0013AD81B04F2B22C82
:10202000DFF8AC8092B280B20CE0A11891F8C61132
:102030000CF80710002D3FF437AE013A984292B2E7
:102040003FF432AE013B98F800709BB203FB07F7F8
:102050000CEB070149788E42EFD09EF80BA0013DB2
:102060000FFA82F98A45EDB2A2D1B9F1000FDCDA9C
:1020700040F20A218C20EEF7F9FBD81B04F2B22CB7
:10208000DFF84C8080B20AE0214491F8C6110CF8C8
:102090000710002D3FF408AE83423FF405AE013B2C
:1020A00098F800709BB203FB07F70CEB07014E7822
:1020B000012EF1D09EF80B90013A013DB14591B24D
:1020C000EDB212B27FF474AF002ADDDAD0E700BFC0
:1020D000481C002010B582B090F86232042B0DD05D
:1020E0000DF107010446FEF7CBFDFF2801D002B039
:1020F00010BD042384F8623202B010BD40F23D31BD
:102100008C20EEF7B3FB00BF4FF4D2718B2008B5E3
:10211000EEF7ACFB072808B502D8034B185C08BDE6
:1021200071218B20EEF7A2FB1876030008B529B9C0
:10213000072809D8084B0344187A08BD072807D890
:10214000054B0344187C08BD89218B20EEF78EFBDC
:102150009E218B20EEF78AFB18760300431E032B8B
:1021600000B583B006D8054B68440193C07803B02E
:102170005DF804FBAC218B20EEF778FB010206181A
:1021800090F89632012B1BD0134B490090F89BC25C
:1021900090F895226344072A1B7E43FA01F3D9B2D3
:1021A00003F0030303D0184490F89C027047D0F862
:1021B000D420D27C4AB95B08184490F89C0270473E
:1021C0000023184490F89C02704701F00103184462
:1021D00090F89C02704700BF1876030038B5847CE5
:1021E000062C41D8214B2344447C012C93F83030F9
:1021F00031D0022C4FEA530301D0082C30D14FF0DC
:102200003E0E4FF01A0C047E9C44C37E457E5FFA5E
:102210008CFC2344847E01FB0331C37D89B25819B1
:10222000234400244D1D0F3161440CF1050C03EBD8
:10223000450500EB4C0C5A3003EB41032146864424
:1022400065F30F016EF30F0463F31F416CF31F443A
:102250005160146038BD4FF0620E4FF02C0CD2E785
:10226000E8218B20EEF702FBFFF74EFF1876030004
:10227000032808B506D80138022812D8DFE800F094
:102280000A060800FF2807D1002008BD888808BD7D
:10229000C88808BD488808BD4FF486718B20EEF7CA
:1022A000E5FA088808BD00BFF8B5847C062C00F26A
:1022B000BC80764B2344447C012C93F8303034D0DE
:1022C000022C4FEA530302D0082C40F0A3804FF0B9
:1022D0003E0E4FF01A0C9C44047EC37E857E5FFA4E
:1022E0008CFC2344447E01FB033399B2C37D1C4420
:1022F0002B4401F10F05053165440CF1050C03EB8E
:10230000410104EB4C0C5A3403EB4503057CA64415
:10231000C47A89B2032C9BB20CD8013C022C00F287
:102320009280DFE804F020131E004FF0620E4FF0A1
:102330002C0CD0E7FF2C73D1C47B032C6ED8013C4E
:10234000022C76D8DFE804F057555D000C46C67BBA
:10235000032E44D8013E022E71D8DFE806F0361075
:1023600024001C46F3E7C67B6446032E31D8013EA9
:10237000022E64D8DFE806F04803170074468C424A
:1023800014D9954229D2521B837B467BD01A731CE9
:10239000B0FBF3F0131A01FB00F005FB0E0003FB8A
:1023A0000400F8BD7446A3421946EAD3954214D2FC
:1023B000521B8C4213463AD2027BD0180132B0FB3A
:1023C000F2F01B1A01FB00F0E7E761466445D8D83C
:1023D000ECE7FF2E24D1954208D30020F8BDFF2E54
:1023E0001ED1002CF7D19542F7D20024531B0020B8
:1023F000D3E70024DAE79542EFD26146531B00246D
:10240000DAE719460024D1E79542E6D26146521B2D
:102410000023BAE7E8218B20EEF728FAFF2CE2D060
:102420004FF486718B20EEF721FAFFF76DFE002343
:10243000ABE79542D1D2531B71460024BCE7A645B9
:1024400015D271469DE7C47B032C0BD8013C022CAE
:1024500014D801A656F824F0772401007D2301004A
:10246000A5230100FF2C08BF7446B4D0D8E79542DD
:10247000B3D271469CE761467446A7E79542ACD259
:102480007446521B714600237FE700BF1876030095
:102490002DE9F84390F8B04290F8C431D0F8D42038
:1024A00090F8C51104FB033392F80EC05B1A157C3B
:1024B00090F8A0129BB2D47B614594BF6E1805EBD7
:1024C0000C06012C1E44B6B206D1117B0B4401311F
:1024D000B3FBF1F333449EB2B0F8601290F8970268
:1024E000C1F5807189B2A02928BFA021B14228BFBF
:1024F0003146967C062ECFB200F2C2807B4B33442D
:10250000567C012E93F8303036D0022E4FEA53031A
:1025100002D0082E40F0A9803E264FF01A089844B9
:1025200092F818E0D37E92F817905FFA88F8734417
:1025300092F81AE000FB0333507E9BB24844F1440A
:1025400003F10F0E0533C64408F1050809EB4303F8
:1025500000EB48085A3009EB4E0E0644D07A9BB285
:1025600003281FFA8EFE0BD80138022800F29B8048
:10257000DFE800F01D111B0062264FF02C08CEE7AB
:10258000FF2878D1032C74D8013C022C7DD8DFE8D9
:1025900004F05A5761009946032C45D8013C022C9F
:1025A0007AD8DFE804F0360F2400F146F4E7032C74
:1025B000C14632D8013C022C6ED8DFE804F04F034C
:1025C0001800B1464B4515D2AF422AD9491B527B60
:1025D000A1EB0C000132B0FBF2F0091A03FB00F092
:1025E00005FB060001FB0900BDE8F883B146CE45B6
:1025F0007346E9D3AF4214D9491B99450C4641D2E1
:10260000127B10190132B0FBF2F0211A03FB00F02B
:10261000E6E74346C145EDD9D6E7FF2C2BD1AF42C3
:102620000BD80020BDE8F883FF2C24D1B9F1000FAE
:10263000F5D1AF42F5D94FF00009491B0020CFE793
:102640004FF00009D6E7AF42EBD943464C1B4FF0A1
:102650000009D5E773464FF00009CBE7AF42E0D958
:102660004346491B4FF0000CB1E7E8218B20EEF701
:10267000FDF8FF2CDDD04FF486718B20EEF7F6F8D5
:10268000FFF742FD4FF0000CA1E7AF42C9D94C1B48
:1026900033464FF00009B3E74E4518D2AF42C0D9D8
:1026A000491B334693E7032C0CD8013C022C15D868
:1026B00001A050F824F000BFD7260100C325010077
:1026C000ED250100FF2C08BFB146A8D0D3E7AF42EB
:1026D000A7D9334690E74346B1469BE7AF42A0D91E
:1026E000B146491B33464FF0000C70E718760300E3
:1026F000531E5B1A022B1BD9931E1B1A022B17D9D0
:10270000D0F801C00B6803EA0C031360D0F8053061
:10271000D1F804C003EA0C0353600B7A90F809C0A7
:1027200003EA0C0313724B7A817A0B4053727047A1
:1027300090F801C00B7803EA0C03137090F802C004
:102740004B7803EA0C03537090F803C08B7803EACC
:102750000C03937090F804C0CB7803EA0C03D37099
:1027600090F805C00B7903EA0C03137190F806C0CA
:102770004B7903EA0C03537190F807C08B7903EA95
:102780000C039371CB7990F808C003EA0C03D37162
:10279000C3E700BFF0B5054685B00F4690F8D830C6
:1027A0002BB191F8C73013B101F5B37305E095F87B
:1027B000D830002B44D007F1F9031A680126D7F866
:1027C000F9101140D7F8FD20009159680A40197A94
:1027D0005B7A019297F80121114097F802211A4083
:1027E00000238DF808109E468DF80920C3F3C40C11
:1027F00003F00702D8B20EF10104EC4406FA02F22B
:10280000013305EB0E019CF800C01CEA020F03D057
:102810005FFA84FE81F831014F2BE7D1002285F861
:102820002FE1134685F830216EF307036EF30F2373
:10283000A5F87A31A5F8C43187F8722105B0F0BD4A
:1028400097F8C830002BB6D007F5AE73B5E700BFD8
:10285000062808B504D8034B034493F8300008BD9C
:10286000FFF752FC18760300037813F0030301D03E
:102870000020704790F90220002AF9DBC27812F09C
:102880000302F5D170B5437A13F0600401D010460D
:1028900070BD1B060FD4461E00F1090516F8010F86
:1028A00008F0B3F82044B542C4B2F7D10E2C94BF5F
:1028B0000020012070BD204670BD00BF2DE9F04111
:1028C000C77C04461546E7B1072945D8254B0B447C
:1028D0001E7A93F81080F0F777F8217F0346B8F15D
:1028E000010F18BF012EA87A14BF0122002201296E
:1028F00036D19B7F12B3984238BF1846C0B2BDE8AC
:10290000F081072921D8174B0B441E7C93F80880CF
:10291000F0F75AF8227F0346012A1AD1A87F012E28
:102920009B7A04D0B8F1010FE5D1012EE7D1B8F1BF
:10293000010F08D0002ADED11846E0E7012EDAD1D7
:10294000B8F1010FF8D10020D9E79E218B20EDF7D7
:102950008DFFA87A3A46E2E789218B20EDF786FFC2
:102960000022DCE718760300064A4FF4807300214A
:102970001278013B80F8B41210449BB2002BF8D1BE
:10298000704700BF481C00202DE9F0430546B9B050
:1029900000F1DA09A0222C460E4610A8494602F0A2
:1029A00007FD6F460FCC0FC70FCC0FC70FCC0FC75B
:1029B00094E80F0087E80F004FF42E72002128469C
:1029C00095F8D8800AF04EFB10A94846A02202F0E4
:1029D000EFFCEE46AC465FFA88F8BEE80F00ACE8C4
:1029E0000F00BEE80F00ACE80F00BEE80F00ACE837
:1029F0000F0097E80F0084E80F0085F8D8800223C5
:102A000085F86232B6F83C3106F1F907EB81C5F87A
:102A1000D47096F80321D5F8503285F8B022D6F854
:102A20004C2162F317032022C5F85032002385F8A9
:102A30005E2285F8A03296F8593185F8D93096F89B
:102A40005611072985F8951279D83F4C14F8018062
:102A500085F8978296F80C31002B65D063181A7CA4
:102A6000002385F8962285F8993296F8F330FE2BEC
:102A70005DD0FF2B08BF012385F89832022306F1B1
:102A80004802384685F89A32FFF718FF96F80B315E
:102A900086F81401062B50D81C44414605F51572E2
:102AA000384694F830304FF48074DB0885F8713282
:102AB000FFF794FB00220023FF21C5E99A23FE23A0
:102AC000224A85F8941292F800C0002285F85C3200
:102AD0002B46013C83F8B4226344A4B2002CF8D105
:102AE00028463146FFF756FE96F85A2112F00103A8
:102AF00018BF85F89C42900705D5E91801330120DD
:102B0000DBB281F89C02510705D5E9180133022098
:102B1000DBB281F89C02120703D51D44032385F81C
:102B20009C3239B0BDE8F08363181A7A98E7012324
:102B300085F8982285F89932A0E7FFF7E5FA712128
:102B40008B20EDF793FE00BF18760300481C002091
:102B50000023036043608360704700BF80EAE07336
:102B6000094A0028A3EBE0739BB24FEA033303F258
:102B7000A933A2FB0323054AC3F34E23C8BF5B421C
:102B80001BB21380704700BF73B2E7454226002096
:102B9000014BB3F90000704742260020014B187822
:102BA000704700BF8C110020014B5888704700BF50
:102BB0004226002038B50D46D0F8D41090F8970280
:102BC00052420B7ECC7E897E234400FB033041F2CF
:102BD000C7030530084402FB00F003FB00F00028A7
:102BE00002DA00F57F40FF300414FFF7D1FFC0F197
:102BF0002A0000FB05F504EB450000B238BD00BF1C
:102C000000B583B001A80DF10601FAF7D7FABDF9B6
:102C10000620054BBDF8040003EA022343EA101026
:102C200003B05DF804FB00BF00F0FF00D0F8D43023
:102C30002DE9F04F90F8710283B05A7C4008012AC8
:102C400000F101005BD0554A94881389D588A342CE
:102C50001A4638BF2246954240F29880C3EB45059C
:102C600001221B1B2D1B01264D4C4FF0000CA6F121
:102C70000207B4F800E00136B7FA87F77F0901EBE5
:102C8000871101F58071AEEB010E8EEAEE77A7EBAE
:102C9000EE77022F17DCB4F8088002F10109B4F8CE
:102CA00004A0E788C245D34638BFC3465F45C8EB9A
:102CB0004707A8EB0A08A7EB0A0704D9F4444344E2
:102CC0003D445FFA89F2B04204F10C04CFDA002DE2
:102CD0005ADD4FEA450B4FF47A704FEACB0103FB04
:102CE00000F090FBF1F03AB14FF4FA63520103FBAC
:102CF0000CF393FBF2F3184403B0BDE8F08F274CBC
:102D00002389A5881E46E488AB4238BF2E46B442CC
:102D100040D9C3EB44045B1BA4EB050B4FF0010E41
:102D20001F4C4FF0000CAEF102050EF1010EB5FA8A
:102D300085F56D0901EBC511258801F500716D1A46
:102D400085EAE576A6EBE576042E16DC571C268987
:102D5000B4F806900197B246A788C6EB4908BE4270
:102D6000A8EB0708A6EB070638BFBA46D14504D939
:102D7000AC44C34433449DF80420704504F10C0472
:102D8000D1DABBF1000FA6DC0020ACE700231D4622
:102D90001A4668E700239B461A46BFE748260020EC
:102DA00054260020D0E934232DE9F0410C46597C0B
:102DB0000646002001294BF6803518BF4FF4FA452E
:102DC000FAF72EFCD6F8D4300746587C144B01286D
:102DD000B3F800809B89A3EB080309D0A3F58073A7
:102DE000002BB8BF5B42022B09DD0120BDE8F0815A
:102DF000A3F50073002BB8BF5B42042B0DDC4146EA
:102E00003046FFF713FF4FF4FA6303FB08F800EBBB
:102E100058130020DB1B5B1B2360BDE8F08100BF63
:102E2000482600202DE9F843D0F8D4200C4690F82D
:102E300071320646517C002B60D1012914BF4FF43A
:102E40007A654FF4FA55D6F8D0200120FAF7E8FB5E
:102E5000D6F8D430384A0746597C938901294FD097
:102E6000A3F58073002BB8BF5B42022BD4BF0023B5
:102E70000123002B3FD196F871325B080133B3F187
:102E8000010C03EB43004FEA031318BF4FF0010C92
:102E9000C0B2012903EB8C0332F820803AD01B0129
:102EA0009BB2A8EB030888EAE873A3EBE873022B54
:102EB000D4BF00230123F3B9C31CDBB252F8239023
:102EC0001E4B09EA0303B3F1004F30D0B9F5803F40
:102ED00011D230460021FFF7A9FEC1444FF4FA6237
:102EE00003467F1B002002FB09F9C3EB59133B4447
:102EF0002360BDE8F8830120BDE8F8830025A2E740
:102F0000A3F50073002BB8BF5B42042BD4BF002392
:102F10000123AEE75B019BB2A8EB030888EAE873E4
:102F2000A3EBE873042BD4BF00230123C3E70630CF
:102F3000C0B252F82090C9E7482600200000FFFFE9
:102F40000346081E07D007DD42104FF4FA6101FB6B
:102F5000032393FBF0F0704742425210F5E700BFA5
:102F60000048704748260020014B024A1A6070470B
:102F7000A42E0020A02F0100014B024A1A607047C6
:102F8000A82E0020A82F0100014B1868704700BF31
:102F9000A42E0020014B1868704700BFA82E002007
:102FA000A52D0100412F0100252E0100014B1B68BA
:102FB0001B681847D8110020014B1B685B68184735
:102FC000D8110020014B1B689B681847D8110020BE
:102FD000014B1B681B691847D8110020014B1B6867
:102FE0005B691847D8110020014B1B689B69184783
:102FF000D8110020014B1B68DB691847D81100204D
:10300000014B1B689B6A1847D811002030B4044C50
:103010009DF8085024680295E468A44630BC6047D7
:10302000D811002000220D49134610B540FA02F4D1
:10303000E40744BFCA545C1C02F1010248BFE3B27A
:10304000042AF3D1054AFF24D118032B01D91071AA
:1030500010BD013301F8014BDBB2F6E7B82E0020BA
:10306000D7C90100DDC90100DFC9010005CA01009F
:10307000E3C901000FCA0100E9C9010019CA010032
:10308000EFC9010025CA0100FBC90100FFC9010009
:10309000F1C90100F7C9010015CA01001FCA0100EA
:1030A000014B187D704700BFD8260020042810B5BA
:1030B00011D883B104280CBF10242824A1420AD2BD
:1030C000064C54F8200018B141568A42A8BF0A465F
:1030D00000201A7010BD6FF01500FBE7D826002005
:1030E0000728034611DC10F12D0F10DB094A1018D8
:1030F00090F82E0002EBC00292F93C209A4207D0D1
:10310000002918BF0130C0B270471B207047002053
:10311000704700BF64760300072808B507DC00216C
:10312000FFF7DEFF034B03EBC003986B08BD3F20A6
:10313000FCE700BF64760300072808B507DCFFF74B
:10314000CFFF044B03EBC00393F93C0008BD0820FC
:10315000FCE700BF64760300C0B208B520B9044B99
:1031600001229A601A6008BD4D21B52001F036FF9A
:1031700000E0105010F0FF0008B513D10B4B0122F6
:103180005A60DA600A4AC3F800011070D3F80824C4
:1031900012F0010205D1C3F81021C3F81821C3F8B9
:1031A000142108BD7C21B52001F018FF00E010506B
:1031B000ED260020014B01221A707047ED260020F9
:1031C00008B540B9064BD3F8103113B9054B187840
:1031D00008BD0120FCE7C221B52001F0FFFE00BFC1
:1031E00000E01050ED260020024BD3F8080400F058
:1031F0000100704700E01050024BD3F8480400F083
:103200000100704700E01050024BD3F84004C0B2F8
:10321000704700BF00E0105007490246D1F84C0447
:10322000D1F84C1410F4803005D0D0B201F0030373
:103230001B1A58425841704700E0105038B51A4BDD
:10324000D3F80C34DA0304D440F27D116D2001F080
:10325000C5FE164A0124164B106A536620F03F0043
:1032600094645464136CDB03FCD4136A116C03F094
:103270003F03C1F30A01C1F5806181EAE1750B29C1
:10328000A5EBE17509DD3F2B04D001330343136245
:10329000172DE6DC0023936438BD0B31F8DA002BE0
:1032A000F8D0013BF2E700BF00E0105000081250D8
:1032B0000100008038B50B4C23781BB1002323702C
:1032C000FFF7BCFFEFF3108572B6637803F0FF00E1
:1032D0000BB9FFF74FFF05B962B6034B00225A66E0
:1032E00038BD00BFF026002000081250F8B5104E7F
:1032F000012704460D463318DF7009F095FB60B9CD
:1033000034B90C4B11227771B560C3F80423F8BDB2
:1033100040F229116D2001F061FE002DF7D01CB99B
:103320000220A847B460F2E74FF4A271F2E700BFB1
:10333000F026002000E01050044B0022191803EB87
:1033400080034A719A60CA70704700BFF02600205F
:10335000014B1882704700BFF0260020014B588AAD
:10336000704700BFF0260020014B188A704700BF4D
:10337000F026002010B5EFF3108472B6064B03441C
:103380005A780132D2B25A705B78012B01D1FFF723
:10339000E3FE04B962B610BDF0260020034610B566
:1033A000EFF3108472B611490B445A7822B940F2F7
:1033B0005B216D2001F012FE5A78013AD2B25A70A8
:1033C0005B7883B90B7D43B1094BD3F80C34DB0335
:1033D00006D44B7803F0FF002BB9FFF7CBFE02E0D9
:1033E000487D01F07BFF04B962B610BDF0260020D5
:1033F00000E0105010B509F01AFB0C4C09F014FB5A
:1034000060B1A37D3BB90A4B01229A610423E375A5
:103410000023237610BD09F00DFBF9E703230122F9
:10342000E375034BC3F80423F2E700BFF026002046
:1034300000E01050014B01221A62704700E010506A
:10344000044B587E28B1044BD3F81001B0FA80F039
:1034500040097047F026002000E0105038B50C4BB2
:103460005D7E5DB901245C7609F0E1FA094B10221A
:10347000C3F81051C3F80423DC6138BDFFF7E0FF47
:103480000028FAD040F297216D2001F0A7FD00BF7F
:10349000F026002000E01050024BD87D003818BF05
:1034A00001207047F026002038B5174C237D23B942
:1034B00040F20A316D2001F091FD01232370A37DBC
:1034C000C3B9A37EB3B1227E013B9A4212DA09F05E
:1034D000ABFA054601F09CFEA37E012B82BF237E42
:1034E0000133237655B1E369C31A0133022B09D99D
:1034F00035B1E061BDE83840FFF77CBF236AF3E7F0
:103500002062F7E738BD00BFF026002037B5184C21
:10351000A37D63B9606A00F00300FFF77DFE30B160
:10352000EFF3108372B6E27D1AB103B962B603B04D
:1035300030BD0122E27503B962B608230D4DC5F80E
:1035400008334FF42073ADF80630BDF806309BB257
:103550005A1E92B2ADF80620002BF6D1C5F80C31F8
:1035600084F82830FFF746FF0823C5F80433DEE768
:10357000F026002000E010502DE9F74F4E4C237D3F
:10358000002B00F096800323ADF804304B4BD3F8AA
:103590000051D3F80891D3F8142112B9D3F81821A7
:1035A0006AB10026C3F81461C3F81861C3F810614A
:1035B000637E0BB109F03EFA667609F0D1FB3F4B12
:1035C000D3F81031002B59D0637E1BB109F032FAC9
:1035D00000236376637913B102238DF80430003D34
:1035E00018BF012545F01005354E0DF1040A334B87
:1035F0004FF00008F71EC3F808531AF8010B032810
:103600000AD03B7843B14FF0000B336887F800B025
:1036100013B19847C6F800B008F10103043601372A
:103620004FF00108022BE8D1B9F1000F08D0234B6D
:103630000022C3F808210422C3F80823FFF766FF1D
:1036400094F82860EA071D4BF6B2D3F80C7108D540
:10365000E27D032A05D1A27DA2B90422E2750122EE
:103660009A61C7B1154B0022C3F80C21E37D042BEE
:103670000DD040F26D316D2001F0B0FC002DD3D0A3
:103680000125B1E709F0D6F90223E375E9E7022342
:10369000E37509F0CFF966B1002384F82830E37DA3
:1036A000022B01D1FFF7A6FE03B0BDE8F04F09F0F1
:1036B000C1B903B0BDE8F08FF026002000E0105043
:1036C000F826002010B5054C606A00F00300FFF7F3
:1036D000A3FD0028F8D0002010BD00BFF026002078
:1036E000F8B5054650B10278022A07D8437842B9A6
:1036F000013B1F2B02D88378212B07D96FF01500CF
:1037000088E0002BFAD18378002BF7D1634B20227D
:10371000C3F8A020BFF34F8FBFF36F8F604EC3F885
:10372000A0217D235F4CC6F808330023C6F8003182
:10373000C6F80831C6F80C316370A370AB88638299
:10374000FFF752FD10B10123E3706370D6F80C044B
:1037500040F2563310F4803023821BD0FFF72AFD4D
:10376000514801F091FD4E4E602360750022C6F86D
:1037700004332B78A978012B62766262A375A17657
:10378000227620D0022B17D0F3B140F222516D20C7
:1037900001F024FCC6F81001FFF7DEFC404AD2F825
:1037A0001031002BFBD0FFF749FD0020FFF7E2FCB2
:1037B0003E4B00225A66D3E709F039F9D6F80C34AB
:1037C000D903FBD502236362FFF716FD40B3FFF771
:1037D0001BFD636A03F00303984221D1AB79D3B98F
:1037E000FFF770FFA37E63B12B7853B909F01CF982
:1037F000054601F00DFD6FF00043002D4BD0C4E9EC
:1038000007030123202200202375244BE075C3F811
:10381000A0211A62F8BD224B0422C3F80423E1E779
:103820001F4B012200215A61C3F8081194F824109B
:10383000C3F840141A610422C3F80423AA79002AA9
:10384000D0D1D3F80423520702D440F2D5419EE7E9
:10385000174A1769116907F0100741F0100111614B
:10386000D3F808310BB909F040FB0D4ED6F80831FA
:1038700073B1FFF727FF27B90D4A136923F010032F
:1038800013610423C6F808330023C6F80831A9E7FA
:1038900009F029FBEAE7C4E90730B2E700E100E0FC
:1038A00000E01050F0260020B53201000008125050
:1038B00000ED00E038B50C4B0C46197919B18321A5
:1038C0006F2001F08BFB60B95D790DB1002038BD30
:1038D00001225A71FFF74EFD21462846FFF706FDEB
:1038E000F4E76FF01500F2E71C27002038B50B4D08
:1038F00004462B791BB19A216F2001F06FFB50B960
:103900006B790BB9002038BDFFF716FD20466C71AE
:10391000FFF744FDF6E76FF01500F4E71C270020E1
:1039200010B501B3F0B14FF0FF33104A1C46E0FB75
:103930000134944203D9DB216F2001F04FFB1A0DB3
:10394000C3F30F100A4B42EA04324FF22444B2FB95
:10395000F4F100EB024003FB1100B0FBF4F040EA8D
:103960000140013010BD0846FCE700BF3F420F0098
:10397000000024F4014B9B68184700BF1C2700205F
:10398000014BDB68184700BF1C270020014B1B6957
:10399000184700BF1C27002008B5064B1B7923B130
:1039A00040F237116F2001F019FBBDE80840FFF726
:1039B0007BBD00BF1C270020034B1A790AB9FFF713
:1039C000CDBC988D704700BF1C270020034B1A798F
:1039D0000AB9FFF7C9BC988A704700BF1C270020AE
:1039E000024B1B790BB9FFF791BD70471C270020D4
:1039F000014B9B69184700BF1C27002038B51D4CA0
:103A0000237933B3FFF7C2FF50B91B4DC5F810013E
:103A1000FFF7B0FFD5F81031002BFBD0FFF7B0FF58
:103A2000154B6022C3F80423636A9847002806DB1D
:103A300094F82E3023B10123002084F8303038BDB3
:103A4000FFF7D6FF0028F6DA40F28D116F2001F063
:103A5000C5FA0A4BA3610A4BE3610A4B23620A4B86
:103A6000A3600A4BE3600A4B2361FFF739FE00288D
:103A7000E1D0E4E71C27002000E01050C53601002B
:103A800041CA0100993401002FCA010035CA010062
:103A90003BCA010038B5084B04461D7925B140F2F8
:103AA000E1116F2001F09AFA00F05CFE2046FFF76A
:103AB0004FFC284638BD00BF1C27002008B507482A
:103AC00000F03EFE054800F019F801F091F901F010
:103AD000B3F800F035FA012008BD00BF50270020E0
:103AE00008B5054B1A781AB12721032001F076FAA0
:103AF0005860197008BD00BF58270020024B98601D
:103B000000221A705A60704758270020F7B51E4CE3
:103B10002378012BDAB204D0022A2ED0012003B080
:103B2000F0BD0DF10701606800F026FA65686B7D55
:103B3000DB071CD5AB7F042B19D000F095FE0646A1
:103B4000A8B100F097FE2B69D5E900279A18B36851
:103B500047F100070A332CBF012500251B1845EB50
:103B600001059342BD4102D3606800F0D3FA0023FF
:103B7000636023709DF80700D1E70DF107016068CD
:103B800000F004FAF3E700BF5827002073B505469C
:103B90000C4600F069FE0646AB7F012B1AD0214689
:103BA0002B4604F1180251F8040B914243F8040B20
:103BB000F9D101230DF107012846AB7700F0DCF9BC
:103BC00016B1012002B070BD034B0421986809F0C2
:103BD000ECF8F6E70020F5E758270020024B062115
:103BE000986809F0E2B800BF58270020042300F1CC
:103BF000180283770023037643768376C376044BDB
:103C0000196811B91A605A60704759680A60FAE772
:103C1000642700202DE9F843174E00240746884604
:103C2000B368204633B928B3144B1878BDE8F8437D
:103C300001F054BB53E9061553F8082CD3F8009053
:103C4000521845F10005BA4275EB080510D24CB187
:103C5000226812682260A3F11800FFF7C7FF012055
:103C60004B46DFE7B268002AF5D01268B260F2E78F
:103C70001C46F5E7BDE8F88364270020DC1100202E
:103C800000232DE9F04713600646324B9868002860
:103C90005DD0A0F1180550E9063CB3427CEB01046D
:103CA0000AD250F8084CE3184CF1000C9E4271EB1C
:103CB0000C043CBF33468C4650F8104C00270A34A5
:103CC00047F10000E3184CEB000C2846D5F818909B
:103CD000B9F1000F3BD059E906E89E4578EB0C049A
:103CE00035D290F814A019F8044CA24526D08CBF08
:103CF00001240024F4B105F11803B645136078EBF4
:103D000001030CD259F8083C13EB0E0348F10008EC
:103D10009E429E4671EB08033CBFB646884659F862
:103D2000103CA9F118000A3347F1000C13EB0E0305
:103D300048EB0C0CAD6955B1183DC7E7B9F8044024
:103D4000B0F81CA0A4EB0A04C4F3C034D2E7BDE869
:103D5000F08700BF642700202DE9F04F85B08283F3
:103D60004F4A04460091D2F808C094F81580D0E973
:103D70000030BCF1000F40D0ACF11801002708F072
:103D80000109D1E90026934270EB06056ED3B9F123
:103D9000000F2CD0277D0D7DAF4228D38D68AD1844
:103DA00046F1000615F10A0A46F1000E534570EB84
:103DB0000E0219D22269D21840F1000792457EEB1B
:103DC000070B01D252467746AA42B7410FD220468E
:103DD0000024FFF70BFF334B187801F07FFA009BAC
:103DE0001C7005B0BDE8F08F1A460746ECE78A69FB
:103DF0000F4622B1A2F11801C3E76246674618F0E8
:103E0000010F38D0A168C91840F1000B019192B39D
:103E1000019DD2E9001615F10A0E4BF1000571451E
:103E200076EB050527D294F814E0157DAE4519D33D
:103E300095686D1846F1000615F10A0946F100086B
:103E40004B4570EB080113D22169C91840F1000EEF
:103E5000894578EB0E0A01D24946C646A9427EEB57
:103E6000060EB4D3926932B1183AD1E70A46C6E7D2
:103E700019468646F2E704F118035FB1BA69A261F8
:103E8000BB6103AA00200021FFF7FAFE231A5C425F
:103E90005C41A4E7024AC4F818C09360F1E700BF90
:103EA00064270020DC110020F8B5244C0023E360D7
:103EB000EFF3108272B621686360E160236002B99B
:103EC00062B60026E36803B9F8BD9A79A3F1180039
:103ED000032A07D11A6801219E7153F80C3CE26055
:103EE0009847EFE7196851B1A1F11803074600227E
:103EF0009D7F042D09D09B7F032B02D1B2B9E160D5
:103F000017E063219F2001F069F8B0F81CC09D8B79
:103F1000A5EB0C052D049D6944BF07F11802184656
:103F2000002DEBD01F46A5F11803E1E713681B68CD
:103F30001360C36802218677D2E700BF64270020A0
:103F400010B50A4C2378FF2B04D04FF483719F20C7
:103F500001F044F8064801F097F9064B0022207062
:103F60009A601A605A601A8210BD00BFDC110020EE
:103F7000A93E010064270020034B1A8A10B4541C88
:103F80001C8210BCFFF7E8BE6427002037B504464A
:103F90000D4601AA00210020FFF772FE231A04F14A
:103FA0001801584258412870044808F024FF10B105
:103FB00000230120A37703B030BD00BF6C27002091
:103FC00038B5114B044600F118011A68B2B11A68ED
:103FD00000209AB191420ED108B1A56905601D6813
:103FE000A94204BF12681A605A68914200D1586011
:103FF0000023A37707E010461268EAE7034808F0B9
:10400000FAFE0028F4D138BD642700207027002074
:1040100037B505460C46FFF7FDFD01AA28462146A7
:10402000FFF72EFE28B100F11803034A536103B0D5
:1040300030BD0346F9E700BF6427002010B5064CE9
:10404000616904F1080008F0D6FE18B16069002328
:104050001838636110BD00BF642700209C46144BD4
:10406000F0B59D68FDB115F8043C183D834218D8A1
:1040700012F10A04D5E900364CF10001A34276EBB7
:1040800001070BD22F69FF1846F10006A7428E41A7
:1040900007D3B4F10A0041F1FF31F0BD1C463146AF
:1040A000F7E7AD69DEE74FF0FF300146F5E700BF07
:1040B0006427002008B5837F022B1CD1437D13F0B9
:1040C000020302D00023837708BD032203764376E0
:1040D0008376C3760D4B827700F11802196839B9DF
:1040E0001A605A600A4B1878BDE8084001F0F6B82B
:1040F00059680A60F5E7837F012BE5D0837F042BA5
:10410000E2D04FF4FA719F2000F068FF642700208E
:10411000DC11002010B500F118010446084808F031
:104120006AFE20B94FF4FF719F2000F057FF204630
:10413000FFF75CFD034BBDE81040187801F0CEB8E6
:104140006C270020DC1100202DE9F74FD0F810E09B
:10415000BEF1000F04D040F21D219F2000F03EFF71
:10416000836890F814800193D0E90014EFF310896C
:1041700072B6274BB3F810C09B686BB1019D183B1A
:104180000A35D3E900264EF1000A6D1844EB0A0AFD
:1041900095427AEB060707D2B9F1000F35D0C0E996
:1041A000001403B0BDE8F08F8A4276EB04070CD30D
:1041B0001F69BF1846F1000BAF427BEB0A0B34BFFF
:1041C0000125002575B99B69D7E712F10A0A9D6898
:1041D00046F1000715EB0A0547F10007A94274EB09
:1041E0000707ECE71D7DA84509D0ECD912F10A01BB
:1041F0009D6846F10004691844F10004E3E79D8BD3
:10420000A5EB0C052D04DED5F0E762B6C7E700BFCD
:1042100064270020034B187800F0FD00431E58422D
:104220005841704780270020024B0521586808F04C
:10423000BCBD00BF8027002038B5FFF7FFFE00257A
:1042400080B1094CC4E90205256100F013FDA068A6
:10425000022329468377C3689847D4E9060108F00A
:104260001CFD012038BD00BF80270020064B986848
:1042700010B520B94FF42471B02000F0AFFEC36830
:104280000521BDE810401847802700202DE9F74F91
:104290002F4C814694F82430266A002B3AD1FFF740
:1042A000B9FF804618B1E38C9E4238BF1E4600F02D
:1042B000DDFD83190F46054641F100011846CDE9A1
:1042C0000013FFF7A5FE40B3019B0099D0E900ABB6
:1042D000534571EB0B0205D2BAEB0605534659461E
:1042E0006BF1000728461B4AC4E906310023394612
:1042F000C4E90A57236300F08DFD5046594608F083
:104300002BFDB8F1000F02D0E38C9E421DD002239A
:10431000114A13E04FF00008C9E794F8243033B194
:104320002378023B012B02D8636B012098470025BC
:1043300084F8245008F011FD2B46084A84F83830E0
:10434000C9F8002003B0BDE8F08F0123E0E700BF0B
:1043500080270020294201008D440100DBCC0100B0
:104360002DE9F04780460F469146444C002B6FD014
:104370004FF0000AD3E90065C4F830A0864275EB1F
:1043800001033CBF0D46064629463046C4E9066592
:1043900008F0E2FCE38CB6EB080803F1640365EB7C
:1043A000070743455346BB410FDA94F824304BB11D
:1043B0002378023B012B02D8636B0120984700232E
:1043C00084F82430FFF726FF8246236A03F5E17361
:1043D000984577F100071CDABAF1000F10D0E08C95
:1043E000274A301A65F10001C4E90A0100F012FD04
:1043F0000623244A84F83830C9F80020BDE8F08745
:104400001F4A30462946C4E90A6500F003FD05232A
:10441000EFE708F0A4FCFFF7B3FAE08C236ABAF1E7
:10442000000F0BD0984209D9301A154A65F10001E6
:10443000C4E90A0100F0EEFC0123DAE7F01A104AA1
:1044400065F10001C4E90A0100F0E4FC0223D0E7B1
:1044500094F8243033B12378023B012B02D8636BEC
:1044600001209847002584F8245008F078FCFFF7D5
:1044700087FA08F072FC2B46034ABBE7802700202E
:10448000294201008D440100DBCC0100023970B5E6
:104490000546032900F20D81DFE801F0060208401D
:1044A000854B002283F83920002024E0824C94F8C8
:1044B0003830042B09D8022B28D8013B012B1BD9FB
:1044C00040F27911B02000F089FD053B012BF7D8AF
:1044D000FFF71CFB0028E7D000F0B8FC00F0C6FC9A
:1044E00006460C46FFF794FD2A4603462146304611
:1044F000FFF736FF022070BDFFF708FB0028D3D07E
:1045000000F0A4FC2846FFF7C1FEF3E7FFF7FEFA30
:104510000028C9D0012384F83930C5E7664C94F8E7
:104520003830013B052B00F2C180DFE803F003299E
:1045300056788097FFF76EFE10B194F8240010B102
:1045400040F28311BEE7636B9847012384F824305F
:1045500000F08CFCA36A594AC01A236B9842ACBF86
:104560002063236304F118000BC8C01A61F1000135
:10457000C4E90A0100F04EFC022384F8383093E7C6
:1045800008F0ECFBFFF7F6F900F070FCA36AC21A22
:10459000236B9A42B8BF1A462263FFF73BFED4E969
:1045A000063168B194F8240050B9E28C981A434A55
:1045B00061F10001C4E90A0100F02CFC0323DCE7EF
:1045C000323B41F1FF31981841EBE2713B4AC4E9BB
:1045D0000A0100F01FFC0423CFE7FFF71BFE10B118
:1045E00094F8245015B14FF4DA716BE700F03EFCFB
:1045F000A36AC01A236B9842ACBF2063236328468A
:10460000636B98470123D4E9060184F824303238DB
:10461000236B41F1FF31C01841EBE371D6E700F0A5
:1046200059FB78B194F83930002B7FF457AFFFF77E
:1046300003FE00283FF452AF002384F83830204BAB
:104640002B6057E700200021FFF7E2FC08B1FFF7DD
:1046500061FD08F084FBFFF793F953E7FFF7DAFDFC
:1046600010B194F8245015B14FF4FD712AE700F011
:10467000FDFBA36AC01A236B9842ACBF206323637F
:104680002846636B984701230C4A84F82430236B37
:10469000D4E90601323841F1FF31C01841EBE37132
:1046A000C4E90A0100F0B6FB052366E74FF4047184
:1046B00008E740F2152105E7802700202942010084
:1046C000C546010002392DE9F041064604292FD8DC
:1046D000DFE801F0030A0C2E0F00184A1378003BA4
:1046E00018BF012382F8243000201FE0FFF70EFAE4
:1046F000FAE7DFF8488000F0CDFA00F0B7FB0C468F
:104700000546FFF785FC0746D8F80800FFF7D2FCFE
:10471000002300222846C8F8083000232146C8E9B3
:1047200006233B463246FFF71BFE0220BDE8F08120
:1047300040F23B21B02000F051FC00BF8027002058
:10474000064A002310B5064C0260606084F83830D9
:104750002370FFF73BF93230206210BDDBCC010043
:104760008027002008B5074B5A681168064A914215
:1047700004D040F27521B02000F030FC32301862D5
:1047800008BD00BF80270020DBCC010010B5EFF38F
:10479000108472B6034B0421586808F006FB04B974
:1047A00062B610BD8027002008B5094B9A6822B96F
:1047B00040F29621B02000F011FCD3E90621BDE8BB
:1047C00008408018034A41F1000100F023BB00BFFC
:1047D000802700206D42010008B5064B9B6823B975
:1047E0004FF42771B02000F0F9FBBDE8084000F05D
:1047F0002DBB00BF8027002008B5054B9A6822B961
:1048000040F2A221B02000F0E9FBD86008BD00BF53
:104810008027002008B5054B9A6822B94FF42A7109
:10482000B02000F0DBFB186108BD00BF802700202E
:10483000054B1B6910B523B940F2AE21B02000F042
:10484000CDFBBDE81040184780270020054BDB68F2
:1048500010B523B94FF42D71B02000F0BFFBBDE8B7
:104860001040184780270020014B9868704700BF10
:104870008027002008B5054B9A6822B940F2BF2175
:10488000B02000F0ABFBD3E9060108BD8027002073
:1048900008B5FFF7BFFC08B1014BD88C08BD00BFBD
:1048A000802700200028ADBF00F1604000F00F001D
:1048B000044B00F56140B4BF185C90F80003400958
:1048C000704700BF14ED00E02DE9F04105460E46AB
:1048D000E1B9114F3B681BB18621452000F07EFBFA
:1048E00038600E48FFF788FF0D48FFF793FF08F088
:1048F00070F96B7D04465B0708D508F0AEF80A3402
:10490000241A7C6000F0C4FA0028FBD02B6A3146E0
:10491000686ABDE8F0411847C027002045490100FA
:1049200025490100064B1B6810B51BB972214520B3
:1049300000F054FB1A6A0421586ABDE81040104781
:10494000C0270020064B1B6810B51BB96C21452001
:1049500000F044FB1A6A0321586ABDE81040104772
:10496000C0270020024B00221A601A81704700BF46
:10497000C027002008B5074B1A681AB9B92145208D
:1049800000F02CFB0449D16000221A60BDE8084009
:10499000FFF724B9C0270020C948010030B587B00F
:1049A0000C46182200210546684608F05BFB637A36
:1049B0004FF000026168C3F38003029183F00103AA
:1049C00063F38202237A8DF81430224B8DF8152080
:1049D000039323785BBB9DF81500D4E904324007AC
:1049E000CDE9003207D50A3B01F10A0142F1FF325D
:1049F0000291CDE90032637A69469DF81520C3F330
:104A0000400322F003025B0043F0010313438DF8DF
:104A10001530114B5868C0F30800B8B11038FFF7D3
:104A200041FF98B92846FFF7B1F807B030BD2369B8
:104A3000049308F00CF89DF815305B0744BF029B07
:104A40000A33CDE9000148BF0293D4E7284608F0B5
:104A50000AF8EAE7C948010000ED00E008B50A4B92
:104A600002465868C0F3080040B11038FFF71AFF3B
:104A700020B91046BDE8084008F03BB81046BDE834
:104A8000084008F007B800BF00ED00E0174B10B574
:104A90000446586886B0C0F3080010B9002006B07C
:104AA00010BD1038FFF7FEFE0028F7D1D1E904232E
:104AB000CDE90400CDE900234B6802930B7A8DF811
:104AC00014300B4B03934B7A6946C3F340035B00EE
:104AD00043F00102C0F30723204623F003031343EE
:104AE0008DF8153008F06EF8D9E700BF00ED00E052
:104AF000C948010070B50B7886B023B140F21F2180
:104B0000452000F06BFA4C7A4FF000060593C4F391
:104B100080034D6883F00103029563F382060B7AEC
:104B20008DF814300F4B8DF8156076070393D1E99B
:104B30000431CDE9003107D50A3B05F10A0541F101
:104B4000FF310295CDE900319DF81530C4F34004E2
:104B50006946049264F341038DF8153007F083FF32
:104B600006B070BDC94801007FB507F070FF002393
:104B700005930B4B039340F21E2302934FF0FF3338
:104B8000CDE90001694607480493FEF7FFFF18B915
:104B9000B021432000F022FA07B05DF804FB00BF0B
:104BA000CD4B0100F827002010B5074C94F82030B9
:104BB0004BB9FEF7EBFE30B9012384F82030BDE895
:104BC0001040FFF7D1BF10BDF827002008B5052918
:104BD0002DD8DFE801F0032E282C2C0D07F033FF31
:104BE000144807F0F8FF1E38BDE8084007F031BF51
:104BF000FEF7CCFE38B10F4B002283F82020BDE831
:104C00000840FEF7EBBF07F020FF08B907F01BFFD5
:104C100000214FF4007007F0A7FF0028E0D1CE215B
:104C2000432000F0DBF9BDE80840FFF79DBFDA2123
:104C3000F6E708BDF82700204FF000430B4A00219B
:104C4000C2F88030A2F58022C2F88031012302F53B
:104C50007832C2F80435A2F58022C2F80435202249
:104C6000034B184683F8201008F0FCB900400C50A4
:104C7000F827002008B515F033FF054AD2F8583759
:104C800043F00103C2F85837BDE80840FFF78CBF76
:104C900000200E5008B515F033FF0B4AD2F85837F4
:104CA00023F00103C2F858370122084B5A604FF035
:104CB000FF32C3F808232022054BC3F89021BDE83A
:104CC000084000F0C3B800BF00200E50005008504C
:104CD00000E100E008B5FEF759FEB0B90D4BD3F87E
:104CE00000314BB90C4A536A0133312B53620BD953
:104CF0008121432000F072F907F0A7FE08B1852159
:104D0000F7E707F09EFE012008BD034B00225A6220
:104D1000F9E700BF00E01050F827002040F20251F0
:104D2000014808B500F050F93CC60300184820229D
:104D300008B5C0F89020BFF34F8FBFF36F8F154BAE
:104D4000C0F89021D3F8041521F00301C3F804152D
:104D5000D3F8081541F00301C3F8081592FAA2F13F
:104D6000B1FA81F1092904DD40F29F310A4800F0CF
:104D70002BF9C3F8101501215960D9604FF000419B
:104D8000C3F880104FF0FF31C3F80813026108BD6B
:104D900000E100E0005008503CC60300124B4FF405
:104DA000E062C3F838230022C3F8AC25C3F8BC2561
:104DB000C3F8CC25C3F82021C3F82421C3F8282147
:104DC00020220A4BC3F89C21C3F89C20BFF34F8FCD
:104DD000BFF36F8FC3F89020BFF34F8FBFF36F8F78
:104DE000C3F89021704700BF00200E5000E100E0A2
:104DF00008B5FFF7D3FF054B4FF4A062C3F8342387
:104E00002022034BC3F89C21DA6108BD00200E501C
:104E100000E100E00B4B10B51C681CB14B210420D5
:104E200000F0DCF8B1F5801F1A6001D3FFF776FFC0
:104E3000054B0122C3F8A005C3F8A415C3F8AC259F
:104E400010BD00BF2028002000200E50054A136826
:104E500033B100230449C1F8AC35C1F820311360E7
:104E6000704700BF2028002000200E5030B54FF0C2
:104E7000FF30064C6FF04041D4E90023904271EBC3
:104E80000305F9D31046C3F3130130BD40270E507C
:104E900008B5FFF7EBFF044BD3E902239042994199
:104EA0002CBF0120002008BD2028002010B5FFF7EE
:104EB0003DFF0F4C0023C4F8BC35C4F82431FFF784
:104EC000D5FF0A3041F10001B1F5801F01D1FFF794
:104ED00025FF4FF00043C4F8B005C4F8B415C4F87A
:104EE000A4310123C4F8BC35024BC3E9020110BD53
:104EF00000200E5020280020144BD3F8342312F445
:104F0000A06F10B503D1FA21042000F067F8D3F8A0
:104F1000202162B100220E49C3F8AC25C3F820213C
:104F20000B6813B94FF48171EEE70A609847074B9D
:104F3000D3F828214AB10022C3F8CC25C3F8282190
:104F4000034BBDE810401B69184710BD00200E50F0
:104F500020280020014B1879704700BF3828002016
:104F6000044B1A79824283BF1B68602202FB003027
:104F70000020704738280020BFF34F8F0549064BAB
:104F8000CA6802F4E0621343CB60BFF34F8F00BFE7
:104F9000FDE700BF00ED00E00400FA05084B012228
:104FA0005A604FF0FF32C3F808238022054BC3F844
:104FB0008820BFF34F8FBFF36F8FC3F888217047EE
:104FC0000070045000E100E008B572B6024B5B6867
:104FD00003B19847FFF7D0FF402800201FB572B6F5
:104FE000144B5C6894B9FFF7C7FFB2FBF6F22B468F
:104FF0005D1C002AF9D1DBB203F110056D4405F800
:105000000C2C0A2233B901A8A047ECE70246002382
:105010000A26EDE7013BDBB203F110050DEB0506B7
:10502000B0FBF2F502FB1500303006F80C0C2846F8
:10503000E8E700BF40280020F8B5234F05460C469E
:1050400016463B78002B3CD107F0EDFC7E601F4BF1
:1050500001263C814FF48062C3F8A4601C4BC3F866
:105060009020BFF34F8FBFF36F8FC3F89021FFF7EE
:1050700095FF184B002D14BF28461846FEF7BEFCBE
:105080000546E0B9FFF76EFCFEF7AAFC07F07CFED0
:10509000FEF714FD18B9B8211120FFF79FFF002C6F
:1050A0000BDB04F01F036409A4009E4004F160447C
:1050B00004F56144C4F88061266001233B702846F2
:1050C000F8BD4FF0FF35FAE74028002000A0085057
:1050D00000E100E07C770300074BB3F90830002BB8
:1050E00009DB5A09012103F01F03994002F1400333
:1050F000024A42F8231070474028002000E100E0F7
:10510000014B1878704700BF402800202DE9F84F68
:105110000746894693469846374CDFF8E0A0384D5D
:105120002E780136F6B2D5E84F3F0133DBB2C5E841
:10513000403F0028F7D101216160C4F80001C4F8A4
:105140000401EFF3108072B62E4BC5F80490AB60EB
:10515000C5E905B33B68C4F810357B68C4F814355D
:10516000BB68C4F81835FB68C4F81C35264BC4F876
:1051700030351033C4F83835216000B962B6D4F840
:1051800000312BB9D4F8043113B92B789E421CD0CE
:10519000B8F1000F09D00A9B3BB1D4F840350A9A08
:1051A000C8F80030D4F83C351360D4F80431002B33
:1051B000B5D12978B142B2D1C4F80031C4F8043174
:1051C0000323C4F80833BDE8F88FDAF81030DB06A3
:1051D000D5D503238021C4F804330C4BC3F88811C0
:1051E000D4F80031002BCAD1D4F80431002BC6D139
:1051F00007F079FEC3E700BF0070045000ED00E047
:105200004C2800201000000B5028002000E100E096
:105210001A4B4FF4000270B5C3F89820BFF34F8FBC
:10522000BFF36F8F164C0021164DC4F80011C3F860
:1052300098212E692B6906F0100643F010032B61AC
:105240000123C4F804332360D4F800319BB11EB9A4
:105250002B6923F010032B610123D4F808054FF4C8
:1052600000026360C4F808330023C4F80031034B24
:10527000C3F8982170BD07F036FEE5E700E100E0D5
:1052800000700D5000ED00E038B50B49042301EB30
:10529000C302157905F0FF042DB1013BF7D240217F
:1052A0006920FFF79BFE41F8330001215471D8B209
:1052B0009471117138BD00BF70280020042808B512
:1052C00003D947216920FFF789FE034B002203EB36
:1052D000C0031A7108BD00BF70280020042808B55B
:1052E00003D950216920FFF779FE094B03EBC00079
:1052F0000379012B01D05121F4E7437982790133FD
:10530000DBB29A4218BF4371BDE80840FFF7E4BE24
:105310007028002038B505240F4D95F8281005EBAE
:10532000C1031A79012A09D158799A79904205D096
:105330005A79D2B29A7155F83130984795F8283099
:10534000013C0133DBB2052B28BF002314F0FF041E
:1053500085F82830E1D138BD70280020094B0A4A71
:10536000C3F800230132C3F80C230132C3F8182319
:105370000132C3F820230132C3F81C230132C3F8E1
:105380001021704700A0085004000080074B002245
:10539000C3F80023C3F80C23C3F81823C3F8202351
:1053A000C3F81C23C3F81021704700BF00A00850A9
:1053B000844641EA000313F0030359D1403A33D342
:1053C000F0B4F0C9F0C0F0C9F0C0F0C9F0C0F0C945
:1053D000F0C0403AF5D2F0BC26E0403A24D300BFFA
:1053E0000B6803604B6843608B688360CB68C36065
:1053F0000B6903614B6943618B698361CB69C3614D
:105400000B6A03624B6A43628B6A8362CB6AC36234
:105410000B6B03634B6B43638B6B8363CB6BC3631C
:1054200040304031403ADBD230320BD30B6803605E
:105430004B6843608B688360CB68C3601030103169
:10544000103AF3D20C3205D351F8043B40F8043B38
:10545000043AF9D2043208D0D2071CBF11F8013B3C
:1054600000F8013B01D30B8803806046704700BF02
:10547000082A13D38B07B0D010F00303ADD0C3F1CB
:105480000403D21ADB071CBF11F8013B00F8013BF3
:10549000A3D331F8023B20F8023B9EE7043AD9D36C
:1054A000013A11F8013B00F8013BF9D20B78037087
:1054B0004B7843708B78837060467047014B1B6854
:1054C0001B681847E0110020014B1B685B681847F8
:1054D000E0110020014B1B689B681847E011002079
:1054E000014B1B681B691847E0110020034B18682B
:1054F000034BC01A18BF0120704700BFE011002005
:1055000004550100A7D00100B3D00100B7D00100BD
:10551000BFD00100C3D0010053B94AB9002908BF68
:1055200000281CBF4FF0FF314FF0FF3000F00CB8E7
:10553000ADF1080C6DE904CE07F0D5FDDDF804E00F
:10554000DDE9022304B07047704700BF08B5EBF7F0
:105550000FFCF0F707F8EBF7C5F9002008BDEFF7EF
:105560002DB903F046BC03F047BC03F03FBC03F089
:1055700046BF0346022200201A70052258709A7016
:105580002722D8705A71032218719A717D22DA711C
:1055900053221A7204225A726FF072029A726FF0DA
:1055A0000102DA72704703F0A9B870B50446F6F745
:1055B00061F9012805461AD1601CF6F763F9B0B10C
:1055C000A3790020E61D63F03F03A371F0F7E2F931
:1055D00038B110220021304607F044FD002025702C
:1055E00070BD3046F6F762F90028F2D0F6E70025E4
:1055F000F4E710B504461022002107F033FD04F152
:10560000100310220021184607F02CFDF6F768F968
:105610000020F0F7BFF920B12046F6F747F9002047
:1056200010BDF6F727F90028F6D0F8E710B50446C4
:10563000FFF7EEFDB0F5007F09DA10F5007F08DD19
:10564000031EB8BF03339B100020237010BD7F23BF
:10565000FAE76FF07E03F7E78178008803F011BB6B
:1056600037B505460C4600880DF1060103F044F9F4
:105670002B882380BDF80630638003B030BD38B579
:1056800005460C46EBF788FB30B13E2D04D1204691
:10569000BDE83840EBF7C4BB38BD37B504462046FB
:1056A000F0F76EFE022805460FD004280DD12378AE
:1056B000092B0DD0262B21D0204600F038F8A178F8
:1056C0002078FFF7DCFF0028E9D0284603B030BD82
:1056D00005213E20FFF7D3FF0028EDD1E37801A993
:1056E0002279684643EA0223ADF8003003F0A9F9B5
:1056F0000028D4D053210820EBF7B8F81A213E2017
:10570000FFF7BDFF0028D7D163796946A27901A8C8
:1057100043EA0223ADF8043011238DF80630EFF789
:1057200045F80028BBD06621E5E704F084BF10B53A
:10573000037804463D2B43D8002B43D0013B3C2B40
:1057400040D8DFE813F0510055005900C0003F0079
:1057500088008E0094009A00A000A400A600B60065
:10576000BC0042003F005E003F006200AA00B000A3
:10577000CA00D000C4003F00D6003F00E400FE0095
:1057800004010A013F0010011B0121013F00250116
:1057900033018F016D018101890173017B013901A1
:1057A0003F0047014D01530159015F01630167014A
:1057B000AD01B301B901BF0195019B01A701A10191
:1057C000FF2B47D04FF4ED7108E00E23B0F8032013
:1057D000037042F283039A4203D03221C720EBF7D1
:1057E00045F80623637035E00C2303700823F9E7BE
:1057F0001A2303700123F5E73E2303700223A370ED
:1058000028E03E2303700B23F9E72920EBF708FB80
:1058100028B13E232370222363702923EFE70A2057
:10582000EBF7FEFA3E23237018B11F2363700A239F
:10583000E5E70123A3701F236370E37903F00103FD
:10584000E371D4F81A30C4F80E30E38B638294F815
:105850002030237510BD3E230370042343701423AE
:10586000CDE73E2303700C2343700423C7E73E2398
:1058700003700A2343700323C1E73E2303700D2303
:1058800043700523BBE7052323700423AAE70823FD
:10589000FAE7302303700323A4E73E2303700B23AE
:1058A00043700723ABE73E230370062343700C23AA
:1058B000A5E71323037083789B00013392E75723F6
:1058C000037002238EE73E2303700D2397E73E23E8
:1058D000037001234370112391E73E2303700623D5
:1058E000437012238BE73E23037009234370132375
:1058F00085E73E2303702420EBF792FA18B12423A6
:10590000A37014236EE70E23A37010236AE73E23CF
:1059100003702520EBF784FA227B20B125230B327C
:10592000A370627096E70F2304F10B0104F10800E5
:10593000A37002F1080302326370BDE8104007F063
:105940007ABB3E23037003234370102357E73E23A3
:10595000037005234370202351E73E23037009237E
:10596000437021234BE73E2303702620EBF758FAC0
:1059700018230028C4D02622A27033E73E230370E8
:105980000423437027233AE73E230370282336E796
:105990003E2303702A20EBF743FA18B12B236370E0
:1059A0002A232CE71D236370192328E73E23037065
:1059B000072343701A2322E73E2303703820EBF7B6
:1059C0002FFA18B13823A37026230BE72C23A370DA
:1059D000202307E73E2303704C2343702D230EE75B
:1059E0003E230370042343702E2308E73E230370F5
:1059F000222343702F2302E73E23037016234370B4
:105A00003023FCE63E2303703123F8E63E23037087
:105A10003223F4E63E230370022343703323EEE681
:105A20003E230370142343702223E8E63E230370D1
:105A3000037C5B000F3343701D23E0E63E230370BD
:105A4000032343701E23DAE63E230370037D5B00CD
:105A5000133343701B23D2E63E23037003234370AA
:105A60001C23CCE63E230370052343701F23C6E6A8
:105A7000FF2303700B234370A223C0E6FF230370B0
:105A800005234370A323BAE6FF2303700D2343705D
:105A90008023B4E6FF230370292343708123AEE6FD
:105AA0003E2303700C2343702323A8E63E23037098
:105AB0000E2343703723A2E63E2303700A2343706C
:105AC00035239CE63E230370FE2343702B2396E68A
:105AD00008B510B96FF0150008BDFFF726FE0028C5
:105AE000F8D00020F8E710B50C4648B141B1FFF7F7
:105AF000D4FD002820700CBF6FF02200002010BDE4
:105B00006FF01500FBE7F8B5941C0E4605461746E6
:105B10000C446343B3F5004FA8BF4FF0FF3310F0C0
:105B200003019CB203D0B0211420EAF79FFEB4F524
:105B3000004F01D9B121F7E71422043007F092FA9F
:105B4000EF746C802E80F8BD38B50388C4888B4212
:105B50000589C4F30E0203D2D1211420EAF786FE90
:105B600084EA0503C3F30E030BB9AC4206D102F17C
:105B700018030122C1528274184438BD1846FCE74C
:105B8000023101444A43B2F5004FA8BF4FF0FF3243
:105B900090B21B3020F00300B0F5004F34BF00B2CC
:105BA0004FF0FF30704740881B3020F00300B0F505
:105BB000004F34BF00B24FF0FF3080B2704738B5AD
:105BC00003888B4203D2F7211420EAF74FFE857C2D
:105BD00065B1C388C3F30E031833C25A8A4207D390
:105BE000C152811DEBF736F900238374284638BD76
:105BF0000025FBE703461830F0B59E88DD88B4B277
:105C0000C6F30E06A54214D05F89DD7C845B3D445B
:105C1000E41B0235A4B2354428440D88A54284BF54
:105C20000C8025465989B1FA81F149091170DD814D
:105C3000F0BD00252846FAE7F8B582880026C3891A
:105C400004460D4692B20E60CBB14189C2F30E02FA
:105C50000B4418329BB28718825A4381934204D96D
:105C60004FF4A2711420EAF701FE04D1011DEBF7F5
:105C7000F1F846812F6000230120E381F8BD18462A
:105C8000FCE78388014602899BB29A4202D0083120
:105C9000EBF7E0B870478388C0889BB2C31A5842BC
:105CA00058417047828873B595B2C488C2F30E021A
:105CB000AC4202F1180212D04189C689835A31449C
:105CC00099420EDB0DF10601ADF80650EBF7C2F874
:105CD000BDF80600001B18BF012002B070BD0020F7
:105CE000FBE70120F9E770B5C48803460689183040
:105CF000C4F30E0584EA0602C2F30E020AB9B442E6
:105D00000FD19C891A880CB1465B921B914207DC2B
:105D1000DA7C2C440232224410440A461A8270BDB6
:105D200000221046FAE7F8B5038A002B38D08B42E0
:105D300036D3C48800F118038589C4F30E041E19F4
:105D400095B91D55757085891E5B0D443144ADB202
:105D500085811953D2B1811DEBF77CF80023838133
:105D6000002303820120F8BD1E5BAE4204D04FF435
:105D7000F6711420EAF77AFDC57C2644878A02353D
:105D800035445E195F53857DB570DCE7C27C2544E0
:105D900002322A4499189B5A83828B788375DFE7F5
:105DA0000020E0E78388C2889BB29A4206D04289ED
:105DB00022B9C3F30E03183318447047002070470C
:105DC000C37C0233C8187047C37C0233C81A7047BB
:105DD0000230704738B58388C2889BB29A4207D098
:105DE00045892DB9011DEBF735F8C581012038BD76
:105DF0000020FCE703881380C388C3F30E03183325
:105E0000034480890B6070470368002223B9C0E90E
:105E10000132031D0360704759681B680A44F5E7A7
:105E20000729034670B504D84FF4EC711520EAF742
:105E30001DFD0068C0B1446806461A688C4210D047
:105E4000106860B901F10805AC420DD35468505098
:105E50001868651A541800686560505002E01346CF
:105E6000E9E7146830461C6070BD0023C1E90032C8
:105E700003680B600160704730B590B18478B1FB66
:105E8000F4F304FB131300EB430252898A4201D15D
:105E9000D8B230BDC27822B900F10803D0B2844232
:105EA00001D8FF20F5E733F8025F01328D42F5D1CA
:105EB000EFE78278038805324B4303EB4203184433
:105EC0007047002307B5CDE900338DF8060068461A
:105ED000EBF7A0F9B0FA80F0400903B05DF804FBDD
:105EE00037B500240546CDE900448DF80600684624
:105EF000ADF80440EBF78EF9BDF8044008B103B0EB
:105F000030BD29462046EBF761F90028EFD040F27A
:105F100035211720EAF7AAFC70B51E460D46092167
:105F2000FFF72EFE0446324609212846FFF728FED9
:105F300040EA04031B0454BF00194FF0FF3070BD4A
:105F4000D31D23F0070370B5083390B110F0070498
:105F500003D058212220EAF789FC04604FF6FF7530
:105F6000C28000F108040A468180013A92B2AA4236
:105F700003D103FB01F0083070BD066826600460A1
:105F80001C44F2E7012303707047F8B50C46054640
:105F900011461E4684F001046400E4B2FF238370BE
:105FA00003191B7D012B05D00134E4B203191B7DBD
:105FB000012B0AD105EB44073B8B3A8C9819904290
:105FC00005DD00232C443B8323750020F8BD05EB41
:105FD0008404324660681844FFF7EAF93B8B1E449C
:105FE0003E830023AB700120F0E781F001014900FE
:105FF00010B5C9B2FF23837043181C7D012C07D153
:106000000C3120F8112002221A750023837010BD74
:106010000131C9B243181C7D012CF1D04FF49971A4
:106020000920EAF723FC024630B5837803F0FF002D
:10603000F3B9137D022B19D0537D022B15D10346E2
:10604000012089B10024D5180C332C7522F8134097
:10605000131803241C7502EB80035B680B6000F1CE
:106060000C0332F813308B80012030BD0123E8E7A8
:106070000020FAE7034630B5827802F0FF00E2B96B
:106080009A7D022A17D0DC7D022C13D1032281B124
:106090001D1900200C34287523F8140098180324C7
:1060A000047503EB82000C32406833F8123008604C
:1060B0008B80012030BD0324E9E70020FAE7037D4F
:1060C000012B01D1008B7047437D012B0CBF408B0E
:1060D00000207047837D012B01D1808B7047C37DE9
:1060E000012B0CBFC08B00207047838B23B9C08B62
:1060F000003818BF0120704701207047027D022A36
:1061000001D1008B7047437D022B01D1408B70473A
:10611000032AF6D0032BF9D000207047827D022A93
:1061200001D1808B7047C37D022B01D1C08B70479A
:10613000032AF6D0032BF9D0002070472DE9F04157
:106140000646069898460D46430711469DF81C7072
:1061500002D010F0030003D025214C20EAF786FB83
:106160004FF48B72FFF7ECFE002F06AB044600FBEA
:1061700008F114BF00201846EAF78EFE17B9069BF7
:1061800033602C60BDE8F081EBF752BA69B1C31EF1
:10619000012B09D9CB1E012B06D9012805D00129D5
:1061A0000CBF01200220704704207047EBF7BCBAF7
:1061B00008B501210020EAF7F3FF20B940F65F316E
:1061C0003220EAF753FB90F89400003818BF012002
:1061D00008BD90F86C00003818BF012070472DE909
:1061E000F0411446002507460E4604F10F08102220
:1061F0000021204606F036FF631E711913F8010FC7
:1062000011F8012B434582EA00021A70F6D11035CD
:10621000042322462146384606F05BFE502DEBD182
:10622000BDE8F0812DE9F0411D46D37B88B01446CE
:106230008846013307462146D373404604236A4605
:1062400006F047FEE37B04AE21460133404632466A
:10625000E373042306F03DFE57B17B1E6A461F37E9
:10626000117813F8010F4140BB4202F8011BF7D12E
:106270006B462C461A46083403CAB24244F8080C4E
:1062800044F8041C1346F5D105F1100332460833D7
:1062900003CA43F8041C08A943F8080C16468A42AE
:1062A000F4D108B0BDE8F081F0B59BB004460E46CD
:1062B00015460021102268461F4606F0D3FE102224
:1062C00000210DEB020006F0CDFE10AA04F1100C27
:1062D0002068083454F8041C1346644503C31A4666
:1062E000F6D114AA3068716816AB03C22A4610357D
:1062F0001068083252F8041C1C46AA4203C4234604
:10630000F6D108A910A8ECF7FFF83B4604AA6946A5
:1063100008A8FFF787FF1BB0F0BD0220704738B513
:106320000446F8F781FAF7F729F80146A0BB2046A2
:10633000F8F79CFAD4F8D430DB7C012B26D14FF44B
:106340007A71D4F89800FDF7EBFAD4F8D410D4F8A9
:10635000C82010304B7C012BD4F8BC3014BF102562
:106360002025002A4FEA5313B8BF1F32C3EB621334
:10637000CA7DC4F8C400083B9B1A1B1AD4E9222129
:106380005B1BD21841EBE371C4E9222104F1400008
:10639000BDE8384004F0F7BF042384F86232F5E723
:1063A00008B50D2140F6FF70EAF7FAFE88B10D211D
:1063B00040F6FF70EAF70AFF18B1ED218520EAF7F1
:1063C00055FA0E2140F6FF70EAF700FF08B1EE2102
:1063D000F4E708BDFFF7E4BF10B50C46FFF7E0FF98
:1063E0000023E3703523237010BD10B50D21044642
:1063F000EAF730FF0E21EAF7D3FEB4F86422B0F8D2
:106400005431013294F8201292B2A4F864221BB1E4
:1064100093428CBF0023012394F86622D2B21BB9A9
:1064200001F00F031A4307D0062384F86232204696
:10643000BDE81040F7F7A0BF052384F86232B0F83A
:106440005211B0F83C31B4F8642201FB0233E3810D
:10645000EDE72DE9F04F924690F85D7291F83E21FC
:1064600088468BB04FF0000B044640F271268DF841
:10647000183006238DF810B08DF81930B7FBF2F103
:1064800002FB1177B8F83A210D21FFB25743EAF722
:10649000E1FE0E210190EAF783FED4F8D43006FB2A
:1064A00007F58146DB7C012B40F0918002A9019821
:1064B00003F0BFFA18B14A218E20EAF7D7F9039BFF
:1064C000019303F00FF8019B834693F87F00EFF7E9
:1064D00069FD94F85D3299F83E21B3FBF2F102FBBD
:1064E0001133DBB2002B6FD0B9F83A3173430BEBA9
:1064F00000010AEB030089B2FDF712FA00F1100661
:10650000C4F8C4602046D9F84C917600FBF7C0FF70
:10651000D4F8D430814594BF4E443618DB7C06F263
:10652000DB16012B059654D1002F52D0D4F8BC3085
:1065300040F2A915A5EB531506F04BFBD4F8C82083
:10654000D4F8D4C0EF17002A9CF81130B8BF1F321E
:106550009CF817C0012BB8F83A3140F271284FEA85
:10656000621E14BF1026202608FB03F3D21713EB7C
:106570000E0342F10002083B42F1FF32B3EB0C0381
:1065800062F100025B1947EB02071B1841EB0701A0
:106590009B1B61F10001D4F8C4006FF4D472121A8D
:1065A00034BF6FF001004FF0FF30D218059B41EB74
:1065B0000001A36004F11800CDE9082104A9FEF749
:1065C000EDF978B9EA2177E7D9F830318FE75E46FF
:1065D00096E7D8F83031D4E900212B449B1841F1DB
:1065E0000001D8E70BB0BDE8F08F2DE9F0410D2197
:1065F0000446EAF72FFE0E21EAF7D2FD94F85D5229
:10660000064690F83E71F8F70FF996F83F3103F01F
:10661000FF0853B9A1892046F8F728F994F86232A7
:10662000042B06D12046FFF7E0FEBDE8F041FEF75F
:10663000A1B9B5FBF7F307FB13550135EDB2AF4236
:10664000F3D00123424631462046FFF702FFECE734
:1066500038B5D0F8D4300446B0F86452B3F84730B7
:106660002B448381042380F8623201F00F0141EA58
:106670000212818980F82022F8F7F8F82046BDE858
:106680003840FFF7B2BE2DE9F14FDDE90A5B07465E
:10669000894628880D2192469846EAF781FD0446EE
:1066A0000E212888EAF77CFD0646E4B390F83F31D6
:1066B000CBBB94F86732B3BB94F86232022B11D192
:1066C00090F8723173B1BBF80630B0F87051ED1A22
:1066D00047F6FD73013DADB29D4203D90146204608
:1066E000FCF758F894F86232032B14D1BBF806304B
:1066F000E589AB4241D194F82F210E2A16D894F89F
:106700006232052B0FD00F220221204601B0BDE8D6
:10671000F04FFFF79DBF94F86232022BE6D094F859
:106720006232052BE2D001B0BDE8F08FB6F8382117
:10673000A4F818321344B7EB0A02E38169EB0803AB
:1067400052EA030114BF012100215745217479EB5E
:106750000808C4E9007904D240F229218E20EAF722
:1067600085F813B140F22A21F8E70223314620468A
:1067700001B0BDE8F04FFFF76CBEED1A47F6FD73B0
:10678000013DADB29D42CED994F86232052BCAD0FC
:10679000E38903220021A4F81832B6E72DE9F04777
:1067A000914686B00746884610880D21EAF7F8FC26
:1067B00004460E21B9F80000EAF7F2FC0646002C68
:1067C0004DD0237C002B4AD00025D4F8D43025743A
:1067D000DB7C012B0ED102F085FE054699F87F0087
:1067E000EFF7E0FB2918D6F8300189B2FDF798F8E9
:1067F00000F110056FF4D472D6F83031D6F84C6140
:106800002046BA1868F1000A9B184AF1000AB3EB57
:1068100005096AF1000AFBF73BFE86424FF00003D0
:10682000694628BF06468DF8003040F2026304F145
:10683000180006EB4506ADF8083006F2DB16CDE988
:10684000049A0196FEF722F948B1D4F8D430A66034
:10685000C4E90078DB7C012B08BFC4F8C45006B043
:10686000BDE8F08770B50D210546EAF7F3FC0E216F
:10687000EAF796FC0446FF2380F83F3105F118063D
:106880003046FEF7EBF8304606F064FA002385F850
:10689000623284F83F3170BDD0F8D42090F8623273
:1068A000022B20D1D0F8D43093F84B30162B16D0D1
:1068B000282B16D0132B14BF0F23012390F820127E
:1068C00063F3030180F82012002380F86232B2F8EB
:1068D0004730B0F864120B44A2F8473070470123E8
:1068E000ECE70323EAE7FF2380F86632704738B508
:1068F0000D210546EAF754FC0446F8B90D21284657
:10690000EAF712FC0446C8B100214FF42E7206F0DB
:10691000A9FB0E212846EAF743FC40B100F1E20250
:1069200000F1DA0104F1DA03CA30FAF7C5FA40F6E9
:10693000FF739D4202D02046ECF734F8204638BD64
:1069400010B50E21EAF7F0FB044618B95E2153207A
:10695000E9F78CFF4FF4BA72002106F083FB0123A4
:10696000142284F8F33084F8F42084F8173110BD31
:1069700040F6FF73984203D101F1400004F03BBDA3
:106980000846FFF76FBF002381F8C230704710B58B
:106990000446EEF74FFE4B0414D50D212046EAF7CE
:1069A000FFFB40B10D212046EAF710FC18B1802111
:1069B0005320E9F75BFF0E212046EAF707FC08B1F8
:1069C0008321F5E710BD2DE9F0410C460E21074665
:1069D000EAF740FC80460E21EAF7E2FB0D2105466E
:1069E0004046EAF7DDFB3223064623707B7AA4F8A3
:1069F0000480E37095F81631A37197F80A80B8F116
:106A0000010F84F8078028D12946FBF7BDFF4146D6
:106A100096F9D900FCF790FB96F8953260722372D4
:106A2000D6F85032C3F30722A372C3F30743E272CE
:106A3000237395F83E316373B5F83A31E381B5F8C5
:106A400038312382B5F852316382B5F85431A382CC
:106A5000B5F85031E382BDE8F081002380F862325E
:106A6000B7F90C10BDE8F04101F0C9BA37B50446DA
:106A70000D4601A80021EEF735FF014628B1019B24
:106A80000DF10301DB788DF803302A462046EFF73D
:106A9000C5FE03B030BD38B504464568ECF7DCFBF5
:106AA000002385F88C322046BDE8384004F00FB84A
:106AB00010B50C4611464368A4F12E020B2A35D8B6
:106AC000DFE802F0063418342634342D1134341F34
:106AD00093F88D30392B01D0502B27D1012200F0B3
:106AE0002FFB002010BD93F88D303A2B1ED1ECF710
:106AF00093F8F6E793F88D303B2B17D1EBF7D4FFE3
:106B0000EFE793F88D303C2B10D1FFF7C4FFE8E797
:106B100093F88D303F2B09D1EBF7DEFFE1E793F8D7
:106B20008D30452B02D1EBF7FDFFDAE70220D9E7E4
:106B30002E390B291AD8DFE801F006190D1913199F
:106B400019160A19191001221A2100F0F9BA1A218E
:106B5000ECF762B81A21EBF7A7BF1A21FFF79BBF2A
:106B60001A21EBF7B9BF1A21EBF7DCBF704737B535
:106B70000C466946154602F05CFF78B9019A92F816
:106B80008E30453B012B09D992F88D30453B012BC6
:106B900004D92A4621466846ECF700F803B030BD18
:106BA00070B50C460E210546EAF754FB0E21064649
:106BB000EAF7F6FA2D22A68022706A7AE270002A9D
:106BC00053D190F84820A271B0F85420A4F80720BF
:106BD00090F84920627290F84A20A27290F84B20F7
:106BE000E27290F84C20227390F84D20627390F876
:106BF0004E20A27390F84F20E27390F85020227438
:106C0000B0F85620A4F81120B0F85820A4F81320AA
:106C100090F851206275B0F85A20E282B0F85C20FA
:106C20002283B0F85E206283B0F86020A283B0F8BF
:106C30006220E28390F8522084F8202090F85320BC
:106C400084F82120B0F86420628490F8662084F8EB
:106C5000242090F8672084F8252090F8682084F894
:106C6000262090F8693084F8273070BD2DE9F04F68
:106C700093B00446EBF7A8FE0379C27A0021009393
:106C8000437A458A0193437890F805B0119383784D
:106C900090F806A00293C37890F8079003930378C6
:106CA00090F8088004938389C7890593837A068ABC
:106CB0000693838A0793C38A0893038B0993438BB4
:106CC0000A9302F07F030F220B93838B0C93837F35
:106CD0000D93C37F0E9390F820300F9390F82130DE
:106CE00004F10A00109306F0BDF9009B2046029AB9
:106CF0002370019B84F801B06372119B84F802A099
:106D000003F00F0384F8039084F8048043EA02132D
:106D1000C5F30012A4F80570A372039BA4F80760E2
:106D200003F0030343EA8203C5F3400243EAC203CC
:106D3000C5F38002C5F3C00543EA02130B9A43EA88
:106D40004515049B2373059BE572A4F80D30069B43
:106D5000E373079B2382089B6382099BA3820A9BA0
:106D6000E3824FF0000362F3470323760C9BA4F801
:106D700019300D9BE3760E9B23770F9B6377109B57
:106D8000A37713B0BDE8F08F10B512210088EAF7A1
:106D900007FA044648B1EEF753FC036813F40063A6
:106DA00016BF607C1846C0F3C00010BD0140002330
:106DB00010B5D8B2824201D8104605E041FA03F47A
:106DC000013314F0010FF4D010BD0138032810B5C1
:106DD0009DF8084010D8481E03280DD8501E0328DF
:106DE0000AD8914208D83BB10A2C05D840F2174086
:106DF000E04000F0010010BD0020FCE773B5817A8F
:106E00000446C67AC37B0A09057B01F00F01009393
:106E100006F003032846FFF7D8FF760705D520B113
:106E2000E07E00902846FFF7D0FF02B070BD0B7BDC
:106E300010B580F848308A7B4B7B43EA0223A0F8E8
:106E400054308B7AC3F3030380F849308B7AC3F351
:106E5000031380F84A30CB7AC3F3010380F84B3038
:106E60000B7880F84C304B7880F84D308B7880F878
:106E70004E30CB7880F84F300B7980F850308A79DB
:106E80004B7943EA0223A0F856300A7ACB7943EAD9
:106E90000223A0F858304B7A80F85130CA7AC2F3F6
:106EA0000013C2F3C0049B0043EA4403C2F340143E
:106EB000C2F3800243EAC40343EA0213A0F85A3043
:106EC0004A7C0B7C43EA0223A0F85C30CA7C8B7CB2
:106ED00043EA0223A0F85E304A7D0B7D43EA022399
:106EE000A0F86030CA7D8B7D43EA0223A0F86230AF
:106EF000CB7B80F852300B7EC3F3460380F85330CF
:106F00004B7E8A7E43EA0223A0F86430CB7E80F871
:106F100066300B7F80F867304B7F80F868308B7F5E
:106F200080F8693010BD2DE9F84390F800900546CF
:106F3000884617464468B9F1000F07D0D4F880306E
:106F400013F4085F06D00120BDE8F88394F88E3072
:106F5000002BF8D14046FFF751FF0646EEF76AFBDB
:106F60000B0413D4B9F1000F03D094F88E30002B2A
:106F7000E9D11A222E21284603F0D6FD362384F8C3
:106F80008E30284603F0ACFD0020DDE794F8923007
:106F900013B194F893300BB92F22EBE70EB91E22F0
:106FA000E8E76B680E211888EAF7FAF8064690F8C9
:106FB000C9304BB16B68FF2283F84721B9F1000F4C
:106FC00008D12FB15023DAE74146FFF730FFF5E74C
:106FD0003923D4E7D4F880303FB143F40053C4F8E8
:106FE0008030FF2386F8C330CBE743F40073C4F846
:106FF000803086F8C370F7E7202A70B5044688B061
:107000000D4616460ED14068FFF7BEFE90B16946A8
:10701000284603F0A4F8012269462046FFF783FFC3
:1070200008B070BD1A2A05D16946284603F095F8C4
:107030000022F1E723783BB932462946204608B0C2
:10704000BDE8704003F09CBD2978204608B0BDE83B
:10705000704003F082BD30B589B00D4604466846E5
:10706000FFF704FE6868FFF78FFE694628B12046E7
:1070700003F071F8202009B030BD204603F069F814
:107080001A20F8E710B544682046FFF77DFE94F813
:107090008D3028B143B14FF4EB71D520E9F7E6FB11
:1070A00033B140F2DB11F8E7502384F88D3010BD86
:1070B0003923FAE730B589B00D4604466846FFF734
:1070C000D5FD2A786B6852B993F88E30502B0ED1CB
:1070D0002046694603F05AF8202009B030BD0E2141
:1070E0001888EAF75DF890F8C330002BF0D12046FD
:1070F000694603F049F81A20EFE738B503780446EB
:1071000045683BB995F88E304BB140F28511D520DA
:10711000E9F7ACFBD5F8803013F4085FF5D0002117
:107120002846EBF761FD23782BB1D5F8803023F4A6
:107130000853C5F880302046BDE8384003F0E1BC74
:1071400070B54668154604463046EBF74DFD15B15F
:10715000002386F847312046BDE8704003F0B7BCF5
:10716000202A0B4630B5044689B01FD1694618461F
:1071700003F010F8656895F88D30392B01D0502B4D
:1071800031D16846FFF73AFE50B30E212888EAF75E
:1071900007F890F8C93003F0FF05DBB100223A216F
:1071A0002046FFF7CDFF002009B030BD1A2A04D1D8
:1071B0006946184602F0ECFFDCE7047824B909B010
:1071C000BDE8304003F0DCBC097809B0BDE83040D0
:1071D00003F0C3BC6946FFF72AFE01222946DFE718
:1071E00001221E21DCE70120DEE770B50C460E21EE
:1071F0000546EAF72FF80E210646E9F7D1FF2F23BF
:10720000A680014623706B7AE3702BB9A01D48223B
:10721000BDE87040FEF7CCB870BD70B54568044657
:1072200095F88E60D6B9EEF705FA0B040CD41A2245
:107230002046362103F078FC3623204685F88E3030
:1072400003F04EFC304670BD95F8923013B195F8BE
:1072500093300BB92F22EBE71122E9E70126F1E782
:1072600008B5436893F88D201AB18A21D820E9F730
:10727000FDFA3A2283F88D2008BD38B50446084649
:10728000636893F88D303A2B11D102F098FF636850
:1072900005460E211888E9F783FF48222946FEF7A4
:1072A00087F820460021EBF7B7FC002038BD01200D
:1072B000FCE74B6813B504460E211888E9F770FF08
:1072C0004FF0000390F8162101A9204662F3050350
:1072D0008DF8043002F09BFF022002B010BD08B50B
:1072E000436893F88D201AB1E621D620E9F7BEFA5B
:1072F0003B2283F88D2008BD70B5067804464568AA
:1073000036B995F88E303BB1EE21D620E9F7AEFACA
:10731000D5F880305B05F7D500212046EBF70CFE51
:107320002EB1D5F8803023F48063C5F88030204634
:10733000BDE8704003F0E5BB03282DE9F84315468E
:1073400099469DF820409DF824809DF834709DF862
:10735000406002D90020BDE8F8830846FBF784FAB4
:107360000028F7D0002DF5D009F1FF33022BF1D81A
:10737000002CEFD0221FD2B2FA2AEBD9FF2C10D06A
:10738000B9F1010FE6D0B9F1020F2FD104F0FD04DD
:10739000012CDFD1B8F1000FDCD09DF828309845E2
:1073A000D8D89DF82C30032BD4D89DF83030013B31
:1073B000022BCFD87B1E012B01D9082FCAD19DF8F3
:1073C0003830062BC6D89DF83C303343012BC1D84A
:1073D000012EC0D19DF84430012BBBD89DF8480048
:1073E000023806288CBF00200120B4E7022CD0E729
:1073F00003787F2B10B504468CB002D900200CB066
:1074000010BD3F2B03F03F0004D803288CBF0020A1
:107410000120F4E7637D611C0A93237D1A0903F0C0
:107420000F0309920893E37CC3F3011203F00F03E7
:1074300007920693A37C0593637C0493237C0393B8
:10744000E37B0293A37B0193637B0093237BE27A2C
:10745000FFF772FF0028D1D0A37D072BCED8E37DA4
:10746000072BCBD8237E092BC8D8607E0228CDE716
:10747000032930B504469DF80C50184601D0032A64
:1074800003D1237913F001031ED010B9A3793BB9BE
:1074900030BD0138012894BFE079207A0028F7D068
:1074A000022D0BD1637A13F00200F1D09DF8103059
:1074B000012B0BD1A07CC0F38000E9E7082DF5D1AA
:1074C000637A13F00400F0E71846E1E70120DFE7F4
:1074D0002DE9F34104468846EBF776FA0546E67C4B
:1074E00098F8F23006F03007B7FA87F252091341E4
:1074F00013F0010335D0237D03F00F030193A37C28
:10750000009306F00F03627B217BFFF7B1FF28B3E6
:10751000A27D062A04D8AB8A134113F0010320D0C0
:10752000E27D062A04D8EB8A134113F0010318D038
:10753000227E082A04D82B8B134113F0010310D0AC
:10754000627E012A04D86B8B134113F0010308D02B
:10755000730603D517B9A87CC0F3001002B0BDE8CC
:10756000F0811846FAE7F7B5466805460F4696F8E3
:107570008D303B2B34D10E213088E9F711FE01A963
:107580000446384602F048FE9DF8042094F816118F
:1075900002F03F0294F8F8308A4215D0012283B9F4
:1075A00084F8173184F8F8201E212846EBF7C4FC34
:1075B000002486F84941284603F089FA204603B0A2
:1075C000F0BD84F81721EFE733B9012284F81721C1
:1075D00084F818310021E8E7002384F81731F9E72F
:1075E0000120ECE770B50C460E210646E9F732FEA5
:1075F000302305462370767AA080E670BEB90E214E
:10760000E9F7CEFD0D210446A0F840612846E9F7D0
:10761000C7FD48B100F1DA0304F1E20204F1DA0136
:1076200004F1CA00F9F748FCFF2384F8C43070BDA8
:107630007FB505460E4601A80C211446E9F78AFBE2
:1076400001AB03CB039B696028603360EFF7B4F8AC
:107650000546EFF7B1F86060256004B070BD10B565
:10766000A0F1880400F1620200F156014A30FFF7F0
:10767000DFFF0E212046E9F7EDFD0221E9F790FD3D
:107680003E2380F88E3010BD4B680E2110B50446A5
:107690001888E9F785FD00F1E20300F1DA0200F154
:1076A000CA01204602F08DFD152010BD4B680E2149
:1076B00010B504461888E9F773FD00F1EA0300F1FC
:1076C000DE0200F1D201204602F09DFD152010BD22
:1076D00008B5436893F88D201AB15821D420E9F7F2
:1076E000C5F83C2283F88D2008BD426838B592F871
:1076F0008D3004460D463C3B022B12D80E211088DB
:10770000E9F74EFD00F1EA0300F1DE0200F1D201DB
:10771000284602F07AFD20460021FFF7BCF9002040
:1077200038BD0120FCE738B54568044695F88E3031
:107730003C3B022B03D9B721D420E9F797F803F09B
:10774000E0F90021204685F88E10BDE83840EBF7BF
:1077500083BD3F3804288CBF0020012070473F388C
:1077600004288CBF002001207047F8B500F1F9070C
:107770000E460446154600F148023846FBF79EF8CF
:1077800084F814013046FAF7C5FCA02201463846B9
:10779000FAF78AFDA84228BF2846F8BD73B50E2126
:1077A000AA38E9F757FD6946054602F042F9044652
:1077B00060B92846019EFFF79AF848B9072232219E
:1077C000684603F0B1F9362386F88E3002B070BDFA
:1077D000012380F8623280F8D8404123F4E738B5BD
:1077E0000B780C4615461BB192F90020803209D166
:1077F00090F87500F3F75CFE0123834023700023AB
:107800002B7038BD013B012202FA03F30B70F8E73D
:1078100038B5044691F874000D46F3F749FE01238C
:1078200094F857218340934222D028880F21E9F70A
:10783000B7FC054620B94FF4C171D320E9F716F81B
:1078400094F8570104F0EEFB05EB400595F919306B
:1078500094F9582113446FF07E029342B8BF134647
:1078600094F9F4209342A8BF134684F8593138BDE7
:1078700095F97C30ECE738B5044690F874000D4675
:10788000F3F716FE012303FA00F0A84214D0208873
:107890000F21E9F785FC044608B9002038BD2846C9
:1078A00004F0C0FB04EB400494F921307D2BF4DCA0
:1078B000BDE8384004F0EDBB1846EFE770B54D6801
:1078C00088B006460E212888E9F76AFC95F81F3132
:1078D000044623B9B5F886300633A0F83C3194F855
:1078E0002D310DF103020DF1020128468DF8023011
:1078F00094F82E318DF80330FFF771FF1C22002120
:1079000001A805F0AFFB94F816214FF000033046B4
:1079100001A962F305038DF80430B4F83C31ADF8E9
:10792000053094F830318DF8073094F831318DF806
:10793000083094F832318DF8093094F834318DF8EC
:107940000A3094F835318DF80B3094F836318DF8D3
:107950000C30B4F85031ADF80D30B4F83831ADF822
:107960000F3094F83E318DF81130B4F83A31ADF85B
:107970001230B4F84C31ADF8143094F84E318DF823
:107980001630B4F85231ADF81730B4F85431ADF8C0
:10799000193094F856318DF81B3094F82F318DF84A
:1079A0001C309DF802308DF81D309DF803308DF8A5
:1079B0001E30FF238DF81F3002F0B8FC1D2008B0E8
:1079C00070BD08B5436893F88D2022B14FF4F9716A
:1079D000D320E8F74BFF3F2283F88D2008BD436892
:1079E000F7B50E2107461888E9F7DAFB0446D0F808
:1079F0004C2190F85611FFF7B8FE94F83E31054639
:107A0000C4F84C01012B1CD9B4F83A611EB9E3212A
:107A1000D320E8F72BFF40F271235E4301F062FDB3
:107A200000F5FA71304689B2FBF77AFF00F20A20BE
:107A30002B189E4205D2351A40F2E2439D4238BFD0
:107A40001D46D4F830316A46394620460093D4F8B2
:107A50003431C4F84C51019301ABEBF70FFC009BA0
:107A600023F07F43C4F83031019B23F07F43C4F8F7
:107A7000343103B0F0BD70B54D6888B006460E21B4
:107A80002888E9F78DFB95F81F3104466BB9B5F8E6
:107A90008620B0F83C11C2F57F43FA330B441BB289
:107AA000002BDCBF0632A0F83C2194F82D310DF1FB
:107AB00007020DF1060128468DF8063094F82E31A4
:107AC0008DF80730FFF78BFE1522002102A805F084
:107AD000C9FA94F816214FF00003304602A962F368
:107AE00005038DF80830B4F83C31ADF8093094F84E
:107AF00030318DF80B3094F831318DF80C3094F82A
:107B000032318DF80D3094F834318DF80E3094F810
:107B100035318DF80F3094F836318DF81030B4F8D7
:107B20003831ADF8113094F83E318DF81330B4F897
:107B30003A31ADF81430B4F84C31ADF8163094F851
:107B40004E318DF8183094F856318DF819309DF873
:107B500006308DF81A309DF807308DF81B3002F092
:107B600070FC162008B070BD08B5436893F88E000D
:107B7000FFF7EFFD20B940F2D621D320E8F776FEDB
:107B8000432283F88E2008BDF8B517461D460646E9
:107B900008460C46FAF7BEFAAB78BA78934228BF8B
:107BA0001346984201D90020F8BD31462046FAF725
:107BB000BDFA7B788342F6D3B6FA86F120464909AE
:107BC000FAF7B4FA6B78834234BF00200120EBE768
:107BD000FFF705BF70B54D6886B006460E212888B0
:107BE000E9F7DEFA95F81F3104466BB9B5F886203F
:107BF000B0F83C11C2F57F43FA330B441BB2002BA3
:107C0000DCBF0632A0F83C2194F82D310DF10302BF
:107C10000DF1020128468DF8023094F82E318DF8CE
:107C20000330FFF7DCFD1222002101A805F01AFA4B
:107C300094F816214FF00003304601A962F30503C2
:107C40008DF80430B4F83C31ADF8053094F830319B
:107C50008DF8073094F831318DF8083094F83231CE
:107C60008DF80930B4F83831ADF80A3094F83E3167
:107C70008DF80C30B4F83A31ADF80D3094F84C3141
:107C80008DF80F3094F84D318DF8103094F84E3156
:107C90008DF8113094F856318DF812309DF802307D
:107CA0008DF813309DF803308DF8143002F025FC68
:107CB000132006B070BD436810B5044693F88E00DB
:107CC000FFF747FD60B10022204683F88E2002F0C6
:107CD00018FF204601220021BDE81040EAF75EBFF0
:107CE00093F88D00FFF735FD18B1204602F0EFFE46
:107CF000EFE740F2A641D320E8F7B8FD73B54E6830
:107D000005460E213088E9F74BFA0D2104463088EC
:107D1000E9F746FA18B93521D220E8F7A7FD96F819
:107D20008D3001A9D0F8D420452B18BF838928466F
:107D300018BFA4F846314FF00003527F62F30503E9
:107D40008DF80430B4F84631ADF8053094F844317C
:107D50008DF8073002F021FC052002B070BD10B58F
:107D600044680D212088E9F71BFA18B94D21D2206B
:107D7000E8F77CFD94F88D300BB14F21F7E74523F0
:107D800084F88D30BDE81040FEF786BD2DE9F34143
:107D900046680546884696F88E70002F69D10378AC
:107DA000002B3BD1352196F88D00FEF75FFE04468F
:107DB000EDF740FC0B0456D596F89230002B54D0CA
:107DC00096F89330002B50D0CCB9404601A902F070
:107DD000F2FBD5F804800E21B8F80000E9F7E0F9CD
:107DE0000D210446B8F80000E9F7DAF99DF80430EF
:107DF00094F8162103F03F03934211D00C2422463D
:107E00003521284602F090FE3623284686F88E302B
:107E100002F066FE384602B0BDE8F0813C46C7E796
:107E20000028EBD090F86232012BE7D090F8663250
:107E3000EBB9BDF80520B4F8541193B231B1B4F8E0
:107E400040C1A3EB0C039BB29942D7D99DF80730F0
:107E5000A4F8482184F8443190F862320BB1FEF75F
:107E60001BFD4623D1E71A24C9E72F24C7E73A248C
:107E7000C5E70127CEE773B54E6805460E21308869
:107E8000E9F78EF90D2104463088E9F789F918B928
:107E9000D621D220E8F7EAFC96F88E3001A9D0F876
:107EA000D420462B08BF8389284608BFA4F8463152
:107EB0004FF00003527F62F305038DF80430B4F8ED
:107EC0004631ADF8053094F844318DF8073002F0B2
:107ED0007DFB052002B070BD70B54568044695F87D
:107EE0008E30453B012B03D9EB21D220E8F7BEFCB5
:107EF0000E212888E9F754F90D2106462888E9F76C
:107F00004FF9002386F8453168B9002296F84511EB
:107F10002046EAF743FE0023204685F88E30BDE870
:107F2000704002F0EEBD90F86232002BEDD0F2E727
:107F3000F7B5466805460F4696F88D30453B012B50
:107F40003CD80E213088E9F72BF90D210446308802
:107F5000E9F726F901A90646384602F045FB9DF8E7
:107F6000043094F8162103F03F0393424FF00003CE
:107F70000BBF84F845311E22019B84F845210DBFBB
:107F8000C3F30F23A4F84831A4F84631A4F84831CC
:107F90007EB9002294F845112846EAF7FFFD6B6888
:107FA000002483F84B41284602F091FD204603B09F
:107FB000F0BD96F86232002BEBD0F0E70120F6E737
:107FC00070B552680446B0F8545192F84B0108B1AC
:107FD0003A2070BD91F8666206F0FF00002EF7D1DE
:107FE000012D0AD003D9B1F86412A94205D2FF21AC
:107FF00082F84B1184F84431EBE70C20E9E70029C3
:10800000F8B511DDD0F8D4708CB2002600F1DA0595
:1080100001362846F8F720FCB3B2A342F8D3B7F8EC
:1080200047301C44A7F84740F8BD7FB54D68064669
:108030000E212888E9F7B4F804460D212888E9F7CD
:10804000AFF8D4F86A11034601AAD4F8660103C256
:10805000B4F86E11118095F88D20442A11D0B5F82E
:1080600086200632A4F87021442285F88D2043B181
:1080700093F862222AB193F8D83013B1012384F81F
:108080007231B4F87031304601A9ADF80E3002F00B
:10809000B6FA0D2004B070BD08B543680E211888EB
:1080A000E9F77EF8FF2380F8C73008BD2DE9FF41CE
:1080B00046680F4680460E213088E9F771F80D2199
:1080C00004463088E9F76CF801A90546384602F005
:1080D000A5FA96F88E709FBB96F8923033B396F857
:1080E00093301BB301AB03CB1B88C4F85C01C4F80D
:1080F0006011A4F86431B5B195F862329BB195F87E
:10810000D83083B9BDF80E20B6F88610531E5B1A1E
:1081100047F6FD719BB28B420CD928234246294673
:108120002046FFF74DFFFF2384F8C830384604B0DF
:10813000BDE8F0810123A4F8702184F87231F2E7E0
:108140000127F3E7002070470020704701207047A7
:1081500070470020704700F0FD00003818BF012074
:1081600070470378012B03BFC07FB0FA80F040094D
:108170000020704720B190F86202003818BF01203B
:1081800070472828034619D00AD8142810D01E2872
:1081900011D001F001000A2B18BF40F00100704718
:1081A0003C2811D0502812D032280AD00120704724
:1081B000C1F340007047C1F380007047C1F3C000B5
:1081C0007047C1F300107047C1F340107047C1F30E
:1081D0008010704710B5044638B1EDF735FA24EA3F
:1081E0000000B0FA80F0400910BD0120FCE72DE945
:1081F000F0411646B0F86670B0F8685071B303F0FD
:10820000CFFE0446022101F0ADFB8046022120464C
:1082100001F0A8FB474528BF4746BFB21B2F38BF18
:108220001B27FB2F28BFFB27854228BF05467780E9
:10823000ADB21B2D38BF1B25FB2D28BFFB25B4F588
:10824000A47F38BF4FF4A474F580B4F5296F28BF1C
:108250004FF42964B4803481BDE8F08103F0AFF9B4
:10826000CFE7002307B5CDE9003303238DF80630AF
:108270006846E8F7CFFF08B1002004E0009803F05B
:1082800055FA0028F4D003B05DF804FB13B50121C2
:108290000020E8F785FFC0B901210846E8F780FF14
:1082A000F8B9FFF7DEFFA0B906236C4601900090F5
:1082B0008DF806302046E8F7ADFFC0B100230093EB
:1082C000636007238DF806301FE0A830FDF781FFBB
:1082D00010B1012002B010BDFDF76AFF0028DBD00D
:1082E000F7E7A830FDF775FF0028DAD0F1E700982E
:1082F000403003F013F80028DCD0EAE7009B586F09
:10830000503003F00BF80028E4D12046E8F782FF54
:108310000028F3D00020DDE71FB5002240F68813C7
:1083200003A90092FAF772FE05B05DF804FB70B580
:1083300005461C4608461646AB7C83B1EB7C73B100
:108340000E21E8F72DFF2368C0F866316368C0F896
:108350006A312389A0F86E31FF2386F8243070BD7E
:1083600038B5044603F073FBD0B1204603F0DEF9C4
:1083700008B9002038BD204603F0F1F80546204634
:1083800003F0F0F870B9002DF3D002212888E8F747
:108390001DFF0028EDD041F6B2413920E8F766FA1A
:1083A0004220E7E70C20E5E7F0B587B005460088F6
:1083B00001A901F03EFB044600287BD1029B93F803
:1083C0006A21D11E4A424A418DF802209DF80420BC
:1083D000002A72D193F88E20232A72D19DF80220B0
:1083E00082F0010293F8E0308DF803209B0603D45D
:1083F0009DF80330002B68D0EB881B3B9BB2E02B31
:1084000065D8298944F24810A1F5A4739BB2834230
:108410005DD86B881B3B9BB2E02B58D8AA88A2F58D
:10842000A4739BB2834252D8B1F5296F51D8B2F5EB
:10843000296F4ED8029EFF2786F82B719DF80230D7
:10844000002B40D19DF8041003AA3046B1FA81F107
:108450004909FFF7CCFE6A88BDF8123040F64800A3
:10846000BDF814109342B5F806C028BF13468142E8
:10847000AA88A6F8303128BF0146BDF80E30634502
:1084800028BF6346A6F82C31BDF81030834228BFC0
:1084900003462889834228BF03468A42A6F82E3124
:1084A000134628BF0B46A6F8323186F82A710023FE
:1084B00086F82B31204607B0F0BDD3F88020920615
:1084C0008CD422468EE73A24F1E71A24F2E71224EC
:1084D000F0E71124EEE710B50446FFF7C2FE58B9E5
:1084E00001210020E8F75CFED0B901210846E8F739
:1084F00057FED8B9012009E0EDF75EF868B1EBF757
:1085000019FC044603F0E2FA08B1002010BD204631
:1085100003F0D8FA0028E3D0F7E7002CE0D1F4E725
:10852000A830FDF756FE0028DFD0EEE7A830FDF7B3
:1085300050FE80F00100C0B2E8E7037843B1406824
:1085400090F8DA3123B1002380F8DA31F0F706B978
:10855000704710B503780446012B01D9122010BDD5
:10856000FFF794FE60B92078FFF7F5FD01280DD0E4
:1085700004F11703E21D611CBDE81040EDF77EBB5E
:10858000EDF70EFC0028EED00C20E8E7A37903F00D
:10859000C003C02BE2D1EBE710B503780446012BF2
:1085A0000AD8FFF773FE48B9214611F8010BFFF70F
:1085B000D2FD01F07AF938B9122010BDEDF7F0FBC9
:1085C0000028F1D00C20F8E70020F6E708B5008875
:1085D000EDF7ECFB00280CBF3020002008BD38B5BB
:1085E0000546FFF753FE044638B92878003818BF0F
:1085F0000120EDF7CFFB204638BD0C20FCE708B585
:10860000FFF744FE18B9EDF7B5FB002008BDEDF704
:10861000C7FB0028F7D00C20F8E7082303700020E0
:108620007047102243F2A3030270C2705922A0F8CF
:1086300001308280C38000207047082108B5E8F728
:1086400089FB002008BD73B5064600880C460880EB
:10865000694680B201F0EDF9054640B9B3784BB9EF
:10866000019B93F97C00A070F2F7A6FFA07028464A
:1086700002B070BD7F20FFF74FFEF4E710B504464F
:108680006FF07F00FFF748FEF2F796FF20707F2023
:10869000FFF742FEF2F790FF6070002010BD10B5AA
:1086A0000446F2F7CBFF00EB80035B002380F2F778
:1086B000CBFF00EB800300205B00638010BD10B592
:1086C0000446EBF737FB03F0FAF9F2F775FF207079
:1086D000002010BD0A4600F1100108B5072304F080
:1086E000F8FB002008BD10B5014604460020EDF758
:1086F00037F908B92060A080002010BD10B50446ED
:10870000ECF72AFF28B900202146EDF711F90020E7
:1087100010BD0020FFF7DFFE0028F4D10C20F7E7A2
:1087200010B504460120FFF7D6FE28B101202146EE
:10873000EDF7FEF8002010BD0C20FCE737B50088EF
:108740000C460D46694624F8020B80B201F071F91F
:1087500070B9019B03F1970283F8CB001168216087
:108760001179217193F8CB100029F5D103B030BDF8
:108770000023C5F802302371F8E7FFF715BE1FB5D7
:1087800002880A8044F2902183888B4215D8B3F581
:10879000296FADF80420428801A828BF4FF429634F
:1087A000ADF80620ADF80830ADF80A20ADF80C3071
:1087B000FFF7FAFD05B05DF804FB1220FAE737B5C4
:1087C00008800D46694601F034F9044640B99DF829
:1087D00000102A460198B1FA81F14909FFF707FD17
:1087E000204603B030BD03466FF06F0100200A221F
:1087F00010B56FF00404587099701C70DA701C7119
:1088000058719971DA7110BD10B50446FFF73EFD3D
:1088100058B92078611CFFF79EFCE279EDF78AFBDE
:1088200080F001004000C0B210BDEDF7B9FA002899
:10883000EFD00C20F8E773B500880D460880694634
:1088400080B201F0F6F8044680B9019E86F87640C1
:1088500096F87400E9F728FEA87096F87500E9F715
:1088600023FEE87096F87630002BEFD1204602B058
:1088700070BD10B583880446022B10D8C078FFF76E
:10888000A9FC08B9112010BDA078FFF7A3FC0028AF
:10889000F8D020460121BDE81040EBF765BA122060
:1088A000F1E737B58378C17803F00104027903F06A
:1088B000020351EA04051DD052EA03051AD0002C28
:1088C00018BF0021002B037818BF00228DF802107A
:1088D0008DF80320427843EA0223ADF80030437953
:1088E0008279684643EA0223ADF80430FFF7C1FFFE
:1088F00003B030BD1120FBE713B50C46694601F00B
:1089000098F830B9019B9DF80020B3F8863012B971
:10891000238002B010BD0133FAE707B5008869462D
:1089200001F0ACF830B9019B93F83B2112B9FF225A
:1089300083F83B2103B05DF804FB10B50446ECF767
:1089400079FE20600020616010BD37B50446EBF76A
:10895000F1F9054623781F2B18D8C16C042268460C
:10896000E8F798FD22460021E86C12F8013BFDF77C
:108970000CFB68B1EC6C2046FDF7ACFB0021024615
:108980002046FDF732FB002003B030BD1220FBE78C
:108990000720F9E737B50446EBF7CCF9054623780D
:1089A0001F2B18D8C16C00226846E8F773FD2246D9
:1089B0000121E86C12F8013BFDF7E7FA68B1EC6CB5
:1089C0002046FDF77CFB012102462046FDF70DFB0A
:1089D000002003B030BD1220FBE70720F9E773B594
:1089E00005460026EBF7A6F904468DF8046003F06F
:1089F00071F82B78C0018DF80760012BADF80500E8
:108A000005D101A92046EBF73FFB02B070BD2BB9A1
:108A1000204602B0BDE87040FFF7A2BC1220F4E788
:108A200010B5044634F8020B0880022180B2E8F742
:108A3000B7FB20B12146BDE8104003F084BA022004
:108A400010BD008808B50880022180B2E8F7A8FBB5
:108A500020B10021BDE8084003F075BA022008BD2E
:108A600037B5044600880D460880092180B2E8F732
:108A700097FB10B10C2003B030BD0B212088E8F724
:108A80008FFB0028F6D10C212088E8F789FB00280D
:108A9000F0D16946208800F0CCFF0028EBD1019B83
:108AA000B3F8BC306B80E6E737B504460088088031
:108AB000092180B2E8F774FB10B10C2003B030BD7F
:108AC0000B212088E8F76CFB0028F6D10C212088C8
:108AD000E8F766FB0028F0D163880BB91220EDE7B8
:108AE0006946208800F0A5FF0028E7D1658842F29A
:108AF0001072019BA9B2DC6951435A8E62439C8C6F
:108B000004FB02229142E9D3DA69DC699442FBD189
:108B10000022A3F8BC50C3F8B420621E0A44B2FB82
:108B2000F4F2C3F8B820C9E738B5038805460C4607
:108B30000B8080780138C0B203F0ABFAB8B10F21D6
:108B40002888E8F72DFBA0B1AB785D1EA370EDB2CD
:108B500000EB450090F91900F2F72EFDE070284671
:108B600003F0B2FAF2F728FD2071002038BD112081
:108B7000FCE70220FAE710B5044680780138C0B25D
:108B800003F087FA80B10F212088E8F709FB68B16C
:108B9000A178012300220139C9B203FA01F1BDE82D
:108BA0001040C9B203F05DBC112010BD0220FCE7EB
:108BB000038810B504460B8098B2A378012B22D805
:108BC000E378012B1FD80F21E8F7EAFAE8B1A27881
:108BD000003A18BF012280F82C20E278111E18BF3D
:108BE0000121012A80F82D1004D190F82E2012F0D6
:108BF000010201D0002010BD0223202103F031FC2E
:108C00003A28F8D1F6E71120F5E70220F3E710B58E
:108C1000044680780138C0B203F03BFA88B10F21D6
:108C20002088E8F7BDFA70B1A178012394F90320F8
:108C30000139C9B203FA01F1BDE81040C9B203F02D
:108C400010BC112010BD0220FCE710B50446EEF761
:108C500059FD28B9A17A6078BDE81040F2F79CBCB4
:108C600010BD008810B508800C4680B20F21E8F7CF
:108C700097FA20B102F08CFAA070002010BD0220FB
:108C8000FCE710B50C460221E8F78AFA90B1022CF5
:108C900012D804F00102C4F3400480F8DD2180F80A
:108CA000DC4112B190F8DA310BB9002010BDEFF7BA
:108CB00055FDFAE70220F9E71220F7E710B5044660
:108CC0000078FF280AD00321E8F76AFA58B16378E0
:108CD000A27843EA0223C384002010BDB4F8010047
:108CE000EFF766FEF8E74220F7E710B50446007894
:108CF000003818BF0120F2F7D1FA2078003818BFE9
:108D00000120EFF717FD002010BD10B50446ECF769
:108D100053FC50B1EBF70EF86178C1F3400201F05B
:108D2000010102F027FF002010BD03212078E8F7A1
:108D300037FA0028F0D14220F6E738B583780446A8
:108D4000012B07D80388292B39D005D8202B0BD02D
:108D5000262B2FD011202CE02F2B10D0492BF9D10E
:108D6000ECF76EFC417807E0ECF764FC0546ECF7A5
:108D700061FC010F41EA557101F0010103E0ECF7DC
:108D800059FCC1F38031A378012B01D10029E1D036
:108D90000020FDF796F805460220FDF792F8B5B9D8
:108DA000A8B9A3782088012BC0B20DD1ECF70AFC3A
:108DB000002038BDECF73EFCC1F34011E3E7ECF7CF
:108DC00039FCC1F30021DEE7ECF710FCF0E70C20E2
:108DD000EFE707B50378ADF80430437801A88DF8C4
:108DE0000630FFF7AAFF03B05DF804FB0620ECF79E
:108DF000E9BB0820ECF7E6BB03F0D0B808B5492181
:108E00000120EDF757FCEEF77BF9F2F755FAF2F790
:108E10004BFAF2F715FABDE80840EFF7CFBD2DE9A0
:108E2000F04F89B00446ECF705FC0B0449D5E9F78F
:108E3000CBFD837990F805C00193C379878A0293AB
:108E4000037AC68A0393C389058B0493038A418BF3
:108E50000593437A827A0693438AB0F80CB090F86F
:108E600001A090F8029090F8038090F804E0079336
:108E7000C37A0078A4F801B0207084F803A084F8C5
:108E8000049084F8058084F806E0019884F807C00F
:108E900020720298678260720398A682A07204987A
:108EA000E582A4F80B0005982183A4F80D0006982C
:108EB000A276E0730798E3762082002009B0BDE82F
:108EC000F08F0C20FAE7F7B50446ECF7B3FB0B0480
:108ED00003D40C25284603B0F0BD278869463846E0
:108EE00000F0CCFD05460028F4D1019C94F89230A6
:108EF00063B394F893304BB394F8E360ECF7A0FBC2
:108F00000368C6F3C00603F400634EB9FF2284F879
:108F10003B210BB184F83C21FF2384F84731D9E78A
:108F200094F8E520D209D4D0002BF5D094F8E7309E
:108F3000DB09F1D012213846E8F732F90028EBD0EE
:108F4000037BFF2BE8D184F83C31E5E72F25C1E70F
:108F500037B50446ECF76EFB0B0403D40C24204613
:108F600003B030BD25886946284600F087FD0446D9
:108F70000028F4D19DF80030002BEFD1019B93F82D
:108F80009220BAB193F89320A2B193F88C3203F0F7
:108F9000FF048BB90E212846E8F702F900F1E2023E
:108FA00000F1DA01CA30FEF743FB019BFF2283F890
:108FB0008C22D4E72F24D2E73A24D0E7F7B5054630
:108FC0000C46E9F701FD69462B8806469FB22380CF
:108FD000384600F053FD0446A8BB38460E21E8F79A
:108FE000DFF8AF780246032F30D8214647FA01F365
:108FF000D80705D5F3780B41DB070AD4112422E00A
:1090000002F1F800FFF7ADF818B192F80C318B427D
:109010001CD04B1C0121022BE8D1EB78FD2B05D88D
:10902000591E032912D871789942E7D395F90400A3
:1090300000F17F01C9B2932908D882F8F27082F852
:10904000F33082F8F400204603B0F0BD1224FAE7B2
:10905000038873B59CB20B8040F6FF7306469C42B2
:109060003BD06946204600F009FD054628B9019B22
:1090700093F8E320120703D40C25284602B070BDF4
:1090800093F8E530DB09F7D00E212046E8F788F8A1
:10909000044690F8C230002BEED0B0F85A309B074F
:1090A00008D54822294603F0DDFFFF2384F8C530A8
:1090B0001125E2E790F8C530002BDDD1F830FFF73D
:1090C00050F80028D8D14822B11C2046FCF770F98E
:1090D000FF2384F8C5300025CFE720460E21E8F7AE
:1090E00023F804460028EED10725C6E78B7880F8E0
:1090F00048300A79CB7843EA0223A0F854304B7900
:1091000080F849308B7980F84A30CB7980F84B3041
:109110000B7A80F84C304B7A80F84D308B7A80F89F
:109120004E30CB7A80F84F300B7B80F850308A7B02
:109130004B7B43EA0223A0F856300A7CCB7B43EA00
:109140000223A0F858304B7C80F85130CA7C8B7CCD
:1091500043EA0223A0F85A300B7D4A7D43EA0223FA
:10916000A0F85C30CA7D8B7D43EA0223A0F85E3014
:109170004A7E0B7E43EA0223A0F86030CA7E8B7ED3
:1091800043EA0223A0F862300B7F80F852304B7F15
:1091900080F853308B7FCA7F43EA0223A0F8643003
:1091A00091F8203080F8663070477FB50388044618
:1091B0000B809EB2ECF73EFA0B042CD502A9304688
:1091C00000F05CFC054638BB039B93F8E530DB09F7
:1091D00021D0237F0093E379A2796179A078FDF70C
:1091E000F4FD28B30E213046E7F7DAFF024620B936
:1091F00043F2B6713920E7F739FBF830FEF7B1FFDB
:1092000048B9FF2682F8C96092F8C23003EA060521
:109210002BB182F8C9000C25284604B070BD214648
:109220001046FFF763FF80F8C26080F8C950F3E78B
:109230001E25F1E770B58AB00D46034600F1180609
:1092400001AA1868083353F8041C1446B34203C437
:109250002246F6D1186800222946206001A89B8882
:10926000A380BDF81630ADF8222023F010038DF84E
:109270002420ADF81630FFF798FF0AB070BD37B55F
:10928000058804466946284600F0F8FB18BB0D2106
:109290002846E7F785FFFEF76DFFF0B90E21284657
:1092A000E7F77EFFA3780246032B18D890F8161133
:1092B000994214D1F830FEF754FF80B192F8C630CD
:1092C00003F0FF006BB982F8F8000199FF2381F8E1
:1092D000493182F8C63003B030BD0C20FBE71220C4
:1092E000F9E73A20F7E72DE9F041078886B006460E
:1092F000B7F5706F04D31225284606B0BDE8F0819B
:109300008378032BF7D8C378012BF4D801A938460A
:1093100000F0B4FB05460028EED10E213846E7F7F1
:109320003FFFB37890F8162104469A42E3D100F14A
:10933000F8084046FEF715FF0028DCD0B4F85A3094
:109340009B0704D594F8C23033B90C25D4E794F8C0
:10935000C530002BF6D1F8E794F8C430002BF4D0D8
:10936000F378012B35D13846FDF7C1FA064660B3D4
:10937000FEF700FF0028E8D194F81831002BE4D064
:1093800094F8C730BBB103AA04F5B3714046F9F7AE
:10939000AFF903A8F9F768FAC8B1029A92F88D30CC
:1093A000342BD2D0FF2382F84A31012286F8622280
:1093B00086F8D830A0E703ABD4F8F900D4F8FD1054
:1093C000B4F8012103C31A80E3E7072594E7482591
:1093D00092E70D213846E7F7E3FE01460028B4D0B6
:1093E00090F86232012BB0D0FEF7C4FE0028ACD05A
:1093F000132301AA2046FEF7E3FD05467CE7E9F7C3
:109400006DB9E9F779B910B5044604B910BD236800
:1094100098476468F9E703680BB9016070471A461A
:109420005B6813B18A42FAD170478A4218BF516013
:1094300070470D2008B5FCF753FD0E20BDE808402D
:10944000FCF74EBD08B5E9F7A5FA0020BDE80840D5
:10945000F4F7C6B808B5EFF72DF9F0F779F820B1B1
:1094600040F241119320E7F701FA0320BDE80840DC
:10947000FCF736BD08B50220FCF732FD0020FCF7F2
:109480002FFDE7F779FFECF707FAE8F769FE20B15F
:1094900040F221119320E7F7E9F908BDFFF7EABF91
:1094A00008B5FFF7D7FFF0F7F7FF20B14FF4AB7126
:1094B0009320E7F7DBF908BD08B5F0F771F8EFF78F
:1094C0002DF9BDE80840F0F753B808B500F0BFF932
:1094D000E8F756FE0220FCF703FD0020BDE8084037
:1094E000FCF7FEBCFAF768BA0B46152203F8032B0B
:1094F000D0F80920C1F80320427B1A71704737B5B4
:1095000004460D46EAF7C2FC18B36FF4BA730221A1
:10951000E0180388ADF80030B0F87030ADF80230D4
:10952000B0F872306846ADF80430EAF71DFC18B1A7
:109530004221AE20E7F79AF9ADF800009DF800301F
:10954000002063F307009DF8013063F30F2003B0A0
:1095500030BD3B232B70D4F80930C5F80330042309
:10956000ADF80030EAE738B5436804460D4693F895
:109570003421012A12D11E21ECF794F863688DB1D1
:10958000182283F819210A2283F88D2093F8CA3013
:10959000E3B940F2DA21AE20E7F768F9002283F858
:1095A0003421EBE793F88E20A2F12501062901D999
:1095B000332A05D10022204683F88E2001F0A1FA3B
:1095C00020461821BDE8384001F0C7BA002038BD58
:1095D00008B5436893F88D201AB18521AE20E7F7CE
:1095E00045F9252283F88D2008BD034610F00100BF
:1095F00007D19A0704D4C3F380039B00D8B2704705
:10960000022070472DE9F34B1646054610461F46CB
:1096100046EA0104FFF7E9FF83460846FFF7E5FF46
:1096200089464BEA0404DDF8288001900443E4B243
:10963000003C18BF0124ECF707F8064018BF5E464F
:10964000ECF702F895F8742010EA0901019B18BFA5
:109650001946B24214BF3346002388F8003095F80B
:1096600075208A4208BF00210B4388F801100BD1F6
:10967000B5F88630013FFF1A47F6FD73BFB29F422F
:109680008CBF002404F00104C6B995F87400E8F713
:109690001BFF03280ED195F83431012B0AD1B5F800
:1096A000382195F87430012A0AD1032B0AD00323FC
:1096B00088F80030204602B0BDE8F08B042EE9E7C0
:1096C000042BF7D00423F3E7042906D101280AD19B
:1096D00003210120518013807047032903D1012801
:1096E00001D00421F5E700207047012807D00228A7
:1096F00005D0033801288CBF00200120800070476E
:109700002DE9F0414C6805460F4694F83A22D31EE5
:10971000012B2ED894F87430D91E012929D8D31AD8
:1097200018BF012394F83B02FFF7DFFF064613BB87
:109730001046FFF7DAFF804694F81F3173B948EA04
:10974000060313F0FF0307D0204601F02AFA7B68D6
:10975000B3F8863003449BB2A4F83832B4F83832F8
:109760000520AE70EB701B0A85F801802B71BDE8F7
:10977000F0810023D6E74FF00008DDE770B54468BC
:10978000064694F88E50A5F12503062B4DD9332DAE
:109790004BD0002D47D194F88D302A2B45D04B78F3
:1097A00013F0070335D08A7812F0070231D084F81D
:1097B0006D2084F86C3094F8353113BB94F8343153
:1097C000012B1ED094F8753094F86C20D91E012915
:1097D00098BF04239A4222D194F87430DA1E012AE9
:1097E00094F86D2098BF04239A4218D10223B4F84C
:1097F000702084F83431B4F87230A4F83621A4F81B
:1098000038312723304684F88E3001F069F9284634
:1098100070BD30460978BDE8704001F09EB9304611
:10982000EBF75EFFEDE70125F1E72025EFE708B54F
:10983000436893F88E20272A05D022B140F2454193
:10984000AE20E7F713F8282283F88E2008BDECF746
:1098500023B8704730B542401C7808785D78604086
:109860004C786C409D7820448C786C40DD782044A6
:10987000CC786C401D795B7920440C7949796C4037
:109880004B40204418441044B0FA80F0400930BDE9
:10989000024600200139C9B2FF2900D17047535C4C
:1098A00083F001030344D8B2F4E708B5ECF77EF87F
:1098B000082807D0ECF79CF8082803D0ECF7ACF8A0
:1098C000012008BD0020FCE708B5ECF76FF8082878
:1098D00003D0BDE80840ECF78BB808BD08B502F02E
:1098E00045FF18B1BDE80840F1F776BF082008BD74
:1098F00001440023884203D1B3FA83F04009704742
:1099000010F8012B1343F5E7F8B505460C46D0E9EE
:10991000047603F0FFF918B954212920E6F7A6FFD1
:10992000E4B1D5E90423D21B63EB0603012A73F1EA
:1099300000014FF0000113DB6FF0010090429941EC
:1099400001DA5E21E9E7631E1344B3FBF4F35C43E1
:10995000E41946F10006C5E904461C462046F8BD58
:109960000C46FBE7022905D13C281AD980100F3894
:1099700080B27047CB1E012B0ED803290BBF962354
:109980004FF416731022402203F5BC73984208D995
:10999000C01A90FBF2F0EBE7702802D9C0100E3825
:1099A000E6E70020704738B50D460446EBF74CFE5D
:1099B0002B78002B08BF034684F870306B78002B9F
:1099C00008BF034684F871306B88A4F8723038BD44
:1099D000022908B5034614D005D8012909D0D82199
:1099E0002920E6F743FF03390129F8D840F6A6609D
:1099F00008BD40F6C41040F2E242002B08BF1046FA
:109A0000F6E740F6C410F3E7801AA93810B588428B
:109A1000029C94BF091A491A2268012902EB5102DB
:109A200094BF0020012022601A68A2EB51021A6044
:109A300010BD38B50C4600210546E7F7B1FB606064
:109A400018B100230020237038BD02212846E7F713
:109A5000A7FB606008B10123F4E70220F4E7436844
:109A600093F88C00C0B293F8B0302BB900F0FB0033
:109A7000003818BF012070470020704710B50C4611
:109A8000FFF7D7FF38B92046FFF7E9FF80F0010064
:109A90004000C0B210BD0220FCE7C2B292FAA2F2AE
:109AA000030A93FAA3F31B0E100E40EA032070473B
:109AB000013105300022C9B270B510F8013F8B4268
:109AC00016D310F8054C0023012505FA03F62642AB
:109AD0001CBF01F1FF31C9B269B10133082BF4D1C8
:109AE0000132D2B2052AE8D19B214620E6F7BEFE1C
:109AF000C91AC9B2F4E703EBC200C0B270BD0B686B
:109B000070B5C0F8013004460B790546461D03F0D8
:109B10001F0343710023C37215F8010F00F075FF96
:109B20006871B542E37A1844E072F5D170BD81EAFC
:109B3000114170B58CB20546C17A032682EA040051
:109B4000FFF7ABFF013E00EB001016F0FF0604EB41
:109B5000000290B2F4D144402522B4FBF2F302FBA0
:109B60001343C3F3C402D8B203F007032A44567860
:109B7000012202FA03F31E4207D161432846C1F3D2
:109B80000741BDE87040FFF793BF70BDF8B590F88E
:109B9000215004466B1E242B03D9E1214620E6F711
:109BA00065FEDAB1807D002843D194F8233094F823
:109BB000221002FB01322523B2FBF3F103FB112338
:109BC000DBB204EBD30203F0070684F82330D17D27
:109BD0000122B240114202D084F82430F8BDB3FB18
:109BE000F5F205FB123304F11B01013303F0FF030F
:109BF00011F8012F9A4219D311F8055C00220126B1
:109C000006FA02F72F4208D0013B13F0FF0304D1FC
:109C100002EBC00284F82420E0E70132082AEFD1E9
:109C20000130C0B20528E3D1D721B7E79B1ADBB2D8
:109C3000F6E7E28804F11600096AFFF778FF84F876
:109C40002400CBE70B7810B543704B7883708B788A
:109C5000C370CB7803710B794371B1F80530837110
:109C6000B1F805301B0AC371B1F807300372B1F8BF
:109C700007301B0A43724B7A83728B7AC372CA7A9B
:109C8000C2F30013C2F3C0041B0143EAC403C2F3CE
:109C90000104C2F34012234343EA421303730B7BD4
:109CA0004373B1F80D308373B1F80D301B0AC373E1
:109CB000CB7B03740B8A43740B8A1B0A83744B8A15
:109CC000C3744B8A1B0A03758B8A43758B8A1B0AE4
:109CD0008375CB8AC375CB8A1B0A03760B7EC3F3CD
:109CE0004603437610BD38B5FFF7ACFFCA7A0D4680
:109CF000C2F3C003C2F38001DB0043EA8103C2F375
:109D000001010B43C2F30011C2F3401243EA0113F5
:109D100043EA42130373B5F819308376B5F8193066
:109D20001B0AC376EB7E03772B7F43776B7F8377AA
:109D3000AB7FC37738BD43780B7083784B70C378A3
:109D40008B700379CB7043790B71C388A1F8053010
:109D50000389A1F80730837A4B728B7AC27A62F357
:109D600003038B72C37A8A7A1B0963F307128A7220
:109D7000CA7A037B22F0070203F003031343CB727A
:109D8000037BCA7ADB0863F3C302CA72D2B2037BD5
:109D90001B0963F30412CA72D2B2037B5B0963F33B
:109DA0004512CA72437B0B73C389A1F80D30037C43
:109DB000CB73B0F811300B82B0F813304B82B0F88F
:109DC00015308B82B0F81730CB820B7E427E62F367
:109DD00047030B7600234B768B76CB767047034692
:109DE00012EA010003D013F03F0018BF01207047B2
:109DF0000378890123F0400301F040010B43037015
:109E00007047037803F07F0343EAC1130370704780
:109E10001F2A38B50546144603D9C2212A20E6F781
:109E200025FD06340930FBF7C3FA6C7038BD1F2AD4
:109E300038B50546144603D9E4212A20E6F716FD75
:109E400006340930FBF7B4FA6C7038BD037802466B
:109E500003F00F03032B3ED0052B42D1C37F90F8B4
:109E60002000034392F82100034392F822000343A9
:109E700092F8230000F01F00184333D05378222BB0
:109E80002FD1B2F81930B1B1B3F5506F13D940F6F4
:109E900007518B4225D8B2F81B30B3F5FA7F20D298
:109EA000B2F81D0040F676430A3880B298428CBF63
:109EB000002001207047991F40F67A4089B2814204
:109EC0000FD8917D481E07280BD8994209D2B2F8C5
:109ED00017109942DEE74078A0F10C035842584130
:109EE000704700207047F8B5C7780D4617F03F0659
:109EF00000F08780072900F28480DFE801F0040E7B
:109F0000172029323B44017901223846FFF767FFC9
:109F100000280CBF00200520F8BD01790222384638
:109F2000FFF75DFF0028F7D005245AE001790422ED
:109F30003846FFF754FF0028EED0052448E00179A9
:109F400008223846FFF74BFF0028E5D0052439E00A
:109F5000017910223846FFF742FF0028DCD00524A3
:109F600029E0017920223846FFF739FF0028D3D0B5
:109F70002C4618E0017940223846FFF730FF0028D0
:109F8000CAD0052406E0017940223846FFF727FFB2
:109F9000441DE4B220223846FFF721FF00EBC00049
:109FA00004EB4004E4B210223846FFF718FF00EB40
:109FB00040000444E4B208223846FFF710FF04EBE7
:109FC0004004E4B204223846FFF709FF0444E4B237
:109FD00002223846FFF703FF00EB400004EB400489
:109FE000E4B201223846FFF7FAFE072D00EB4000ED
:109FF00004EB4000C0B28FD1031FB342C8BF0020A2
:10A000008AE7002088E770B50C46064611461D46D3
:10A0100024B94FF43B712A20E6F728FCFFF763FFD1
:10A0200010B940F2ED21F6E7031F2B443F2B02DD70
:10A0300040F2EE21EFE72A4621463044BDE8704069
:10A04000FBF7B6B9C37803F03F0343EA8113C3704B
:10A05000704730B5C1F38003C1F38014C1F34005EC
:10A060002344C1F3001404EB44042344C1F340141B
:10A0700004EBC40403EB4403C1F300042C44C1F318
:10A08000C005134404EB44042C4403EB440313F0D5
:10A09000FF031CBF01330171C17818BFDBB221F08F
:10A0A0003F0103F03F042143C170591C41701AB1B4
:10A0B00004339B1A013AC25430BD1B2A08B504D997
:10A0C00040F221412A20E6F7D1FBBDE80840FBF72A
:10A0D0006FB98388A1B1B3F5506F11D940F607521B
:10A0E00093421CD8C388B3F5FA7F18D2008940F692
:10A0F00076430A3880B298428CBF00200120704716
:10A100009A1F40F67A4192B28A4208D84278511E8C
:10A11000072904D89A4202D242889A42E1E70020F5
:10A120007047013001F1200351F8042B994240F8A7
:10A13000042BF9D10B880380704738B515460446C7
:10A14000FFF7EFFF2B68C4F823306B68C4F82730A3
:10A1500038BDFFF777BDFFF7C6BDFFF7ECBD38B5DB
:10A16000FFF7E9FD037BCA7A9B0863F38202CA7298
:10A17000438BA1F81930037FCB76437F0B77837F26
:10A180004B77C37F8B7738BDFFF75CBDFFF7ABBD67
:10A19000FFF7D1BD38B5FFF7CEFD037BCA7A9B0828
:10A1A00063F38202CA72438BA1F81930037FCB7626
:10A1B000437F0B77837F4B77C37F8B7738BD01302D
:10A1C000704710B50C68C0F801404C68C0F80540F5
:10A1D0001268C0F809201A68C0F80D205A68C0F843
:10A1E000112010BD10B5D0F801400C60D0F805402A
:10A1F0004C60D0F809101160D0F80D201A60D0F82A
:10A2000011205A6010BDFFF7DCBFFFF7EBBF0B78E2
:10A21000C3F30503437070470B78427862F305037C
:10A220000B7070470B4613F8012B10B54270D1F834
:10A230000120C0F802205A68C0F806201B8943811B
:10A24000CB7A03730B7B43734B7B83738B7BC3731F
:10A25000CB7B03740B7C43744B7C83748B7CC37407
:10A26000CA7CC2F38013C2F30114C2F303029B0140
:10A2700043EA0413134303750B7D43754B7D8375CC
:10A280008B7DC375CB7D03760B7E43764B7E8376C9
:10A2900010BD42780B7862F305030B7043780A789F
:10A2A0009B0963F387120B4603F8012BD0F80220B9
:10A2B000C1F80120D0F806205A6042891A81037B38
:10A2C000CB72437B0B73837B4B73C37B8B73037C9E
:10A2D000CB73437C0B74837C4B74C37C8B74CB7CBF
:10A2E000027D62F30303CB74037DCA7C1B0963F315
:10A2F0000512CA74D2B2037D9B0963F386120B7DEB
:10A30000CA74427D62F303030B75437D0A7D1B090A
:10A3100063F307120A75837D4B75C37D8B75037ECE
:10A32000CB75437E0B76837E4B7670470B78C3F3F9
:10A3300005034370B1F801308370B1F801301B0A96
:10A34000C370CB7803710B7943714B7983718B792F
:10A35000C371CB7903720B7A4372B1F809308372FF
:10A36000B1F809301B0AC372B1F80B300373B1F8AE
:10A370000B301B0A43734B7B8373CB89C373CB892D
:10A380001B0A03740B7C43744B7C83748B7CC374F7
:10A39000B1F813300375B1F813301B0A4375B1F8E7
:10A3A00015308375B1F815301B0AC375CB7D037664
:10A3B0000B7E43764B7E83768B7EC376CB7E037794
:10A3C000704742780B7862F3050310B50B70438831
:10A3D000A1F801304279837904790A71CC704B710C
:10A3E000027A437AC479CA718C710B724389A1F8DD
:10A3F00009308389A1F80B30837B4B73B0F80F30A1
:10A40000CB81827CC37C447C4A740C748B74838AB9
:10A41000A1F81330C38AA1F81530037ECB75437EB3
:10A420000B76837E4B76C37E8B76CB7E027F62F388
:10A430000303CB76037FCA7E1B0963F30712CA7638
:10A4400010BD0B78C3F305034370B1F8013083707E
:10A45000B1F801301B0AC370CB7803710B794371DB
:10A460004B7983718B79C371CB7903720B7A437209
:10A47000B1F809308372B1F809301B0AC372CB7A84
:10A4800003738B8943738B891B0A83738B7BC37321
:10A49000CB7B03740B7C43744B7C83748B7CC374C5
:10A4A000CB7C0375704742780B7862F3050310B5D7
:10A4B0000B704388A1F801304279837904790A71DD
:10A4C000CC704B71027A437AC479CA718C710B7269
:10A4D0004389A1F80930037BCB72B0F80D308B8132
:10A4E000437C027CC47BCA738C730B74837C4B7477
:10A4F000C37C8B74037DCB7410BD0B78C3F3050351
:10A500004370B1F801308370B1F801301B0AC37099
:10A51000CB7803710B7943714B798371CB88C3710D
:10A52000CB881B0A03720B7A4372B1F8093083722D
:10A53000B1F809301B0AC372CB7A03730B7B4373E8
:10A540004B7B83738B7BC373CB7B03740B7C437418
:10A55000704742780B7862F3050310B50B7043889F
:10A56000A1F801304279837904790A71CC704B717A
:10A57000B0F80730CB80437A0B724389A1F80930D9
:10A58000837B427B047B0A73CC724B73C37B8B73DC
:10A59000037CCB73437C0B7410BD0B78C3F30503B2
:10A5A0004370B1F801308370B1F801301B0AC370F9
:10A5B000CB780371704742780B7862F305030B7018
:10A5C0004388A1F801300379CB7070470B78C3F34F
:10A5D00005034370B1F801308370B1F801301B0AF4
:10A5E000C370CB780371704742780B7862F3050330
:10A5F0000B704388A1F801300379CB7070470B686A
:10A60000C0F801304B68C0F805300B89A0F809305C
:10A610004B89C3724B891B0A03737047D0F8013012
:10A620000B60D0F805304B60B0F809300B81B0F802
:10A630000B304B817047437837B5C3F301120446A2
:10A64000032A03D8DFE802F0050E1D05002003B041
:10A6500030BD057803F00F00002300930221231D75
:10A66000628807E0057803F00F00002301210093C2
:10A67000231D628845EA0020EBF752FD60B10120FE
:10A68000E5E7EAF7DDFF03685B05DFD560780123C6
:10A69000257800F00F00E0E7EBF754FFEFE7022327
:10A6A0000B7001238B707047EBF712BE10B521B908
:10A6B0004FF42A711020E6F7D9F84A600B72EFF3D5
:10A6C000108472B6031D0B6042681AB1127A012A17
:10A6D00008BF036003681960016004B962B6BDE891
:10A6E0001040EBF73FBE0222EBF71ABF0322EBF755
:10A6F00017BF0422EBF714BF0222EBF755BF03226A
:10A70000EBF752BF0422EBF74FBF007A003818BFB7
:10A710000120704714230B706FF4AC731844038846
:10A72000A1F80330B0F84830A1F80530B0F84C304B
:10A73000A1F80730B0F84A30A1F80930B0F84E302F
:10A74000A1F80B30704708B5CB1E012B04D880014F
:10A7500000F5747080B208BD012902D10E30C0002E
:10A76000F8E7022902D10F308000F3E740F24521DB
:10A770000620E6F77BF8022908B50DD005D8012997
:10A7800008D0DC21B420E6F771F803390129F8D8A4
:10A790001E3000E00A3008BD1430FCE7022908B57D
:10A7A0000DD005D8012908D0DC21B420E6F75EF8E9
:10A7B00003390129F8D81E3000E00A3008BD1430F2
:10A7C000FCE730B587B004460D46E9F769FB90B366
:10A7D000A4F5B174694624882046FDF7F0FF20B146
:10A7E00040F20D112C20E6F741F8BDF8063003A821
:10A7F000ADF80C40ADF80E30BDF80830ADF81030B3
:10A80000BDF80230ADF81230BDF80430ADF81430A8
:10A81000FDF7B3FF10B14FF48B71E3E7ADF80C0017
:10A820009DF80C30002063F307009DF80D3063F3B2
:10A830000F2007B030BD2B463A2203F8032BD4F883
:10A840000920C5F80320D4F80D205A60B4F811206F
:10A850001A810423ADF80C30E2E7406870470339F1
:10A8600001298CBFC08A4FF42960704770B590F8F9
:10A8700074608D88033E0C89012E04D943B116788B
:10A88000033E012E04D8B5F5296F38BF4FF4296572
:10A8900090F87560033E012E04D943B15378033B11
:10A8A000012B04D8B4F5296F38BF4FF42964CB8845
:10A8B0004A88A0F86030A0F85C20A0F85E50A0F8AC
:10A8C000624070BD8383BDF8003001834283C3833F
:10A8D00070471B2200294FF01B110CBF4FF4A473CB
:10A8E0004FF4296382840284028502F1A472C1605C
:10A8F000C3844384C383838343820382C0E90521E5
:10A90000704738B5CB1E0446012B10D9C58B438C3C
:10A910009D4228BF1D46207AFFF715FF6389AB4291
:10A9200028BF2B46984238BF184680B238BD4FF436
:10A930002965F0E72DE9F843994607460D468089D9
:10A9400019461446FFF7FFFE06469DF8208049464B
:10A950003846FFF7D6FF86424146A8F1030828BFD4
:10A960000646B88AFFF7EFFEB8F1010F0346B6B20C
:10A970008CBFFA8A4FF42962904204F1060028BF86
:10A98000134628449BB233441844BDE8F883034679
:10A99000028F13B53C3049B9D98E93F875400094B5
:10A9A00093F87430FFF7C6FF02B010BD998EF4E73C
:10A9B00070B50C46154619464BB9868EFFF7E7FF72
:10A9C00028443044A04294BF201A002070BDC68E97
:10A9D000F4E738B50D4611460446FFF7D8FF284482
:10A9E000206438BD01F19C0383423DBF9C38401A6E
:10A9F000400800207047002803DB884204DB08B2CF
:10AA000002E049428142FADC704700F055034008F9
:10AA100000F05500034403F033009B0803F03303B8
:10AA2000034403F00F0000EB1310704732280CD0E2
:10AA300006D8162818BF012894BF012000207047AF
:10AA4000A0F13E035842584170470120704708B5B5
:10AA50000246FFF7EBFF40B10846FFF7E7FF20B1E2
:10AA60008A420CBF23202A2008BD8A420AD1A2F1C3
:10AA70003003DBB20B2B0FD840F6210020FA03F392
:10AA8000DB071ED4322901D1262A03D0322A03D172
:10AA9000262918D12A20E7E73E2907D1262AF9D00E
:10AAA0003E2A12D03B2A10D11F2902E03E2A04D1AF
:10AAB00026290CBF2A200020D6E73B29F2D11F2AE5
:10AAC000F7E72320D0E73E29F7D10020CCE7436801
:10AAD000002283F88D2083F8CA20A3F8C62070478F
:10AAE000037842682BB9A2F8CC30012382F8CE302B
:10AAF00070470023A2F8CC3092F8CE3001335BB21D
:10AB0000F4E708B50378426813B982F8CE3008BD7F
:10AB100092F8CE30013B5BB2002B82F8CE30F6DAF1
:10AB200052214A20E5F7A2FE436883F81B1183F8FF
:10AB30001A217047A0F10B03042B0CD9A0F1480394
:10AB4000012B08D9A0F12503332818BF062B94BF89
:10AB5000012000207047012070474268D2F8803001
:10AB600010B513F0080409D143F0080382F8181156
:10AB7000C2F88030FFF7B4FF204610BD0120FCE78B
:10AB8000436810B593F88E404CB90A7883F81821C1
:10AB9000032283F88E20FFF7A3FF204610BD012477
:10ABA000FBE7C26941F64B539A4296BF4AF6C87317
:10ABB0000623B3FBF2F3828C408E1344584380B2D9
:10ABC00070474368002093F88F20073A012A81BF1D
:10ABD0004A7883F89020072283F88F2070474268D4
:10ABE00092F88F30073B012B84BF082382F88F3007
:10ABF0007047426870B592F88E50F5B9CB88B2F8BC
:10AC00008660A2F8C832013B9B1B47F6FD769BB2DB
:10AC1000B34206D9282382F8B130ECF779FA2846F6
:10AC200070BDD1F80130C2F8CA324B7982F8CE3209
:10AC30000B22436883F88E20F1E70125EFE72DE929
:10AC4000F74F0646894690460193FFF7AAFFD6F8CC
:10AC5000EC7104465FB90023C8F80030B6F88630BE
:10AC600023449CB2019B1C8003B0BDE8F08FECF73D
:10AC7000E5FE0028EFD1D6F81CC0D6E974320CFBF3
:10AC800004FE1EEB030ED7E9021342F100020B444F
:10AC9000D7E900155B1845F10005734575EB020116
:10ACA00014D2BEEB03016FF0010B62EB050A8B457A
:10ACB00070EB0A0A03D239215620E5F7D7FD38692F
:10ACC000471E3944B1FBF0F1E0FB0135B3EB0E0355
:10ACD00065EB02056FF001029A424FF00002AA41B3
:10ACE00001D24421E8E7B3FBF9F209FB1233B3FBCD
:10ACF000FCF291B20CFB1133C8F80030B6F8863084
:10AD00001C441444A4B2ADE70B46082203F8032BFD
:10AD1000D0F80920C1F80320D0F80D205A60427CF9
:10AD20001A720023CB707047436870B593F88E5049
:10AD300006460C46002D5BD193F87D102046FFF7A8
:10AD4000C8F9014628B921783046BDE87040FFF7C0
:10AD500004BF72686389B2F88600A2F8C832013B6A
:10AD60001B1A47F6FD709BB2834207D92823304651
:10AD700082F8B130ECF7CCF9284670BDA3886FF4A7
:10AD800050601818062895BFA3F5506340F2E241C1
:10AD90004FF47A704B438CBF29464343C2F8D032FC
:10ADA0006378C9B103EB830303EB83039B00A2F831
:10ADB000CA326388C9B164214B43C2F8CC32E388FC
:10ADC000A2F8D4322389A2F8D632002382F8DC32EA
:10ADD0000E2382F88E30CFE7C3EB431003EB8003E2
:10ADE00003EB83035B009BB2E1E740F2E241E3E760
:10ADF0000125C1E737B50C46B1F8051005461A29FB
:10AE00001CD9B4F80730B3F5A47F17D3B4F80120E8
:10AE10001A2A13D9B4F80300B0F5A47F0ED36C68D6
:10AE2000009004F13C00FFF74DFD6968204601F2F7
:10AE30005911EBF7C5FB012003B030BD0020FBE743
:10AE400008B5436893F88D201AB12621A320E5F7B1
:10AE50000DFD222283F88D2008BD38B545680446D3
:10AE600095F88D30223B022B0CD8FFF7C3FF18B1A9
:10AE700006216068EDF7EAFC002085F8CA0085F835
:10AE80008D0038BD0120FCE74268D2F88030D90639
:10AE900010B5044603D4B421A320E5F7E7FC9906D6
:10AEA00001D5B521F8E723F01003C2F88030FFF791
:10AEB00028FE60680621BDE81040EDF7C7BC0B23F3
:10AEC0000B70D0F80930C1F8023070470B460C22E5
:10AED00003F8022BB0F809204A80C27A9A707047B2
:10AEE00038B54368054693F88E4034B1123C0F2CB8
:10AEF0008CBF01240824204638BD93F89320002AF3
:10AF0000F9D0D3F8243133B9FFF7EAFD6B68122288
:10AF100083F88E20EFE70C220A21FFF705FE6B680D
:10AF20003622284683F88E20FFF7DAFDE3E708B5DE
:10AF3000436893F88E20172A04D04FF4FE711F2027
:10AF4000E5F794FC012283F8CF20192283F88E20A4
:10AF500008BD436893F88E20132A05BF14220020F1
:10AF6000022083F88E207047436810B593F88E3026
:10AF700004461D2B07D1FFF7C4FD63682122002082
:10AF800083F88E2010BD0220FCE708B5436893F8D3
:10AF90008E20122A04D040F227211F20E5F766FCFC
:10AFA000012283F8CF20132283F88E2008BD08B534
:10AFB000436893F88E20192A04D040F22F211F20D5
:10AFC000E5F754FC1D2283F88E2008BD0B460722AE
:10AFD00003F8032BD0F80920C1F80320D0F80D2086
:10AFE0005A60B0F811201A81C27C9A72704708B575
:10AFF000436893F88D201AB1CD211C20E5F736FC6B
:10B00000042283F88D2008BD08B5027843683AB958
:10B0100083F88E20A3F8CC20BDE80840FFF771BD6F
:10B02000D3F88020D10703D4DB211C20E5F71EFCD8
:10B0300022F00102C3F88020EEE70E23A0F5A870ED
:10B040000B7003884B8070474368017893F88D201C
:10B0500061B9052A08BF00224FF0000002BF83F843
:10B06000BE2083F8CA2083F88D207047102AF1E7AC
:10B0700038B50578446855B994F88E305BB9FFF758
:10B080002FFD55B9022384F88E30002038BDD4F846
:10B0900080305B07F3D50120F8E7D4F8803043F027
:10B0A0000403C4F88030F0E7037833B14268D2F883
:10B0B000803023F00403C2F88030FFF722BD08B5CA
:10B0C000436893F88D201AB172214B20E5F7CEFB2F
:10B0D0000278002A14BF1022052283F88D2008BDB3
:10B0E00010B5D0E90D42A24206D38B8C121B498EBB
:10B0F00005334B43934202D3012380F83E3010BD09
:10B1000001230B7000238B7030F8D23CA1F8033080
:10B11000437A4B714389CB8083890B81704710B58B
:10B12000446894F8D12092070ED494F88D301BB166
:10B1300077214020E5F79AFB0122A4F8C63084F875
:10B140008D2084F8CA2010BD037843B994F88E305E
:10B150000BB9FFF7D6FC002384F83A31F3E7D4F8B3
:10B1600080309B07F7D5FFF7CCFCD4F8803023F074
:10B170000203C4F88030EEE710F1800F06D01429E6
:10B1800004DC8842ACBF00200120704700207047DB
:10B19000806800F5006040F30730704710B50B7908
:10B1A00001284C790A6843EA0421104608BF41F49B
:10B1B000803110BD07B5FFF7F1FF0DF10702ECF785
:10B1C0000DFB03B05DF804FB08B5036B00681B685A
:10B1D000984700F5AF7008BD036B70B59B690446D6
:10B1E00000680E469847054658B97368314604F121
:10B1F00008002364F9F7D2FB70B9AB210B20E5F707
:10B2000035FB94F83830022B0AD104F14800ECF7F2
:10B210001DFC012384F8383085F00100C0B270BDF8
:10B2200094F83830032BF4D1EFE738B504460D46D7
:10B23000FFF7D2FF18B1D5E90423C4E9122338BDC2
:10B2400070B5044686B0FFF7BFFF0025236B019061
:10B250005B6820688DF80050984704238DF808003B
:10B2600068468DF80930A16DD4E91223CDE9042395
:10B27000FEF74AFB638F86B233446387ECF758FCD2
:10B28000B8B97100B4F96C0089B2FFF7B4FBB4F837
:10B290006C301B1AA4F86C30049B6946059A1B1885
:10B2A00042EBE0722046CDE90432FFF7BEFF06B064
:10B2B00070BD2846F0E7F0B5044687B0FFF784FF7D
:10B2C0000746A56DD4E91236ED1846F10006ECF7F5
:10B2D0002FFC08BB0221B4F96C00FFF78CFBB4F81B
:10B2E0006C301B1AA4F86C300023451901978DF8B7
:10B2F000003046EBE076236B20685B6898470423B8
:10B300008DF80800694620468DF80930CDE90456CD
:10B31000FFF78BFF07B0F0BD0020E5E790F838306D
:10B320000BB90020704790F83830012BF9D090F815
:10B330003800073818BF012070470229024608B5B7
:10B3400007D1FFF7EBFF40B11046BDE80840FFF71B
:10B3500077BFBDE80840ECF741BB08BD90F8383036
:10B36000012BDAB201D0FFF7D9BF1046704790F831
:10B370003830032B05D090F83800831F58425841CD
:10B3800070470120704708B50246FFF7C7FF30B18C
:10B390001046FFF7ECFF10B91046FFF78CFFBDE831
:10B3A0000840ECF775BA70B50446FFF7D7FF08B34D
:10B3B00094F83830022B1BD094F83850EB1E5D42C5
:10B3C0005D4101290AD1072384F8383004F10806C9
:10B3D0003046F9F743FB304601F0BCFC012384F80A
:10B3E00038303DB104F14800BDE87040ECF72EBBA9
:10B3F0000125E6E770BD10B50446FFF7AFFF30B199
:10B4000001212046FFF7CFFF002384F838300020C9
:10B4100010BD002307B501A80193F7F7C7FD0198F8
:10B4200010F0030018BF012003B05DF804FB10B555
:10B43000FFF7EFFF002814BF14240024FAF756F892
:10B44000404200F01400204410BD30B585B01546D0
:10B45000089BC01A099B61EB0304002C214602DA09
:10B46000404264EB440103AB2A46009302AB01F077
:10B470007DFD002C039801DA00B1281A05B030BD1B
:10B4800038B50546F1F762F900F544434FF47A7296
:10B49000033D4933B3FBF2F4FFF7C9FF012D00F17F
:10B4A000BC038CBF002028202344184438BD10B5AD
:10B4B000044690F87500FFF7E3FF0122014620469D
:10B4C000BDE81040FFF785BA002313B51A4680F88F
:10B4D0008C30A0F88032194600930446ECF7A4FBA8
:10B4E00020B140F2E9113020E5F7C0F90123C4F89A
:10B4F0000802C4F8000284F88C30A4F81E02A4F8F4
:10B500001C0284F82102B4F88630A4F88202013BC0
:10B51000A4F8863002B010BDF8B50D460023D0F86F
:10B520003811044680F83C31D0E95A6781F8DE21B1
:10B5300080F878310121D0F83801EAF769FDD4F8B4
:10B540003801C0E99A67C0F88452C0E99E67FFF7E6
:10B55000BBFFF0F78FFEBDE8F840F9F70BBAD0F863
:10B560003801704738B5044690F878319BB1FF2315
:10B5700080F88031012100F0FAFA94F8783153B163
:10B5800004F588752846F9F769FA284601F0E2FBC8
:10B59000002384F87831002038BD08B590F8802168
:10B5A00042B990F83C2142B1D0E95031994202D9D8
:10B5B000EEF7D2FA0022104608BD0122FBE710B5D3
:10B5C0000446FFF734FF00F5C271E269E36B9A426B
:10B5D00028BF1A461046FFF705FAB0F5296F28BFB5
:10B5E0004FF4296080B210BD012A70B506460D46A1
:10B5F00014460BD0022A0ED08AB9F0F74FFC22462F
:10B6000001462846BDE87040FFF786BFF0F746FCCC
:10B61000C6F8840270BD0122D0F88412F1E740F22E
:10B62000CB713020E5F722F970B5044621B101292C
:10B6300078D040F2DB7172E000F034FA94F879319E
:10B6400005460E46DBB150EA010318D0D4E9523268
:10B65000D4E95A01C01A334661EB02012A4601F0CF
:10B6600091FC05FB01F300FB0633A5FB000213442C
:10B67000D4E95221121843EB0103C4E95223E08CB0
:10B6800030B1EBF781F8E38CB0FBF3F202FB13006F
:10B69000D4E95232ED184FF0000346EB02062D18A4
:10B6A00040F2024284F8583146F1000684F87931BC
:10B6B000A4F86021C4E95256C4E95A5694F880317E
:10B6C00003F0FF01DBB96FF00043D4E95C029A425A
:10B6D00008BFB0F1FF3F18D02046D4E95A5600F019
:10B6E000BBF9AE30D4E95C325B1B62EB06021B1A7D
:10B6F00062F10002002A08DA2046EEF72DFAF0F790
:10B70000B9FDBDE87040F9F735B904F5AC7104F541
:10B710008870F9F743F90028F1D14FF4E161302046
:10B72000E5F7A4F8002380F83C31E8E790F87801C9
:10B73000003818BF012070470B46062203F8032B80
:10B74000B0F80920A1F80320C27A9A7070470B461E
:10B75000172203F8032BD0F80920C1F80320D0F8F2
:10B760000D205A6070473E2301F8033B00F10903A6
:10B77000293053F8042B834241F8042BF9D11B885C
:10B780000B8070478B88F7B513F0180506460C46FA
:10B790001FD1086820B940F2EA312D20E5F766F89C
:10B7A00000F071FA217CEDF725F9677CA38801464A
:10B7B0003A46304600932B46EDF73AF9A430D4E9E7
:10B7C0000223824273F100032CBF0120002003B04A
:10B7D000F0BD0120FBE738B513220B460C4603F8F9
:10B7E000032B00F10902293052F8041B824243F86E
:10B7F000041BF9D1127802211A700123A588A371C4
:10B800002846E5F7CDFCA0B1E3784BB102212846EC
:10B81000E5F7DCFC68B140F233212D20E5F726F88E
:10B82000E9F708FF4B0404D52846BDE83840FBF78C
:10B8300087B838BD70B504460D4696301946164691
:10B84000FEF75DF984F8745084F87550FF2384F88E
:10B850007630E91E04F13C0001298CBF0021012152
:10B86000FFF737F831462046EAF78AFB94F87E3036
:10B87000002B14BF4D239623E386A3860023238742
:10B8800070BD38B5CB690446104641F27072A3F51D
:10B890007A75954295BF4FF47A7240F2E242B3FB5B
:10B8A000F2F3B3FBF2F398BF03F5506304F1A00287
:10B8B0009BB2A4F8AC308B8CA4F8AE30CB8CA4F83F
:10B8C000B03091F87F3084F8B230637F63B394F87E
:10B8D0006830012B28D194F86E3003F0C003402B60
:10B8E00022D1D4F86930C4F8A030B4F86D30938018
:10B8F0000828236A04F1A6019A7803F1030584F865
:10B90000992004F19A02D3F8033018D0C4F8A63075
:10B91000AB888B8004F19901EAF75CFA40B94FF4E7
:10B920003E612D20E4F7A2FF0023C4F8A030DEE73B
:10B9300094F8993043F0020384F8993038BDC4F884
:10B940009A30AB8893800023C4F8A6308B80F5E74B
:10B950000B46162210B503F8032BD0F80920C1F8C6
:10B960000320427B1A71CB78A3B130F8B43C1B079B
:10B9700010D4B1F8054002212046E5F711FC48B18A
:10B9800002212046E5F722FC20B140F276212D204D
:10B99000E4F76CFF10BD0121EDF7D4BCFFF7FBBF4E
:10B9A00008B590F894300BB1012008BD90F8CC3068
:10B9B000002BF9D190F8BE3003F0FF00002BF4D03B
:10B9C000E9F7FAFD80F00100C0B2EEE730B54FF4C0
:10B9D000C47285B00D460021044601F043FBFF23ED
:10B9E00023701323638042F21073E384E5F70CFDA8
:10B9F00000220146E0646846E5F74CFD0022012183
:10BA0000E06CFAF7F2FA0422E16C6846E5F742FDD1
:10BA10000022E06C1146FAF7E8FA04F13000E57410
:10BA200000F0E1F802A8EAF735FB20B94FF44971BC
:10BA30002D20E4F71BFF02A904F13600FEF75FF8A2
:10BA400005B030BDFF23C86C0B70FAF79BBA0078C5
:10BA5000FF3818BF01207047F7B5044630300E4656
:10BA600000F011F961880746CA0605D52822EEF7CD
:10BA7000AFF86D3003B0F0BD8B07E06C0FD5FAF76F
:10BA80004DFB217905463846ECF7B4FF6388014643
:10BA90002846009333466279ECF7CAFFE9E7FAF7E4
:10BAA0002DFBEEE7D0E9020170474FF40043A0F808
:10BAB000483043881D2B08BF00214174704790F91E
:10BAC00013007047408800F0010070478078C0F391
:10BAD000400070478078C0F3C000704710B54488BC
:10BAE000C06CE30654BFC4F340040024FAF7FDFA27
:10BAF00084F001042043C0B210BD8078C0F3001070
:10BB000070474088A0F10903584258417047407976
:10BB1000C31E012B05D8B1F87230012B14BF0420CD
:10BB20000320704710B50446EAF72EFEC0F30B0061
:10BB3000A042F9D010BD10B50446EDF747FF002133
:10BB40002046EDF7FFFB2046BDE81040EDF7F2B8C8
:10BB500090F8683001624B72D0F86930C1F80A3051
:10BB6000B0F86D30CB8170477047EDF707BB80F8B8
:10BB70008810704780F8241080F82520704782785C
:10BB8000034612F0010002D0D978C90710D59007FA
:10BB900002D5D97889070AD512F0040008D0D878E0
:10BBA000C0F3800080F001008000C0B27047022026
:10BBB0007047C0F34002C0F3800300F0010013445B
:10BBC00018447047022808B507D0042807D0012878
:10BBD00007D039212E20E4F749FE262008BD272072
:10BBE000FCE72520FAE70023C0F802300123437068
:10BBF000037070478170704710B542701446017031
:10BC00008078FFF7D6FF484304FB00F2FE2A03DDED
:10BC10005C212E20E4F72AFE10BD0023C37043717F
:10BC20000371704710B50446FFF7A9FF6379627886
:10BC30000133DBB29A4263710CD1E3780022A17820
:10BC400003436271DBB29942E37001BF2379E27072
:10BC500001332371BDE81040FFF7B4BF38B5044687
:10BC60008078FFF7A6FF0146E078FFF7A2FF237870
:10BC7000227965789B1A6B4359436379C91A00FB93
:10BC80001510C0B238BD014608B58078FFF791FFA6
:10BC90004A780B7853435843C0B208BD40F2EE20B7
:10BCA000704740F25A335843704738B505460C4642
:10BCB00000880D21E5F774FA58B190F8623243B16B
:10BCC000C389B5F886209B1A9BB213B19C4228BF4A
:10BCD0001C46204638BD10B50446FEF7F8FE204647
:10BCE000BDE8104000F01DBA10B5044600F02FFA70
:10BCF00010B92046FEF7EBFE002010BD08B590F805
:10BD00001E31FE2B04D040F624113120E4F7AEFDA5
:10BD1000002380F81E1180F81F3112B9A0F8CC2042
:10BD200008BDA0F8C630012380F8CA30F8E708B58E
:10BD3000436893F88E20192A04D040F27A513120BA
:10BD4000E4F794FD1F2283F88E2008BD08B54368F0
:10BD500093F88E20362A06D1002283F88E20BDE883
:10BD60000840FEF7CEBE192A03D11F2283F88E2089
:10BD700008BD40F28F513120E4F778FDC37C63B9F0
:10BD8000837BA3F11102032A07D990F8500028B150
:10BD9000212B8CBF00200120704701207047C37CFD
:10BDA00063B9437BA3F11102032A07D990F850002D
:10BDB00028B1212B8CBF0020012070470120704743
:10BDC000436810B593F88D2093F820110A2A09D101
:10BDD00093F819218A4205D1002283F88D2083F837
:10BDE000CA2010BDD3F8802012F0080407D022F03A
:10BDF0000802BDE81040C3F88020FEF782BEFF298C
:10BE000005D1382283F8BC4283F88D20E9E740F25F
:10BE100074513120E4F72AFD38B50E3853681446C2
:10BE20000D4693F88D20092840D8DFE800F0053F43
:10BE30003F3F0F3F183F3F27042A05D12046FEF71A
:10BE400046FE2046EBF7F2FA002038BD102AFBD15F
:10BE5000002220461146BDE83840FFF7F5B8222AF7
:10BE6000F2D12046FEF733FE002DEDD0626892F845
:10BE7000E03023F0200382F8E030E5E793F88E20ED
:10BE8000282AE1D10025204683F88E50FEF739FE9E
:10BE9000636893F83431012B03D129462046E9F732
:10BEA00001FC6368002283F83421CDE740F26E2163
:10BEB0003120E4F7DBFC024640680B4690F8E010C6
:10BEC00041F0040180F8E01099785878EEF700B955
:10BED00038B50C460546D1E90501E5F739FA94F87D
:10BEE0008C303BB104F50A742046F8F7B7FD2046C4
:10BEF00000F030FF0F212846E5F768F910212846A9
:10BF0000E5F764F912212846E5F760F91121284682
:10BF1000E5F75CF913212846E5F758F9284614217E
:10BF2000BDE83840E5F752B9002280F88D2080F84E
:10BF30008E2080F8912090F8DB3113B10221ECF7CC
:10BF400085BC0321FBE738B50446084694F8B832AF
:10BF500013B10C25284638BD94F88E30172B01D02C
:10BF6000192BF6D194F8E83203F0FF05002BF0D13D
:10BF700090B194F8F63123B940F604313120E4F75A
:10BF800075FC052304F5807204F5F37100F0A1FF40
:10BF9000012384F8B832DDE70223FAE7EAF7D6BCDA
:10BFA00010B50446FFF743FA00F23D11E269E36B76
:10BFB0009A4228BF1A461046FEF714FDB0F5296FC5
:10BFC00028BF4FF4296080B210BD70B50D46042122
:10BFD0000646E5F7E5F8044648B906213046E5F798
:10BFE000DFF820B115B190F8E53003B904462046DA
:10BFF00070BD1FB501230A4603A9009340F68813BC
:10C00000F7F704F805B05DF804FB08B5E9F712FB93
:10C010000346C2054CBF032001201B0548BF40F06A
:10C020000C0008BD08B5002320FA03F2D20706D49D
:10C030000133042BF8D14B21AC20E4F717FCD8B224
:10C0400008BD73B50E46054618B9A921AC20E4F722
:10C050000DFC447B2046FFF7E5FFD5F80930C6F814
:10C060000330D5F80D30C6F80730431CF3711F2399
:10C07000337001238340002024EA030404236C73FB
:10C08000003C63F3070018BF012464F30F2002B0E3
:10C0900070BD10B50446E9F7CDFA032C11D8C105DF
:10C0A0004CBF0323012302054FF0010000FA04F006
:10C0B00048BF43F00C03C0B21840003818BF01203D
:10C0C00010BD00200346F7E701467F20FFF791BF30
:10C0D00001466FF07F00FFF78CBF2DE9F84304465F
:10C0E0000E460025FFF791FF07465FFA85F90234F7
:10C0F0004846FFF7E9FF80464846FFF7E9FF811B06
:10C1000027FA05F201354B424B41B04508BF43F0D9
:10C110000203D20744BFE675A375042DE5D1BDE83F
:10C12000F88343680F2110B593F8E420188822F0B3
:10C13000060283F8E420E5F733F8012201460446BD
:10C140001A20EFF7E7F8002384F8343010BD2329D4
:10C1500038B5154612D1436893F88D202D2A0DD19C
:10C1600018880F21E5F71CF80122014604462846ED
:10C17000EFF7D0F8002084F8340038BD0220FCE747
:10C1800038B50D461146426892F8E420900716D55E
:10C1900091F82E20920714D591F8312002F0FF0477
:10C1A0008AB981F82F5081F830309DF8103081F82D
:10C1B000313022462046EFF7ADF8204638BD1A242C
:10C1C000FBE70C24F9E73A24F7E710B50C460F21FA
:10C1D000E4F7E6FF2146BDE81040FFF77EBFF8B563
:10C1E000576806460D460F213888E4F7D9FF242EFC
:10C1F00004461ED0252E3CD0232E4DD190F832601F
:10C20000B30607D50126C07BEFF752F98640F6B298
:10C2100084F832603046FFF705FF6E7004EB400093
:10C2200094F83330AB7090F91900EFF7C5F9E87066
:10C23000F8BD90F82F00FFF7F5FE97F88D30064611
:10C240002D2B14D0A068EBF78BFA074604EB4603BE
:10C250001A7E6A7094F83020AA7093F91900EFF7EB
:10C26000ABF92F71E870002384F83130E0E7FF2745
:10C27000ECE790F82F603046FFF7D4FE6E7004EBC9
:10C280004000037EAB7094F83030EB7090F91900E9
:10C29000EFF792F92871E6E74FF4A171AC20E4F7CB
:10C2A000E5FA2DE9F84F074693F900000E461546CA
:10C2B00098464FEA420900283DD001EB09037F2848
:10C2C00093F901A006D050447F282FDC10F1800F95
:10C2D0002EDB40B22946FFF78CFE04462846FFF7C6
:10C2E000F3FE231A2846D3F1000B4BEB030BFFF7A9
:10C2F000EFFE8442A4EB0A044FEA4B0BE3B208BF03
:10C300004BF0010B60B206F815B04E4488F80000FF
:10C3100072789C1864B2747097F87400EFF7C8F8DC
:10C32000A84208BF87F87C40BDE8F88F7F20D1E79E
:10C330006FF07F00CEE70346E7E72DE9F34145784C
:10C340000C4683784F68C6788DF80730FFF75DFE9E
:10C35000054246D06B1E2B4243D17E2E4FFA86F803
:10C3600041D0636893F88D00FBF7F9F918B13A20D2
:10C3700002B0BDE8F08193F88E00FBF7F0F90646B5
:10C380000028F4D10F213888E4F70AFF90F82E3006
:10C39000044643F0020380F82E302846FFF742FEA1
:10C3A000024604EB400393F9211041451CBF83F87A
:10C3B000218083F8206094F83130012BD7D80323F3
:10C3C00084F831300DF10703384604F1180184F880
:10C3D0002F50FFF766FF9DF80730002084F83030BB
:10C3E000C6E72020C4E71E20C2E770B505460E460A
:10C3F00000880F21E4F7D4FE04463046EFF758F8E2
:10C4000004EB4004637E85F87C3070BD2DE9F34178
:10C41000446805460F460F2120889046E4F7C0FE89
:10C42000064690F83130D3B994F97C403C1B63B296
:10C430009C4204D040F20231AC20E4F717FA3946AE
:10C44000FFF74BFEFFF7E1FD234601463246284643
:10C45000CDF80080FFF794FE02B0BDE8F0813A20ED
:10C46000FAE72DE9F34104460D46B0F86E0069463F
:10C4700017461E46FDF7DDFA20B140F20F31AC2021
:10C48000E4F7F4F9A806DDF8048012D42846FFF793
:10C49000C9FDD8F8E030D9054CBF032101211A05A8
:10C4A0004FF0010348BF41F00C0103FA00F00142D4
:10C4B00011D098F8E4309B070DD594F8343003F090
:10C4C000FF0053B984F8325084F8337084F8346034
:10C4D00002B0BDE8F0811A20FAE73A20F8E72DE92A
:10C4E000F04F00268BB04FF400730DF11409B246E3
:10C4F0000290ADF8143019F8013B4FF00108CDE976
:10C5000006AA8DF81E3006A8E4F784FE044630B172
:10C51000731C0126022BEED10BB0BDE8F08F08A9E9
:10C52000BDF81C00FDF785FA20B14FF45F71AC2017
:10C53000E4F79CF9099D0F212888E4F731FE834632
:10C5400095F87400EEF7B4FF08FA00F50BEB400322
:10C55000E9B293F919700391FFF757FD20EA05023C
:10C5600003990BF11905D2B222FA04F0C30707D5DB
:10C5700015F91400B84202BF08FA04F00843C1B22A
:10C580000134042CF0D1029B5A4608A8CDF8008053
:10C59000FFF7F6FDB7E708B5436893F88D2022B1A1
:10C5A0004FF46271AC20E4F761F92D2218880F2155
:10C5B00083F88D20E4F7F4FD90F82E3043F001036A
:10C5C00080F82E3008BD70B50446084626786568A8
:10C5D0002EB1D5F880305B0605D5012070BD95F8E9
:10C5E0008E30002BF9D12146FFF7A7FE024680B11D
:10C5F0001EB195F88E30002BEFD123212046FEF797
:10C6000093FA362385F88E302046FEF769FA00202B
:10C61000E4E70EB92D23F5E7D5F8803043F0400369
:10C62000C5F88030F0E710B50378446883B984F822
:10C630008E30A4F8CC30FEF764FA0F212088E4F79E
:10C64000AFFD002201461046BDE81040EEF762BE85
:10C65000D4F880305A0604D440F2DB31AC20E4F741
:10C6600005F923F04003C4F88030E4E710B54468CE
:10C670000F212088E4F794FD034690F8342022B976
:10C6800093F83120D2B9FE2010BD94F83521002A4C
:10C69000F6D194F88E20A2F125010629F0D9332A8B
:10C6A000EED094F88D00FBF75AF80028E8D1104638
:10C6B000FBF755F80028E3D12320E5E7002283F8B3
:10C6C00031202520E0E7FEF702BA1D2310B504460D
:10C6D0000370E8F7DFFF6070022010BD1E2310B565
:10C6E00004460370E8F7D6FF6070022010BD0123F6
:10C6F0004380038000238380C3804FF44863038119
:10C7000070471021E4F74CBD73B569460546FDF747
:10C7100090F9044618B121215420E4F7A7F82846DF
:10C72000019EFFF7EEFF28B10123738684814481C7
:10C730000482C48102B070BD3C2303804FF4FA43ED
:10C7400043800123C38083800023038143814FF40E
:10C7500048638381704708B5EFF77CFBEFF760F81B
:10C76000EEF78EFFBDE80840F0F7D2B810B5C82448
:10C77000EFF71AF8022808D1013C14F0FF04F7D1B2
:10C780000620E9F7EDFE204610BD431E58425841F1
:10C79000FAE710B5EFF78AFB044600F01AFA201802
:10C7A00041F1000110BD7047704719B943780BB1D2
:10C7B000C3788370704710B504460846EFF7C6FF8C
:10C7C0004FF47A73B0FBF3F0201A10BD38B504466D
:10C7D00008461546EFF7BAFF4FF47A7300F2E730D8
:10C7E000033DB0FBF3F0012DA4EB00048CBF02204D
:10C7F0000A20201A38BD01207047831C212B04DD3C
:10C800004C2B04DC2038C0B27047002070472A202F
:10C8100070477F2808B5034604D0F0F70DFCC0F13F
:10C820001003DBB258B208BD08B5431E072B09D868
:10C83000DFE803F00D0F0504080D0D06022008BD0A
:10C840000420FCE740F28F410620E4F70FF80020B7
:10C85000F5E70120F3E708B503280FD8DFE800F07B
:10C860000212070B002914BF0320052008BD900009
:10C870000530C0B2FAE790000B30FAE75C21872060
:10C88000E3F7F4FF0620F1E708B5C30749BF1378C3
:10C890000D230133DBB28B4203D93B218820E3F720
:10C8A000E5FFD05C08BD2DE9F04104460F46164671
:10C8B000F6F75AF80023A4F8A23294F86232062B55
:10C8C00008D094F86232052B04D040F27D218820F4
:10C8D000E3F7CCFFFE22002304F1DA08A4F85C227F
:10C8E0001D46D4F8D420A4F8603284F8B03084F81F
:10C8F000A032927A84F8B022AF4212D194F82F314C
:10C9000084F87B3184F8C531002384F8663294F8CA
:10C910006222052A0AD14EB9022384F86232BDE8A8
:10C92000F08140460135F3F797FFE5E784F862327E
:10C93000D4F8D420B4F86412B2F847300B44A2F80B
:10C940004730ECE70023F7B50646A0F52974CDE99A
:10C9500000330D238DF806306846E4F75BFC05468E
:10C9600008B103B0F0BD009BA342F5D116F83E3CE0
:10C97000002B14BF012700270DD00D212046E4F71E
:10C9800069FC06460E21E4F70BFC2A4690F8451197
:10C990003046FAF7ECF8B4F864123A46B4F8AE321E
:10C9A0002046C91A89B20131FFF77DFFD9E7F0F7B8
:10C9B000DFBC00F038B8801A00F3070038B50D4628
:10C9C000144659B240B2F6F7B7FB00232870204452
:10C9D0006B7040B238BD0023036070477047002081
:10C9E00070474FF0FF3070474FF0FF30704770478F
:10C9F0004FF0FF3070470020704700207047002341
:10CA0000037070479DF800300022FFF7D4BF4FF04D
:10CA1000FF307047002070474FF0FF3070474FF0F5
:10CA2000FF307047704770470020F6F7C9BB002001
:10CA3000F6F7A0BC0020F6F7B1BC0020F6F7C0BBAB
:10CA40007047F6F7F7BCF6F709BDF6F7F9BCF8F74B
:10CA50000DBAF7F7A9BEF7F7BFBEF8F727BA00F08F
:10CA600081B9F8F715BA10B5837F8BB9034601F188
:10CA7000180251F8044B914243F8044BF9D10124B8
:10CA800084772146F7F72CF8F7F780FE204610BD93
:10CA90000020FCE710B504460221F7F721F8F7F76C
:10CAA00075FEA07FB0FA80F0400910BD38B504468D
:10CAB000A37F03B938BDA37F032B02D0A37F042B30
:10CAC0000ED1EFF3108572B62046F7F779FA05B963
:10CAD00062B6A37F002BEDD0FF210320F8F77EFA8A
:10CAE000A37F012B02D14FF48271F6E700F0FBF92E
:10CAF000DEE713B50DF10701F7F748FA0446F7F73B
:10CB0000B3FE20B940F221110320F8F767FA20465E
:10CB100002B010BDF8B50746F7F7A6FE044620B9E7
:10CB200040F229110320F8F759FAF7F7A3FEA46899
:10CB300000252418384641F1000622463346F7F70F
:10CB40008DFAA04271EB060309D3001B6FF00103BD
:10CB500061EB0601834275EB010102D3F8BD284663
:10CB6000FCE74FF0FF30F9E72DE9F04104460F46AE
:10CB7000F7F77AFE064620B94FF4A3710320F8F7C1
:10CB80002DFA8568002362195B4113B10020BDE8CE
:10CB9000F081F7F76FFE2A18384641F1000314EBD5
:10CBA000020843F10005F7F759FA4045A941EDD3D2
:10CBB000F8F75CF900F071F8B36801203775234489
:10CBC000B360E4E7837F012B01D100F068B8002057
:10CBD0007047F7F74FBE8068704708B5F7F744FE17
:10CBE00020B94FF4CB710320F8F7F8F9007D08BDA8
:10CBF000F8B50369044623B140F29D110320F8F70C
:10CC0000EDF9F8F733F905460E46F6F7BFFE70B3B7
:10CC10006435D4E9003246F10001AB4272EB010009
:10CC200001D22B460A46C4E90032EFF3108572B6F2
:10CC3000F7F71AFE064698B1F7F71CFEB3680B33F8
:10CC40002CBF012200221B18D4E9006042EB010135
:10CC5000B34271EB00023CBF33460146C4E90031E8
:10CC600005B962B62046BDE8F840F7F76DBAF6F7A9
:10CC7000ADFE0746F7F70CFEB84238BF384696358A
:10CC800046F100024319D4E9000142F10002834257
:10CC900072EB0105C7D20346C4E7F6F7BBBFF7B591
:10CCA0000C460DF107010646878BF7F76FF920B99F
:10CCB0004FF412719F20F8F791F90FCC35460FC54C
:10CCC00094E803003A4685E8030030460DF1070179
:10CCD000F7F742F8012003B0F0BD032910B5044670
:10CCE00006D801290ED84FF49E71B020F8F776F9D6
:10CCF0000429F8D1F6F70AFF20B12046F7F7C6FA63
:10CD0000022010BD0020FCE7C0E90812202200210B
:10CD100000F0A8B910B5037886B0044623B14FF4EB
:10CD2000AB714520F8F75AF90593CDE90333D0E903
:10CD30000423CDE9002343680293037A68468DF803
:10CD40001430FFF755FF0120DDE90023C4E9042377
:10CD500006B010BDFFF7AABE704770477047704716
:10CD6000F7F722BF10B5029C241841F10001A01A68
:10CD700061EB0301B0F1004F71F1000103DBA92168
:10CD80000420F8F72BF910BD70B50024F8F7E2F88D
:10CD900005462646E0B2854200D870BDF8F7E0F8B7
:10CDA0000134068580F82A60F4E7F8B50379044673
:10CDB0001BB11B219D20F8F711F94679017126B9A5
:10CDC00001234371217909B96171F8BD27682046B3
:10CDD0002671B84702280546F4D103212046B847FA
:10CDE00008B12F21E6E72368294620469847002806
:10CDF000E8D03021DEE703460068884204D109B15B
:10CE00000A681A600846704728B97047884202D1FC
:10CE10000A681A60F6E7034600680028F6D17047F2
:10CE200001F11003013813F8012D8B4200F8012F96
:10CE3000F9D170472DE9F04713F0010F8EB0044689
:10CE40000D4617469A46DDE9168924D006A8FFF755
:10CE5000E7FFA30735D002AA04F1100520680834C3
:10CE600054F8041C1346AC4203C31A46F6D106AD6F
:10CE700002AC1AF0020F4346CDF8009023D02946A9
:10CE800020460AAAF8F742F90AA93846FFF7C8FF70
:10CE90000EB0BDE8F08713F0040F0DD106AB0E46BF
:10CEA00001F1100C1D463068083656F8041C1A466D
:10CEB000664503C21346F6D1214602A8FFF7B0FF2C
:10CEC000D6E706ADD5E73A4629462046F8F71EF9DB
:10CED000DEE713B50024CDE90044FFF7ABFF02B055
:10CEE00010BDF8F717BA20BF704720BF70479142B6
:10CEF000F8B503D373219620F8F770F8B2FA82F3ED
:10CF00003BB1C3F1200499409A4020FA04F49840C0
:10CF100021434FEA124C93B2040C87B2B1FBFCF5EB
:10CF20000CFB151E05FB03F64FEA0E4E0EEB1040F0
:10CF3000864205D9361A964294BF01260226AD1BB9
:10CF400004EB0141280405FB1211B1FBFCF40CFBBE
:10CF50001411634307EB0147BB4205D9DB1B934226
:10CF600094BF01230223E41A2043F8BD70B50446A0
:10CF700015461E46FFF7BBFF049B00FB15443060BF
:10CF80001C6070BD2DE9F0411D4607460C46164653
:10CF900052EA050303D1A6219620F8F71FF885B9B8
:10CFA000914204D2FFF7A3FF2946BDE8F08108466D
:10CFB0002946FFF79CFF05463246384606FB1541D9
:10CFC000F0E7B5FA85F80123400803FA08F3C8F141
:10CFD0001F0840EAC470A3FB0212610803FB05228C
:10CFE000FFF785FF30FA08F04FF0000102D001385A
:10CFF00061EB010100FB05F3A0FB062C06FB0133EE
:10D00000BF1A634464EB0304B742AC41CDD3013093
:10D0100041F10001C9E762B1013910B5841810F877
:10D02000012B11F8013FA04201D09A42F7D0D01A4B
:10D0300010BD10467047431A934200EB020310B52F
:10D0400008D3013902469A420BD011F8014F02F879
:10D05000014BF8E70A4412F8014D8A4203F8014DEA
:10D06000F9D110BDF0B5C9B20446A30726460ED1CA
:10D070004FF0013522F003034D43E718BC420CD1B9
:10D08000334402F003021A44934209D1F0BD002A4E
:10D09000FCD0013A04F8011BE7E744F8045BEDE734
:10D0A00003F8011BF0E700280CBF6FF0150000200B
:10D0B000704700207047072303700020704700204E
:10D0C000704700207047034611F8012B03F8012B2D
:10D0D000002AF9D17047034613F8012B002AFBD12F
:10D0E000181A013870472DE9F04786468C460846E5
:10D0F000089E154674461946002B40F0C1808542B3
:10D10000B2FA82F245D94AB1C2F1200300FA02FC18
:10D11000954094402EFA03F343EA0C0C4FEA154E67
:10D12000A8B2230CBCFBFEF80EFB18CC08FB00F9E0
:10D1300043EA0C43994528D9EB1808F1FF3704D28C
:10D14000994502D9A8F102072B44A3EB0903A4B225
:10D15000B3FBFEFC0EFB1C330CFB00F044EA034463
:10D16000A04214D92C190CF1FF3304D2A04202D9E9
:10D17000ACF102032C44241A43EA07401EB1D44008
:10D18000002334607360BDE8F0874746DDE76346FF
:10D19000F1E792BB431B01214FEA154EAFB2200CC1
:10D1A000B3FBFEFC0EFB1C330CFB07F840EA034309
:10D1B000984561D9EB180CF1FF3004D2984502D99B
:10D1C000ACF102002B44A3EB0803A4B2B3FBFEFCBA
:10D1D0000EFB1C330CFB07F744EA0344A7424DD96E
:10D1E0002C190CF1FF3304D2A74202D9ACF102038F
:10D1F0002C44E41B43EA0040C0E7C2F12003954001
:10D20000944020FA03F12EFA03F34FEA154E9040B2
:10D21000AFB20343B1FBFEFC0EFB1C10190C0CFB60
:10D2200007F841EA0041884522D969180CF1FF301E
:10D2300004D2884502D9ACF102002944A1EB0801CF
:10D240009BB2B1FBFEFC0EFB1C110CFB07F743EA83
:10D2500001439F420ED9EB180CF1FF3104D29F42DB
:10D2600002D9ACF102012B44DB1B41EA004193E7F8
:10D270006046E3E76146F7E76046A4E76346B8E740
:10D28000834206D916B9002108467CE7C6E900E0CA
:10D29000F9E7B3FA83F78FB9834201D3724508D80F
:10D2A000BEEB020460EB030301209C461EB9002183
:10D2B00069E73846FAE7C6E9004CF8E7C7F1200C01
:10D2C000BB400EFA07F522FA0CF42EFA0CF1BA4024
:10D2D0001C4320FA0CF3B8404FEA144901431FFAEB
:10D2E00084FEB3FBF9F809FB18300B0C08FB0EFAAF
:10D2F00043EA00439A4540D9E31808F1FF3004D2CD
:10D300009A4502D9A8F102002344A3EB0A0389B28B
:10D31000B3FBF9F809FB183308FB0EFE41EA0341A1
:10D320008E452CD9611808F1FF3304D28E4502D9FD
:10D33000A8F10203214443EA0040A1EB0E01A0FB47
:10D3400002984145CE46434602D306D14D4504D20C
:10D350000138B9EB020E68EB0403002EA7D0B5EB41
:10D360000E0261EB030101FA0CFC22FA07F3F9400B
:10D370004CEA0303C6E9003199E74046C5E7434656
:10D38000D9E7000000002020020240402222606015
:10D39000616124246262636335356464656537378F
:10D3A000666667673939686869696969791C1C1C30
:10D3B0001C202022222424262628282A2A2C2C2E0F
:10D3C0002E303032323434363638383A3A3C3C3EFD
:10D3D0003E404042424242460022F0B585B01146EE
:10D3E00040F6034002AF04F079FE044600285BD10A
:10D3F00004F062F9214641F203003A1D04F06EFE8A
:10D400000446002850D17A68874DD16805F1780329
:10D41000D1F80100D1F8051003C3104603F0BEFD9A
:10D42000214641F201003A1D04F058FE044600284E
:10D430003AD17868C3685A7885F870205A88A5F878
:10D4400072201A7985F87120B3F80720A5F87420A6
:10D45000B3F80530A5F8763003F0A0FD214641F27F
:10D4600002003A1D04F03AFE0446E8B9D7F804C0B9
:10D4700005F18006DCF80C20531C41323446186854
:10D480005968083303C493422646F7D1604603F037
:10D4900085FD95F87C305C060AD40121634A644816
:10D4A00014F098FA6FF0120420460C37BD46F0BD18
:10D4B000002142F203003A1D04F010FE0446002849
:10D4C000F2D17A685B4BD168D1F80100D1F8051030
:10D4D00003C3104603F062FD214642F202003A1DEA
:10D4E00004F0FCFD04460028DED17E68F468B4F840
:10D4F00001309AB292B1E27882B1A5F80431E378B2
:10D50000032B06D003220221009249484A4A13F015
:10D5100091FEE2784948114616F02EFF304603F09E
:10D520003DFD1F2395F87C60A5F8203116F02006FC
:10D5300018D14FF0FF304FF0FF3104F0D7FB044615
:10D5400000286DD002210C3014F0BDF801232146D3
:10D5500003704670324640F66D4004F0BFFD04464D
:10D560000028A1D195F89C30180712D5002142F26D
:10D570001C003A1D04F0B2FD0446002894D17868DE
:10D58000C368D3F80120D3F80530C5E9382303F088
:10D5900005FD95F8D830990621D53846B91C04F018
:10D5A00045FE044600287FF47FAF4FF0FF304FF078
:10D5B000FF3104F09BFB064690B304210C3014F0BD
:10D5C00082F83B88224603807B883146438042F2C2
:10D5D000240004F083FD044600287FF465AF95F82D
:10D5E000D8305A0610D5002142F22A003A1D04F024
:10D5F00075FD044600287FF457AF7868C3685B78F0
:10D6000085F8223103F0CAFC95F8DD305B0629D598
:10D610004FF0FF304FF0FF3104F068FB044678B95B
:10D620006FF0680440E700BF38120020ACA7030089
:10D630002C71030010130020D0A70300401300201A
:10D6400002210C3014F03FF82F23037001232146F0
:10D650004370002242F2740004F040FD04460028AA
:10D660007FF422AF4FF0FF304FF0FF3104F03EFB6C
:10D6700004460028D4D008210C3014F024F895F882
:10D68000D81040F2022311F0400F08BF03238E0789
:10D690004CBF43F02C0343F00C030246880695F878
:10D6A000D90048BF43F0400310F0090F18BF43F4FE
:10D6B0000063C90754BF184643F0100095F8DD30E9
:10D6C00001215B0608D595F8B1305E0754BF40F6DE
:10D6D00001019D4941F4FE2114F0ABF921460022DD
:10D6E00042F2010004F0FAFC044600287FF4DCAEAC
:10D6F00095F87C30B5F8041198065BD4C9B941F2AD
:10D7000005003A1D04F0EAFC044600287FF4CCAE84
:10D71000B5F804317C684BB9E368B3F80120A5F88B
:10D7200004219A888948114616F026FE204603F007
:10D7300035FC4FF0FF304FF0FF3104F0D7FA0446CC
:10D7400000283FF46DAF08210C3013F0BCFF95F8B2
:10D75000D8300246D90737D44FF000517C4814F036
:10D7600068F92146002240F6014004F0B7FC044667
:10D7700000287FF499AE01463A1D4FF6014004F0AF
:10D78000ADFC28B3734A0221734814F023F9EB79F6
:10D79000002B40F0AA8005F01BFC044600287FF413
:10D7A00083AE07F0FDF8044600287FF47DAE04F058
:10D7B00089FB79E60029BCD10121684A664814F04A
:10D7C00009F96FF004046FE65DA1D1E90001C6E735
:10D7D0007B686E46DC688AB0B4F80130042B96BFD3
:10D7E0005F4A604952F8231002AAD3614FF40073D4
:10D7F0005D4813845D4BC2E9050142F8103F4FF4C8
:10D800001351554814F0F5F8B4F80120B546022A32
:10D81000B4F8033049D1052B47D8554A52F82310A4
:10D820006E468AB002AAD3614FF400735148138444
:10D830004E4BC2E9050142F8103F4FF413514648E0
:10D8400014F0D7F8B546637994F806C0032B98BF57
:10D85000494AB4F80760D4F809006C468CB094BF0C
:10D8600052F823103F4902AAC2E9073C4FF4007363
:10D87000DFF808E19385424BC2E905E1C2E909609E
:10D880004FF4735142F8103F334814F0B2F8A546F4
:10D89000786803F083FB00214FF602403A1D04F044
:10D8A0001DFC044618B1374A6DE72E49B8E7786881
:10D8B000C368B3F80130A5F8C13003F06FFB95F8E9
:10D8C000C1305A077FF563AF21464FF603403A1D3A
:10D8D00004F004FC08B12C4A55E77868C3685B780B
:10D8E00085F8C03003F05AFB51E72E78002E7FF404
:10D8F00052AF95F8C1309B061ED54FF0FF304FF068
:10D90000FF3104F0F3F9044600283FF489AE062104
:10D910000C3013F0D8FED5F80130214603601B4BC4
:10D9200032469B8883804FF6064004F0D7FB0446BE
:10D9300000283FF430AFB7E56FF08504B4E500BFD1
:10D940009088000200800020010880004013002021
:10D950001088000239A803002C71030016A80300E8
:10D96000AC7A0300F2A503005DA8030004000001E7
:10D97000947A030076A80300847A03008EA803003B
:10D9800007000001BBA80300E4A80300391200202F
:10D9900037B50024164D6FF009034FF48062284616
:10D9A000144900940EF040FB1349284616F034FE4B
:10D9B0001249134816F063FD224604211C2002F090
:10D9C00001FF01220F4BD3E8EF1FC3E8E02F00282F
:10D9D000F9D105A3D3E9002328460B490EF0A0FB9B
:10D9E000204603B030BD00BF389C1C000000000082
:10D9F0001858002030AE0120E1C303001D3B030096
:10DA00008881012080810120A813002000000000EF
:10DA100010B50B4BD3E8AF3F53B1F5F7BDFF06A3ED
:10DA2000D3E90023BDE81040064907480EF078BB53
:10DA300010BD00BFAFF30080389C1C000000000048
:10DA400080810120A8130020185800200000000049
:10DA500070B4174E0C46B042154608D00136B0429D
:10DA60000FD0023EB04210D070BC11F031BB0AA3FF
:10DA7000D3E90023C5E900230E4B0020236070BCCE
:10DA8000704707A3D3E90023F4E707A3D3E90023F2
:10DA9000F0E700BFAFF3008002C0FF7F000000008E
:10DAA00003C0FF7F0000000001C0FF7F00000000F6
:10DAB00002C0FF7F03004E8003460121014A024855
:10DAC00013F0AEBBD4950300DC7003002DE9F043E6
:10DAD00093B006AF80460E4614F0DCFA0378044695
:10DAE0003D1D032B3FD8DFE803F002383A3C2C49B8
:10DAF0002846FFF7E8FAA3790595627807F110093F
:10DB00000492A2781E210392E2784846029222797A
:10DB1000019262796C460092224A12F02DFA8AB084
:10DB200006AA214BD661C2E905394FF4007313846C
:10DB30001E4B42F8103F00234FF413511C4801F0D4
:10DB400043F8A546AEB140F63542002319480EF021
:10DB500011FB3437BD46BDE8F0831749C8E71749C4
:10DB6000C6E71749C4E70A212846164A12F004FA04
:10DB7000C1E7304615F012FF134B29467B60404643
:10DB800015F0B0FC03460028E3D001210F4A0848F5
:10DB900013F046FB1321404614F0EAF9D9E700BF21
:10DBA000ED9503000F960300329603000400000178
:10DBB000DC70030008120020F4950300FB950300BD
:10DBC0000596030073BA03000001FE144F9603008C
:10DBD00030B5134D89B003AC0FCD0FC42B680322B1
:10DBE000236000230F49009303A805F029FB10F1DF
:10DBF000780F03460BD060B10B4A0C48022113F09A
:10DC00000FFB43F60952002309480EF0B3FA09B09E
:10DC100030BD0321074A054813F0F9FAF7E700BFC2
:10DC200020720300D877030073960300DC700300B2
:10DC3000081200209E96030010B50B46074A0321E8
:10DC4000074813F0EDFA002015F0ABFEBDE81040D8
:10DC500040F63542002303480EF08CBAAD9603001F
:10DC6000DC700300081200200B4610460AB1FFF7D3
:10DC700023BF0321014A024813F0D2BACA96030017
:10DC8000DC70030008B503210B4A0C4813F0BFFAFF
:10DC90000CF048F8002004F017FC034630B10121D5
:10DCA000074A064813F0BCFA002008BD00220023F2
:10DCB00004480EF05FFAF7E7DC960300DC7003001F
:10DCC000F2960300081200202DE9F04F91B0009366
:10DCD00002F004030293C2F3C20301338407054632
:10DCE0000E46DDF868800392059340F0BB81041D69
:10DCF00030B1072909D86FF01B0011B0BDE8F08FD3
:10DD000001F007063444C6F10806009B4FF00009F5
:10DD10004FF0040A591E4FF0FF334F460193CB4694
:10DD20005346CDF810900DB1009A22600598002856
:10DD300000F3E8809848009A824203D397488242D1
:10DD4000C0F0E080039AA4EB050E92074FEA9E0014
:10DD500000F103810F2F00F2B180002D00F005814A
:10DD600007F140020DEB020C019A0CF8200C0CF8A4
:10DD7000102C049801300490E7E07A285DD84B28F5
:10DD80000ED8472859D829282DD8252852D054D81C
:10DD900020287AD02338D0F1000B4BEB000B74E035
:10DDA0004C382E2849D8DFE800F0704848484848E9
:10DDB0004848484848484B484848484848484859CF
:10DDC000484B4B595959704B6D487048184B18487F
:10DDD00048827F4B48484B487F0000204FF0000BA3
:10DDE0004FF0040A38E001222A38C0B202FA00F0EB
:10DDF00010EA0E0F49D110F0625C2FD110EA020B2D
:10DE000043D06046013C5444B4FBFAF40AFB04F4EA
:10DE1000002D61D0A3EB050CA444B4453FF66BAFD5
:10DE2000002868D1042B47D158F8043B2360042311
:10DE300004342AE0019A013A01924FF0000B24E0E9
:10DE400011F8010C6C2834D1002011F8023C8346F3
:10DE50006C2BC5D14FF0080A5346D3E708F10708E9
:10DE600028F00708073424F00704F8E802AB35B1BE
:10DE700006982044B0423FF63EAFC4E900AB4FF0F5
:10DE8000000B08344FF0080A534611F8010F002820
:10DE900078D0BBF1000F7FF470AF2528F5D14FF09B
:10DEA000010B019B013301934FF0040AECE7584644
:10DEB00094E700208346A5E7082B02D06FF01500F9
:10DEC0001BE708F1070828F00708F8E80223C4E96F
:10DED000002308230834D8E768B9042B02D108F1DD
:10DEE0000408A4E7082BE9D108F1070828F007087F
:10DEF00008F10808EDE7059A013A059258F8042B55
:10DF0000009210E7039A900720D54FF0010CA4EB84
:10DF1000050E4FEA9E00BEF5007FCFD20F2FCDD861
:10DF2000F5B107F140020DEB020E019AC0B20EF8F6
:10DF3000200C0EF8102CBCF1000F3FF41AAF60F06B
:10DF40007F000EF8200C09F101090137C5F1080224
:10DF50004FF6DA7E0434069297E74FF0000CDAE7CA
:10DF6000BCF1000F01D00136EFE70298023600281D
:10DF7000EBD10098CDE90631FFF7ADF8DDE90631C8
:10DF80000644E2E7631BB3F5806F97D245B9A6F16B
:10DF90000804E018B1E600BF4C6503007CC603002E
:10DFA000029A9B0828602B709DF81030C2B1EB706C
:10DFB00085F80290B9F1000F05D0002208A8C5F13C
:10DFC000010C97420ED14FF0000AC5F101030DF18B
:10DFD000200801930DF1300B574512D1601B8CE6E0
:10DFE0006B70E5E710F8013B190608D50CEB040E41
:10DFF000B64503F07F033FF67EAE04F8013B0132E5
:10E00000DFE7B9F1000F03D098F90020002A17DBF1
:10E01000029BD3B11AF80B2004F8012B0022019BBC
:10E0200018191044B0423FF666AE98F80000009907
:10E0300004F8010B2046039218F0DEF9039A144409
:10E040000AF1010A08F10108C6E798F8002055F81E
:10E0500022300093029B009845F82230FFF73BF8EE
:10E06000421CDCE76FF00D0047E600BF2DE9F04FE2
:10E0700097B000AFD7F880B03B62CBF3C003044643
:10E08000894690F802A0FA62BB6141B945780078F0
:10E090000AEB800020444D4517D8A0EB0409E37833
:10E0A000FB61BAF1000F02D01BF0010F16D1FB6922
:10E0B00053BBFB6A1BB1494620463A6A98474D4616
:10E0C00028465C37BD46BDE8F08F461C3046FFF75A
:10E0D00002F80130304409F10109DCE76268237875
:10E0E0007A62FA6A9900796104EB8301002A40F0B0
:10E0F00001810E464FF000084D4601EB0A094E45DE
:10E100004CD101EB0A0610E01BF0020FD1D02378AE
:10E110009A007A61626804EB83017A62FA6A002AE3
:10E1200077D14D46904601EB0A061BF0050F0CBF58
:10E1300002230123FB62FB6906EB430A0BF0020397
:10E14000BB625645BCD016F8021B16F8013C54F8C9
:10E150002390994B994502D3984B994536D3BB6987
:10E16000002B40D0786A12F015FC00283BD0E9461D
:10E170008AB06A46924B53617B6AC2E906314FF41A
:10E18000007313848F4B42F8103F00234FF4125159
:10E190008D4800F019FD023DCD46D2E716F8013B4F
:10E1A000F96254F82300FEF796FFD7F88430F96A35
:10E1B00001304BB1D7F8883098453EBFD7F884304E
:10E1C00023F8180008F10108054498E7BB6923B15A
:10E1D000786A12F0DFFB0028C9D11BF0010F05D1CE
:10E1E000FB6AED1AADE7BB6A002BAAD04846FEF7E2
:10E1F00072FFD7F8843053B1D7F8883098453FBFC5
:10E20000D7F88420431C22F8183008F1010805448F
:10E2100097E7BAF1000F73D01BF0040673D0D04615
:10E22000002607F1480052463B61B96218F0E4F855
:10E23000B96A3B6901EB0A02BA62FA69F9695200EC
:10E24000FA60BA6A02EB41023A610BF00202BA606C
:10E250003A69B96A8A4258D162781BF0020F18BF36
:10E2600000217A6208BF4FEA5801B2181BF0010F73
:10E27000D2B240F09F801BF0040F14BF4046002034
:10E28000BB616270A070E17020463A6A7969FB6AEE
:10E290009847051EFFF614AFBB69414623707B6AA1
:10E2A0003A6A6370FB6984F802A0E37007F14800E2
:10E2B000FB6A9847B0F10008C0F2BA807B69A9EB0D
:10E2C0000A01C91AFB683A6AC91AD7E90A039847CA
:10E2D0000028C0F2AF804FF0000BA84408EB000507
:10E2E00007F1380AB34571D300213A6A0846FB6A40
:10E2F0009847E5E656464FF0000807F1380092E7E8
:10E300005646D04696E7B04694E7BA6A12F8021B22
:10E3100012F8015CBA6254F82500274A904202D3F1
:10E32000264A90421ED3BA6932B1786A7B6012F0F5
:10E3300031FB7B6800288BD1BA6802BB08F1280248
:10E3400007F1300C08F10100944407F1580208F17C
:10E35000020852FA80F00CF8101C5FFA88F800F8F6
:10E36000105C75E7BA693AB1786A7B6012F012FB0B
:10E370007B6800287FF46CAF1BF0010F09D006F119
:10E38000280207F13000711C161806F8205CCEB286
:10E390005EE71BF0040F3FF45BAF08F1280207F1C2
:10E3A000300008F1010102EB000808F8105C5FFA88
:10E3B00081F84DE7002063E74C6503007CC603004D
:10E3C0002797030004000001747103001BF80A3052
:10E3D00054F8239087F83730D7F884302BB3D7F828
:10E3E00088309B4521D2D7F8843033F81B80012137
:10E3F0003A6AFB6A07F13700984700281ADB0544A0
:10E40000B8F1000F06D14846FEF765FE00F101089D
:10E410001FFA88F8414648463A6AFB6A984700283E
:10E4200008DB05440BF1010B5CE74FF00008DEE769
:10E43000454645E6054643E6014B1860704700BF78
:10E440006814002080B505460E46174698460EF023
:10E45000F9F9034618F070F80446DFF818904246C0
:10E4600049F8003039463046A84754F8090002F010
:10E470002BF900BF080000002DE9F047058B04468A
:10E480002807904611D4022905F0070540F0CC80FA
:10E49000204612F035FD78B10138218B042811D8BF
:10E4A000DFE800F0C2106D85950001290CBF45F032
:10E4B000100545F02005258388F31188BFF36F8F81
:10E4C000BDE8F08701F0070AAA4500F0A580002703
:10E4D000B9463E46A368002B00F0BC8041F008011D
:10E4E000218388F31188BFF36F8FA168002900F0A2
:10E4F000BA800D68002900F0B680334652462046A7
:10E50000D1F80480C047002D76D02B6829461D46DF
:10E51000F0E701F007035A1F012A1BD8002221F05F
:10E520000701062B276889B2C4E9002209D13B46BE
:10E5300003E0628B013262831B68002BF9D141F04A
:10E5400002012046218312F0DBFC00287AD041F042
:10E55000200176E0042B0AD121F0070189B2204680
:10E56000218312F0CDFC10B141F020012183218BD9
:10E5700001F0070AAA454FD00027B946AAE7236948
:10E5800021F0070141F00601062DD3F80090218308
:10E590002DD1B9F1000F3FD041F00801218388F35C
:10E5A0001188BFF36F8F20463949C84729E021F011
:10E5B0000701236941F0040189B2042DD3F80490C6
:10E5C0002183E6D000274FF0040A3E4682E721F07F
:10E5D0000701236941F0050189B2052DD3F80890A0
:10E5E0002183D6D000274FF0050A3E4672E7002768
:10E5F0004FF0060A3E466DE72B4687E7B9F1000F5C
:10E60000D1D1EFF31188402383F31288BFF36F8FCA
:10E61000238B23F008032383258BEA062ED525F0D0
:10E620001003238305F007056669218B002EBFF6D2
:10E6300070AF00232768C4E9003321F0070141F0DF
:10E6400001012183218B4FF0000901F0070AAA453F
:10E650007FF440AF002F9CD041F00801218388F364
:10E660001188BFF36F8F002FC8D03D6839463346FD
:10E670005246204612F070FC2F46F4E7AB067FF5B9
:10E680001BAF25F02003238305F0070500E700BF3B
:10E69000850F03002DE9F047044607464FF00109B6
:10E6A000DFF8508014B93846BDE8F08794FAA4F535
:10E6B000B5FA85F509FA05F32E0108EB05156FEAA1
:10E6C000030A24EA03042B7B002BEBD058F8063016
:10E6D0001B694BB94644736804222846196807EA47
:10E6E0000A0712F024FDDDE7284698470028D9D113
:10E6F000F0E700BFFC71030030B5002289B00F497C
:10E700000F4816F03EF9002200230024CDE906232D
:10E710000E230C4DCDE903344FF440722846CDE969
:10E720000144094B094900940DF0D8FD08492846D9
:10E7300015F072FF204609B030BD00BF55E701005B
:10E7400058330020C02E00206DEA0100408E0120C9
:10E75000E697030001480DF08FBA00BF541900205E
:10E760002DE9F047804621480F4612F0C4FC0646CA
:10E77000002833D000252846BDE8F087237B83B1ED
:10E780002368DB680BB120469847636883F80690DE
:10E7900023681B69D3B9636804222046196812F004
:10E7A000C6FC013610345445E8D3B8F1000FE2D06E
:10E7B000002DDFD02846FFF76DFF0546002FF7D06C
:10E7C000002140F2391015F0DEFFF1E720469847AE
:10E7D0000028E0D009FA06F31D43E2E705464FF0B2
:10E7E0000109034CDFF80CA0DDE700BF985B0020B7
:10E7F000FC7103001C720300014B53F820007047AA
:10E800000478030008B5034608462BB1044A136098
:10E8100000F070FC002008BD6FF01500FBE700BFA2
:10E820006C14002010B5044C237813B903480DF084
:10E8300023FA0123237010BDD88801205419002029
:10E8400010B50446094812F056FC3CB1084BD3E819
:10E85000EF1F0139C3E8E21F002AF8D1054816F07E
:10E860009CF8BDE8104004480DF006BA905B00200B
:10E87000945B0020583300205419002000200146EA
:10E88000034BD3E8EF0FC3E8E21F002AF9D170472A
:10E89000905B002070B5FFF7F1FF0546074C084E6E
:10E8A000B44200D370BD63685B792BB123685B68A9
:10E8B00013B12946204698471034F1E7FC71030054
:10E8C0001C72030010B5044C0449204612F0AAF94A
:10E8D000034B1C6010BD00BF08180020F077030038
:10E8E000885B002000230D4A10B513700C4A0D49B7
:10E8F00013600D4A0D481360FFF784FFFFF7E2FF36
:10E900000B4B0C4918468B4200D310BD1A1A5C6899
:10E910001211013222711033F5E700BFD9880120AE
:10E92000905B002040420F00945B0020F310030036
:10E93000FC7103001C720300014600220023014801
:10E9400012F091B908180020014812F02ABA00BF4D
:10E9500008180020024B0146186812F07DBA00BF6B
:10E96000885B0020014812F0B2BA00BF08180020EE
:10E9700070B5274B1878002849D0FFF7E5FF05460A
:10E98000002841D1234B244C1B68002B19DD15F0C6
:10E99000B0FF4FF47A75A0FB050647F6122200235C
:10E9A00005FB0161F6F7B8FDD4E90032C01A40F268
:10E9B000E93361EB0201984271F1000101D3FFF7E5
:10E9C00069FFD4E9003213F57A7342F10002C4E919
:10E9D0000032BDE87040FFF7C5BF63685B7923B1C3
:10E9E0002368294620461B6898471034B442F4D364
:10E9F0002846FFF7AFFF094BD3E8EF1F0139C3E803
:10EA0000E21F002ABED0F7E7054C064EEEE770BDC8
:10EA1000D8880120905B002050330020945B0020B8
:10EA2000FC7103001C72030070B50D4D297861B9AB
:10EA30000120FFF795FE0B4C0B4EB44206D3FFF7B7
:10EA400097FF0028FBD101232B7070BD63685B79B1
:10EA50001BB1236820469B6898471034EDE700BF40
:10EA6000D9880120FC7103001C72030000212DE9EC
:10EA7000F0470846FFF774FE044658B340F21B689F
:10EA80004FF0000917F058FD1B4B1C4A1B58136030
:10EA900033B11B4B1B68092B02DD1A480DF0ECF853
:10EAA0000025194FDFF85CA044B12046FFF7F2FDC6
:10EAB000044618B94FF0FF384FF0FF39FFF758FF01
:10EAC000064628B9B5B942464B4650460DF00EF9F8
:10EAD0003546E9E74FF0FF384FF0FF39D2E72B68B2
:10EAE0009B691BB100222846114698471035BD424C
:10EAF000F5D3E8E7054DFAE7080000008C5B00203D
:10EB0000945B0020541900201C720300FC71030068
:10EB100013B5184812F0EFFA174B1B7873B1EFF3E7
:10EB20001184402383F31288BFF36F8FFFF720FF18
:10EB300084F31188BFF36F8F02B010BD0F4B1B68B9
:10EB4000002BF9D050B9002200230D48CDE9002355
:10EB500047F6122200230EF065F9EDE70928EBD104
:10EB6000074815F01AFF074802B0BDE810400DF045
:10EB700083B800BF945B0020D98801208C5B002003
:10EB8000583300205419002010B5064B04461B686A
:10EB900098472146A060044812F0E4F8BDE8104010
:10EBA000FFF7B6BF6C14002008180020044A054B7C
:10EBB0009B1AB1EBD30F34BF52F8310000207047DD
:10EBC000DC700300FC7103002DE9F04F8FB0C1F33E
:10EBD0004A2804AF0D469146B8607B600C0DB8F131
:10EBE000000F63D000264FF0040B4FF00A0A07F124
:10EBF0001403C7F80C80C7E907667E620193CDF85D
:10EC000008B0CDF800A007F11C0332464846F96869
:10EC1000FFF72CFAB0F5006F03461CD36C468AB0A0
:10EC2000D9F8041004AB26481A46C3E9050140F29E
:10EC3000FF71D9614FF400711984224B42F8103FE3
:10EC40004FF4125133462048FFF7BEFFA5462C373C
:10EC5000BD46BDE8F08FC0F30A0804F11700184460
:10EC600020F0070080083B60FFF766FE68F353253D
:10EC7000044690B13B6800F11001C7E9083607F17E
:10EC80001403F961CDE900A3CDF808B048460F4A56
:10EC9000F96807F11C03FFF7E9F968F353252A46E1
:10ECA00020467B68B96812F062FAD0E704F11700D9
:10ECB00020F007008008FFF73FFE0446EDE700BFA5
:10ECC000FB9703000400000194710300411103004D
:10ECD0002DE9F04F87B00446DDE9105ADDE91279DD
:10ECE000934698460391BFB13B46524610210020FF
:10ECF000CDF80090CDF81490FEF7E6FFB0F5006F68
:10ED000006460AD340F2FF730221174A174807B09C
:10ED1000BDE8F04F12F084BA3E4605F117003044CA
:10ED200020F007008008FFF707FE04F007040BF04F
:10ED3000070BE40044EA8B1444EA462444EA0554F1
:10ED4000054640B13FB13B4652463146CDF80090B2
:10ED50001030FEF7B9FF434622462846039907B014
:10ED6000BDE8F04F12F003BA3A9803009471030023
:10ED7000406820B1034BC01A40F3CF0070474FF0FA
:10ED8000FF307047DC7003000EB403B503AB53F8DB
:10ED9000042B01460448019301F0E4FF02B05DF842
:10EDA00004EB03B0704700BF83120300CA0605D40A
:10EDB0008B064CBF02490349FFF7E6BF704700BF0F
:10EDC00073980300729803002DE9F04F89B09B46B9
:10EDD000149B9DF84CA00693159B04460593169B27
:10EDE0000D469046179E0493BAF1000F00F09D80E7
:10EDF00006F48073079312F098F906F002090246B0
:10EE000000283ED020469149FFF7BEFF0746B9F1E2
:10EE1000000F08D016F0440F35D12A4620468C4901
:10EE2000FFF7B2FF074406F0010353B1894B2046B8
:10EE300053F82A20884B8949002A08BF1A46FFF751
:10EE4000A3FF06F48073002B49D006F00803002BC3
:10EE500063D1B8F1000F66D0424620468049FFF7E3
:10EE600093FF0546069B3D44002B6DD1049B002B70
:10EE700073D1F30700F1E48031462046FFF796FF97
:10EE8000D8E00746C3E7774B18680028CAD0764B0E
:10EE90004FF47A791B684FF03C0CB5FBF3F5B5FBEA
:10EEA000F0F14FF4616300FB115509FB05F5B1FB6F
:10EEB000F3F2B5FBF0FE03FB121100FB1E55B1FB94
:10EEC000FCF309FB05F5B5FBF0F50CFB131120462F
:10EED0000091CDE901E56549FFF756FFA2E706F08D
:10EEE0000803EBB1624B204653F82A206149FFF733
:10EEF0004BFF0546B8F1000F05D042462046584961
:10EF0000FFF742FF0544BBF1000FABD05A46204645
:10EF10005949FFF739FF0544A4E74FF0000BE1E73B
:10EF200006F00805E6E745469CE7BBF1010F069BA6
:10EF300006D1002B64D1049B002B7BD000250CE074
:10EF4000002BF8D04D485CE04D48069B22464D49C9
:10EF500011F0EFFC049B002B68D0DFF82C81DFF868
:10EF60002C91049F3146102F204628BF10274FF0C8
:10EF7000000BFFF71BFF5D4545DC059B494620461E
:10EF80001A78FFF701FF4FF0010B1BF0070F03D1B9
:10EF900041462046FFF7F8FE5F453BD9059B4946B1
:10EFA000204613F80B20FFF7EFFE0BF1010BBBF12E
:10EFB000100FEAD14FF0000B20463549FFF7E4FE71
:10EFC0005A46059B20469A5CA2F120015F2928BF82
:10EFD0002E223049FFF7D8FE0BF1010BBBF1100FC9
:10EFE0001DD01BF0070F03D141462046FFF7CCFE92
:10EFF0005F455A46E5D841462046FFF7C5FEEBE798
:10F000001F485546A1E741462046FFF7BDFE0BF1DC
:10F01000010BB0E720462049FFF7B6FEC5E7059B88
:10F020003B440593049BDB1B04939AD1BAF1000F78
:10F030007FF41FAF204609B0BDE8F04F12F014B9BD
:10F040002046054A0549FFF79FFE15E77A98030019
:10F050007E980300147803007598030031A603001E
:10F06000A3980300A05B00209C5B0020879803000E
:10F0700028780300A7980300AD980300B11203009D
:10F0800083120300650D0200BA980300B2980300D2
:10F09000BC980300BE980300B898030042F20F73B7
:10F0A00073B58B4228BF0B460568044605216846A8
:10F0B0000D4A10F061FF0646636828460B225B6824
:10F0C0000A4912F0C3F863683246694628465B680D
:10F0D00012F0BCF863681B2228465B68044912F0F2
:10F0E000B5F802B070BD00BFDEC30300DD980300B9
:10F0F000C198030000210123064A904206D8064A1F
:10F1000001B901231360054B1860704701214008C5
:10F110005B00F2E740420F009C5B0020A05B0020F8
:10F120000122014B1A707047DA880120014B002040
:10F1300019607047B85B00200148FFF7AFBF00BF00
:10F140005878030010B5064B0C461868FFF754FBBF
:10F150002146BDE8104003460F220248184700BF71
:10F16000B85B0020587803000122F8B5084B094D20
:10F17000094E1A70D5E900470CB92C60F8BD21463C
:10F1800030463A4600F01EF8241A0644F4E700BF61
:10F19000DB880120AC5B0020DC88012010B9074B24
:10F1A00018707047064B1B781BB141F2883014F081
:10F1B00075BF9D20002115F0E6BA00BFDA88012056
:10F1C000DB8801202DE9F04780460E460424DFF855
:10F1D00074901D4F99F80050A5B914F052FF3246B3
:10F1E0008246414628460CF0FDF90546504614F08B
:10F1F00050FFE5B101233B7099F8003073B93046F8
:10F20000BDE8F0873246414600200CF0EBF9054698
:10F21000EFE72046651EFFF7C1FF2C4600200CF0EB
:10F2200025FA0028EBD03B78002BF2D1E7E73B78BA
:10F23000002BE4D0013C2046FFF7B0FF3B78002BC9
:10F24000C8D1DCE7DB880120DA880120F8B50D465B
:10F250000446064F4618B44201D12846F8BD14F8BA
:10F26000011BBB6801485B689847F4E7A866030088
:10F27000014B0360002070479C78030008B50448E8
:10F2800011F0B1FB034811F0AEFB002008BD00BF38
:10F290003399030068990300034B1A6882420CBF3C
:10F2A00018460020704700BF4034002008B5FFF723
:10F2B000F3FF30B1BDE8084000F10801014815F046
:10F2C00009B908BD9033002008B5FFF7E5FF30B15C
:10F2D000BDE8084000F10801014815F0FBB808BD81
:10F2E0009033002010B5044602210748074A11F068
:10F2F0008EFF012384F89130A4F110010448BDE889
:10F30000104015F0E7B800BFDC71030096990300C8
:10F310009033002013B5044612B9022002B010BD8C
:10F32000002142F6164301AA08488DF80410ADF8F2
:10F33000063007F09FFA03220146204607F0C0FA84
:10F340000028EAD06FF0FC00E8E700BF9C780300DB
:10F3500013B5044612B9022002B010BD002142F6D6
:10F36000154301AA08488DF80410ADF8063007F0DF
:10F3700081FA03220146204607F0A2FA0028EAD0CB
:10F380006FF0FC00E8E700BF9C78030073B5064609
:10F39000FFF782FF0D4642F616430021044601AAFC
:10F3A0000C488DF80410ADF8063007F063FA0146FA
:10F3B00074B10322304607F083FA48B101230648AE
:10F3C000A4F8C05084F8C83004F1280115F082F880
:10F3D00002B070BD9C78030090330020F7B505465D
:10F3E000FFF75AFF0E460446D8B1002142F61643F5
:10F3F0006A461F488DF80010ADF8023007F03AFA5F
:10F4000003220146284607F05BFA014658B1012362
:10F41000A4F8BE6084F8C73004F12801154815F03F
:10F4200059F803B0F0BD42F615438DF8040001AA67
:10F430000F48ADF8063007F01DFA032201462846B2
:10F4400007F03EFA0028ECD094F8C670002FE8D1FF
:10F450003146284612F015F801236060A4F8C47004
:10F46000A4F8C27084F8C63004F10801D6E700BFE2
:10F470009C780300903300201FB504240294044CB0
:10F480000194BDF81840009413F0DDFC04B010BDE9
:10F4900068150020F8B51646022205461C4607F0FE
:10F4A0000FFAF0B12846FFF7F7FE054610B96FF0E6
:10F4B000FB00F8BD00F11807384614F0E9FF0028FA
:10F4C000F5D1052CF3D82246314605F1B80016F0E7
:10F4D00093FF3946044885F8BD4014F0FBFF2046F1
:10F4E000E7E76FF0FC00E4E79033002030B500243C
:10F4F0000B4D0C4B87B028460393CDE9044415F01F
:10F5000023F803AB4FF480622846074900930E238B
:10F510000CF08AFD054800F077FD204607B030BDAD
:10F5200090330020A5990300409101207814002019
:10F5300070B503788AB004460E4607AD032B20D879
:10F54000DFE803F002191B1D11492846FDF7BBFD3A
:10F55000059563781E210493A37830460393E378DE
:10F560000C4A02932379019363790093A37910F0F5
:10F5700003FD0AB070BD0849E7E70849E5E7084917
:10F58000E3E70A212846074A10F0F6FCE0E700BF4F
:10F59000ED9503000F960300F4950300FB9503001F
:10F5A0000596030073BA030070B588B00446ADF841
:10F5B000062022480A46002107F05CF90222014693
:10F5C0000546204607F07CF90646B8B12046FFF70D
:10F5D00063FE0DF106020023C0F8B0200222C0E94C
:10F5E0002A33C0F8A450C0F8A030A0F8B42000F12D
:10F5F000A001204607F07AFA08B070BD0122294622
:10F60000204607F05DF980B13146182202A816F0B5
:10F6100000FF0DF1060304930223204602A903957F
:10F62000ADF8143007F0A0FBE6E705480221054AD3
:10F6300011F0EDFD6FF01500DEE700BF9C780300D0
:10F64000DC710300B499030013B590F8A1300446AF
:10F6500053B150F8240C11F024FF002344F8243C4B
:10F66000A4F89C3084F8A13094F8A030BBB10023FA
:10F670008DF8043042F61943B4F8982054F8280C59
:10F6800001A9ADF80630FFF78FFF034620B1022134
:10F69000114A124811F0C4FD002384F8A03094F8F8
:10F6A0009F30BBB100238DF8043042F61843B4F804
:10F6B000962054F8280C01A9ADF80630FFF774FF26
:10F6C000034620B10221064A044811F0A9FD002397
:10F6D00084F89F3002B010BDE5990300DC7103008F
:10F6E000039A0300F7B5002542F61743044601AA22
:10F6F0000E46154829468DF80450ADF8063007F03F
:10F70000B9F8022207460146204607F0D9F898B119
:10F710002046FFF7C1FDC0E92257326800F1880199
:10F72000C0F89820B288C0E92455A0F89C20204653
:10F7300007F0DCF903B0F0BD04480221044A11F0DF
:10F7400066FD6FF01500F5E79C780300DC7103009F
:10F750001B9A030030B54FF400330D46044685B0C4
:10F76000022101A80293CDF804D0CDF80CD011F0FD
:10F77000B9FF294601A811F0B5FF204601A9FFF7FE
:10F78000B1FF034620B10221024A034811F048FDAF
:10F7900005B030BD3D9A0300DC710300F0B587B0C1
:10F7A00000F1A00190F8A520044603A811F07AFF0B
:10F7B00003A811F0D1FF94F8AE100546BDF8107003
:10F7C00019B1072154F8180C53E042F6154302AA68
:10F7D00049488DF80810ADF80A3007F04BF80322BD
:10F7E000014654F8180C07F06BF8064630B1434A4E
:10F7F0000221434811F00BFD0321E3E7042F3B46B0
:10F8000028BF04234DB1012D56D003212B463D4A7C
:10F810003B4811F005FD0221D4E7022F05D002215B
:10F82000394A374811F0FCFCE6E703A811F09CFFC9
:10F8300042F61643294601AA06462F488DF8045081
:10F84000ADF8063007F016F83A460546014654F87A
:10F85000180C07F035F840B90122294654F8180C65
:10F8600007F02EF808B9294AC2E754E906051DB188
:10F870000721FFF76FFF1DE0314611F0F9FD08B9D0
:10F8800008219FE7012154F8180CFFF763FF314668
:10F8900054F8180C11F0F5FD012344F8140CA4F8E9
:10F8A000AC501B48A4F8AA5084F8AE30A4F1100163
:10F8B00014F010FE07B0F0BD022FB0D103A811F074
:10F8C00053FF54F8143C002BDAD09B888342D7D1E5
:10F8D00004F1200015F061F854F8143C84F8B1608C
:10F8E0009D7354F8140C11F0DCFD294644F8146C97
:10F8F000A4F8AC6066E700BF9C7803005B9A030045
:10F90000DC710300E29A03009C9A0300AE9A0300A4
:10F91000903300202DE9F04790F8BE3004468CB0BB
:10F92000002B00F0B38050F8043C002B00F0AE80B8
:10F9300050F8080C13F0F6FA4FF00009904FA0F1C0
:10F940000508BB681FFA88F8384608F10101A7F8D6
:10F9500004903B6011F0B7FE054678B90121894A51
:10F96000894811F054FC6FF00B0502212B46874AA1
:10F9700085480CB0BDE8F04711F052BC23460DF1AC
:10F980000F0233F8BCAF0092411C424654F8040CFD
:10F9900011F099FD86B2002E71D0BAFA8AFA2B784E
:10F9A0004FEA5A1A6AF300032B709DF80F20DBB25E
:10F9B00062F341032B70B4F8BA20A8EB060162F39E
:10F9C00087032B70384611F09FFE42F615434946D7
:10F9D00005AA6F4854F8088CADF816308DF81490CD
:10F9E00006F048FF032201460546404606F068FF40
:10F9F000014650B942F616438DF8180006AA64482D
:10FA0000ADF81A3006F036FF054603222946404677
:10FA100006F056FF90B902215E4A5B4811F0F7FBF1
:10FA20006FF0150502212B465B4A574811F0F8FB91
:10FA3000B4F8BC309B1BA4F8BC3096E701222946E1
:10FA4000404606F03DFF814618B3182200210DEB19
:10FA5000020016F0DEFC3B6840460893BB8806A90E
:10FA6000ADF824304D4B07950A9307F07DF9054614
:10FA70000028D7D1B4F8BA300133A4F8BA309DF8D1
:10FA80000F300BBB2146464814F024FD0CB0BDE8F6
:10FA9000F08702222946404606F012FF0028BFD018
:10FAA0004046FFF7F9FB3B68C0E91C95C0F8803081
:10FAB000BB8800F17001A0F884303A4BC0E91E39D0
:10FAC000404607F013F8D2E70026204684F8BE60CF
:10FAD00014F02BFD42F61643314605AA2C48ADF82A
:10FAE00016308DF8146006F0C5FE0322014654F866
:10FAF000080C06F0E5FE054630B354E902534FF416
:10FB000040329F88314604AB06A8CDE9072306930F
:10FB100011F0E8FD394606A811F0ECFD284606A9CB
:10FB2000FFF7E0FD034620B102211F4A164811F0FD
:10FB300077FB0022002304F13000CDE900230023ED
:10FB40001A4A0DF06FF9A1E742F6154301468DF808
:10FB5000180006AA0E48ADF81A3006F08BFE0322F4
:10FB6000014654F8080C06F0ABFE00288ED054F87D
:10FB7000040C11F096FC44F8045CA4F8BC5085E732
:10FB80006C150020039B0300DC7103008A9B0300BB
:10FB90009C780300229B03005C9B0300C9F20100D8
:10FBA00090330020ADF201003D9A03005A6202003A
:10FBB00070B50646FFF770FB18B36FF077001FE0D3
:10FBC000D0222146284616F024FC304612F0BCF91B
:10FBD000034628460E4940F8083B14F050FC0D49F6
:10FBE00005F1180014F04BFC0B4905F1280014F046
:10FBF00046FC05F138002246084914F0C2FE2046B2
:10FC000070BD074D2C68002CDAD06FF00B00F7E7C1
:10FC100015F901009DF7010049F60100E5F2010028
:10FC20004034002010B5FFF737FB0446B8B1083068
:10FC300014F07BFC04F1180014F077FC04F12800A8
:10FC400014F073FC04F1380014F0A7FE00210448FE
:10FC50000CF02AFA206804F045F80023236010BD58
:10FC600090330020F0B50E4C0026254641F6145C7A
:10FC7000276887420DD1A7888F420AD1277B9742F8
:10FC800007D1677B9F4204D141F6145303FB065012
:10FC9000F0BD01360A2E6444EAD10020F8E700BF27
:10FCA000F45B002038B50D46144604F05FF93DB909
:10FCB000E278044B1A544FF0FF32034B43F82020F4
:10FCC00038BD00BFED880120F05B00202DE9F04138
:10FCD0000646002541F6145844F6B207064C236840
:10FCE000B34202D1204611F0ADFB05F24575BD428D
:10FCF0004444F4D1BDE8F081F45B002073B50546BF
:10FD0000CB88AA785E1CB0B212FA86F6B6B2B6F507
:10FD1000E85F0C4613D9086804F028F905464FF44B
:10FD2000E8530F4A0F4800930121334611F082FA3D
:10FD30000020A2880C4B43F8252002B070BD2A7821
:10FD40000B44DA74C8801330AA786968204416F02E
:10FD500053FBAB78E28801201344E380EDE700BF5A
:10FD6000AE9B0300DC710300F05B00202DE9F04F37
:10FD7000B1F804A00D46CAF30B090123002249463D
:10FD800085B00746FFF76EFF0446384604F0EEF8EC
:10FD90006B7ADFF850820F2BAB88064608BF48F815
:10FDA000203058F820209A4208D1002C00F0B6806C
:10FDB000204605B0BDE8F04F11F044BB4FF0FF33D3
:10FDC00048F82030002C59D14FF6FF72A346A446C4
:10FDD0002046854B854903921A68974218D11A7BB1
:10FDE000013080B2A2B15A7B92B99A8803F1080E11
:10FDF000DEE8AFEFBEF1000F0AD1A9EB020292B22A
:10FE0000624581BFB3F804C09B46CDF80CC0944650
:10FE10001CB91A68002A08BF1C4603F5E8531433BE
:10FE20009942D9D1092840D8384612F08DF84FF4BC
:10FE30008073A38100232060A4F80490A373E3805F
:10FE400004F10802D2E8EF1FC2E8E03F0028F9D130
:10FE5000237C84F80FA023F00F03CAF3032A43EA9C
:10FE60000A0323742A7862F307132374604B9B5DA3
:10FE7000637401236A7B9340013BA374E38803F11D
:10FE8000130208339BB2B3F5E85F04EB020AE38088
:10FE900047D94FF4E852012100925648564A11F0D2
:10FEA000C9F9A38848F8263082E7BBF1000F2CD0AF
:10FEB0009BF80E30E3B1584611F0C4FA384612F000
:10FEC00043F84FF48073ABF80C300023CBF80000FC
:10FED000ABF804908BF80E30ABF806300BF108024B
:10FEE000D2E8EF1FC2E8E03F0028F9D15C46AFE757
:10FEF000424B1C68002CDED054F8043C083C13B183
:10FF0000384603999847A468F4E7AB8803213C4A34
:10FF1000384811F085F9AB8848F8263005B0BDE8BF
:10FF2000F08F6B88A352EB88AAF802306A7A9AF8AD
:10FF3000043062F303038AF80430AA7A62F30713E9
:10FF40008AF80430EA7A9AF8053062F303038AF8F3
:10FF500005302A7B62F307138AF8053095F90830DB
:10FF60008AF80630AB7A0F2B20D100238AF80730AD
:10FF7000AB8858F826209A423FF41AAF48F20103A2
:10FF80009AF8042002F00F02D340DB07C6D5012304
:10FF9000A3811A4B1C68002CC0D054F8083C083CC4
:10FFA00013B1494638469847A468F4E7AB7B8AF812
:10FFB00007302B69002BDBD01846039311F0DCFBD4
:10FFC0008346039B22469B880E492869039309F0C8
:10FFD00015F82A69039B9168938011FA8BF11160DF
:10FFE000C6E700BFF05B0020F45B0020BC7E012070
:10FFF000ED880120DC710300AE9B0300E85B00206C
:020000040002F8
:10000000F09B0300FDFC010000238360054B00F121
:100010000802596811B9C3E9002270470A605A60A2
:10002000704700BFE85B002008B50348034A002181
:10003000121A11F06BFA08BD181B0020408E012027
:10004000074808B5074A0849121A11F061FABDE8D5
:1000500008400648064A0749121A11F059BA00BF6B
:1000600020110020141B002084C60300181100205A
:10007000201100207CC603002DE9F04706460C46FF
:1000800000AF002936D0D1E90012E9468AB06D46AA
:10009000A3684FF0050AA8461F48C5E90723C5E92C
:1000A000050148F810AF002342464FF421511B4888
:1000B000FEF78AFDD4E90312CD466369AD461848C0
:1000C000C5E90723C5E90501C5F810A0002342468C
:1000D0004FF421511148FEF777FDCD46E369012128
:1000E000104A0E4811F09CF8A36901210E4A0B48F2
:1000F00011F096F8012E07D1EFF305830B4A314634
:100100000648103B11F08CF8214630460BF0DEFA21
:10011000BD46BDE8F08700BF1B9C0300D4710300FF
:100120004A9C0300799C0300889C0300B69C030052
:1001300030BFFFF7FDBF00BF2DE9F04105460B4E74
:10014000DFF82C80324606EB0807CC1B2046094915
:1001500016F052F9A01942460021083C16F059F950
:10016000C5F8844007F10800BDE8F08100000000F8
:10017000040000001C720300054B5A699B689A42F8
:100180001FBF044A536843F080535360704700BF59
:100190009C81012000ED00E070B52A4C06460D461A
:1001A00029482A4911F0C1F9A36ADB0647D5264838
:1001B000274911F0BAF91120A36A1C0704D5224877
:1001C000244911F0B2F912201E4CA36A990712D5E6
:1001D00021491D4811F0A9F9636BA26A120609D5DD
:1001E00001211E4A184811F01BF81EB1A36A23F022
:1001F0008003A3621320134CA36ADE0704D51248C0
:10020000174911F092F91420A36A9C0604D50E48F0
:10021000144911F08AF915200A4B9A6AD10658BF81
:100220009A6A9A6A920642BF5A6A22F400525A6245
:100230009A6A42F0FF029A6200232B7070BD102070
:10024000BAE700BF00ED00E0D4710300C99C0300D1
:10025000DF9C0300129D0300259D03003D9D0300CC
:10026000539D0300729D030010B5244C244925487A
:1002700011F05BF9A36A99013ED52248224911F099
:1002800054F91E20A36ADA0104D51E481F4911F053
:100290004CF91F20194CA36ADB0204D519481C49EC
:1002A00011F043F90220A36A1C0304D5154819492B
:1002B00011F03BF92120114CA36A590304D51148D0
:1002C000154911F032F92220A36A9A0304D50D488A
:1002D000124911F02AF92320084CA36ADB0304D544
:1002E00008480F4911F021F92420A36A6FEA03435B
:1002F0006FEA1343A36210BD1D20C3E700ED00E0C9
:10030000A19D0300D4710300B99D0300CC9D03009F
:10031000E69D0300109E03002E9E0300539E0300E3
:100320006D9E030070B5294C06460D4628482949A4
:1003300011F0FBF8A36AD9043CD52548264911F0F1
:10034000F4F81720A36A1A0504D52148234911F0AF
:10035000ECF818201D4CA36A9B0512D51C482049B7
:1003600011F0E3F8A36BA26A100409D501211D4A1C
:10037000174810F055FF1EB1A36A23F40043A3628F
:100380001920124CA36A590504D51148164911F0D9
:10039000CCF81A20A36ADA050ED50D48134911F0DE
:1003A000C4F81B20094A936A43F47F4393620023F5
:1003B0002B7070BD1620C5E7A36A9B04F2D50448D4
:1003C0000B4911F0B2F81C20ECE700BF00ED00E093
:1003D000D4710300989E0300AE9E0300129D03009B
:1003E000BF9E0300D89E0300ED9E0300089F0300FC
:1003F000729D03002DE9F0418AB0654B0446D3F8A5
:100400000480002600AFC8F3080586F31188BFF307
:100410006F8F02F07F43B3F17F4F07D102F00C03DF
:10042000082B12D15B495C4811F07FF80026344656
:100430000023FB71EB1E092B00F28980DFE803F03B
:100440000A7F827B87878787878510074CBF0C468A
:100450000126EDE75149504811F067F800234C4D53
:10046000FB71EB6A9A0705D54D494B4811F05DF8D1
:10047000002331E0EB6A002B01DA4A49F5E7EB6A29
:100480005B00F5D54849444811F04FF86B69A26903
:1004900043F480736B61BFF34F8FBFF36F8F6B6952
:1004A00032F8022C23F480736B61BFF34F8FBFF3DC
:1004B0006F8F4DF602739A4207D0AB6ADBB26BB313
:1004C0000120F91DFFF768FE37E023680121374A54
:1004D000314810F0A5FE2368FA79DAB907F108056A
:1004E00004F1200C2A4620686168083403C2644580
:1004F0001546F7D17A6A002E45D0C2F3080121B91A
:100500006FEA52226FEA42227A62184607F1080126
:10051000FFF7B2FD2837BD46BDE8F081AB6A13F4A2
:100520007F4F04D00120F91DFFF7FCFE05E0AB6A08
:10053000B3F5803F9CD3FFF797FE0346CCE700203E
:10054000F91DBFE70020F91DEEE719498DE7194AAB
:1005500018F4F87FE8468AB0174B18BF13466A466E
:100560001649103DC2E905134FF400731384144B70
:10057000D56142F8103F00234FF411510648FEF7B1
:1005800023FBC54674E722F4FF7222F00102BBE7A9
:1005900000ED00E04E9F0300D4710300799F03003B
:1005A000909F0300B19F0300BF9F0300DE9F0300E5
:1005B000FA9F0300359F0300209F03001EA0030045
:1005C00004000001064B5A6942F010025A615A6950
:1005D00042F480625A615A6922F008025A617047F7
:1005E00000ED00E0EFF30880EFF3098101B57246FA
:1005F000FFF700FF01BD00BF002080F31488BFF3A8
:100600006F8F002080F30A8880F30B880F4880F3F7
:1006100008880AF0E3FA00200D490860BFF34F8F05
:1006200000F02CF8402080F311880A484FF4006154
:10063000401880F30988EFF314800221084380F307
:100640001488BFF36F8F00F0E5F8000070C9012037
:1006500094ED00E030B20120002318460649D1F89D
:100660009020C2F30722934200DB7047C1F8983014
:10067000C1F8A0000133F6E700ED00E010B572B656
:10068000002484F31388FFF7E7FF23464FF0FF3081
:100690000C4A03F120010133102B42F82100F8D15C
:1006A00000234FF0FF30074A03F160010133102BA4
:1006B00042F82100F8D162B6BFF34F8FBFF36F8FBE
:1006C00010BD00BF00E100E0084B9B6883420BD1E6
:1006D000EFF3058343B1064B5A6842F080525A60EB
:1006E0005A6A22F400425A620CF0B2B89C8101208E
:1006F00000ED00E016498A684FF030001044EFF337
:10070000098C80E8F01F402080F31288BFF36F8FC0
:10071000104F4FF000664A698A603E60D2F884004C
:100720000D4C2060D2F888000023C2F8883080F396
:10073000118802F1300090E8F01F8CF3098802F173
:10074000000004B510F0F9FEBDE804407047000059
:100750009C81012004ED00E0BC7E01201EF0040F0E
:100760000CBFEFF30880EFF30980816911F8021CD8
:100770000229FFD001B5724610F0CCFE01BD00BFCA
:1007800000B2002807DB01234109034A00F01F00E3
:10079000834042F82130704700E100E000B20028B9
:1007A0000CDB01220649430900F01F008240203380
:1007B00041F82320BFF34F8FBFF36F8F704700BF07
:1007C00000E100E0D30748BF002100B258BF02316A
:1007D0000028ACBF00F16040064A4FEA4113DBB28B
:1007E000ABBF00F5614000F00F0080F800331354F8
:1007F000704700BF14ED00E0044B054A23F07F036F
:100800009360BFF34F8FBFF36F8F704700000000FE
:1008100000ED00E008B5FFF7EFFF074AD2F8883097
:1008200023F47003C2F88830FFF7FEFBFFF708FCE3
:1008300000F046F80BF06AF800ED00E042F8203CCA
:10084000009B0B4942F81C3C019B21F0010142F83E
:10085000183C029B42F8081C42F8143C4FF080738D
:1008600042F8043C0023203A0265C0F88830704703
:1008700045E4010000B50D4B15469860D0F8842082
:100880000B4B0E461A60436F83F30B882C4686F39E
:1008900009880020034B98472046002100220023AE
:1008A000014C20474915030045E401009C810120CB
:1008B000BC7E01201022014B1A61704700ED00E060
:1008C0000023402040F20F1210B5044CE118013310
:1008D000934281F80003F9D110BD00BF00E100E0B0
:1008E00008B5EFF30583064A103B02EBC30152F84B
:1008F000330049688847BDE80840FFF73DBC00BFAA
:10090000E06603001FB5094C094A23460121094846
:1009100000F012F900230393074B0121E41A01A808
:100920000193029400F012F904B010BD00F002200F
:1009300000000020047A0300181B002010B50C7A78
:100940000B6804F01F0223F01F031A43CB686409ED
:1009500023F01F03054943EA440343F00103C1F8B0
:100960009800C1F89C20C1F8A03010BD00ED00E057
:1009700010B50A4BD3F89030C3F30723013B9842DC
:1009800008D901210346064A064810F049FC6FF0D9
:10099000150010BDFFF7D2FFFBE700BF00ED00E040
:1009A00035A00300B47103002DE9F04F89461446C9
:1009B00006464FF00008514D85B0C84527DAD6F8F5
:1009C00004A0BAF1000F44D0BAF11F0F17D91AF0E2
:1009D0001F0F14D1D6F800B01BF01F0F0FD15846CF
:1009E00010F0D5FD07460AEB0B00013810F0CFFDE3
:1009F000874210D06FF01507414A3B4601E043465D
:100A0000404A0121404810F00BFC6FF015042046CD
:100A100005B0BDE8F08F17F1160FEDD0BC42EBDD4D
:100A2000C5F89870D5F89C10C5F89870D5F8A03026
:100A300021F01F0143F01F0BD6E900321A449942FE
:100A400002F1FF3A1DD1D34507D13146F8B210F07B
:100A5000A7FD08F101080C36AFE73146C5F89870DC
:100A6000D5F89C3022F01F0203F01F031343C5F892
:100A70009C30E0B210F094FD10F1160FC5D0441C6C
:100A8000E7E7C5F89870D5F8A020013B23F01F03D5
:100A900002F01F021343D3453146E0B2C5F8A0303F
:100AA000E8D010F07DFD10F1160FAED0C5F89870AB
:100AB000D5F89C209DF808300BF1FF3B62F304034E
:100AC0008DF80830D5F8A0309DF808205B0863F356
:100AD00047128DF80820D6E900321344009323F022
:100AE0001F035B44A3EB0A03013023F01F03694695
:100AF000C0B20393FFF73CFFBEE700BF00ED00E08C
:100B00007EA003005BA00300B47103000522044B28
:100B1000C3F89420BFF34F8FBFF36F8F704700BFB0
:100B200000ED00E0BFF35F8F0022024BC3F894207A
:100B3000704700BF00ED00E010B5034C2278FFF7CE
:100B400033FF207010BD00BFEE8801202DE9F74F64
:100B5000294D8A4606464FF00008AB46274FD04540
:100B60001BDAD6F80490B9F1000F3FD0316808467F
:100B7000019110F00CFD0199044609EB01000138C8
:100B800010F005FD84424FF014021D4B08D002FB0B
:100B900008F36FF015024BF8032003B0BDE8F08FA7
:100BA00014F1160F2C60F8D01978A142F5DD02FB84
:100BB00008B0C7F89840C7F89840D7F89C4000F1B3
:100BC0000801007B64F304000871D7F8A0000C79D9
:100BD000400860F347140C71D7F89C1021F01F01F6
:100BE0006960D7F8A01021F01F01296108F1010800
:100BF00014350C36B3E700BFC07E012000ED00E0E5
:100C0000EE880120F0B55249524CD1F89030256859
:100C1000C3F307239D4287B000F296800020FFF7C0
:100C200081FF4D4BC1F8C030854216D14B4C01A815
:100C30002570FEF71DFB00250646494FAE4213D135
:100C4000002023784249D1F89020C2F30722934232
:100C500074DBFFF75BFF002043E0616801EB0011EC
:100C6000FFF76CFE0130DFE70199280101EB051366
:100C7000DA683A40B2F5800F42D007D8B2F5801F4B
:100C800015D0B2F5001F2ED00135D7E7B2F1006FB5
:100C900043D0B2F1805FF7D15A689B680958013B95
:100CA00022F01F00034423F01F03012032E05A68A2
:100CB0009B680958013B22F01F0003440120844631
:100CC00023F01F0340EA4C10CDE902218DF81000FB
:100CD00002A920780593FFF74BFE00282ADA6FF06F
:100CE000150007B0F0BD5A689B680958013B22F017
:100CF0001F0003444FF0020C012023F01F03E1E723
:100D00005A689B680958013B22F01F0003440620E3
:100D100023F01F034FF0000CD4E75A689B68095872
:100D2000013B22F01F0003444FF0030C012023F08D
:100D30001F03C7E7237801332370A5E7C1F8983074
:100D4000C1F8A00001337EE74FF0FF30C9E700BFD4
:100D500000ED00E0107A0300AAFF4400EE880120B5
:100D60000000F0FFF0B587B007460E46144600219C
:100D7000102268461D4615F04CFB02238DF8023008
:100D8000054B2A4621466846CDE9047601930FF0CB
:100D90001FF907B0F0BD00BFD915030008B5024820
:100DA0000FF0CAF8FEE700BFB0A0030008B5024B81
:100DB0001B689847002008BDD47E0120034B044ADD
:100DC0001860937843F0020393707047D47E01203B
:100DD0007815002008B505480FF005FE002383F3C1
:100DE0001188BFF36F8F0423184602DFB5A00300FC
:100DF00008B50649064821F00701C1F1005202F585
:100E00003C320FF03EFD002008BD00BF96FF0120E0
:100E1000D87E012070B541690446867A0A4D59B1E1
:100E2000437ADB0706D42C2303FB06535B6A1B685B
:100E30009B689847002363612C20214606FB0050E5
:100E4000BDE8704013F08ABAB41900202C22024B7E
:100E500002FB0030704700BFB41900202C21827AB9
:100E6000054B01FB02339A6A1B7F801A1B3323F068
:100E70000303B0FBF3F07047B419002038B52C24FD
:100E8000827A064B04FB02335B6AD3E901240C60CF
:100E90001568FFF7E3FF04FB005038BDB4190020CC
:100EA0002DE9F04385B00546684690461C460391FF
:100EB00013F021FDDDE90067EFF31189402383F38F
:100EC0001288BFF36F8F6B8B002B41D02A8B9A4215
:100ED00025D90022002328460AF09CFE0446F0B1E2
:100EE00089F31188BFF36F8F039B002B41D03246EB
:100EF0003B46684613F024FD2C21A27A254B204660
:100F000001FB02335B6A03A91B681D68DDE900234E
:100F1000A847606170BB2046FFF77CFF24E0698B27
:100F20004B1E6B8389F31188BFF36F8F2B7F2A8B46
:100F3000AC6A1B3323F00303521A02FB0344154B24
:100F4000154AEB1A9B105343A3722B7FE372CBE736
:100F500089F31188BFF36F8F2346424628460AF073
:100F600059FE04460028BFD10024204605B0BDE844
:100F7000F0836361012300252381039B294663825B
:100F8000E27A656004F1180015F043FA636925827E
:100F9000E360EAE7B4190020A38B2EBA70B52C25C4
:100FA0000C4C00B970BD037A4668002BFAD0013BA7
:100FB000DBB20372002BF5D1C3604360837A05FB7B
:100FC00003431B6A13B198473046EAE7FFF722FF55
:100FD000FAE700BFB419002008B5244A244B1A6070
:100FE00008F02AF94FF47A612248D0F82436C3F386
:100FF0000802C3F309434B4382F480721E498832CE
:1010000001FB02334FF4FA215B00B3FBF1F201FB69
:1010100012331A49B3F57A3F28BF0132C1F80429C7
:10102000D0F820364FF47A60C3F30802C3F30943C3
:10103000434342F21C5082F4807202F2172200FBFA
:1010400002334FF47A701B0AB3FBF0F200FB123349
:101050000020B3F5FA7F4FF0010328BF0132C1F839
:101060001C27C1F80009C1F8003608BD0020A107FF
:10107000A417002000C0FF00F82A008000001250D2
:1010800048B1054B054A1B68B3FBF2F35843044BC8
:1010900043F0010318477047A417002040420F0097
:1010A000C07703000E4B402928BF402170B51D4674
:1010B0000C4C4618B04203F1020304D1002305F89A
:1010C0001130074870BD02781209A25C03F8022CA7
:1010D00010F8012B02F00F02A25C03F8012CE9E7E3
:1010E0000D890120F3A0030030B503788BB00446CE
:1010F00007AD032B21D8DFE803F0021A1C1E1249AA
:101100002846FBF7E0FF059563781E210493A3783A
:101110000E4A0393E3780E4802932379019363798F
:101120000093A3790EF028FF09480BB030BD0949A0
:10113000E6E70949E4E70949E2E70A212846084ABF
:101140000EF01AFFDFE700BFED9503000F960300D6
:10115000EF880120F4950300FB950300059603003A
:1011600073BA030030B500240A4D0B4B87B02846F4
:101170000393CDE9044413F0E7F903AB2846009349
:1011800040F638020A2305490AF04EFF204607B010
:1011900030BD00BF103500200BA103004095012099
:1011A000014601480AF0BCBF103500200146014845
:1011B00013F090B910350020037830B5012B13D00F
:1011C000022B27D07BB90A46184B03F1100453F8C1
:1011D000045BA34242F8045BF9D11B781370438887
:1011E0004B731B0A8B7330BD0A46104B03F110047E
:1011F00053F8045BA34242F8045BF9D11B781370E7
:101200004368C3F307224B731B0CCB731B0A8A730F
:101210000B74E8E700F1100350F8042B984241F8F2
:10122000042BF9D103780B70DDE700BF14A1030094
:1012300010B510F049FB13F0E9F90B4C18B1D4E8E4
:10124000AF3F63B910BD0BF009FAD4E8AF3F1BB94B
:10125000BDE810400BF016BA0A209847F8E70A20BC
:10126000BDE81040184700BFE47E012038B50446B1
:10127000084810F0C2F9054648B1631EDBB21F2BC7
:1012800096BF054A0021D15C0C3010F02BFA28469D
:1012900038BD00BF901A002025A10300034BD3E8FE
:1012A000EF2FC3E8E10F0029F9D17047E47E012058
:1012B0000F2810B50CD80D280CD90A4810F09DF94C
:1012C000044618B104210C3010F00CFA204610BD71
:1012D0001328F2D009B10448F0E70220BDE810401D
:1012E000FFF7C4BFE81A00200C1A0020C3680221CF
:1012F0001B78024A024810F06FBB00BF54A10300E4
:101300002C71030070B5C6683378B6F8014083B914
:101310000F21204602F004FEF378054650B90A4A30
:10132000118831B96FEA04506FEA10501080074AF3
:10133000137070BD0373012102F010FD2846BDE853
:10134000704002F0CFBC00BFB88801208E89012018
:1013500070B5C3681D78BDB9B3F801600F21304680
:1013600002F0DEFD044638B93346BDE87040012185
:10137000064A074810F030BB294602F0EFFC204631
:10138000BDE8704002F0AEBC70BD00BF7CA10300A0
:101390002C71030010B5C3680121B3F80140204649
:1013A00002F0BEFD38B92346BDE810400121044AD1
:1013B000044810F011BBBDE8104002F093BC00BF20
:1013C000A2A103002C71030010B5C36801211C8881
:1013D000204602F0A5FD38B92346BDE810400121A2
:1013E000034A044810F0F8BABDE8104002F07ABC95
:1013F000A2A103002C71030037B508210C3010F0B6
:10140000A3F901210446B0F8010002F089FD054668
:1014100048B90121B4F80130104A114803B0BDE8C1
:10142000304010F0D9BAE3788DF8003023798DF888
:10143000013063798DF80230A3798DF80330E379B8
:101440008DF8043002AB13E9060003F0E5F82846F6
:1014500003B0BDE8304002F045BC00BFC6A10300A8
:101460002C710300012110B50C3010F06DF9BDE8AE
:10147000104003780121024A024810F0ADBA00BFC3
:10148000FBA103002C710300014610B5084810F0C1
:10149000B8F80849084813F01DF8031E06DABDE83D
:1014A00010400121054A064810F096BA10BD00BF51
:1014B0008413002088160020703600201DA203002F
:1014C0002C71030073B5C5680121B5F80160304681
:1014D00002F026FD044640B9334601212D4A2E482C
:1014E00002B0BDE8704010F077BA2B781A2B19D1F2
:1014F000C378012B4AD14FF48041043010F06EFACA
:1015000043040FD4D4F88C3069460093D4F8943057
:101510002046019303F046FC204602B0BDE870402F
:1015200002F0E0BB2B788BBB40F2E242B5F803300F
:101530001A495343C4F88830B5F80520A4F8902020
:10154000B5F80720A4F89220A3F5EA520C3A8A4293
:1015500004D90221124A104810F03EFAB4F8903033
:10156000B3F5FA7F04D302210E4A0B4810F034FA87
:1015700040F67641B4F89230A3F10A0292B28A4260
:1015800004D90221084A044810F026FA204602F045
:10159000C3FEC1E7A2A103002C71030095F03C003B
:1015A0003AA2030061A2030088A2030010B5002440
:1015B00086B003AB00934FF462724FF0FF330549DE
:1015C0000548CDE9034405940AF02EFD204606B0F7
:1015D00010BD00BF789D0120C035002010B5084C1B
:1015E0000146062294F86F0002F0F4FF38B994F82F
:1015F0006F000522BDE81040024902F0EBBF10BDAC
:1016000038120020D9A003000121024A024810F03C
:10161000E1B900BFB4A203002C7103000B46B0B5C2
:101620000D8A00AF04462946D868FFF73BFD8AB013
:101630006A46094BC2E90750C2E9053440F2024349
:101640009384064B4FF43251054842F8103F10F096
:10165000D0F9BD46B0BD00BFCEA203000500000119
:101660002C71030070B5C5680121B5F801603046E2
:1016700002F056FC044638B93346BDE870400121FB
:101680000B4A0C4810F0A8B92B783BB9D5F80330B9
:10169000C0F89830D5F80730C0F89C30201D4FF4C2
:1016A000803110F09BF92046BDE8704002F01ABB73
:1016B000A2A103002C710300054BD3E8AF2F02F069
:1016C0000B02D3E8EF1FC3E8E02F0028F9D17047E1
:1016D0000C130020B0B53C28044600AF1AD101F02D
:1016E000ABFD6FF48071103010F086F90020FFF729
:1016F00075FF054630B90121114A124810F06AF908
:10170000BD46B0BD0473002102F028FB284602F05C
:10171000E9FAF5E76D468AB06A460B4B4FF4125171
:10172000C2E90530094B0748D36140F20133138405
:10173000074B42F8103F10F05CF9AD46E0E700BF00
:10174000F0A203002C71030011A30300749803009E
:10175000040000012DE9F04F83B00123D0F80C8084
:10176000018A98F8004000AF03EB84038B425ED9F6
:101770006D468AB06A46C2E9073105232E484FF408
:101780002151C2E905042D4842F8103F10F031F90B
:10179000AD460C37BD46BDE8F08F4B460121284AC7
:1017A000264810F019F9013598F800309D42F0DA1A
:1017B00008EB8503B3F801900F214846B3F80360A6
:1017C00002F0AEFB04460028E7D000F1BC0936B1B8
:1017D000636943B95A460121184810F0FBF82046C6
:1017E00002F080FADFE7A1691A688B422046626145
:1017F00008BFA2617B6002F09DF90AF03DFA7B68A8
:10180000C3F800A0226A7AB9C4E90733D9E8EF3FE8
:10181000013BC9E8E23F002AF8D100212046013E01
:1018200002F094F9B6B2D2E713602362EEE7002526
:10183000DFF810B0AA46B7E72DA303002C71030010
:1018400058A3030074A3030037B50446084602EB0F
:10185000C3039A4202D16FF05E0010E0114611F806
:10186000085BA54211D1038A5178994209D90848E9
:101870000121084A00940FF0DDFC6FF0150003B061
:1018800030BD536898470020F9E70A46E1E700BFFA
:101890002C7103008BA303002DE9F8430C460AF0DA
:1018A000DDFEE168238A0A78022A71D0042A0BD06F
:1018B000134601213B4A3C4810F08EF82046FFF7C2
:1018C0006DFB6FF015040AE0022B0DD8374A36483D
:1018D000012110F081F82046FFF760FB00240AF098
:1018E000D1FE2046BDE8F88348783E280AD1032B74
:1018F00001D12F4AEBE7CB78012B01D00A2B47D13E
:10190000032604E010F054F80646F0073ED504F133
:101910000C0528460FF030FF012107462846B4F891
:1019200010900FF009FF022128460FF00DFF8046AE
:1019300000783E2816D1E3681B78012B2CD00A2BA7
:101940002AD0022541F27B131A4A1B491B480FF08B
:1019500057F8002383F31188BFF36F8F03231846D2
:1019600002DF04E010F024F8C1070546EAD5144A66
:101970000623214698F8000010F073F8AA070DD549
:101980006369A4F8109013FA87F7E760B307A5D549
:101990002046FFF779FDA1E70325E8E72046FFF79A
:1019A000FDFAF3E753A403002C710300ADA3030079
:1019B000C9A30300E9A303001DA4030036A4030088
:1019C000C07A030010B5012104460C300FF0BCFEB4
:1019D0002146BDE810400223014A007810F041B8CA
:1019E000F07A030073B53E480FF020FE044600284D
:1019F00073D000F10C0528460FF0AEFE0228034616
:101A000003D0042847D0374A03E0238A032B05D8A4
:101A1000354A012135480FF0DFFF13E00421284645
:101A20000FF092FEFF23428806882376238AC6F3AE
:101A30000B009A42608309D0012100922B482C4A66
:101A40000FF0F8FB2046FFF7A9FA12E00F2102F091
:101A500067FA054610B9638B264ADAE702F086FA80
:101A600021462076320B284602F0C2F8284602F0C2
:101A700039F9214BD3F84C317BB32049204812F07F
:101A800029FD031E29DA01211E4A184802B0BDE8CB
:101A900070400FF0A1BF284602210FF055FE054609
:101AA00000783E2812D00FF083FF10F002060DD10F
:101AB00040F6B243144A154915480EF0A1FF86F3CB
:101AC0001188BFF36F8F0323184602DF06232146D8
:101AD000104A28780FF0C5FFB4E702B070BD00BF10
:101AE00084130020FCA4030067A403002C710300EE
:101AF00088A40300ACA4030038120020881600203C
:101B0000703600201DA20300E9A30300CEA4030049
:101B100036A40300007B030010B5012104460C30FD
:101B20000FF012FE2146BDE810401123014A007853
:101B30000FF097BF307B0300F8B50121044600AFDA
:101B40000C300FF001FE0678002321463046104A83
:101B5000FFF77AFE5F3018D1258AE0682946FFF743
:101B6000A1FA6C468AB06A460A4BC2E90750C2E93C
:101B7000053640F202439384074B4FF43251074835
:101B800042F8103F0FF035FFA546BD46F8BD00BF37
:101B9000B87B030010A50300050000012C710300B1
:101BA0002DE9F74F0023804689461746DFF804A148
:101BB000DAE8EF4FCAE8E23F002AF9D1264644B9F5
:101BC000434601213C4A3D4803B0BDE8F04F0FF0C9
:101BD00003BF2046FFF742F94FF00C0B384D0BFBCB
:101BE0000050438843451BD02046FFF737F90BFBD5
:101BF0000050438801210093324A43462F480FF09A
:101C000019FBDAE8EF3FCAE8E26F002AF9D1002BAE
:101C10004DD01E46304603B0BDE8F04FFFF7BEB9C9
:101C2000A74208D020460FF0E3FC3A8AF96804F195
:101C30000C000FF04EFD2046FFF710F90C2707FBB4
:101C400000504368ABB1B9F1000F12D12046FFF745
:101C500005F9012107FB00504268D2E90003127A1E
:101C600003F01F07B9405B09DAB100EB83000FF006
:101C7000B5FE2046FFF7F2F80C2707FB00508368FB
:101C8000002BC7D02046FFF7E9F8784305F800900D
:101C90002046FFF7E3F807FB0055A86809F0ECFFC2
:101CA000B8E7C94300EB83000FF0A6FEE1E703B0FD
:101CB000BDE8F08F8013002042A503002C710300C3
:101CC000E87E01206AA5030010B5C1E900239DF854
:101CD00008300C460B72FFF7C1F80C22024B02FBD6
:101CE00000335C6010BD00BFE87E0120F8B50246FD
:101CF0000B4610480FF081FC0446C0B104210C30A3
:101D00000FF0D6FC2046FFF7A9F80C2700260A4D55
:101D100007FB005046802046FFF7A0F807FB005065
:101D200086602046FFF79AF807FB00556E60204654
:101D3000F8BD00BF641A0020E87E012029289ABF60
:101D4000014B185C09207047B4A9030070B5C36843
:101D50000F21B3F801601D78304602F0E1F8044627
:101D600038B93346BDE870400121174A17480FF0D3
:101D700033BE65B12846FFF7E1FF294602462046FB
:101D800002F082FB2046BDE8704001F0ABBF8678D0
:101D9000012EEFD106F026FB20460FF0F1FD0028C2
:101DA000E8D10520FFF7CAFF05210246204602F0D0
:101DB0006BFB3146064A05480FF00CFE0521204614
:101DC00010F0D6F8DEE700BF7CA103002C71030001
:101DD0009DA503002DE9F041C6680F21B6F80170FA
:101DE0003578384602F09CF8044638B93B46BDE8E1
:101DF000F04101211F4A20480FF0EEBD45B12846B1
:101E0000FFF79CFF29460246204602F03DFB08E012
:101E1000F278C37A934209D10221184A16480FF08A
:101E2000DBFD2046BDE8F04101F05CBF8378C27263
:101E3000012B05D00020FFF781FF00210246E3E7D8
:101E40000AB106F0CFFA20460FF09AFD0028F1D132
:101E50000520FFF773FF05210246204602F014FB20
:101E60000121074A04480FF0B5FD0521204610F076
:101E70007FF8D6E77CA103002C710300C3A5030003
:101E80009DA5030010B5044692B04422064901A85E
:101E900014F0B2FA102C9DBF12AB03EB840454F87B
:101EA000440C024812B010BD34720300F2A50300C6
:101EB000034B0146D3F86C0182689268104700BF5B
:101EC000381200202DE9F84F042100AF45480FF0EB
:101ED00085FD6D4688B06A46434B4FF4E651536129
:101EE000424B434893614FF400739383414B424C00
:101EF00042F8103F0FF07DFDAD46E2793F4B404E7A
:101F00002046012A88BF1E46FFF7EEF88AB06A46CF
:101F10003C4BD061C2E905363B4B4FF42351136271
:101F20003A4B334842F8103F0FF063FDA346AD46ED
:101F30000125374EDFF8DC80DFF8B490E3790BF150
:101F4000070B9D4238DB94F870506E462846FFF729
:101F500099FF8CB06A46B4F87210B4F87630C2E9D2
:101F600007514FF400755362DFF8ACC02B4BC2E948
:101F700005C015854FF4535142F8103F1C480FF02F
:101F800038FDB54694F871603046FFF77BFF8AB0A4
:101F90006A46B4F874302249C2E90763214BC2E9AA
:101FA000051095844FF43351114842F8103F0FF05B
:101FB00020FDBD46BDE8F88F5846FFF795F8EA4684
:101FC0008AB06A4640F20133C2E90565D0611384E4
:101FD0004FF41351484642F8108F0FF00AFD0135B7
:101FE000D546ABE70C130020FEA5030010A60300A6
:101FF0002C7103000300000138120020FAA5030031
:102000007498030014A603000002010304000002F8
:1020100023A603000400000134A60300060000010B
:1020200072A60300050000010048704711970300E5
:102030000149024812F04EBA78160020C03500203F
:1020400070B505460C4659B94FF0FF304FF0FF31DF
:10205000FFF74CFE044618B96FF06805284670BDBE
:102060002046FEF7FBFE0C22184BA61802FB00339D
:1020700030465D800FF080FB03280BD903213046EA
:102080000FF049FB0580238A0121033B8370304612
:102090000FF049FB40F635439D420FD12046FFF734
:1020A00007FF05460028D9D003460121084A094800
:1020B0000FF092FC2046FEF771FFCFE7214606485D
:1020C00012F041F90025FFF7B3FFC7E7E87E0120D2
:1020D00099A603002C7103008C1300202DE9F04712
:1020E00086B0804691460C4600AF71B94FF0FF3084
:1020F0004FF0FF31FFF7FAFD044660B96FF0680555
:1021000028461837BD46BDE8F087887AFEF79EFE60
:102110003B4B83426DD101220021384612F02CF94D
:102120002046FEF79BFE0C23DFF8D8A003FB00A09F
:10213000876020460FF090FA01464046FFF780FF87
:10214000054618B12046FEF729FFD9E70023384697
:102150002D4A09F0CBFD064690B14FF4FD732B4A92
:102160002B492C480EF04CFC324641462A480EF0D2
:1021700047FC85F31188BFF36F8F0323184602DFF6
:102180002046FEF76BFE0C2358431AF8006056B346
:102190006D468AB06A46214BD661C2E90538204BAC
:1021A0004FF43251136240F2024393841D4B1E4898
:1021B00042F8103F0FF01DFC2046AD46093EFEF7E9
:1021C000EDFE092E0CD8DFE806F0050B0B08170B07
:1021D0000B0B0B146FF06E0592E76FF00C058FE799
:1021E0006FF004058CE7B9F1000FABD0C9F80040DF
:1021F00086E76FF0150583E76FF00B0580E700BFFA
:10220000641A0020E87E0120B4C40400E9A303009E
:10221000BBA6030036A40300C4A6030009A703005D
:1022200074980300050000012C71030073B5064685
:102230000D4642F22F00002101AAFFF74FFF04468E
:1022400038B10121144A15480FF0C4FB204602B0F2
:1022500070BD0198C368B3F801203280B3F8033031
:102260002B80FEF79BFE3388A3F11B02E02A04D9E2
:1022700002210B4A09480FF0AFFB44F248112B88AA
:10228000A3F5A47292B28A42E0D90221054A03481A
:102290000FF0A2FBDAE700BF28A703002C710300B0
:1022A00048A703006DA703002DE9F04784B000267E
:1022B00005465A4BB0F80190198849F47042914292
:1022C00004BF1E80564B00AF08BF1E7800F09AFC7A
:1022D000EB7805F10408012B08BF524B404614BFB0
:1022E000002493F86F400FF0EBFA414668B34FF0CB
:1022F000010A07F108000FF0D8FAD5F81130C7F835
:102300000130B5F81530A7F80530EB78012B31D046
:102310004046FEF7E9FE6C4688B06A46424B4FF4F1
:10232000E251C2E905304FF4007393833F4B4048BC
:1023300042F8103F0FF05DFB1321A54648460FF011
:10234000CCFB1037BD46BDE8F08720460FF00AFDF4
:102350000346006895F804A0B8609A889B7968687D
:10236000BA81BB73B8F8042098F806303860BA8098
:10237000BB71CAE707F10800FFF730F904460028EF
:10238000C6D00346B5F8012023F8702BBA7BB86895
:10239000B98920679A7140F2E2429980B5F8173006
:1023A00053430022C4F88830B5F81930A4F89030AF
:1023B000B5F81B30A4F89230EB782273012BE37050
:1023C0001AD187F800A0BA88BB793868A4F87B20B6
:1023D00084F87D30C4F8770000F02EFF237A11498D
:1023E000C3EBC3035A18CB58C4F87E309388A4F8C3
:1023F0008230937984F884300721204601F0AEFCC6
:1024000026B101212046267301F0A8FC204601F0E8
:10241000E9FD204601F066FC93E700BFB888012083
:102420008E8901203812002090A7030003000001CC
:102430002C71030000B5C36889B0187820B109B0C9
:102440005DF804EBFFF746B9B3F801208DF8000002
:10245000ADF80120DA788DF80320B3F80B20ADF841
:102460001720B3F80D20ADF81920B3F80F20ADF800
:102470001B205A7C8DF81D20586801901A899B7A80
:10248000ADF808208DF80A30084B68461A689B881A
:10249000CDF80B20ADF80F30CDF81120ADF8153088
:1024A000FFF702FF09B05DF804FB00BFEDA00300D9
:1024B00010B5FAF791FF034B1B6813B1BDE810404C
:1024C000184710BD0C7F012073B52A4D0646D5F87C
:1024D0006C0111F0FFFD48B90121274A27480FF090
:1024E00079FA6FF01204204602B070BD6FF002015D
:1024F00005F1D4000FF080FA01210FF06FFA10EA15
:10250000010434D11E4B1E600A4605F5987011F087
:1025100033FF05F5AA7011F00AFF1A4812F014F8FB
:102520006FF007034FF4486217491648009409F00A
:102530007BFD1649134812F06FF8D5F86C01144969
:1025400083681B689847044630B103460121114A4D
:102550000A480FF041FAC6E726B902B0BDE870405C
:10256000FAF73ABF05F1C40009F058FDBBE76FF078
:102570007704B8E7381200200DA903002C7103007E
:102580000C7F01207036002000A1012025A9030046
:10259000991802002EA90300F0B5C56801212F8803
:1025A00087B0BCB2204601F0BBFC064640B92346CA
:1025B0000121274A274807B0BDE8F0400FF00CBAC8
:1025C00002ACD5F80220D5F8063001946989009153
:1025D00010F068FE48B34FF0FF304FF0FF31FFF7C7
:1025E00085FB054648B901211B4A1A480FF0F2F94C
:1025F000304601F077FB07B0F0BD12210C300FF030
:1026000062F80346224623F8027B06AF144603CC49
:10261000BC4218605960224603F10803F6D12946EE
:1026200042F21A00FFF70CFDE2E74FF0FF304FF0E7
:10263000FF31FFF75BFB04460028D4D002210C30A9
:102640000FF041F82146078042F21B00EAE700BF85
:10265000A2A103002C7103004AA9030073B5C3684B
:10266000D9789A781E8842EA0122ADF8002059797B
:102670001A79B4B242EA0122ADF80220D9799A79E6
:10268000204642EA0122ADF804201A7A5B7A012141
:1026900042EA0323ADF8063001F042FC054658B982
:1026A00001211D4823461D4A0FF096F902212046BC
:1026B0000FF071FA02B070BD694601F079FE38B9C9
:1026C0001E2120460FF067FA284601F00BFBF1E7C8
:1026D0004FF0FF304FF0FF31FFF708FB04460028B2
:1026E000F2D00E210C300EF0EEFF00230680C0F871
:1026F0000A30BDF8003021464380BDF802308380A7
:10270000BDF80430C380BDF80630038142F22000DA
:10271000FFF796FCD8E700BF2C710300A2A10300CD
:1027200038B5042104460C300FF00EF803464088FB
:102730005D7818B122461978FFF732FA35B10448AE
:1027400009F09AFABDE83840FFF772BC38BD00BF07
:1027500068130020B0B50446032100AF0C300EF022
:10276000F3FFE3680578197840F63543B0F80100C7
:10277000984215D16C468AB06A460F4B0F48C2E9A1
:1027800005310F4B4FF41251D36140F201331384E2
:102790000C4B42F8103F0FF02CF9A546BD46B0BDDA
:1027A00010B12246FFF7FCF9002DF7D0064809F0DA
:1027B00063FAFFF73DFCF1E761A903002C71030008
:1027C00074980300040000016813002038B509F074
:1027D00045FF2F4DD5F85431002B56D00022002351
:1027E00005F5987009F082FA00284ED100220023E6
:1027F00005F5AA7009F00EFA044668B940F6C2431E
:10280000244A254925480EF0FBF884F31188BFF3CC
:102810006F8F0323184602DFD5F848315BB10121E1
:102820001F4A20480FF0D6F8D5F84801FEF7B6FB4E
:102830000023C5F8483120460EF00EFFC5F84801C8
:102840002046FFF735FB0346C8B10121164A15485B
:102850000FF0C2F8154809F00FFA2046FEF7FEFA0D
:102860000C22134B02FB0033588818B122461F215B
:10287000FFF796F92046FEF791FBFFF7D9FBFFF72C
:10288000D7FBBDE8384009F0FDBE01F0BBFBF8E71F
:1028900038120020E9A3030048A1030036A4030076
:1028A00099A903002C71030099A603006813002066
:1028B000E87E0120F8B506460024094DEF79E3B221
:1028C0009F4202D86FF0010007E0294630460FF022
:1028D0007EF90735631C08B12046F8BD1C46EEE7BB
:1028E0003812002037B504460D4671B1284612490A
:1028F0000FF06DF948B929461048C4EBC4042044D0
:102900000FF06FF9002003B030BD68460EF0BFFF36
:102910000028F8D16846FFF7CDFF0028F5DA074B0D
:10292000C4EBC400694618440FF05BF9002DE9D0F0
:1029300001462846E4E700BFE0A00300381200206B
:1029400070B51A4E06223146054613F06AFD38B3BB
:102950004FF0FF304FF0FF31FFF7C8F9044608B3DE
:10296000062229460C300EF0B4FE2146002242F227
:102970000500FFF7B3FB044648B110F10D0F04D179
:1029800002210B4A0B480FF02AF9204670BD33464E
:102990002A6843F86929AA88B280012283F868204E
:1029A0000024F2E76FF06804EFE700BFA1120020F7
:1029B000FFAA030034710300064BD3E8EFCF4CF4B9
:1029C000806CC3E8E2CF002AF7D1037A1943017281
:1029D000704700BF0C130020F7B500210446022207
:1029E000084601F0F7FD064648B120460121FFF7F1
:1029F000E3FF304603B0BDE8F04001F073B93B4D52
:102A000001463B4800F012FC95F823317BB130467B
:102A10000FF02EF958B10221364A37480FF0DFF88F
:102A20000021364803B0BDE8F04000F0FFBB95F848
:102A3000232195F822319A4218D10221304A2E489A
:102A40000FF0CDF8002242F229001146FFF746FBB5
:102A500010B101212B4AE0E795F82331013385F8C5
:102A60002331237A43F004032372D9E72246671CFB
:102A7000394612F82E0B0FF0BEF8064610B1224A66
:102A800001210EE095F82331013385F82331237AB3
:102A900043F00403237295F8A7305B0708D40221A2
:102AA0001A4A15480FF09BF801200FF0E1F8B7E73C
:102AB000394668460FF095F801234FF0FF304FF08C
:102AC000FF318DF80730FFF711F9044660B1082295
:102AD00069460C300EF0FDFD3246214642F24E00B2
:102AE000FFF7FCFA0028DFD0094AC9E738120020B6
:102AF000351D03000EAB030034710300A31C03005B
:102B000033AB030064AB030084AB0300A4AB03004E
:102B1000CEAB030000212DE9F04102220446084615
:102B200001F058FD054640B120460221FFF744FF61
:102B30002846BDE8F04101F0D5B801462A4800F02A
:102B400075FB28460FF094F8284D064688B1012100
:102B50000346274A27480EF063FB95F8233113B14B
:102B600001200FF085F8BDE8F0410021224800F077
:102B70005DBB95F8233195F822219A420CD2013B96
:102B800085F82331237A024623F0040302201B49EF
:102B9000237205F005FDE0E74FF0FF304FF0FF3105
:102BA000FFF7A4F804F10108074668B107210C30CB
:102BB0000EF089FD41460FF014F83246394642F2D4
:102BC0002800FFF78BFA28B101210D4A09480FF0C0
:102BD00006F8C2E795F82331013B85F82331237AC3
:102BE00023F004032372B8E7351D030038120020D8
:102BF000E9AB030034710300A31C03005B1C03005A
:102C000016AC0300084BD3E8EF2F22F48061C3E831
:102C1000E01F0028F7D1530504D500220220034904
:102C200005F0BEBC704700BF0C130020C31D03009D
:102C30001FB500230190CDE9023302208DF80C105E
:102C400001AA034905F0ACFC029805B05DF804FB4D
:102C50000B1D0300034610B470B10A4991F82241DC
:102C600091F823210CB1944208D2013281F823213A
:102C70001A7A42F004021A7210BC704710BCFFF7B7
:102C8000ABBE00BF38120020034610B498B10B4C05
:102C900094F8221194F8232129B101318A4203DCEE
:102CA00010BCFFF737BF12B1013A84F823211A7A1A
:102CB00022F004021A7210BC704700BF38120020C4
:102CC00070B5044611BB20B325490EF080FF00BB50
:102CD0002046FFF7EFFD00283BDA237853B921485F
:102CE000C279002A35D121460EF07BFF0123C37142
:102CF000104670BD012B04D1A37903F0C003C02B93
:102D000007D00121184A19480EF069FF6FF015002D
:102D1000EFE7144DEB79012B1ED005F1D4000EF036
:102D200067FFC30707D4002CF0D020460C490EF0F3
:102D30004EFF0028EAD1EE792146731C3046EB7134
:102D4000FFF7D0FD08B93046D3E7EB79013BEB71D3
:102D5000CFE76FF07700CCE76FF00B00C9E700BF5B
:102D6000E0A00300381200203BAC030034710300E4
:102D70002DE9F341044640B91A4A02211A480EF0DF
:102D80002EFF002002B0BDE8F081002141F20900D1
:102D900001AAFFF7A3F9054608B1144AEDE7019E21
:102DA0000622D6F80C80124908F10107384613F0C4
:102DB00038FB28B1062238460E4913F032FB18B909
:102DC0003046FEF7EBF8DCE7D8F801303046C4F8BF
:102DD0000130BB882570A4F80530FEF7DFF801202C
:102DE000D0E700BF69AC03003471030082AC03007C
:102DF000EDA00300E7A0030007B56846FFF7B8FFA2
:102E0000044BD87118B169460020FFF76BFD03B081
:102E10005DF804FB38120020F0B5304D89B0EC7934
:102E2000002C53D195F8C26016F0010610D12C4A3F
:102E300002212C480EF0D3FEEC7116260024012747
:102E4000EB79E0B298422CD3002B3FD000203BE03E
:102E50006A4621464FF60940FFF740F908B1224A79
:102E6000E6E7DDF800C0DCF80C104B7823B96046CB
:102E7000FEF794F81D4ADBE78B1C02AA01F112044D
:102E8000174618685968083303C7A3423A46F7D172
:102E90001868344638609B886046BB80FEF77EF831
:102EA000CAE708AB06FB003353F8182C33F8143C80
:102EB0006946CDF80120ADF805308DF80070FFF7B8
:102EC00011FD01340028BBD009B0F0BD0021084637
:102ED00009B0BDE8F040FFF7F3BE00BF3812002094
:102EE000A0AC030034710300CCAC0300ECAC0300D5
:102EF0002DE9F0410D4617461C46064650B14BB130
:102F00000A03037811D56D0708D501212D4A2E48F3
:102F10000EF065FE6FF01500BDE8F0810EF036FF93
:102F20000028F9D101232370F6E7A9072ED02748FE
:102F30000FB1AA0608D4C3EBC302825C012A13D0E6
:102F400002B922700020E7E790F8D820510635D565
:102F5000C3EBC302825C012A06D002B92270237837
:102F600043F002032370EDE74FF00108072111FB46
:102F70000381014430460EF001FF0028CCD184F8D3
:102F80000080002FDED0AB06DCD5E8E76A0712D55B
:102F90000E49C3EBC3028E5C012E09D1072212FB3E
:102FA000036319440EF0EAFE0028B5D12670EAE763
:102FB000002EE8D1FAE70EF0E9FEB3E76FF08500E6
:102FC000AAE700BF15AD03003471030038120020DA
:102FD00038B5104DEB7913B10024204638BDFFF70A
:102FE0000BFF044628B10C4A01210C480EF0F7FDF6
:102FF000F3E7EB79002BEFD1FFF70EFF0446002833
:10300000F1D1681CFFF79CFC04460028E5D0044A77
:10301000EAE700BF3812002034AD0300347103002A
:1030200053AD03002DE9F74F8A4601904FF0FF3171
:103030004FF0FF30FEF75AFE044600284ED0202104
:103040000C300EF040FB4FF0000980464D46202228
:10305000002113F0DEF9DAF8007008F1010BDAF85C
:103060000420914509D300222146019888F8005098
:1030700003B0BDE8F04FFFF731B87A78A81C81188B
:103080001F2997F800C015D9BCF1090FC0F11F0224
:1030900001D1002A0CDC0121124A13480EF0B7F8C6
:1030A0002046FDF77BFF6FF0150003B0BDE8F08F01
:1030B0004FF0080CD6B2711C0BF80510691CC9B290
:1030C0000BF801C0023679685BFA80F02E4413F0E9
:1030D00093F9F5B209F101090837C0E76FF068000C
:1030E000E3E700BF76AD0300E4700300F8B5456880
:1030F0000646690535D4046914B115F0030330D0D0
:10310000194F3078FB7983422BD9C0EBC0000722DE
:103110001649384413F085F9A8B115F0030306D118
:1031200097F87020082A02D8B2689F2A19D915F09A
:10313000300F09D0ACB1EA060AD405F46035B5F514
:10314000603018BF0120F8BDEB0601D4002CF4D18B
:10315000D6E902239A4204D81F2A02D9B3F5804F38
:10316000EBD90020EFE700BF38120020E0A00300F9
:10317000F7B5CDE90001694642F2080016461D4642
:103180009DF82070FFF74EFF044648B95FB90B4B1E
:10319000D3E8EF1F41F00401C3E8E21F002AF7D192
:1031A000204603B0F0BD694642F20900CDE9006552
:1031B000FFF738FF0028EAD00446F1E7601200204C
:1031C000F8B5044614F8097B154B05460E46072250
:1031D0002046144983F86F7013F023F970B938460C
:1031E000114901F079F9044610B96FF00B00F8BDF0
:1031F000052100F0B3FD00203460F8E72146384691
:1032000001F0B0F940B92146287801F065F904468B
:103210000028EAD00621ECE76FF01500E7E700BFD1
:1032200038120020E0A00300D9A0030003460148A3
:10323000184700BF5012002000487047501200206D
:103240002DE9F04F8BB003930023D0F810B0054662
:10325000BBEB03048A4818BF012405930EF0D0FD90
:1032600010F0040F0E469246DFF8149200F0EA8048
:103270002846FFF73BFF58B96FF01504002340F2D2
:1032800001119A4540F0E78020460BB0BDE8F08F71
:1032900028460EF092FD80460028EDD0A9F1AC0042
:1032A0000EF0AEFDC20500F1D08048460EF0A8FD3C
:1032B000430501D5FFF7A6FC0023CDE90733CDF880
:1032C0002330AB686868ADF81830EB68ADF81A3099
:1032D0000EF087FD8DF82500D9E8EF3F23F48073C9
:1032E000C9E8E23F002AF7D12B78664F22463B76A9
:1032F00087F86F3069680DF11D0307F11800FFF7BB
:10330000F7FD04460028B9D12137BBF1000F11D0D9
:103310002B691A6849F8B32C9A88BA809B79BB71DB
:103320006B689F074AD1980502D4039B002B59D0A4
:1033300002230BE0544B1A6849F8B32C9A889B7906
:10334000BA80BB716B689C07EDD05B468DF81C3072
:103350004FF0FF304FF0FF31FEF7C8FC0446002865
:1033600076D00F2206A90C300EF0B3F921460022C8
:1033700042F20600FEF7B2FE044600287FF47EAF5C
:10338000BBF1000F32D06B6899073BD101213F4858
:103390000EF04EFD044600283CD001213C4A3D4839
:1033A0000DF035FF059D002D3FF468AF2846002144
:1033B00000F0D4FC284600F095FC5FE713F0100FF6
:1033C0000CBF012304238DF81C302B691A68CDF83B
:1033D0001E209A88ADF822209B798DF824304FF07A
:1033E0000008B5E703238DF81C30F8E75146304656
:1033F000149B039ACDF80080FFF7BAFE044600281C
:10340000C1D03BE7214805A9FFF7DAFE04460028B2
:10341000BCD033E7059808B100F064FC6A681E4828
:1034200012F0030218BF012209210EF0ECFC424603
:103430000A210EF0E8FC6A680C21C2F380020EF04B
:10344000E2FC1BE76FF00A0418E76FF0770415E75A
:103450006FF0680412E732888A4204D1726812B1B0
:103460001278D20702D4013308360AE70B490C4818
:1034700011F070F800230B4A094808F0AFFE03E78B
:103480000C13002038120020E0A00300501200208E
:103490008FAD0300E47003006012002025350200A8
:1034A000681200201C4E0E0010B518480EF0E8FC03
:1034B00017480EF0A5FC0346DA05C0F3002023D51B
:1034C00013480EF09DFC830515D5124907221248BA
:1034D00012F0A7FF03461149087E93B9052210494F
:1034E00001F078F8044630B10021017300F036FC99
:1034F000204600F0F7FBBDE81040002103480EF025
:1035000097BC06222131EBE710BD00BF501200200E
:1035100060120020E0A003005912002038120020A1
:10352000D9A0030010B5FFF7BFFF034630B1BDE8D7
:1035300010400221024A03480DF072BE10BD00BFC8
:10354000AAAD0300E470030070B53D4B9AB0182299
:10355000002103A8029312F05CFF44F2010309A8C2
:1035600009930EF090FC099B69460493354B02A821
:10357000059311F043FD034610B3334A012133484C
:103580000DF04EFE1F25324BD3E8EF1F21F0010155
:10359000C3E8E21F002AF7D12E4E09F05FF8346825
:1035A000002C46D0002D2C4D18BF0025043C23686C
:1035B0000BB1284698476468002C3AD0043CF6E7E3
:1035C00001AB4122009809A911F0EAFB034608B1BA
:1035D000224AD3E7224A0DF125030DF1650153F884
:1035E000040B8B4242F8040BF9D101AB20221D4998
:1035F000009811F0B5FB034608B11B4ABEE70098DE
:103600000AF080F9054610B1184A0346B6E7144996
:1036100011480EF045FC164820310EF041FC154BC8
:10362000D3E8EF1F41F01001C3E8E21F002AAAD03F
:10363000F6E70023C6E9003309F024F81AB070BD9C
:103640001271000100000209D0AD03001C710300DB
:10365000107F0120187F0120EF890120EEAD0300CB
:10366000AF8901208F89012011AE030035AE030020
:103670000F8A01200C130020042330B5A7B03D228F
:10368000002116A8159312F0C4FE304B1822002119
:1036900007A8069312F0BDFE44F201030DA80D9396
:1036A0000EF0F1FB0D9B20220893294B2949099329
:1036B00006A804AB0AF076F90346E0B1264A0121D8
:1036C00026480DF0ADFD6FF0040408F0C7FF244B51
:1036D0001D6865B100201860224BD3E8EF1F21F070
:1036E0000201C3E8E21F002AF7D144B3A84708F05B
:1036F000C9FF27B030BD1C4B0DF15502194603F12F
:10370000400053F8044B834242F8044BF9D105AB17
:10371000029320230E48CDE9001315AA41230499F2
:1037200011F01EFC034608B1104AC8E704980AF0DD
:10373000E9F804460028C8D00D4A0346BFE70DA8A3
:1037400009490EF0ADFB0DA8D0E700BF12710001D2
:10375000000002098F89012055AE03001C7103008F
:10376000147F0120107F0120AF8901208BAE030060
:10377000A7AE0300402208B5034912F052FEB0FA8A
:1037800080F0400908BD00BF0FAF030010B51D4B0E
:103790009AB018220446002103A8029312F039FEC1
:1037A0004FF4804309A809930EF06DFB099B214655
:1037B0000493154B0DF12500059304238DF8243057
:1037C0000EF06EFB04F120010DF145000EF068FBD8
:1037D000412201AB09A902A80AF0E4F8044602A8B4
:1037E00011F084FC2CB901980AF08CF801201AB071
:1037F00010BD064823460121054A0DF011FD0020A9
:10380000F5E700BF12410001000002091C7103002E
:10381000C4AE030010B5002834D01D4A136823B18C
:10382000043B984231D05B68F9E71A4BD3E8AF1FED
:10383000890707D518480221184A0DF0E8FC6FF0F7
:103840000F0010BD1468011D44605068116000B97C
:103850005160D3E8EF2F42F00101C3E8E01F0028D8
:10386000F7D1D30701D50020EBE70D4BD3E8EF1FCD
:1038700021F01001C3E8E21F002AF7D10948FDF743
:1038800095FCF0E76FF01500DBE76FF07700D8E705
:10389000187F0120107F01201C710300E8AE030097
:1038A0000C130020A8160020044BD3E8AF3F13F000
:1038B000100F034808BF0020704700BF0C13002002
:1038C000EF89012070B50546194803688B4228D05E
:1038D000184BD3E8AF3FDA0626D5036813B16FF073
:1038E0000F0070BD144AD2E8AF3FDB07F7D4D2E82F
:1038F000EF3F43F00204C2E8E64F002EF7D113F089
:103900000204ECD1016029460C480EF0C9FA0C48BB
:1039100005F120010EF0C4FA0A48FDF747FC2046E5
:10392000DFE76FF07700DCE76FF07C00D9E700BFDE
:10393000147F01200C130020107F0120AF8901208B
:10394000CF8901209816002070B505460B4B1C68E6
:1039500044B154F83C3C3C3C13B12846297B984781
:10396000E46BF5E7064C074EB44200D370BD236804
:1039700013B12846297B98474034F5E7547F01204E
:10398000C46F0300C470030010B50446FDF766FA67
:10399000044901EB001120460DF0D3FFBDE81040B3
:1039A000FEF746BB207F0120002270B50446D1E916
:1039B00001560748C1E9012210F0C5FC3DB131466E
:1039C00020462B46BDE870406FF06D02184770BD71
:1039D0009C19002070B50546002200230E4808F00F
:1039E00085F9B8B90D4B1C6834B154F8343C3C3CF3
:1039F00003B19847E46BF7E7094C0A4EB44204D38D
:103A00002846BDE8704008F009BBA36803B1984799
:103A10004034F3E770BD00BF6C190020547F0120D3
:103A2000C46F0300C47003002DE9F8430446402727
:103A30000025DFF85080EFF3118387F31288BFF37E
:103A40006F8FE16929B983F31188BFF36F8FBDE8E8
:103A5000F883206A0A68814208BF2262E26183F328
:103A60001188BFF36F8FD1E901694046C1E9015563
:103A700010F069FC1EB1002249462046B047FEF70F
:103A8000D7FAD8E79C19002037B50446031DD3E8C0
:103A9000EF2F42F48061C3E8E51F002DF7D15505F3
:103AA0003BD4D3E8AF3FD90326D5E37823B902212D
:103AB0001B4A1C480EF019FA637B072B2DD11A4BB9
:103AC00093F8D8309B0628D50DF0D9FF28B30DF117
:103AD000060101A8FEF7AAFBF8B92046BDF80620AA
:103AE000BDF804100EF038F80346B0B101210F4ABA
:103AF0000C480EF0FAF910E00B4B93F8D8301A0787
:103B0000D3D50EF00EF8034620B10121084A05482E
:103B10000EF0EBF9637B072BC7D003B030BD00BFBD
:103B200077AF0300FC7003003812002090AF030051
:103B300056AF03000448B0F8043100F58470002B40
:103B400008BF0020704700BF3812002030B504467F
:103B500012F0F2FC0D460D4A0D498BB00858D2F810
:103B60009010884205D120460BB0BDE83040FFF7E9
:103B70005BBF24342146104610F0ACFC1DB16946F1
:103B8000204610F0B7FC0BB030BD00BFE859002054
:103B90000800000038B5002204468A4202D1002401
:103BA000204638BD012004F1C403D3E8EF5F002DA7
:103BB00004D1C3E8EC0FBCF1000FF6D102D0C83439
:103BC0000244EAE7002CEAD0C4220021204612F089
:103BD00020FC04F14000044910F0BCFC034904F14E
:103BE000240010F04CFCDBE7D5480200EF1E030078
:103BF000F7B516460D4601210446FFF7A7FF012E33
:103C000023D0022E50D123693BB130480121304AE4
:103C10000DF0FDFA20460EF08EF9256121690B8A20
:103C2000012B51D9CA681288043292B293424BD305
:103C300041D9012100922548264A0DF0FBFA204681
:103C400003B0BDE8F0400EF076B9206940B9224AD1
:103C500031461E480DF0DBFA20460EF06CF901E00B
:103C60002F8A2FB9284603B0BDE8F040FDF796B97A
:103C70000C300DF085FD87420CD9184A31461348A7
:103C80000DF0C5FA00222046216901F05FF80023FB
:103C90002361E7E720692A8AE9680C300DF019FDF5
:103CA0002846FDF77BF9B9E7334601210C4A07485E
:103CB0000EF01BF9D0E7002301222046236103B058
:103CC000BDE8F04001F042B803B0F0BDFC70030065
:103CD000ACAF03002CB00300C9AF0300E7AF030093
:103CE0000EB0030008B5C430D0E8EF3F013BC0E898
:103CF000E23F002AF8D13BB9044807F0BDFFBDE818
:103D00000840034808F08AB908BD00BF6C190020BC
:103D1000C816002010B504460EF016F908F09EFCF7
:103D20000C4B04F1B801D3F824312BB90A480EF03A
:103D3000C1F808F0A7FC06E0994208D108F0A2FCFF
:103D40002046FFF7CFFFBDE81040FEF771B91B68B2
:103D5000EBE700BF381200205C130020F8B5467B6B
:103D600004468E420D4600AF1BD1082E98BF514B22
:103D70006C4688B094BF53F826304F4B6A464F4983
:103D8000C2E905134FF4007393834D4B42F8103F83
:103D900000234FF4E4514B48FAF716FFA546BD4601
:103DA000F8BD41730EB90EF0CFF8637B082B7ED8B7
:103DB00001A252F823F000BFFF3D0200553E020071
:103DC0009F3D02009F3D02009F3D02009F3D02007B
:103DD0009F3D0200DD3D02009F3D020000213A4868
:103DE00009F058F80023C4E90D33E378012BD6D14C
:103DF0000023364A04F1400008F0BCF9CFE7082E52
:103E0000CDD8DFE806F02005171C1C1C1720200069
:103E100004F14005284610F0A9FB01212046FFF7D8
:103E200095FE20460EF087F800220023284608F071
:103E3000D5F9B4E7237B13B12046FFF785FD204673
:103E4000FFF750FFABE72B46214A02211D480EF039
:103E50004CF8A4E7237B3E2B0FD16D4688B06A4611
:103E60001C4BC2E90534032342F8103F00234FF4F2
:103E7000C4511448FAF7A8FEAD46174D05F58476EF
:103E8000616911B9FEF7D4F889E7A2690B6891421C
:103E900008BFA36120466361FFF786FDB5F80431D2
:103EA000002B14BF3046002007F0E6FEE8E72B4663
:103EB0000A4ACAE7CC7B030047B0030051B00300B5
:103EC00003000001FC700300D81600205A620200B3
:103ED00062B0030079B0030038120020A0B00300E4
:103EE000F8B5074609480D4616460EF02DF804466B
:103EF00050B183781F4203D1BDE8F840FFF7F2BE0E
:103F00003146A8472046F7E7F8BD00BF203700201C
:103F1000002201200149FFF7E3BF00BF2B1F030070
:103F200070B505460E480E460EF00EF80446A0B1D8
:103F3000437B012B02D0073B012B0CD82388AB42DB
:103F400008D1A3781E4209D12B460221054A064812
:103F50000DF0CBFF2046FFF7C5FE0024204670BDC4
:103F600020370020BCB00300FC700300034BC01AD4
:103F7000034BC0105843C0B2704700BF2037002029
:103F8000295C8FC270B51C46144305460E460DD001
:103F900012F0D2FA0E49D1F890400E4909588C42DD
:103FA00006D102210C4A0D480DF031F900221346CA
:103FB0000B49002D14BF284608460DF01EFB044691
:103FC00018B1711D0C300DF073FB204670BD00BFA1
:103FD000E859002008000000D3B00300FC70030083
:103FE000B419002010B50446054808F017F820461B
:103FF00000F0FAFD2046BDE81040FFF7A5BC00BF69
:10400000B81600202DE9F04F002387B000AFFB6009
:104010007B61B94B5A8B3AB1B84DD5F824413CB9C4
:104020001C37BD46BDE8F08F1B68002BF4D1F7E7C5
:1040300054F8B83903B1B83B0026B14901E01C4639
:104040001346B5F80421002A00F05381D5F8102159
:104050004AB904F1B806002BE2D0D3F8B820002A00
:10406000EDD0B83AEBE70A68002AF2D0D4F8A420E1
:10407000002AEED0D4F8A820002AEAD0D4F8AC2048
:10408000002AE6D0637B072B68D1204690470028A2
:1040900064D004F1BC03D3E8AF3F022B5EDC2046C2
:1040A0000DF052FF04460028BAD0637B072B40F086
:1040B0001D812046D4F8A430B5F8041107F1100290
:1040C00098478146002800F00481B5F804213B6937
:1040D0009A4208D30146D4F8A860204607F1140399
:1040E00007F10C02B047D7E9038A7B693B60B9F856
:1040F0001030002B00F0F48048460DF038FC78605A
:10410000002840F0F080B5F80431DFF8F8B1002B5A
:1041100014BF584600200022002307F0E7FD78B9BD
:1041200000220023764807F075FD064600283BD1A3
:10413000B5F80431002B18BF5E46304607F09CFDF1
:104140006FF00B054846FCF729FFB8F1000F00F0AF
:10415000AA802A4620463968C047A4E0D4F8B8307F
:1041600004F1B802C6B9D5F82811C5F824318A423D
:1041700001D1C5F8283100232046C4F8B830D4F85E
:10418000AC309847002890D0637B072B40F0AE807E
:104190002046FFF7BFFD88E73360D5F828319A4203
:1041A00008BFC5F82861E6E73B68C0F80480836073
:1041B000B5F804B10022DA454FF000034FF00001DA
:1041C0004D4898BF1FFA8AFBFCF76AFE804650B143
:1041D000FCF744FE4C4B5A4603EB0013494640465D
:1041E0000DF08AFB8046B5F8043194F8C0909A45EA
:1041F00084BF01237B607B689CBF09F102095FFAE1
:1042000089F984F8C03004F1BC0ADAE8EF3F0133E1
:10421000CAE8E23F002AF8D104F1140B31465846AF
:104220000DF048FEA378012B57D108F10C030421AF
:1042300018467B600DF06FFA228809F0FD0942EA0A
:1042400009320280B8F810207B68043A42800221CB
:1042500018460DF068FA4046FDF72AFE8146002810
:1042600044D0DAE8EF3F013BCAE8E23F002AF8D148
:10427000314658460DF03EFE4B46244A0121244863
:104280000DF033FE4046FCF789FE20463146FFF72D
:104290008BFBB5F804311B48002B08BF002007F04A
:1042A000EBFC6FF004056E4688B06B46194ADC6182
:1042B000C3E905251A46042342F8103F4FF4015183
:1042C00013480023FAF780FC1321B54620460DF071
:1042D0004FFE2046FFF706FDA2E66FF01509C0E786
:1042E0006FF079052EE76FF004052BE7FDF7A0FED0
:1042F000EFE79368FFDE00BF381A00203812002075
:104300009C19002040130020207F012099A6030063
:10431000FC700300FCB0030040F2E2432DE9F041E1
:10432000D0F888600446B6FBF3F6031DB6B2D3E8B6
:10433000AF2F920413D5B0F88C20B2420FD8B0F84A
:104340008E20B2420BD3D0E92412914207D1D3E898
:10435000EF1F21F40051C3E8E21F002AF7D1114BEF
:104360001D6865B155F82C7C3C3D37B1314620467F
:10437000B4F89230B4F89020B847ED6BF1E70A4DED
:10438000DFF82880454501D3BDE8F0812F6937B1BA
:1043900031462046B4F89230B4F89020B847403502
:1043A000F0E700BF547F0120C46F0300C470030016
:1043B0002DE9F041074608460D460DF062FB064622
:1043C00018B900263046BDE8F081144B1C6884B152
:1043D00054F8303C3C3C0BB9E46BF8E729463846CE
:1043E00098470028EDD028460DF04BFB0028F3D16C
:1043F000E7E70B4CDFF82C804445E3D2E3680BB9C8
:104400004034F9E72946384698470028D9D028464D
:104410000DF037FB0028F3D1D3E700BF547F012014
:10442000C46F0300C47003002DE9F041C378044653
:104430008BB900F17E06114B1D687DB13C3D04F146
:1044400070076B691BB13A46314620469847ED6BC1
:1044500025B13C3DF5E700F17706ECE7084D094F43
:1044600004F17008BD4201D3BDE8F0816B691BB156
:1044700042463146204698474035F3E7547F0120B5
:10448000C46F0300C4700300F8B5437A0546837215
:1044900016460DF0B5FE0D4B1C684CB154F8243C8B
:1044A0003C3C1BB132462846697A9847E46BF4E7F6
:1044B000074C084FBC4200D3F8BDA3691BB132467C
:1044C0002846697A98474034F4E700BF547F0120BA
:1044D000C46F0300C470030038B505460C460F488E
:1044E0000121FFF757FBC0B1057223680367A3885A
:1044F000A0F87430A37980F8763001234372837278
:104500008370074BC0F8A430064BC0F8A830064BA8
:10451000C0F8AC30054BC0F88C3038BD20370020D7
:10452000DD4A0200D51E0300C91E03001800280042
:1045300070B505460A480E460DF006FD044620B14A
:104540008378012B04D0FFF7CDFB0024204670BDFB
:10455000324629460DF07EFD0028F7D12046F2E7CD
:1045600020370020B0B500AF0D46FFF7E1FF04464D
:1045700010B32846FCF7B8FD637B6D46082B98BF47
:104580000E4A8AB094BF52F823300D4B6A46C2E9F6
:1045900007030C4B0C4953620C4BC2E9051442F85B
:1045A000103F00234FF442510948FAF70DFB204613
:1045B000AD46FFF797FB0120BD46B0BDCC7B0300A5
:1045C00047B00300010302041FB10300050000020D
:1045D000FC700300F8B505460E480E4617460DF070
:1045E000B3FC044620B18378012B03D0FFF77AFB9C
:1045F00000240DE036B1324629460DF02BFD08B9F6
:104600002046F3E7637BBB42FAD1237AAB42F7D172
:104610002046F8BD20370020F7B56E4605460D4B05
:1046200086E806001C6844B154F8203C3C3C13B1B9
:10463000314628469847E46BF5E7074C074FBC42E4
:1046400001D303B0F0BDE36913B131462846984762
:104650004034F4E7547F0120C46F0300C4700300AA
:104660002DE9F04105460E4617460E4B1C684CB12D
:1046700054F81C3C3C3C1BB13A463146284698470E
:10468000E46BF4E7084CDFF82480444501D3BDE82F
:10469000F081236A1BB13A46314628469847403498
:1046A000F3E700BF547F0120C46F0300C470030010
:1046B0002DE9F04105460E4617460E4B1C684CB1DD
:1046C00054F8183C3C3C1BB13A46314628469847C2
:1046D000E46BF4E7084CDFF82480444501D3BDE8DF
:1046E000F081636A1BB13A46314628469847403408
:1046F000F3E700BF547F0120C46F0300C4700300C0
:104700002DE9F04105460E4617460E4B1C684CB18C
:1047100054F8143C3C3C1BB13A4631462846984775
:10472000E46BF4E7084CDFF82480444501D3BDE88E
:10473000F081A36A1BB13A46314628469847403477
:10474000F3E700BF547F0120C46F0300C47003006F
:10475000F8B505460E460C4B1C6844B154F8103CA5
:104760003C3C13B1314628469847E46BF5E7074CCB
:10477000074FBC4200D3F8BDE36A13B13146284667
:1047800098474034F5E700BF547F0120C46F030011
:10479000C4700300F8B505460E460C4B1C6844B1C6
:1047A00054F8083C3C3C13B1314628469847E46B2A
:1047B000F5E7074C074FBC4200D3F8BD636B13B15C
:1047C0003146284698474034F5E700BF547F012022
:1047D000C46F0300C47003002DE9F04105460E4686
:1047E00017460E4B1C684CB154F8043C3C3C1BB1C2
:1047F0003A46314628469847E46BF4E7084CDFF820
:104800002480444501D3BDE8F081A36B1BB13A4637
:104810003146284698474034F3E700BF547F0120D3
:10482000C46F0300C4700300F8B505460E460C4B78
:104830001C6844B154F80C3C3C3C13B1314628464A
:104840009847E46BF5E7074C074FBC4200D3F8BD2F
:10485000236B13B13146284698474034F5E700BF33
:10486000547F0120C46F0300C470030038B50446B0
:1048700008460D460DF005F938B3154B93F8D830BE
:10488000990707D4E37873B129462046BDE838403C
:1048900000F088BA94F898309A07F3D5231DD3E82E
:1048A000AF3F5B04EED4294620460DF0F9FB58B922
:1048B0002B88A4F88C306B88A4F88E30AB88A4F8D1
:1048C0009430EB88A4F8963038BD6FF01500FBE704
:1048D00038120020F7B510F8333C0446A0F140062A
:1048E0000BBB30460DF02FFC284B1D684DB155F821
:1048F000383C3C3D1BB1304614F8341C9847ED6BF6
:10490000F4E7234D234FBD4205D3304603B0BDE845
:10491000F040FFF7E7B96B681BB1304614F8341C60
:1049200098474035EFE710F83E3C012B25D1A0F128
:104930003C05D5E8EF3F23F40052C5E8E12F0029FC
:10494000F7D19B0411D5E36C69460093636D304643
:104950000193FFF78BFF034688B9D5E8EF3F23F4B7
:104960008053C5E8E23F002AF7D1D5E8EF3F43F492
:104970000063C5E8E23F002AF7D103B0F0BD022191
:10498000054A06480DF0B1FAEFE700BF547F012059
:10499000C46F0300C470030058B10300FC7003002F
:1049A00010B50C480FF0C3FC0B490A480FF0CBFCC4
:1049B0000A4908480FF0C7FC094906480FF0C3FC34
:1049C0000EF022F803F0B4FD044608B90DF080FCA7
:1049D000204610BD9C190020307F01203C7F012023
:1049E000487F012008B503460121034A03480CF023
:1049F00017FC002008BD00BF06B20300447103008D
:104A000080B500AF88B06A46074BC2E90530032382
:104A100042F8103F00234FF4C2510448FAF7D4F88B
:104A20006FF00B00BD4680BD2EB203004471030041
:104A3000044B1A680AB1FFF7E3BF034858601046F9
:104A40000B607047687F0120187C030070B5044636
:104A500052EA03000AD011F06FFD074D074ED5F85A
:104A600090503058854204BF002213462046BDE8CE
:104A700070400431FFF786BAE859002008000000B2
:104A800073B5054618462B680BB35B7B072B1ED10D
:104A9000002A14BF022301230E7A9E4209DD012160
:104AA0000C4A0D4800960CF0C5FB6FF0150002B0E3
:104AB00070BDCB7A072BF8D9C8618A6105F1300047
:104AC0000FF041FC28460DF015FB0020EFE76FF0DA
:104AD0007F00ECE755B20300447103002DE9F04775
:104AE0000E469146D0F8B04000AF4CB1483C236B25
:104AF0006BB104F1300A50460FF03AFC054660B93C
:104B0000FDF796FA00252846BD46BDE8F0872068E7
:104B1000B0300DF00EFBA46CE7E70CF028FF80B17D
:104B20006C4688B06A462D4BC2E90535032342F82E
:104B3000103F00234FF4C2512948FAF745F8A54623
:104B4000E0E728460CF088FDE36C0546B3B9A38C7A
:104B5000B0F81080403B9BB23F2B03D8238D984583
:104B600028BF9846042105F10C000CF0D4FDA0F8F4
:104B70000080A38C438008F10403E364E36C2A8A79
:104B8000B3420FD8934216D0A38C403B9BB23F2B2D
:104B900021D92068B0300DF0CCFA236B13B1204638
:104BA0000DF0A8FAE36C9E422CBF00269E1BC9F8AC
:104BB0000030E664A7E700220023504607F02AF8F9
:104BC000FCF7ECF9A38CA3F140023F2AE1D8054A97
:104BD000AA61EB61DDE700221346F9E775B2030035
:104BE0004471030083220300F7B504460026234DD9
:104BF000234FBD4201D303B0F0BD298820460DF0FC
:104C000037FB6B68019001A920469847002830DBEC
:104C1000019B2A889A829A8403F11002D2E8EF1F3E
:104C2000C2E8E06F0028F9D19E64DE649E60A16B4B
:104C300003F10802F9B9C4E90D221C60DE6003F13A
:104C400030000FF074FB019843681B6803B198476C
:104C5000019B1033D3E8EF1F41F00101C3E8E21FCD
:104C6000002AF7D101984368DB6913B100F1100104
:104C700098470835BDE70A60A263DEE7AC6F030022
:104C8000C46F030073B50D460646042105F10C0000
:104C90000CF05AFD2B8A428804469A4207D00092B3
:104CA0001C4A01211C480CF0C5FA02B070BD4378C3
:104CB0003BB90121194A184802B0BDE870400CF018
:104CC000A6BA0378012BF0D0132B06D1022AECD020
:104CD000022300931346124AE3E70221114A0E48C9
:104CE0000CF09EFA61780222012035680DF0A5FAD9
:104CF00004460028D9D002210C300CF0E4FC00233B
:104D0000214603704370284602B0BDE870400DF0A4
:104D1000C5BA00BF8DB2030044710300AEB20300F8
:104D2000CFB20300FAB2030008B50B8A032B06D8F2
:104D30000121044A04480CF06AFA002008BDFFF77C
:104D4000A1FFFAE722B303004471030038B50B8AD0
:104D50000546032B0C4609D801210F4A0F480CF0D9
:104D600056FA2046BDE83840FCF718B9042104F192
:104D70000C000CF0E9FC418828460DF0A0FA30B98F
:104D8000074A0B46054802210CF04AFAE9E7436856
:104D900021465B699847E4E740B303004471030090
:104DA0005DB3030070B5124B0C461978054601310E
:104DB000C9B2012938BF01210822122019700DF053
:104DC0003CFA064688B108210C300CF07CFC2288A5
:104DD0003146028062884280A2888280E288C28056
:104DE0002846BDE870400DF059BA6FF00B0070BD59
:104DF0002F8A012023281FD81A2804D8431E182BD5
:104E00000ED906207047A0F11B03082B1ED8DFE83F
:104E100003F0051D1B231D19251D050003207047E8
:104E200001230F4A83401A40C2B90E4A1A40002A91
:104E300014BF01200620704700F07F03522B05D1DC
:104E400000207047012070470520704710F0400F88
:104E50000CBF0620002070470420704702207047D6
:104E6000AAAA8A02545545012DE9F84F074608467B
:104E70000C46FBF7F3FF18234343DFF8B8800646E0
:104E800008EB0302D2F808A0E16807F15400D0E86B
:104E9000AF0FC00709D40121274A28480DF03BFA7B
:104EA0006FF015052846BDE8F88FE06800781071AE
:104EB000002248F803200B78D22B0FD13B68214603
:104EC00018680EF061FA054640B101211C4A1B48E2
:104ED0000DF021FA2046FCF761F8E3E704F10C003D
:104EE0000CF04AFC182303FB0683B4F810B09F6053
:104EF000002381461A462146381DFFF7C1FD0546AD
:104F00000028CFD010F1690F04D101210D4A0B48C0
:104F10000DF001FA6369A4F810B013FA89F3E360A5
:104F200018235E4308EB0603C3F808A048F80650B0
:104F3000B8E700BFC07F012099B30300EC70030005
:104F4000B3B30300C6B3030008B5EFF311814023E8
:104F500083F31288BFF36F8F002303600F4B5A68EF
:104F6000C2B9C3E9000081F31188BFF36F8F0C4809
:104F700007F054F8031E0CDA01210A4A0A480CF023
:104F80004FF9002383F31188BFF36F8F0323184673
:104F900002DF08BD10605860E5E700BFB87F012060
:104FA00010170020E9B30300EC700300011F014853
:104FB0000FF0E1B8681800200121024A02480DF004
:104FC000AAB900BF12B40300EC70030010B5044688
:104FD00000F15003D3E8EF1F41F00101C3E8E21FE5
:104FE000002AF7D1201F0DF075FA04F1740004496E
:104FF0000FF0B0FA2068BDE8104001F0BDBF00BF5F
:10500000ED60020070B503788AB004460E4607AD25
:10501000032B20D8DFE803F002191B1D1149284695
:10502000F8F751F8059563781E210493A37830466C
:105030000393E3780C4A02932379019363790093F5
:10504000A3790AF099FF0AB070BD0849E7E708495B
:10505000E5E70849E3E70A212846074A0AF08CFFFA
:10506000E0E700BFED9503000F960300F495030001
:10507000FB9503000596030073BA03002DE9FF4179
:105080004FF000084FF4205305460E46006802A971
:10509000144617688DF80880ADF80A300CF0A9FBAB
:1050A000A0B142F60103286803A98DF80C80ADF881
:1050B0000E300CF09EFB48B123691BB15A88B242F6
:1050C00000D25E80012004B0BDE8F08161682868EC
:1050D0000CF08FFB10B100232361F3E7E368A068B5
:1050E0001A786AB1B7F81AC0798D038A8C4594BFD3
:1050F000C3EB0C03C3EB0103934201DA0020E2E7A8
:1051000004210C300CF0DFFA206106802369294667
:105110005E80074B0194009338460023A2680DF08F
:1051200035FA0028EADB2069003818BF0120CAE7F9
:105130003B25030073B50E46438D418B01328B42F4
:1051400028BF0B469A42054609D9022100921C4805
:105150001C4A0CF06FF80024204602B070BD3046A7
:10516000FFF748FE022812D0042810D011F0E4F90D
:10517000154B1958154BD3F8903099421ED0144B4B
:105180001B685A1A18BF4FF0FF32134601E0002384
:10519000104A00211048FFF759FC04460028DBD0D4
:1051A000FBF75CFE18220D4B012102FB003304F1DA
:1051B0000C009D600CF087FA0670CDE70022E4E752
:1051C000EC7003002FB4030008000000E859002031
:1051D000088001201C4E0E00E0190020C07F012035
:1051E000F0B51D4603680E460039044618BF01217C
:1051F00087B0186817460DF009FF40B904F1540054
:105200000DF084FA002846D0002007B0F0BD002D34
:1052100043D018220021684611F0FBF86FB100223C
:1052200039462046FFF786FF019030B91C4801211E
:105230001C4A0DF070F81120E7E7236829461B6827
:10524000284600930023ADF812300C9B164A0393B6
:10525000BDF834308DF80860ADF8103001238DF8BA
:1052600014306B460DF0C1F89DF8143063B1002F77
:10527000CAD00198FBF792FE2A46314620469DF897
:1052800014300DF04EFABFE701990029BCD020463A
:105290000DF0B6F8B8E71220B7E70120B5E700BF78
:1052A000EC70030054B40300792303002DE9F347A5
:1052B000176805468946006851681446D7F804A067
:1052C0000CF097FA804600284BD19522294650468B
:1052D0000DF02AFE0646207540B1E3681B780BB13D
:1052E00084F81480002002B0BDE8F08729465046BB
:1052F0000DF0C9FE10B908232375F3E7A0682675E1
:105300000CF0AEF902210C300CF0DDF9164B2061E7
:10531000A0F8009000930194334629463846A268CD
:105320000DF034F9002807DA10F1FF0F32BF0E201C
:105330004042C0B22075D5E72369002BD2D0A068C7
:105340000CF0D1FF7B8D7A8B9A4294BFC0EB0200A8
:10535000C0EB0300E3681B78984294BF0020012053
:10536000C1E70120BFE700BFF7220300F7B50B8AB2
:1053700004460D4607683BB90121284A28480CF02D
:10538000CAFF002003B0F0BD012105F10C000CF0B4
:10539000DBF97B7B0646072BF3D154F8043C002B4A
:1053A000EFD0002203781F48043C10F8327000EB65
:1053B000C2019F420FD12A8A48788F78904220D923
:1053C0000121009316481346174A0BF033FF012FB3
:1053D000D7D104231EE001320C2AE6D10221104865
:1053E000124A0BF01DFF31780846FFF703FD002835
:1053F000C7D00528C5D00623002220460DF091F91C
:10540000BFE74B68204629469847012F0346B8D18D
:105410000028B6D000223178EFE700BF6DB403005A
:10542000EC700300407C0300A2B4030088B40300C6
:105430002DE9F04F42F60103002591B01668804631
:105440000F4600680BA9D6F8049014468DF82C502E
:10545000ADF82E300CF0CDF9002870D04FF4205369
:10546000D8F800000BA98DF82C50ADF82E300CF0B8
:10547000C0F938B1A3681BB15A88BA4200D25F8024
:1054800001200EE0616808460CF02DFF728D738BD1
:105490009A4294BFC0EB0200C0EB0300032803D87C
:1054A000002011B0BDE8F08F08460CF0D9F8054691
:1054B00060680CF018FF728B738D05F10C0B9A422B
:1054C00094BFC0EB020AC0EB030A58460CF058F92F
:1054D000824537D260680CF006FF728D738B9A425A
:1054E00094BFC0EB0200C0EB030070B96368987A08
:1054F000FBF7ACFC002200230CF07FF805460028E7
:10550000CED0014660680CF0BCF800230093D8F8B8
:10551000046010234146484602AAB047061E0EDB2F
:10552000227CE068B2422BD001460BA80CF08FF928
:1055300060B9237C144A022114480BF071FE002349
:10554000A3609DE758460CF01BF9CEE7F2B202A922
:1055500006A80CF07CF910B90D4A3346EBE706A912
:105560000BA80CF046F90028E9D10023042163744C
:1055700005F10C000CF0A7F8A0600780A3687EE797
:1055800002A910F04EFFEEE7C1B40300EC70030077
:10559000E0B40300F8B5124A0746002311480D464F
:1055A0000CF02BF8044638B901212B460E4A0F485F
:1055B0000BF036FE2046F8BD00F10C0609213046FE
:1055C0000CF076F82046FBF749FC1822084B012125
:1055D00002FB003330469F600CF075F80570E9E778
:1055E0001C4E0E00E019002006B20300EC70030010
:1055F000C07F01202DE9F0410E8A0446043EF6B238
:10560000022E08468CB001D0102E64D104210C303B
:105610000CF09AF80DF1080805884788011D3246FC
:1056200040460CF014F9002857D09DB3002687B3EC
:10563000AF422FD34FF42053404601A98DF80460A8
:10564000ADF806300CF0D5F840BB1422002107A8B5
:1056500010F0DFFE11212046FFF79CFF0990002883
:1056600037D001210C30CDE907480CF02CF800238D
:105670000A90394603701A4A0B93284607AB0CF080
:10568000B4FE0A9B1B78FBB90998FBF787FC0A2339
:1056900001E03D4601232A4610210EE042F60103B7
:1056A000404607A98DF81C60ADF81E300CF0A1F83B
:1056B0000028CAD010232A46194620460DF031F89A
:1056C00000200CB0BDE8F081204609990CF098FE4E
:1056D000F6E71120F5E70420F3E70E20F1E700BF1D
:1056E0007D5002002DE9F043036804460D4685B065
:1056F000012118680DF08AFC40B904F154000DF046
:1057000005F8B0BB122005B0BDE8F08310220021DF
:10571000684610F07EFE21212046FFF73BFF0290F5
:1057200048B34FF00108DFF85490009405F10C07DE
:105730002B8A012B04D8204602990CF061FE18E058
:1057400038460CF011F86B464A46014606468DF87D
:105750000C800CF04AFE9DF80C30002BE8D002982B
:10576000FBF71CFC3246202120469DF80C300CF043
:10577000D8FF0020C7E71120C5E700BF11280300AC
:105780002DE9F043036804460D4685B001211868F1
:105790000DF03CFC40B904F154000CF0B7FFB0BB75
:1057A000122005B0BDE8F08310220021684610F0F9
:1057B00030FE0F212046FFF7EDFE029048B34FF078
:1057C0000108DFF85490009405F10C072B8A012B97
:1057D00004D8204602990CF013FE18E038460BF06E
:1057E000C3FF6B464A46014606468DF80C800CF016
:1057F000FCFD9DF80C30002BE8D00298FBF7CEFBA7
:1058000032460E2120469DF80C300CF08AFF002015
:10581000C7E71120C5E700BFB1270300F0B51D465B
:10582000036804460E4685B00121186817460DF03E
:10583000EDFB38B904F154000CF068FF48BB1220AE
:1058400005B0F0BD65B310220021684610F0E1FDFF
:1058500039462046FFF79EFE029018B3BDF8283067
:105860002946ADF80430012328468DF80C300E4A45
:105870006B4600940CF0B9FD9DF80C305BB10298BA
:10588000FBF78CFB2A46314620469DF80C300CF085
:1058900048FF0020D4E7204602990CF0B1FDF8E75C
:1058A0000120CDE71120CBE7B12703002DE9F0411E
:1058B0000E8A0446043EF6B2022E08468CB001D091
:1058C000102E76D104210C300BF03EFF0DF10408B0
:1058D00005884788011D324640460BF0B8FF002876
:1058E00069D085B377B3BD422DD8012160680DF032
:1058F0008DFB064678BB42F602038DF80000694630
:105900004046ADF802300BF074FF20B342F60303BB
:10591000404606A98DF81860ADF81A300BF069FF03
:10592000C8B1012D03D14FF6FF739F4213D004F18C
:1059300054000CF0EBFE002814BF002012200CB025
:10594000BDE8F0813D4601232A46082120460CF09F
:10595000E8FE0020F3E7182200210DEB020010F012
:1059600058FD09212046FFF715FE0890F8B10121E6
:105970000C30CDE906480BF0A6FE00230990037019
:105980000A2339468DF82C30284606AB0B4A0CF01A
:105990002CFD9DF82C302BB10898FBF7FFFA9DF8F1
:1059A0002C30D1E7204608990CF02AFDD1E71120D0
:1059B000C5E70420C3E70E20C1E700BFAD520200D7
:1059C0002DE9F0430F460446062187B007F10C008D
:1059D0000BF0BAFE0588B0F802808288D7F80C90E8
:1059E000C5B10023B8F1000F13D0454512D88DF88A
:1059F00000308DF804304FF42053684601A9ADF80B
:105A00000220ADF806300BF0F4FE064660B10A2322
:105A100001E0454601232A46062120460CF081FE7E
:105A2000002007B0BDE8F0830146142201A83F7CA6
:105A300010F0EFFC07212046FFF7ACFD0290D8B133
:105A40000A2341468DF81530284601AB0B4ACDE9B3
:105A5000036901948DF814700CF0C7FC9DF81530A3
:105A60002BB10298FBF79AFA9DF81530D3E7204640
:105A700002990CF0C5FCD3E71120D2E731540200A3
:105A80007FB5CB6804461D885E8885B176B1B54286
:105A90000DD810220021684610F0BBFC05212046DD
:105AA000FFF778FD019058B9112007E03546012332
:105AB0002A46042120460CF034FE002004B070BDBC
:105AC0006B4631462846084A00940CF08EFC029B37
:105AD00023B90198FBF762FA0A23E9E72046019906
:105AE0000CF08EFCE9E700BF1D2403002DE9F04116
:105AF00082B000AF044688460022002339463B4866
:105B000005F092FF0546B0B16D4688B06A46384B45
:105B1000C2E90534032342F8103F00234FF4C25179
:105B20003448F9F751F8AD466FF00B0630460837A8
:105B3000BD46BDE8F08110F0FFFC2F4B3E681A58BF
:105B40002E4B29461A60301D282210F062FC34606A
:105B50003C6800220023C4E90155C4E909552848DE
:105B6000391D7D6005F060FF064688B123686C46EC
:105B700088B06A462349C2E90513032342F8103F5F
:105B80004FF4C4512B461B48F9F71EF8A546CBE746
:105B90007B680146B022184610F03BFC1A4A82602E
:105BA0005C300EF0C4FB7B685433D3E8EF2FC3E8BE
:105BB000E16F0029F9D17B681C60636A7D681BB9BD
:105BC00004F10C000EF0B3FB626A05F1A803C5F8FE
:105BD000A820A26A636202B9A36217227B685A8571
:105BE0005A830433C8F80030A0E700BF4C180020E7
:105BF000FFB40300EC7003000800000008800120DF
:105C00006818002024B50300E816002008B5437B7F
:105C1000072B06D002210C4A0C480CF07CFB00201C
:105C200008BD04210CF04BFB10B9094A0121F3E730
:105C300000F15003D3E8AF3FDB0701D4054AF5E795
:105C400050F8040CECE700BF49B50300EC7003000A
:105C500057B5030099B303002DE9F04F85B000AFAD
:105C6000B860EFF31188402383F31288BFF36F8F7E
:105C7000574C20460CF02DFB2668054688F311880A
:105C8000BFF36F8F00285ED0FBF7E8F8182202FB05
:105C900000F35049C81851F803A003690021D0E966
:105CA0000248FB6090F80490B0F806B010F0B1FB29
:105CB000A87AFBF7CBF86969034659B16A7AD0072D
:105CC00006D45A6A284612687B60926890477B68BF
:105CD00000226A61294618460EF040FBB9F1000F18
:105CE0000DD064B1236853B11B6843B1BAF1000F02
:105CF0002DD001215346384A38480BF091FA16B39B
:105D00000020B9680EF0E6FB00281CDA6C468AB069
:105D10006A46334B5361334BC2E906304FF400738C
:105D20001384314B42F8103F00234FF411512B489C
:105D3000F8F74AFF0023A54683F31188BFF36F8F5E
:105D40000323184602DF1437BD46BDE8F08F201D3F
:105D50000CF0DDFD4846FFF74DF80528CFD801A32C
:105D600053F820F0A95D02007D5D0200FF5C020097
:105D7000A95D0200FF5C02007D5D020004F1540396
:105D8000D3E8AF3FDA0705D40121184A13480CF0D5
:105D9000C2FAB4E7A36D002BB1D00023144A04F17A
:105DA000780006F01BFAAAE754F8543B1D68D4E8C3
:105DB000AF3FDB07E8D5B8F1000FA0D0002403E027
:105DC0002846F968C0470134A3B25B45F8D396E78B
:105DD000B87F0120C07F012072B50300EC70030082
:105DE00091B5030048B603000400000199B3030015
:105DF0001C4E0E00F8B50F461646FFF707FFB0B170
:105E0000446A20461CB150F8A84904B1A83C731C50
:105E1000194638B1428D458BAA4228BF2A469A427C
:105E200007D264B902210A4A0A480BF0F9F90020A6
:105E3000F8BD32463946BDE8F840FFF77BB9D4F8E3
:105E4000A85005B1A83D20460B462C46E2E700BF0E
:105E5000ACB50300EC70030007B50B460021024609
:105E600010F06AFB01910F4909580F4800688842F9
:105E700004D00E48D0F89000884201D10022134689
:105E800001A90B4805F0D0FD014648B9019B1C2231
:105E9000184610F0BEFA0346184603B05DF804FB3E
:105EA0000023F9E70800000008800120E8590020DD
:105EB0008418002010B50446806818B1FBF76EF80E
:105EC0000023A3602146BDE8104001480EF053B9FD
:105ED000841800202DE9F347044678300E46174613
:105EE0001D460EF043FBA06D58B918480221184A10
:105EF0000CF011FA204600F0D9F8002002B0BDE8FD
:105F0000F087144B4FF00008984205D12068C4F880
:105F100058800CF02DFDF0E7D0F80490C0F8048014
:105F2000A06DD0F818A0FFF7C5FF2068C4F858800E
:105F30000CF01EFDB9F1000FDFD02068CDF800A0F5
:105F40003B46324629460068C847D6E7EC70030056
:105F5000C7B503000C80012070B5054650F8043C1D
:105F6000044655F80469002B3AD039B1436D002B33
:105F700036D01B7CDA0733D505231BE0304601F011
:105F800041F8737A012B2BD0646D4CB3237CDB0773
:105F900026D5E368002BEFD028466269617CFFF7C5
:105FA000C9F8064668B9637C01210E4A0E480BF019
:105FB00037F90E2300222846BDE870401146FFF74E
:105FC00089BFE368D4E90512984718B13046FAF75B
:105FD000E5FFEEE731462846FEF746FF0028F5D1FB
:105FE00070BD00BFDEB50300EC700300F7B550F8DC
:105FF000044C0546002C55D000F1A40104F1240006
:106000000CF06BFB2E1F05F15807002200233846C9
:1060100005F000FE024658BB6B6D2BB101466FF0D8
:1060200067033046FFF756FF002345F8043C05F1AF
:106030005003D3E8EF1F21F00101C3E8E21F002A5B
:10604000F7D1636A73BB04F10C06002200233046CB
:1060500005F0E0FD78B9666886B9214612482660E9
:106060000EF089F8286803B0BDE8F04000F0DEBF0C
:10607000FAF794FFC9E7FAF791FFE6E7A2683368F9
:106080009642636008BFA36077683FB1B3696FF061
:1060900067010093002320681A46B8473046FFF78F
:1060A00009FFD8E703B0F0BD4C18002030B5054615
:1060B000044655F8043B89B018680BF0EBFF6946BD
:1060C000FEF7A0FF2846FFF791FF132160680BF051
:1060D0004FFF034620B10121024A03480BF0A0F80C
:1060E00009B030BDFEB50300EC700300B0B588B058
:1060F000044654F8783D00AF18680BF0CBFF3946E2
:10610000FEF780FF6D4688B06A460B4BC2E9053743
:106110004FF400739383094B42F8103F00234FF470
:10612000E2510748F8F750FD2046AD46FFF7BEFFA5
:106130002037BD46B0BD00BF1CB603000300000100
:10614000EC700300F8B51D460F461646FAF786FEBA
:106150001823044C03FB00400123C0E90376C380ED
:106160000575F8BDC07F012008B50EF0A1FE38B15D
:1061700001210346034A04480BF052F86FF0040073
:1061800008BD00BF6BB603002471030070B506465E
:10619000134D40B12A4615F8011C6C1E0BF05AFF36
:1061A00098B120460CE028460E490CF03AFD40B963
:1061B0000C4905F110000CF034FD20B105F10F0081
:1061C00070BD681EFCE70020FAE73046217C04F130
:1061D00011020BF03FFF0028F5D004F11000EFE7AB
:1061E00041800120E0A0030070B50D4C05462378E6
:1061F0000E46834203D1601C0CF013FD60B9237B73
:10620000AB420BD1314607480CF00BFD18B1012011
:106210000C2303FB004070BD0020F9E70020FAE7E3
:10622000BE880120CB88012038B54A1C0C460546A3
:1062300068B910460D490CF0F4FC30B90B4904F173
:106240000B000CF0EEFC70B10A3420460CE009782B
:106250000BF000FF0028F8D12846A17A04F10B02C8
:106260000BF0F8FEEFE7002038BD00BFE0A0030010
:106270001FB519464FF428131046064ACDE90223EC
:106280000823BDF8182000936B440CF008FD05B0FE
:106290005DF804FB18002800024608B507490130E4
:1062A0000CF0D2FC00230C3202F8043CD2E8EF1FC1
:1062B000C2E8E03F0028F9D108BD00BFE0A003001C
:1062C0002DE9F04180460F4616461D46FFF78CFF2C
:1062D000044680B90F49FFF787FF044630B9BDE88F
:1062E000F04101210C4A0D480AF091BF394600F8EF
:1062F000018B0CF0A9FC228963891AB92BB926817C
:10630000658104E0964238BF26819D42F8D8BDE8F9
:10631000F08100BFE0A0030081B6030024710300F8
:106320002DE9F047284B1646826807469A422BD142
:10633000C568AB8A43B34FF000086C1C05F1150922
:10634000B4F807309BB12246304614F8011C0BF01C
:1063500081FEE0B9214614F8010CFEF7E9F830B1EE
:10636000437B072B08BF4FF00108FDF7BBFC0A3445
:106370004C45E5D1B8F1000F06D1AB69A5F8148002
:1063800013B14146384698470120BDE8F08706F131
:10639000700A5146307A0BF097FB78B90B4B9D424F
:1063A00002D130460CF008FD204609490CF04CFCA7
:1063B000002304F8013CA4F80730D8E751462046F2
:1063C0000CF042FCD3E700BFD56302003817002071
:1063D000E0A003002DE9F8431E46BDF820308146B9
:1063E0000F46D1F80C80002B45D1731E012B45D8E8
:1063F000012E4146157818BF1588FFF715FF044692
:10640000C0B915B93046BDE8F8834146FFF70CFF27
:10641000044638B91B4802211B4A0AF0F8FE6FF007
:106420001000F0E709F1700101300CF00DFC99F853
:1064300008302370D8F81C308BB92581B8F8143097
:10644000AB4203D0414638460CF005FC002DD9D1B3
:106450000E49601C0CF0F8FB25702581D2E72A4616
:106460003946484698470028CDDB01380128E4D951
:106470006FF00D00C7E76FF00600C4E76FF00C0087
:10648000C1E700BF24710300A0B60300E0A0030031
:106490002DE9F0411F46BDF818300646012B904605
:1064A00034D83B44012B3D4633DCFFF76FFE0446F6
:1064B00068B9FFF76BFE044648B90221184A19482B
:1064C0000AF0A5FE6FF010052846BDE8F08197B1EF
:1064D0000023217A98F8002021FA03F0C70703D59A
:1064E00022FA03F0C00717D50133032BF4D102F0D1
:1064F000070211432172601C06F170010CF0A4FB2D
:10650000337A204623700CF082FCDDE76FF006053D
:10651000DAE76FF00C05D7E76FF01205D4E700BF9C
:10652000BAB603002471030010B504461048D0E841
:10653000EF3F23F00203C0E8E23F002AF7D1D0E8A2
:10654000AF3FDA0704D500220023303805F046FEBD
:1065500020460CF0D3FA50B12046FFF717FE30B1B9
:10656000037ADB0703D5BDE810400CF050BC10BD2A
:10657000A0380020012110B514480CF05AFBC307C5
:1065800023D4022111480CF054FB084007D11049D4
:10659000104A0B88104CA24211D300B10B800F4956
:1065A0000F480DF0D7FF40F2391200230C48FAF7DC
:1065B000F7FDBDE810400B490B480DF0CBBF50680C
:1065C000083203449BB20120E5E710BD6080012042
:1065D000D6880120C4700300DC7003003D6802000F
:1065E000F8370020DD6B02007038002003462DE9EB
:1065F000F04148B1008A38B901244FF0140C114918
:10660000DFF844E0714501D3BDE8F081D1E90076BF
:10661000BB4204D30CFB0672143A93420ED93444A5
:10662000A2B214460831EDE70CFB0578434507D0CC
:1066300001356219B54292B2F6D1F2E70025F8E7CA
:106640001046E1E7C4700300DC7003002DE9F74F4A
:1066500099464FF6FF73BDF830500746002D08BF2E
:106660001D46244B90461B88009183423CD203B0C8
:10667000BDE8F08F73682344BB4232D29CB2083627
:106680001D4B9E42F6D3F2E74046895801930BF02A
:10669000B0F8019B90B101340AF1010AA4B2736809
:1066A0005345ECD9009B9C42E1D8BC423168F2D3FF
:1066B0000BFB0AF28B18B8F1000FE5D1B9F1000F0E
:1066C0000BD1013D1846ADB221460E9A0D9B98475D
:1066D000002DCCD00028DED1C9E7DA689145DAD1A7
:1066E000EFE74FF0000ADAE701244FF0140B034EF6
:1066F000C6E700BFD6880120DC700300C470030029
:10670000002110B5E4B0182205A8CDE90011CDE9AB
:1067100002110FF07EFE4FF41053ADF810308023BD
:106720001022ADF812304FF48063234C6946CDE956
:1067300006340DEB020062AB07F034F9034630B1CA
:106740001E4A01211E480AF06BFD64B010BD0146CF
:106750004FF4AE720BA80FF05CFE224662990BA8B4
:106760000EF0A3FB034608B1164AEAE74FF6FF71A5
:106770000120154A0BAB0CF0CAFB1022134904ABE5
:106780000BA80EF0A9FB0446629807F0BBF814B101
:106790000F4A2346D5E721460C4B03F11002187827
:1067A00012F8014D0131082903F8014B1070F6D1A0
:1067B00008480CF03EFAC8E70002C003E6B6030042
:1067C000247103000FB703007D2B0300E83700207E
:1067D0002DB70300A03800202DE9F04114490646EA
:1067E000A1F1300014461D46BDF818700DF0D1FE21
:1067F000104BD3E8AF3F190701D4FFF781FF3046B4
:10680000FFF7C4FC50B1037ADA0707D50C30D0E8A3
:10681000AF3FDB0702D402210CF00BFA10233A46FB
:10682000069329462046BDE8F041034B0CF037BAE9
:1068300028380020A0380020E8370020034BD3E898
:10684000AF3F1B0701D4FFF75BBF7047A0380020A4
:10685000002307B50193FFF7C9FE411C89B2084622
:10686000034A01AB0CF053FB019803B05DF804FB45
:10687000412B0300002370B586B006460C46154632
:106880000593FFF7B3FEA0B14FF6FF7124B10319D2
:106890008B42A8BF0B4699B205AB0293074B2A4621
:1068A0000193012300930023FFF7D0FE059806B063
:1068B00070BD002EFBD14FF6FF71EDE7412B0300B9
:1068C0002DE9F04387B0437B8046072B0C461646E4
:1068D00002AF40F0A58000233B7342F6030320681B
:1068E000FB8107F10C010AF084FF0546002834D132
:1068F000D4F80490B9F1000F05D101214B4A4C485E
:106900000AF085FC8CE001232146009007F1080283
:10691000C847031E11DA6E4688B002AAD361042369
:106920004449C2E9051442F8103F4FF401512B4687
:106930003F48F8F749F9B54672E0012B05D001212F
:106940003D4A3B480AF06CFC6AE03B7A13F0300F9A
:1069500066D02046FFF77CFF0446002320683B7387
:1069600042F6021307F10C01FB810AF042FF18B155
:106970002046FFF76DFF0446002542F60219206805
:1069800039463D70A7F802900AF033FF10BB002390
:1069900020683B7342F6021307F10C01FB810AF0F9
:1069A00028FF054600283BD1D4F80490B9F1000F28
:1069B000A3D0022300902146404607F10C02C847AD
:1069C000031EA8DB022BBAD1BB891E4214BF0120D3
:1069D000002026E042F603032068391D3D71FB804C
:1069E0000AF007FF0028D2D04FF42053206807F1A7
:1069F00008013D727B810AF0FCFE0028C7D042F6F8
:106A00000103206807F10C013D73FB810AF0F1FEE0
:106A10000028BCD02046FFF71BFF04460028AED15B
:106A200000201437BD46BDE8F08300BF43B7030024
:106A30002471030057B703007DB703002DE9F84325
:106A4000154689469422696806460CF06DFA804620
:106A5000002841D1022230466968FFF731FF002843
:106A60003DD000211F48AF8AFFF7F6F902370446F0
:106A700080B11D211C4B47613A464174C0F80C801F
:106A8000436085613046FFF7B5F9074638B92046BF
:106A9000FFF710FA6FF00B052846BDE8F8830123D5
:106AA00042464146FFF74EFBA98A07F10C0002312E
:106AB0000AF009FE20F8029BAA8A29690FF09CFCC3
:106AC00021463046A7600BF0FCFF05460028E3D0C6
:106AD0002046FFF7EFF9DFE74FF0FF35DCE76FF017
:106AE0001505D9E71C4E0E00472B030030B50446B0
:106AF0000D468BB0364BD3E8AF3F5A0761D510B186
:106B0000437B072B60D168680590FFF76FFD2A680B
:106B1000ADF818003AB305A902912E49002301915E
:106B2000012100914FF6FF710593FFF78FFD059B43
:106B30001BB96FF001000BB030BD6B60059B04A961
:106B4000186800238DF8103042F60303ADF81230B8
:106B50000AF04FFE70B90598C3689B799B0605D46F
:106B60006FF01500E7E70028E8D1E2E70CF088F9BC
:106B7000ADF81800BDF818003CB1012301462A46C3
:106B80002046AB75FFF75AFFD5E76FF07F030793F9
:106B90000223ADF8203042F60213ADF8123005ABF7
:106BA000AC7502930C4B4FF6FF710193012304AABD
:106BB0000093234609958DF81040FFF747FD07988D
:106BC000B9E76FF00A00B6E76FF07F00B3E700BFE8
:106BD0000C130020752B0300516E0200034613B501
:106BE00050F8082CA0F12001019200F13004D4E803
:106BF000EF2F22F00102C4E8E02F0028F7D10D4A60
:106C0000002043F81C2C0C4A23F8080C43F8182CDD
:106C100001AA43F8102C042223F8060C23F80C2CAC
:106C2000FFF764FF18B9022120460CF002F802B009
:106C300010BD00BFDC7C0300296502002DE9F84F80
:106C4000904614683F4B826805469A4200AF75D162
:106C5000D0F80C9009F1010609F1150AB6F80730D1
:106C6000F3B13246204616F8011C0BF0F3F9B8B127
:106C70004FF49572294620460CF056F930B303289C
:106C800012D1EB4688B06A462F4BC2E9053542F86F
:106C9000100F00234FF4C4512C48F7F795FFDD4641
:106CA0000A365645DAD149E0052820460CBF4FF098
:106CB000030B4FF0020B0BF0C7F9834506D998F888
:106CC00004305B45ECD288F804B0E9E74946284631
:106CD0000BF0C1FF1E4B994530D1207A04F17001B1
:106CE000FFF782FA054648B303890BB943892BB3F2
:106CF0002046FDF73BF92B89164A698922F8203096
:106D000002EB8003598018231349144D03FB001331
:106D100000B202EB80021A61042200EB40005D60C9
:106D20000F4D01EBC00120469D609A82FFF7DEFE09
:106D300020B101210B4A05480AF069FA0120BD463D
:106D4000BDE8F88FD563020096B7030024710300F5
:106D500038170020BA88012028800120DC7C03003D
:106D6000172E0300AAB7030030B504460D468BB0BA
:106D7000344BD3E8AF3F5A075DD510B1437B072BA7
:106D80005CD168680590FFF731FC2A68ADF81800FF
:106D90003AB305A902912C490023019101210091E8
:106DA0004FF6FF710593FFF751FC059B1BB96FF080
:106DB00001000BB030BD6B60059B04A9186800236F
:106DC0008DF8103042F60303ADF812300AF011FDD1
:106DD00070B90598C3689B79DB0605D46FF0150080
:106DE000E7E70028E8D1E2E70CF04AF8ADF8180030
:106DF000BDF818002CB101462A4620460CF0CFF809
:106E0000D7E76FF07F0342F6021207930123ADF834
:106E1000122005AA02920D4AADF82030CDE90032C9
:106E20004FF6FF71234604AA09958DF81040FFF72D
:106E30000DFC0798BDE76FF00A00BAE76FF07F001E
:106E4000B7E700BF0C130020752B0300516E020042
:106E50002DE9F84F1446444B826881469A4236D158
:106E6000D0F80CA0414B9A4519D10026404D414F16
:106E7000394628460BF0D5FE78B90722294615F881
:106E8000010CFDF7A7FB38BB236929461A6915F8E1
:106E9000010C53881288FFF713FA0C35D6B10AF1AA
:106EA00001070AF1150BB7F80720A3899A420BD105
:106EB000394617F8010CFDF73BFB054620B1437B33
:106EC000072B0CD0FCF70EFF0A375F45EBD14FF0D4
:106ED000010846E00126CBE7FCF704FFDDE7DAF81E
:106EE000203023B14946984708B92846EAE794225A
:106EF000494628460CF018F880460028F5D1A389A9
:106F0000022B15D1B7F8073013F0020604D128463A
:106F1000FCF7E8FEA660D7E728462269A188FFF7BC
:106F20008DFD0646B8B92269937D01339375EEE76E
:106F3000012B05D02846FCF7D5FEC4F80880C3E72E
:106F4000B7F8073013F00106E1D028462269A1887E
:106F50000CF025F806462846FCF7C4FE002EA66075
:106F6000B2DA4046BDE8F88FD5630200381700203A
:106F7000BF880120E0A0030013B504460090012063
:106F80004FF6FF716B460C4A8DF804000BF0BFFF03
:106F900020460BF059F89DF80410884209D220468B
:106FA0000BF01DF8034620B10221044A04480AF000
:106FB00037F902B010BD00BF3D6C0200C7B7030037
:106FC00024710300F8B50E4B05461B680E461746A4
:106FD000A3B11C6804B1043C53F8043C1BB13A460D
:106FE0003146284698474CB1234664681B681CB15B
:106FF000043C002BF3D1F7E7002BF0D1F8BD00BF24
:107000006480012013B50446009001206B46064AB7
:107010004FF6FF718DF804000BF079FF0021204638
:107020000BF0F4FF02B010BD3D6C020070B50446D9
:1070300003464FF6FF7101200D4A0BF068FF204612
:10704000FFF7A4F8054688B104F170063146207AAE
:107050000AF03AFD20B92846BDE87040FFF71CB998
:107060003146681CBDE870400BF0EEBD70BD00BF3E
:107070002163020008B5054B014618460CF00BF8D9
:10708000043B002814BF1846002008BDAC3800207F
:10709000084B00F5B8701A68074BD0E8EF1F99420B
:1070A00004D1C0E8EC2FBCF1000FF6D1D0E8AF0F4F
:1070B000704700BF647F0120A838002008B5FFF7A3
:1070C000E7FF0346C8B1D0E9001221B9002A0CBF7E
:1070D0000320022010E032B1836813B9094B1B78FA
:1070E00033B9042008E00749087828B19B6833B910
:1070F000003A18BF0122500008BD0320FCE7012020
:10710000FAE700BF308A012008B50121024A03488E
:107110000BF0BFFF002008BDFBB703006471030044
:107120000023024A00F5A07005F058B81C4E0E006E
:107130000221024A02480BF0ACBF00BF16B80300A0
:107140006471030038B5002304461A46EC300D463E
:10715000FDF796FC58B1693004D10121064A074871
:107160000BF097FF2846BDE83840F9F717BF2046D7
:10717000BDE83840FFF7D4BFC6B303006471030015
:1071800038B50446051D082128460BF0D9FF0849EB
:1071900004F15700FCF796FB48B1082128460BF094
:1071A000B5FF04480121044A0BF073FF082038BDE5
:1071B0008F330300647103002FB8030038B5054610
:1071C000EC2200210FF025F9102105F1270003F032
:1071D000FFFB044648B9052128460BF0B1FFFCF738
:1071E00063FB034B1860204638BD0824FBE700BF53
:1071F0006C80012070B5051D0E46284604210BF059
:107200004AFF68B10022002100230846FDF71EFC5A
:10721000044638B9042128460BF092FF204670BD81
:10722000034AF0E701210C300AF04DFA0670F5E749
:107230001C4E0E0070B504460E4686B0FFF728FFC0
:1072400004F137021146F368054603F1100053F8C4
:10725000046B834241F8046BF9D1237A052B00F2C9
:107260009580DFE803F017232303936A02AB4B49B1
:107270000093096804F1270304F1570001F066FF49
:1072800058BB0A21201D0BF05BFFAB680299D4F8B4
:10729000EC00984720460D210BF052FF201D1021D5
:1072A0000BF04EFF20460BF05BFF20E094F8DC1063
:1072B000D4F8D83002ADCB40384903F00103009533
:1072C000096843F0800304F157000CF04DF930B128
:1072D0000121334A33480BF0DCFE082007E010227E
:1072E000294604F117000FF09CF810B1042006B0F5
:1072F00070BD032120460BF023FF0BF031FF002867
:10730000F5D194F8DC300133DBB2142B84F8DC3097
:1073100009D10D2120460BF013FF1021201D0BF089
:107320000FFF0020E3E7102104F1270003F050FBDA
:10733000003818BF0120C000D9E7102104F1270050
:1073400003F046FB0028C8D135B3EB6823B3164BD6
:10735000E27A1B88D207ADF80830A37C03F0010362
:1073600012D4002B14BF012303238DF8093000230E
:10737000201DC4E938330C210BF0E2FEEB68D4F891
:10738000EC0002A99847CCE75B00EEE70121074A31
:1073900004480BF0C6FEA0E70220A8E76C8001209D
:1073A00048B80300647103008477030061B80300E8
:1073B0002DE9F047044690B00CAD1022002128467C
:1073C0000FF027F8237A052B34D8DFE803F0060303
:1073D00003063323D4F8D8300C93D4F8EC3004F1FE
:1073E000470204F1C707CDE9017204F1370803F140
:1073F0007E0204F12709009241464A46773304F1A0
:10740000970001F03BFEF0B1454A012145480BF0E1
:1074100040FE14E0D4F8E430002BDED02E4603F119
:107420001007324618685968083303C2BB42164633
:10743000F7D1D2E701213C4A3A480BF072FE08200E
:1074400010B0BDE8F087D4F8EC3008AE03F1770255
:107450007E33019304F111030292009342462B46BE
:107460004946384603960CF0A4F808B12F4ACCE7F9
:10747000237A052B0ED1D4F8E01011B30B46AC469D
:1074800001F1100E624618685968083303C273454B
:107490009446F7D1D4F8EC300DF1100A03F17E02D6
:1074A0007733019304F10A03029200934A462B4674
:1074B00041463846CDF80CA00CF07BF830B11C4AA0
:1074C000A3E7102228460EF0A4FFE3E7102251465E
:1074D00004F1B7000EF0A5FFF8B90D212046FFF723
:1074E00089FE07460028AAD010210C300AF0EBF8DC
:1074F00032460346164603CEAE4218605960324605
:1075000003F10803F6D139462046FFF71BFE201D84
:1075100001210BF015FE002092E70B2090E700BF41
:107520007DB803006471030061B8030092B80300E2
:10753000B5B8030073B5047A0546022C23D844B1CC
:1075400090F8DC30D0F8D840DC4004F0010444F07E
:10755000800403212846FFF74DFE0646D8B11021CE
:107560000C300AF0B0F8009012482346006805F18C
:10757000270205F157010BF0F7FF044680B13046B2
:10758000F9F70CFD07E0032C08D0234601210A4A35
:107590000A480BF0C6FD082002B070BD0024D8E7F1
:1075A00031462846FFF7CEFD281D21460BF0AEFDE3
:1075B0002046F1E76C80012061B80300647103008C
:1075C00070B5061DCD6804460B2130460BF09EFDBC
:1075D0002B4604F1170205F1100153F8040B8B42FE
:1075E00042F8040BF9D1237A012B09D0022B13D1D5
:1075F000204604210BF0A4FDBDE87040FFF79ABFC0
:107600000A2130460BF047FD0028F1D0304600211A
:107610000BF096FD002070BD03480121034A0BF0DA
:1076200080FD0820F7E700BF6471030061B8030024
:10763000F7B50446FFF72CFD251D06460E2128460A
:107640000BF029FD70B94E4B2022196804F1570048
:107650000EF0E7FE30B902214A4A4B480BF019FD03
:10766000082033E00C212046FFF7C4FD0746002820
:10767000F6D040210C300AF026F8414B02461B6838
:10768000014603F1200053F804CB834241F804CBB8
:10769000F9D1203203F1200153F8040B8B4242F858
:1076A000040BF9D139462046FFF74CFD237A052B10
:1076B0005DD8DFE803F0033C0D035C59042120464C
:1076C0000BF03EFDFFF736FF00283FD003B0F0BDC2
:1076D0002046D4F8EC70FFF7DBFC04214FF0FF33B9
:1076E00006460DEB0100019303F072F90028B7D1B3
:1076F000019B264A84F8DC00B3FBF2F102FB113354
:107700000193C4F8D83056B1336843B10B212846F1
:107710000BF016FD38463368D4F8D810984703218B
:1077200020460BF00DFD0E210BF00AFD0EE0204669
:1077300003210BF005FD0E210BF002FD28460A2166
:107740000BF0FEFC7368D4F8EC009847284607213C
:107750000BF0F6FC0820FFF78DFC70B9204603B053
:10776000BDE8F040FFF70CBD04212046DCE7012115
:10777000074A05480BF0D5FC72E70020A6E700BFDA
:107780006C800120D9B803006471030040420F00EF
:1077900061B8030070B504460E4604F15705FFF7C3
:1077A00077FC2A46F36803F1200153F8040B8B425F
:1077B00042F8040BF9D104F1770203F1200153F8E8
:1077C000040B8B4242F8040BF9D12846FBF7D2FF99
:1077D00000B303211C4A1D480BF05BFC0E21201D49
:1077E0000BF0AEFCD4F8EC50D5F8A03033B9287AC1
:1077F00005F1700100F0AAFEC5F8A000D5F8A03090
:107800009BB15A8A02F024027AB15B7C9B070CD4AC
:10781000032070BD2846FBF7B9FF30B90B480221A1
:107820000B4A0BF036FC0B20F3E70A4B1D682DB911
:10783000201D06210BF084FC2846EAE72046BDE81F
:107840007040FFF7F5BE00BFF4B803006471030099
:1078500015B903006C80012038B504460D49A0F12C
:10786000EC0554300CF076FE28460BF0DCFC0A4A9E
:1078700004F18403D3E8EF1FC3E8E02F0028F9D117
:107880004FF0FF338834D4E8EF2FC4E8E13F0029FC
:10789000F9D138BDA9830200A838002080B500AF17
:1078A00088B06A46074BC2E90530032342F8103F0F
:1078B00000234FF4C2510448F7F786F96FF00B002C
:1078C000BD4680BD31B9030064710300054BD3F898
:1078D000EC200AB1FFF7E2BF0348EC3358601046D2
:1078E0000B607047A8380020E07D03002DE9F041CF
:1078F0000B46064600AF0D2104300BF0CCFB78B3ED
:10790000DD68D6F8EC30022003F170084246197A9F
:107910000BF0B7FD0446C8B94046F9F7E5FB6D46E4
:1079200088B06A46114BC2E905304FF40073938367
:107930000F4B42F8103F0F4823464FF4E251F7F740
:1079400043F90820AD46BD46BDE8F0812B462E34F4
:1079500005F1100253F8041B934244F8041BF9D1BB
:10796000304609210BF0ECFB0020ECE756B9030090
:10797000030000016471030038B5134B05461B7802
:10798000E3B101F00F042846FFF798FB0F4B0328E3
:107990001B780CBF04F00B0444F0040405F5BA7026
:1079A000D0E8EF2F013203D1C0E8E13F0029F7D141
:1079B000D0E8AF3F2BB144F0010038BD01F007041F
:1079C000E1E704F0FE00F8E7308A0120338A012065
:1079D000F8B50D460446D0F8EC60FFF759FBEF68A8
:1079E000FB78102B01D00620F8BDD6F8A0305BB193
:1079F000251D0F2128460BF04EFB80B92046FFF7CE
:107A0000DDFB60B1C0B2EFE7307A06F1700100F043
:107A10009DFDC6F8A0000028EAD10820E4E7012374
:107A200063723B682046C4F80A30BB88E3810223B6
:107A30002374B978FFF7A0FFE0742046FFF73EFB00
:107A40001023607423753B7903F0030363757B791E
:107A500003F00103A375E37C1A070CD5BB781B0761
:107A600009D5052128460BF06BFB637D03F002036B
:107A700063750023A375052128460BF00CFB002835
:107A800043D04C4B1B78A374E37C980606D5BB7897
:107A9000990603D5142128460BF052FBE37CDA0744
:107AA00035D5BB78DB0732D50D2128460BF048FBD6
:107AB000A37D032184F8E830637D284684F8E9300B
:107AC0000BF03EFB237BE17C3F7803EA01021007C9
:107AD00004D5E27AA07C0243D2071CD4042F1CD820
:107AE0000B4313F0040307D02046FFF7E7FA324BAD
:107AF00007EB87073B441B5C23722046D6F8A01097
:107B00000BF0CFFA58B903206EE72C4BBAE70023ED
:107B10006375A375CCE70523EEE70023ECE7D4F803
:107B2000EC309B7A032B36D024D8013B012B3FF657
:107B300074AF052128460BF0AEFA0028E3D00C21E3
:107B400020460BF0FDFA0221FFF754FB0546002802
:107B50003FF463AF06210C3009F0B5FDD4F81130C5
:107B600029460360B4F8153083802046FFF7EAFA0F
:107B7000002039E7042B7FF450AF237D627B9342D2
:107B800028BF1346102B7FF42EAF052128460BF09B
:107B900082FA0028B7D0237A002BB4D005212846DA
:107BA0000BF079FA0028C4D1237A013B012BC0D80D
:107BB000A9E700BF328A01206ABB0300318A012095
:107BC0002DE9F041C6780446012E04D06FF015046B
:107BD0002046BDE8F0810BF0A6FA0546002800F02B
:107BE000AB80071D042138460BF055FA002840F001
:107BF000A680032138460BF04EFA10B16FF00F0447
:107C0000E6E7314638460BF046FA0028F6D128461A
:107C1000FFF73EFAD5F8EC3006469B7A032B42D0AC
:107C200032D8013B012B48D90F21201D0BF033FA2C
:107C30000028CBD1D4F8A03083B904F170063246C5
:107C40002020217A00F0BAFCC4F8A00030B93246F6
:107C50000420217A00F0B2FCC4F8A000D4F8A030CF
:107C6000002BB3D05A8A12F0240FAFD0A17A022988
:107C700023D9587CC007A9D503291ED09206A5D5C3
:107C80001B7C102BA2D118E0042BCDD12846FFF786
:107C900015FA032804D1002EC6D0F368002BC3D0F8
:107CA000284B1B7807E02846FFF708FA032804D181
:107CB000002EB9D0F368002BB6D0D4F8A0303BB179
:107CC0002846FFF77BFA044670B16FF068047FE73F
:107CD000207A04F1700100F039FCC4F8A0000028FB
:107CE000EED16FF00B0473E70B212846FFF782FA01
:107CF00006460028E9D001210C3009F0E4FC0821F7
:107D000080462846FFF738FE2346224688F80000C2
:107D1000314605F1EC00FCF7B3FE044618B13046DD
:107D2000F9F73CF954E738460F210BF009FA012125
:107D300028460BF005FA4BE76FF07F0448E76FF039
:107D4000040445E7308A0120F8B5D0F8EC40064637
:107D5000D4F8A030051D002B33D102213D4A3E4806
:107D60000BF097F907213D4B5F5CD4F8A0304BB185
:107D70001B7C002B57D1D4F8A0000BF096FB0023FE
:107D8000C4F8A030022128460BF085F948B9072F26
:107D900094BF334B1F213A46204698BFD95DFCF76C
:107DA00073FB032128460BF076F938B32D4B1B6883
:107DB00023B31D6805B10C3D53F8083C002B3BD1A3
:107DC0003DE051BB0D2128460BF065F9254B0746D8
:107DD0001B689BB11D6805B10C3D53F80C3C13B1F9
:107DE0003946204698474DB12B46ED681B681DB1BA
:107DF0000C3D002BF4D1F7E7002BF1D130460BF00E
:107E000012FA637B072B24D1627AA37A9A4220D09C
:107E10002046BDE8F840FFF7D3BE0139C9B20E29AC
:107E2000A1D90927A1E7022128460BF034F900283F
:107E3000A1D1A7E70C3D23B1394620469847002D34
:107E4000DCD02B46ED685B68002DF3D1002BF3D11D
:107E5000D4E7F8BD70B90300647103005BBB030095
:107E60004ABB03005C7F0120F8B5031D06460F46A0
:107E7000184602210BF00FF9044620B1B6F8E8408D
:107E8000B4FA84F46409032118460BF004F980B1B4
:107E900039463046FFF758FFC4B1022119481A4A43
:107EA0000BF0F7F80521D6F8EC000AF061F8002095
:107EB000F8BD012118460BF0EEF80028E8D10F219B
:107EC00018460BF0E8F80028E2D1E5E70521304636
:107ED000FFF790F9054688B101210C3009F0F3FB5A
:107EE000234607702246294606F1EC00FCF7C8FD40
:107EF0000028DCD02846F9F751F8D8E76FF0680081
:107F0000D6E700BF647103009AB90300124B10B5A5
:107F1000044618604FF0FF324FF0FF330F4803F074
:107F2000B1FD0F4804F060F90C4803F023FE1CB9C2
:107F3000BDE81040FFF7FCB80A4B1C1FD3E8AF3F69
:107F40005B0607D52046FFF773FB014610B12046BC
:107F5000FFF78AFF10BD00BF6C800120741700205E
:107F600088170020AC3800202DE9F3410B8A044625
:107F70000E4643B901212D4A2D480BF08AF8002006
:107F800002B0BDE8F081012106F10C0009F0DCFB34
:107F9000A4F1EC05E83C0746042120460BF07BF8F1
:107FA0003B7828B1234A022121480BF0BAF8E6E7D2
:107FB0000E2B01D9204AF6E7DFF8808058F83320ED
:107FC0004AB902211E4A1A480BF0ABF8072128468D
:107FD000FFF74AFFD3E7194628460BF012F93B7822
:107FE00060B902211248174A0BF09BF80321204682
:107FF0000BF051F80028C2D00821E8E708EBC301D4
:10800000328A0979914208D0012100930848134629
:108010000D4A09F00FF90A21D9E73146284658F8E8
:108020003330984701460028A9D0D0E7F2B90300C1
:10803000647103000DBA03003EBA0300087E03001A
:1080400060BA03007ABA0300A2B403002DE9F04736
:1080500084B090F8E930D1F80C8023F0020380F866
:10806000E930D0F8EC6098F80030054600AF06F132
:108070007009BBB398F8063003F0C003C02B31D0B1
:108080004046F9F731F86E4688B06C464FF4007AF6
:1080900025465C4BDFF87081C4E90530A4F81CA0CC
:1080A00045F8108F00232A464FF4E2515748F6F75F
:1080B0008BFD4846B546F9F717F8A546544BA4F88A
:1080C0001CA0C4E90530C4F81080504800232A469B
:1080D0004FF4E251F6F778FD0A20B5461037BD4659
:1080E000BDE8F0870722414648460EF09AF968B18C
:1080F0004146307A00F0BEFA044638B101462846BF
:108100000AF0CFFF28B320460BF0CFF90D21281D30
:108110000AF0C1FF002863D04A460220317A0BF0F2
:10812000B0F90446B8B94846F8F7DEFF6D4688B0A6
:108130006A46384BC2E905304FF400739383324BE3
:1081400042F8103F4FF4E25123463048F6F73CFD29
:10815000AD460820C2E7F378002B3BD106F17E0341
:10816000187801282AD19A7902F0C002402A25D134
:10817000D3F80120C4F83E20B3F80530A4F842300B
:1081800096F87030D3B196F8763003F0C003C02B68
:1081900014D021493A1DC7E90198FC60FBF7A0FE05
:1081A000D8F800303046C4F80130B8F80430A4F8EC
:1081B000053098F80630E371FCF736F900212046C7
:1081C000FAF736FD48B111480221144A0AF061FF5E
:1081D000032083E706F17703C2E72046FAF73AFD6A
:1081E00095F8E9305B0703D50A2128460AF0A8FF75
:1081F000B5F8E81009B1002070E72846FFF7A4FDA4
:10820000F9E700BF95BA03000300000164710300A1
:1082100013BB030056B903005D320300A9BA030083
:108220002DE9F0410E460446D0F8EC80FEF730FF11
:10823000F6680121054633780F48104A271D0AF0D9
:1082400070FF0A2138460AF0DCFF38B16DB92046CC
:108250003178FFF779FD0020BDE8F0810B21384629
:108260000AF0CFFF0028F1D1F1E72B69002BEED007
:1082700040469847EBE700BF64710300E4BA03008F
:108280002DE9F8430546A0F1E8060446884600AF0C
:108290000121304655F8EC990AF0B3FF38B3B8F134
:1082A000000F19D0032130460AF0F5FEF8B1404620
:1082B000F9F744FD0138C0B208288CBF0024364BC2
:1082C0004FF0020198BF1C5C30460AF039FF21468E
:1082D0002846FFF739FD0AE099F80B303BB103213E
:1082E00030460AF0D8FE28B928460AF09CFFBD4661
:1082F000BDE8F883052130460AF0CDFEB8B114F888
:10830000043C1B0707D514F8033C180703D51121BB
:1083100030460AF015FF14F8043C23F0080304F873
:10832000043C14F8033C23F0080304F8033C14F85D
:10833000033CD90710D5062128460AF001FF304634
:1083400002210AF0FDFE2068D0F8A06066B134F882
:10835000041C0029CBD1BBE79A0701D50821EBE724
:108360005B07ECD50A21E7E77030F8F7BDFE6C46F5
:1083700088B06A46094BC2E905304FF40073938315
:10838000074B42F8103F4FF4E25133460548F6F7E9
:108390001BFCA546ABE700BF52BB030006BB0300B6
:1083A000030000016471030037B5A0F5A075A0F5C6
:1083B0009E74D4E8AF3FD5E8AF2F01210092074863
:1083C000074A08F037FF28460821FFF7BDFC0421C3
:1083D000204603B0BDE830400AF0B2BE647103002D
:1083E0001BBB03002DE9F84300AF04460AF09BFED7
:1083F000054670B3061D032130460AF04CFE40B31B
:10840000D4F8A00008B10BF050F804F17009494607
:10841000207A00F09BF88046C4F8A000E0B94846F6
:10842000F8F762FE6C4688B06A463E4BC2E90530FA
:108430004FF4007393833C4B42F8103F4FF4E251EA
:108440003A484346F6F7C0FB0821A5462846FFF701
:108450000BFDBD46BDE8F8830E2130460AF01BFE39
:1084600028B1D4F8A020537C43F0020353742B7A34
:10847000032B11D823B1052130460AF00CFEA0B918
:10848000D4F8A020537C23F020035374D4F8A02008
:10849000537C23F001030DE0053B012BF0D8D4F809
:1084A000A020537C43F020035374D4F8A020537CC5
:1084B00043F0010353742B7D697BD4F8A0208B42D9
:1084C00028BF0B463046137405210AF0E4FDD4F8AA
:1084D000A0305A7C10B342F010020D2130465A747D
:1084E0000AF0D9FD0028B4D02021D4F8A0000AF069
:1084F000D8FFD4F8A03005F147021E33573552F8A3
:10850000041BAA4243F8041BF9D10023D4F8A0208D
:1085100053619361D4F8A02093839AE722F010026C
:108520005A7496E756B90300030000016471030012
:10853000012208B5034B04481A70FBF76BF90020C1
:1085400008BD00BF308A012090170020F8B5114FF8
:1085500006463C4614F8013B0D46834204D10722EF
:1085600020460DF05EFF80B107220B490B480DF04D
:1085700058FF60B904F8016C2B682360AB88A380B6
:10858000AB79A37140F21123FB600248F8BD0020D3
:10859000FCE700BF70800120E0A003007180012093
:1085A00010B40B461146044A548A044202D01046C5
:1085B00010BC184710BC704770800120F8B50C4CF7
:1085C00007462046638A0D463B4011464FF00006A1
:1085D00010F8012B07D0954203D107220DF021FF9F
:1085E00018B1304600E01846F8BD2046FCE700BF51
:1085F00070800120F8B50B780646012B0C4601D09F
:108600000020F8BD8B7903F0C003402BF8D1164D44
:10861000002329466F8A11F83E2BBF0704F10100A1
:1086200006D5B24204D106220DF0FBFED0B10023E4
:108630006A8A297802F00202002BE1D1002ADFD0F9
:10864000B142DDD1671C3946084809F0BFF8012363
:108650000028EDD0D4F80130C5F83E30B4F805203C
:10866000034B9A800048CCE7708001209E80012057
:10867000AE80012010B5074C2378834208D1072231
:10868000601C0DF0CEFE00280CBF2046002010BD5F
:108690000020FCE77080012070B506460E4B1C6878
:1086A00074B959B1002200230C4808F0A6FF054612
:1086B00058B901210A4A0B480AF005FF204670BD4F
:1086C000238BB342FAD02468EAE7014606830248C6
:1086D00008F097FF2C46F1E7C8800120BC1A002063
:1086E00092BB03000C71030008B50121024A034844
:1086F0000AF0E9FE002008BDBBBB03000C710300BB
:1087000010B50368044633B9BDE810400221144A8D
:1087100014480AF0D8BE0020134A116829B9022172
:10872000124A10480AF0CFFE0AE08B4214D11968B1
:1087300060B950681160834200D1516000221A6014
:108740002068F8F72BFC0023236010BD01605168FE
:108750008B4208BF5060F1E708460968DEE700BFBA
:10876000F2BB03000C710300C88001201DBC030094
:1087700030B5038A8BB01E2B07D8574A01215748C2
:108780000BB0BDE830400AF09EBE1F210C3008F04F
:10879000DBFF0378044623B10221514A4F4808F019
:1087A0003FFD0121B4F80100FBF7BAFB054608B90B
:1087B0004C4AE3E72178002940F08C80E3788DF87B
:1087C00004306279237943EA0223ADF80630A379B5
:1087D0008DF80830E3798DF80930237A03F001022F
:1087E000C3F340038DF80B30637A8DF80A2003F051
:1087F00001038DF80C30E37A8DF81030237B8DF86F
:108800001130627B8DF81220E37A2BB1A37A03F04A
:108810000103C3F10203DBB28DF80D30237B2BB1D2
:10882000A37A13F0020F14BF012302238DF80E3038
:108830002AB1A37A13F0040F14BF012202228DF88B
:108840000F20E389002103F001038DF81330238A00
:10885000284603F001038DF81430A37CC3F34002D3
:10886000C3F380038DF815208DF81630B4F813305B
:1088700001AAC3F340038DF81730B4F81330C3F3E3
:1088800080038DF81830B4F81330C3F3C0038DF8AB
:108890001930B4F81530ADF81A30B4F81730ADF817
:1088A0001C30B4F81930ADF81E30B4F81B30ADF8F8
:1088B0002030637F8DF82230A37FADF824108DF82F
:1088C00023308DF82610FBF7CBFE2846FBF70AFA7B
:1088D0000BB030BD0022F6E73CBC03000C71030076
:1088E00055BC03008FBC030030B5038A8BB0212B2D
:1088F00007D8584A012158480BB0BDE830400AF06B
:10890000E2BD22210C3008F01FFF0378044623B19A
:108910000221524A504808F083FC0121B4F80100BA
:10892000FBF7FEFA054608B94D4AE3E7217839B16D
:108930000022FBF795FE2846FBF7D4F90BB030BDBB
:10894000E3788DF804306279237943EA0223ADF8A5
:108950000630A3798DF80830E3798DF80930237A51
:1089600003F00102C3F340038DF80B30637A8DF8F6
:108970000A2003F001038DF80C30E37A8DF81030F3
:10898000237B8DF81130627B8DF81220E37A2BB1B6
:10899000A37A03F00103C3F10203DBB28DF80D30BB
:1089A000237B2BB1A37A13F0020F14BF0123022300
:1089B0008DF80E302AB1A37A13F0040F14BF0122F0
:1089C00002228DF80F20E389002103F001038DF8C6
:1089D0001330238A284603F001038DF81430A37C5A
:1089E000C3F34002C3F380038DF815208DF81630D1
:1089F000B4F8133001AAC3F340038DF81730B4F86C
:108A00001330C3F380038DF81830B4F81330C3F378
:108A1000C0038DF81930B4F81530ADF81A30B4F839
:108A20001730ADF81C30B4F81930ADF81E30B4F87A
:108A30001B30ADF82030637F8DF82230A37F8DF896
:108A40002330B4F81F30ADF8243094F821308DF87D
:108A500026306EE73CBC03000C71030055BC0300DC
:108A60008FBC030037B5038A4A2B07D8154A01216A
:108A7000154803B0BDE830400AF025BD4B210C304D
:108A800008F062FE0378044623B102210F4A0E4823
:108A900008F0C6FB0121B4F80100FBF741FA0546D6
:108AA00008B90B4AE3E7217849B90334019401AAD4
:108AB000FBF7FEFD2846FBF715F903B030BD002299
:108AC000F6E700BF3CBC03000C710300D6BC0300FA
:108AD00006BD03002DE9F0434FF00008038A8BB078
:108AE0000E2B0546CDF8048007D8534A0121534880
:108AF0000BB0BDE8F0430AF0E6BC0F210C3008F0E3
:108B000023FE0788044601213846FBF709FA06468A
:108B100008B94B4AEAE7E37A012B45D0CDF8248027
:108B2000A37B002B35D105A9B4F805308B80B4F8B0
:108B30000730CB80A37A4B72E37A8B72237BC3F32B
:108B40000303CB72237BC3F303130B73637A0B72A0
:108B5000637B4B73A37B8B73E37A0F3B18BF4FF0A0
:108B6000FF33CB7300230B704B80A3780B70B4F8EA
:108B700003304B80E37A012B02D03046FBF754FEE2
:108B8000A37A012B1AD13046FBF7ACF80BB0BDE845
:108B9000F0830DF1080840462A8A04F10F0108F01D
:108BA00081FDCDF82480BEE794F80A80B8F1010F6A
:108BB00012D0244A022121480AF085FC3046FBF7F6
:108BC00091F800213846FFF767FD01900028DDD0BD
:108BD00001A8FFF795FDD9E7A37B0BB91A4AE9E78E
:108BE00041463846B5F81090FFF756FD054610B9D6
:108BF0004146164ADFE7038A23B10221144A0F488F
:108C00000AF061FC284605F10C0808F0F1FC40462A
:108C100008F0B6FD814508D9FFF766FD0028CDD0E4
:108C20000C490195C1F810807EE74A46404604F1A0
:108C30000F0108F04EFDF3E73CBC03000C7103008C
:108C400047BD030082BD0300D5BD030002BE030083
:108C500030BE0300B48001202DE9FF4100230393BF
:108C6000038A0746072B07D8464A0121464804B025
:108C7000BDE8F0410AF027BC08210C3008F064FD83
:108C8000B0F80080044601214046FBF749F906464A
:108C900008B93E4AE9E7E57905B13D8A0021404639
:108CA000FFF7FAFC074650B90121394A36480AF065
:108CB0000AFC304604B0BDE8F041FBF713B8038A64
:108CC00013B90221334AF1E755B100F10C084046CF
:108CD00008F056FD854249D9FFF706FD0028E8D087
:108CE000E3782D4D03976B7223796A7BAB726379BE
:108CF000C3F30303EB726379C3F303132B73A379F9
:108D0000934205D0022100921F48244A08F092FAAB
:108D10002279AB7B0F2A03D1EA7B9A4288BFEB739F
:108D2000E2791344AB732379012B0BD01A493046F7
:108D3000FBF77AFD384608F05BFC14220021164848
:108D40000DF067FBE378012BB3D02379012B14D10D
:108D50000221134A0C480AF0B6FB3046FAF7C2FF6C
:108D600003A8FFF7CDFC04B0BDE8F0812A464046D9
:108D700004F1080108F0ADFCB2E703A8FFF7C0FC5E
:108D800097E700BF3CBC03000C71030047BD030024
:108D90005CBE0300D5BE0300B480012008BF030001
:108DA00082BD030030B5038A89B0202B07D83E4A24
:108DB00001213E4809B0BDE830400AF084BB2121C2
:108DC0000C3008F0C1FC0378044623B10221384A74
:108DD000364808F025FA0121B4F80100FBF7A0F8A5
:108DE000054608B9334AE3E7217800295AD12379A7
:108DF000E1783BB9FBF7ACFC284609B0BDE8304050
:108E0000FAF770BFA2796379FF2A1CBF43EA021305
:108E1000DBB28DF80530E3798DF804108DF806305B
:108E2000237A00218DF80730637A01AA8DF8083083
:108E3000A37A8DF80930E37A8DF80A30237B8DF818
:108E40000B30637B8DF80C30237E8DF80D30637E04
:108E50008DF80E30A37E8DF80F30E37E8DF8103044
:108E6000237F8DF81130637F8DF81230A37F8DF84A
:108E70001330E37F8DF8143094F820308DF81530DE
:108E8000D4F80E30CDF81630D4F81230CDF81A30B0
:108E9000E38AADF81E30FBF733FC2846FAF722FFD1
:108EA00009B030BD0022F6E73CBC03000C710300A2
:108EB00067BF030088BF030038B5038A022B06D8BA
:108EC000114A0121BDE8384010480AF0FCBA0321DC
:108ED0000C3008F039FC0378044623B102210C4A17
:108EE0000A4808F09DF90121B4F80100FBF718F8D1
:108EF000054608B9074AE4E72178FBF74BFC28460A
:108F0000BDE83840FAF7EEBE3CBC03000C7103002C
:108F1000C9BF0300F3BF030030B5038A87B0142B29
:108F200007D8314A0121314807B0BDE830400AF086
:108F3000CABA15210C3008F007FC0378044623B1A7
:108F400002212B4A294808F06BF90121B4F80100ED
:108F5000FAF7E6FF054608B9264AE3E7217961B941
:108F60000088FFF799FB019038B120480221224A7E
:108F70000AF0A9FA01A8FFF7C3FB217889BBE378BF
:108F80008DF8043023798DF8053063798DF806303B
:108F9000A3798DF80730627AB4F8073043EA0243C8
:108FA0000293A37A01AA8DF80C30B4F80B30ADF817
:108FB0000E30B4F80D30ADF81030B4F80F30ADF815
:108FC0001230B4F81130ADF81430B4F81330ADF8F5
:108FD00016302846FBF700FC2846FAF783FE07B058
:108FE00030BD0022F5E700BF3CBC03000C7103005C
:108FF00038C0030063C00300A9C0030073B50D4669
:1090000016460446B8B90321184A194802B0BDE80B
:1090100070400AF058BA23680193A388834201D2B2
:10902000144A1DE031466846A847E8B120469DF83D
:10903000021008F081FBA388012B15D9204608F007
:109040008BFB8DF80000204608F086FB8DF80100B0
:10905000204608F081FB8DF802000028DBD1064A8B
:10906000022103480AF02FFA02B070BDD4C00300F9
:109070000C71030017C10300F4C003002DE9F04791
:109080009AB01646DDE923970CAA84468A46904694
:109090001D462C4B03F1300E1446186859680833EE
:1090A00003C473452246F7D118681B7961462060D6
:1090B0002371202204A80AF03FFA6B46202222489E
:1090C00004A900F071F80446C0BB102251460DF10E
:1090D00035000AF031FA102231460DF145000AF050
:1090E0002BFA294611F8013B06220DF156008DF8A6
:1090F00055300AF021FA2299062211F8013B0DF1B0
:109100005D008DF85C300AF017FA4B463522414677
:10911000684600F049F8044680B948460AF016FA55
:10912000012335228DF8303041463B46684600F039
:109130003BF8044610B938460AF008FA20461AB03F
:10914000BDE8F087867703003AC1030070B50E468C
:109150001D46144698B00146202204A80AF0ECF9F6
:10916000202231460CA80AF0E7F91022294614A85B
:109170000AF0E2F91022214668460AF0DDF96B4652
:109180005022184604A900F00FF840B9039B054A85
:109190001BBAB3FBF2F102FB11331C9A136018B037
:1091A00070BD00BF40420F002DE9F0418EB0074670
:1091B0000C4615460021182208A81E460DF029F974
:1091C0004FF41053ADF81C308023ADF81E304FF42F
:1091D0004063DFF854801022CDE90938394605ABE9
:1091E00007A804F0DFFB034648B1104A10480121EC
:1091F00008F016F86FF004000EB0BDE8F08106AB81
:109200000293102322464146CDE9006305982B4680
:109210000BF099FE0446059804F074FB2043EBD054
:10922000044A2346E2E700BF0002C00354C1030022
:109230000471030070C103000122024BC3F804242F
:10924000704700BF002008E0084B70B5C31A0D46F8
:1092500007499B1004465943402206480AF002FA87
:109260002B4601462046BDE870401847E4800120A7
:10927000B76DDBB61C660300402373B50B4C00933F
:10928000041B0B460D460A49A41061430646094AD1
:1092900009480AF012FA011E05DA30462B4602B0E0
:1092A000BDE87040184702B070BD00BFE4800120E7
:1092B000B76DDBB6233703001C660300F8B5002248
:1092C0000121054640F20510F7F77CFA0F4801F03E
:1092D00055FC0446B8B90AF05BFC2F690C493846C6
:1092E00007F05DFE031E09DB01263E642D69084977
:1092F00005F11C0007F053FE031E02DA1C4620464F
:10930000F8BDEE64FBE76FF00404F8E7499402004F
:10931000947E03007FB500220123CDE9022304AB34
:10932000CDE90433094A6B46CDF800D0CDF804D01E
:109330000AF0F0F9002805DB43F6095200236846DD
:1093400002F0D4FC07B05DF804FB00BF3537030022
:1093500010B5EFF31184402383F31288BFF36F8FAE
:10936000074A136823F00201DB07116002D40120D1
:109370000AF008FC84F31188BFF36F8F10BD00BFA3
:10938000348101200C22104B014602FB00330020E7
:1093900030B4D3E90E529863EFF31180402484F384
:1093A0001288BFF36F8F1C6C04F0C00444F00204F9
:1093B0001C6480F31188BFF36F8F1DB12B4630BC46
:1093C0000248184730BC7047E48001201C66030047
:1093D00010B4EFF31182402383F31288BFF36F8F31
:1093E0001648016841F002040460C80707D482F3FC
:1093F0001188BFF36F8F012010BC01F0AFBB104983
:10940000D1F80C14C903F2D5EFF3118083F312885D
:10941000BFF36F8F0B490B6C03F0C00343F00203E3
:109420000B6480F31188BFF36F8F82F31188BFF351
:109430006F8F002010BCFFF7A5BF00BF3481012053
:1094400000E01050E4800120022808D0042808D150
:10945000044B186C10F0070003D1FFF793BF0120F5
:10946000FBE77047E48001202DE9F0410122074627
:109470003449D1E8EF3FC1E8E02F0028F9D133B9F2
:10948000314932484B60CB608A6007F09BFD7B1E00
:10949000012B28D8012F06D12D4BD3F8503403F0DF
:1094A0000303012B1FD00BF0B1F80546E8B9294B97
:1094B0001B78D3B104220646254BC3F80823244C5D
:1094C000DFF89480D4F84C24D4F84C34D20315D56A
:1094D00003F00303012B01D0012F0FD165B386F3F5
:1094E0001188BFF36F8FBDE8F081EFF31186402341
:1094F00083F31288BFF36F8F0125E0E7BDB13046DB
:1095000008F036F8D4F8403413F0FF03DAD1D4F879
:109510000821002AD6D0C4F80831D4F80831202216
:109520000123C4F84034C8F8A0212361CAE7002110
:1095300020200BF028F9E5E70422054BC3F80423AB
:10954000D1E700BFE0800120D08001200081012010
:1095500000E010503C8E012000E100E008B5074813
:109560000AF0B8FD38B10648F7F728FC0448F4F7CC
:1095700063FF002008BD6FF01200FBE7A866030040
:10958000859502000A2838B50446074D04D1AB681A
:109590000D2128465B689847AB6803485B68E1B2D9
:1095A0009847204638BD00BFA86603002DE9F04368
:1095B00040F206354768D00648BF4FF0030C3B7CAD
:1095C00002EA050558BFC2F3401C87B001F01F0630
:1095D000B5F5837F144646EA43168DF803C046D09E
:1095E0000DD8062D45D005D8A5B1022D12D06FF0AB
:1095F000150039E0B5F5807FF9D101250AE040F288
:109600000222954237D0B5F5407F36D0B5F5007FC0
:10961000EDD104250123220303FA01F12FD57B6844
:109620005960B86880BB5F2E06F01F034FEA5611E1
:1096300073D83C4A52F8212084F4803102EB830233
:10964000D2F88030C1F30041C4F3404423F4706386
:1096500044EA410423F00F031C4344EA8C0444EA27
:109660000524C2F88040002007B0BDE8F08309253A
:10967000D0E70825CEE70625CCE70525CAE7630332
:1096800044BF7B689960CCE731460DF102020AF0D5
:1096900081FC14F4403F80460CD13146B8680AF092
:1096A00092FCB8F1000FDED19DF80210B86801F00D
:1096B00065FCD8E74FF0000901ABCDE90199CDE990
:1096C0000439CDF80C903146B86803AA0AF0A6FB1D
:1096D0004845C8DB14F4003314D09DF8033084F4FB
:1096E0008034C4F300448DF80E308DF80C508DF8A2
:1096F0000D404B463146B86803AA01F08DFB0028A7
:10970000CFDAB0E7CDE904330DF10303039331461B
:10971000B86803AA0AF082FBF1E7203350F823303F
:10972000FFDE00BFB87E03004209022A034670B57F
:1097300003D0012A18D0CAB170BD0E4E32695168EB
:109740000029F9D0012503F01F030C689D40002972
:10975000F2D08A682A4002D030464B6898473CB124
:10976000236821461C46F2E7034EE7E7034EE5E790
:109770002346F6E77066030054660300386603006C
:1097800038B54568A868C0B10AF017FC0146A0B911
:10979000A86801F0BBFB044688B902460949A868DD
:1097A0000AF0F5FB22460121DB20F7F70BF82246F1
:1097B000012140F20D10F7F705F8002038BD6FF0D9
:1097C0000400FBE729970200F0B544681646A0683C
:1097D000227C01F01F0587B045EA421500286CD0B5
:1097E000B6F5001F04D129460AF041FC002055E0DF
:1097F0006268607CB6F5800F50624FF0000001AAED
:109800000190506039D1B3F1007F14BF05230423C8
:109810008DF804300023CDE904230393E3680DF1B0
:10982000030723FA01F111F0010139D1B6F1A07F4C
:1098300036D105F01F035F2D4FEA551003F12003C9
:109840003ED8214A52F8202052F82330DB0727D493
:109850003A462946A0680AF09DFB163018D00297B8
:109860002946A06803AA0AF0D9FA002816DB0122CB
:109870002946A0680AF0A9FBB8E7B3F1C06F05D08C
:10988000B3F1007F14BF01230223C1E70323BFE725
:109890003946A06801F07CFB0028E0DA07B0F0BD93
:1098A0003A462946A0680AF075FB0028D8D19DF8F1
:1098B0000310A06801F062FBD2E76FF08500EDE7CE
:1098C00051F82330FFDE00BFB87E0300036803F0C9
:1098D0001F025F2B02604FEA53129ABF024B53F8EC
:1098E00022000020704700BF007F03002DE9F04FE9
:1098F0001546074640F2FF19DFF868A1DFF868B1A6
:1099000085B000EB8101B94203D1002005B0BDE86C
:10991000F08F3A68C2F3C323082BC2F3080400F2A5
:109920009E804C4508BF4FF0FF34B2F1D05F1AF86B
:1099300003804FEA126310D2192B12D8DFE803F02C
:1099400014226461292F61111111111111111111CA
:1099500011111111111167717477382B6AD04E2BC8
:1099600052D06FF08500D1E7C5F80446601C14D0D2
:10997000012603A80394FFF7A9FF039B06FA03F34C
:10998000436004E0C5F80C46621C06D0002632464F
:1099900013E0631CC5F800465FD10437B3E7661CCB
:1099A000C5F80446F9D0012603A80394FFF78EFFFB
:1099B0000122039B02FA03F383603B68039403F4E0
:1099C0000040002818BF002203A818BF01260193F9
:1099D0000092FFF77BFF039C019B00EB8400D0F813
:1099E0008040C3F3412C009A4FEA082343EA8C03DA
:1099F000134304EA0B04234343EA4603C0F88030D0
:109A0000CBE7C5F80846BFE7C5F81046AEE7C5F88E
:109A10006045621C3B68C0D0C3F30043002BC2D03A
:109A2000A6E7C5F86445F4E7C5F86845F1E7C5F869
:109A30006C45EEE703A80394FFF748FF039B00EB98
:109A40008300D0F8803023F0E04343F08043C0F837
:109A50008030631CA1D0012699E70026A4E76FF0AF
:109A6000150053E7E5C10300F0F0FCFF2DE9F041DC
:109A700004460D4647680AF0C9FD88B14021EFF35E
:109A800011831A4681F31288BFF36F8F60680068F4
:109A9000D0F83001D0B983F31188BFF36F8FEEE7B0
:109AA0001E4B1B78002BE9D04FF0400864266368FA
:109AB0001B68D3F83031FBB901200AF06FF8013E82
:109AC000F5D1002120200AF05EFEEFE77B6A00203E
:109AD0001D706368796A1B68C3F83C170121C3F8DD
:109AE0004017C3F83001D3F83001196582F31188AB
:109AF000BFF36F8FBDE8F081EFF311831A4688F34F
:109B00001288BFF36F8F61680968D1F8301100299E
:109B1000DCD183F31188BFF36F8FD2E73C8E012035
:109B200070B40D4CD4E90065901B63EB050140094E
:109B300040EAC1604101891945EBD065C4E90015CF
:109B4000002400250549C1E90023054BC3E9004570
:109B500070BC03F06FB800BF403A0020283A0020E4
:109B6000383A002008B500220121E420F6F72AFE49
:109B7000164A0020D2F8183723F44033C2F81837B9
:109B800001F066FB002820DB0120114901F0ECFB0D
:109B900000281ADB01F036FB0E4B20F01F00C3E952
:109BA00000010D4B0022C3E900014FF0FF304FF0E0
:109BB000FF310A4BC3E90001094B0A49187A01F049
:109BC00031FB67220020084B1A6008BD00200E50B0
:109BD000A0170020403A0020203A0020283A002018
:109BE00098170020219B02006481012008B501F034
:109BF00009FB064AD2E90032C01A054B61EB0201AB
:109C0000C3E90001400940EAC16008BD403A0020B4
:109C1000383A0020F7B5224B0146224F187A224BE2
:109C2000D7E90056D3E900239E4208BF954211D1DF
:109C3000B1F1806F0ED24901012938BF0121012203
:109C40004D1946F10006C7E9005603B0BDE8F040E3
:109C500001F014BC154BDFF858C0D3E90043DCE930
:109C6000002CA41843EB0C0C4FF0200E2246634648
:109C7000C1FB0E23954276EB0301C7E900230DD209
:109C8000291B66EB0C04C82974F10004B4BF012140
:109C90000021009101F0BAFB03B0F0BD0021F8E70C
:109CA00098170020303A0020283A0020403A00203F
:109CB000383A002008B50349034809F06BFE6FF0FD
:109CC000150008BD09C203008C7103002DE9F041A5
:109CD000074688460025104E27FA05F212F00102C9
:109CE00010D128FA05F3DB070ED53179306809F079
:109CF00041FE044640B10949094809F04BFE20469F
:109D0000BDE8F0810122F0E70135042D06F10806D7
:109D1000E2D10024F3E700BF5C7F030024C203000C
:109D20008C71030070B500250B4E4FF400313046A6
:109D300009F00BFE044648B90135042D06F108066A
:109D4000F3D1BDE870400F21FFF7C0BF03490448BD
:109D500009F020FE204670BD5C7F03003AC203007C
:109D60008C71030003280A4610B503D9BDE81040E2
:109D7000FFF7A0BF074B03EBC001097953F8300090
:109D800009F0F8FD044618B10349044809F002FE41
:109D9000204610BD5C7F030024C203008C710300C9
:109DA00002460B46014801F06DBE00BF401900207D
:109DB000014801F0DFBE00BF401900200149024800
:109DC0000AF088BB6C81012018580020094B93F8D9
:109DD0000231042B02D1810709D47047022B02D132
:109DE000020704D47047082B03D1830601D5FFF77F
:109DF000E5BF7047368A012010B403460A4603487F
:109E000081680C681946234610BC18478C6603000D
:109E1000B0B5002484B000AF3B1D7C600A22BC605A
:109E2000C7F80B403960014618460CF00AFB6D4636
:109E30008AB003466A4639680D48D161C2E9050314
:109E40004FF4007313840B4B42F8103F4FF4115141
:109E500023460948F4F7B8FEAD4684F31188BFF3F2
:109E60006F8F0323184602DF1037BD46B0BD00BF19
:109E700068C20300040000015C710300F0B58FB0FC
:109E8000064600AF0D46454845490AF0F8FA07F185
:109E90002400D6F7F1FE6C4688B06A46414B536108
:109EA000414B93614FF400739383404B42F8103F52
:109EB0003F49404807F12403F4F786FEA5463E4893
:109EC0000AF008F950B901213C4A3A4807F09FF9D5
:109ED0006FF0120420463C37BD46F0BD384B381DAC
:109EE0007B60D6F72FFF034638B10121354A314850
:109EF00007F096F96FF01504ECE74FF0FF304FF0E4
:109F0000FF31FFF74DFF04460028E3D12E492F48CB
:109F1000D6F770FE044610B1FFF74AFFDAE76FF09C
:109F200077037B7313233873F873387407F10C00CD
:109F3000BB73DBF76FFA20B1FFF73AFF6FF08504D0
:109F4000C8E740F6012307F114007B613C76DBF79C
:109F500061FA0028F0D1022307F11C00C7F81D4068
:109F60003B77DBF757FA0028E6D141F64C5307F16F
:109F70000800BB60DAF7FAFB0028DDD10123384680
:109F80003B70EEF7B2FE0028D6D1FFF711FF336920
:109F90000F481D60F7F782F99CE700BF6C81012034
:109FA0004D3A030031A603008DC2030003000001F7
:109FB000C01C40015C7103008C660300B4C2030046
:109FC000F99D0200D4C20300483A0020F1A002002B
:109FD000CD9D020030B5434887B0D6F7ABFC0446B0
:109FE00000287AD1D6F75AFED6F764FEEBF7B7FA17
:109FF000EBF7B7FAEBF7B7FAD6F768FEEBF7B7FA75
:10A00000D6F772FED6F788FEEBF7AFFA01212046AD
:10A0100003AA8DF80C40D6F7EFFC00285CDB012585
:10A020000221204603AA8DF80C50D6F7E5FC002843
:10A0300052DB08230721204603AAADF80C30D6F7DF
:10A04000DBFC002848DB4FF0FB13039340F20323B3
:10A050000321204603AAADF81030D6F7CDFC002826
:10A060003ADB0421204603AA8DF80C50D6F7C4FC35
:10A07000002831DB1F230621204603AAADF80C304F
:10A08000D6F7BAFC002827DB1621204603AA8DF854
:10A090000C50D6F7B1FC00281EDB40F2011317214B
:10A0A000204603AAADF80C30D6F7A6FC002813DB37
:10A0B00041F6CA53984213DD0B4A009029460B48DB
:10A0C00007F0B8F8002383F31188BFF36F8F0423E0
:10A0D000184602DF6FF00B000446204607B030BD83
:10A0E0000020F9E7119E0200F8C203005C71030032
:10A0F00073B53E4C94F80231D3B194F80231042B7D
:10A1000038D120783E2826D1A678B31E5E425E4123
:10A11000002200233146F7F7CBF80546E8B9C6B16F
:10A12000002384F8023102B0BDE87040FFF746BE5C
:10A130004FF0FF304FF0FF31FFF732FE48B92046B5
:10A1400004F5817100F02EFC0546FFF731FE002D6D
:10A15000D3D002B070BD0026DAE76278023223491C
:10A1600005F10C0007F0B5FA214B29461B68214880
:10A170009847D5E7022B24D1002200230820F7F7C7
:10A1800075F805460028E4D063880433B3F5817F71
:10A1900023D94FF48172012100921748174A07F022
:10A1A00049F86FF00B030121154A134807F038F8FE
:10A1B000002383F31188BFF36F8F0423184602DF57
:10A1C000AEE7082B0BD1002300222020F7F74EF832
:10A1D000638805460028D8D1BBE71A46BFE70121AE
:10A1E000084A054807F01CF89AE700BF368A0120A4
:10A1F00068810120C46603005C7103001BC3030077
:10A2000075C303003CC30300F7B5714D06462B78B8
:10A21000002B40F0BE8304238DF807306D4B04887B
:10A220001F68B7B10DF106030DF10702691CB847AD
:10A2300001280ED09DF80630002B40F020839DF8B9
:10A2400007300E22AB7001236A70EB70AC80A871EE
:10A250001EE3B4F5105F4FEA942309D25BB1013BD2
:10A26000072B08D8DFE803F009072A6C070707BAAD
:10A270003F2B00F0A882012001E3304640F2064265
:10A2800030F9033B934213D040F21D42934212D067
:10A29000012042F20C039C4200F2708340F206431C
:10A2A0009C4200F0EC8240F21D439C421CD1E6E24D
:10A2B000DAF70AF8EDE7DAF7C5F8EAE7304640F6EC
:10A2C000634230F9033B93422ED010DC40F6034248
:10A2D00093421DD040F62D4293421CD040F60142DD
:10A2E0009342C8D1D6F776FD0128A8D1C3E740F63E
:10A2F0007B4293421BD040F67C429342BBD19DF8F7
:10A300000730354902338DF80730EEF7CDFBEBE728
:10A31000EBF71CF9E8E79DF807302F4903338DF878
:10A320000730EEF790F9DFE7D6F766FDDCE79DF83A
:10A330000730294904338DF80730EEF791FBD3E756
:10A340003388A3F58053013B082B94D801A252F81F
:10A3500023F000BF79A302008BA302009FA3020099
:10A3600077A2020077A2020077A2020077A2020081
:10A3700077A20200BFA302009DF8073016480833F9
:10A380008DF80730EEF74DF9AEE79DF8073012482B
:10A3900040338DF8073009F05BFB00204FE70022C7
:10A3A0009DF8073008338DF807300B4B1A605A6060
:10A3B000EB7A23F0600343F06003EB72EDE79DF866
:10A3C0000730054806338DF80730EEF78CF98BE738
:10A3D000398B01207C810120408B0120304630F8F0
:10A3E000033BA3F50053013B962B00F2B082DFE85C
:10A3F00013F09700A800B100AE02BA00BD00C00083
:10A40000C900CC00CF00AE02AE02AE02AE02AE0278
:10A41000AE02AE02AE02AE02AE02D500DE00E10038
:10A42000EA00AE02F300FC000501AE02AE02AE028D
:10A43000AE02AE022A0133013C01AE02AE023F0180
:10A44000420145014801AE02AE02510154015701DB
:10A45000600169016C01AE02AE02AE02AE02AE0254
:10A46000AE02AE02AE02AE02AE02AE02AE02AE026C
:10A47000AE02AE02AE02AE02AE02AE02AE02AE025C
:10A48000AE02AE02AE026F01900199017801AE02F8
:10A49000AE02AE02AE02AE02AE02AE02AE02AE023C
:10A4A000AE02AE02AE02AE02AE02AE02AE02AE022C
:10A4B000AE02AE02AE02AE02AE02AE02AE02AE021C
:10A4C000AE02AE02AE02AE02AE02AE02AE02AE020C
:10A4D000AE02AE02AE02AE029C01AE027B0184016E
:10A4E000AE02AE028701AE02D200AE02AE02AE02F2
:10A4F000AE02AE02AE02AE02AE02AE02AE02AE02DC
:10A50000AE02A201AB01AE01B701BA01C301C6019F
:10A51000CF01D201D501D801E101E401E7019F019A
:10A52000D6F774FC42F277039C4276D942F2960346
:10A530009C4200F2858142F27D039C4200F2FC8144
:10A54000D2E69DF80730AD4803338DF80730D9F7D0
:10A55000B1FEE7E79DF80730A84808338DF80730CB
:10A56000EEF7EBF9DEE7EEF7DBF8DBE7DAF78EF88C
:10A57000D8E79DF80730A14801338DF80730EEF792
:10A580009EF8CFE7EEF706FACCE7EEF7DEF9C9E77B
:10A59000EEF725FAC6E7EEF7B8FBC3E79DF80730FC
:10A5A000964907338DF80730EEF7C8F8BAE7EEF7AB
:10A5B000B4F9B7E79DF80730904910338DF80730AC
:10A5C000EEF788F8AEE79DF807308C4808338DF831
:10A5D0000730EEF732F8A5E79DF8073087490233D8
:10A5E0008DF80730EEF71CFA9CE79DF80730834999
:10A5F00002338DF80730EEF724FA93E79DF8073021
:10A6000008338DF807308F23EB71C023EB7242F2D1
:10A6100077039C4200F28681002042F263039C4251
:10A6200000F2A68142F219039C427FF632AE42F25A
:10A6300032039C4200F02381A4F50153033B012B1C
:10A640003FF652AE1BE19DF807306C4902338DF89E
:10A650000730EEF794F865E79DF807306748043354
:10A660008DF80730D9F7B8FE5CE7D9F79DFE59E7BA
:10A67000EDF76FFF56E7EDF78FFF53E7EDF7BFFFFD
:10A6800050E79DF807305D4801338DF80730EDF74E
:10A69000C4FF47E7EDF7A3FF44E7EDF797FF41E776
:10A6A0009DF80730554808338DF80730EEF79BF8D2
:10A6B00038E79DF80730514904338DF80730EEF73D
:10A6C000BAF82FE7D9F792FE2CE7EEF7EAF829E778
:10A6D0009DF80730494802338DF80730EDF7CEFF7B
:10A6E00020E7EEF791F81DE79DF807304349053361
:10A6F0008DF80730EEF718FA14E7EEF73CFA11E799
:10A700009DF807303D4902338DF80730EEF750FAD7
:10A7100008E79DF80730394804338DF80730EDF726
:10A72000BEFFFFE6D9F77CFDFCE6EEF752FBF9E64B
:10A73000EEF703FBF6E69DF8073030481C338DF842
:10A740000730EEF76CFBEDE6EEF7BDFBEAE69DF8B1
:10A7500007302A4902338DF80730EEF76BFDE1E64A
:10A76000EEF7F6FBDEE69DF80730244902338DF85C
:10A770000730EEF723FCD5E6DAF74EF8D2E69DF87F
:10A7800007301E4902338DF80730EEF761FCC9E649
:10A79000DAF78EF8C6E6EEF772FDC3E6DAF72EFAC0
:10A7A000C0E69DF80730154902338DF80730DAF717
:10A7B00093FAB7E6EEF797FDB4E6DAF791FBB1E668
:10A7C000EEF71FFEAEE630464FF60B4230F8033B85
:10A7D000934224F0080213D8B3F57C4F7FF64BADBB
:10A7E000A3F57C43013B0A2B00F2D180DFE803F0A4
:10A7F000202ECFCFCF67CFCF555E6A00408B012090
:10A8000003F2FD2189B213293FF635ADA3F57D434F
:10A81000033B132B00F2BB80DFE803F05DB960B9A6
:10A82000B9B96369B966B9B9B96C6FB9B978B981A1
:10A830009DF8073058480C338DF80730EAF799FE39
:10A840004FF6025224F0080393422FE500209DF8B2
:10A85000073040338DF807304F4B1880EB7923F0E9
:10A86000230343F02303EB712B7A23F0070343F018
:10A8700007032B724FF602539A427FF48EAD0F23DB
:10A880006B700423AB700123E8702B71A5F80540B1
:10A89000012300202B7003B0F0BD9DF807303E4827
:10A8A00017338DF80730EAF780FEC9E79DF80730C7
:10A8B000394820338DF80730EAF79BFEC0E7EAF706
:10A8C00072FEBDE79DF80730334801338DF807303D
:10A8D000EAF7ACFEB4E7EEF708FAB1E7D9F746FFBE
:10A8E000AEE7EAF7B9FEABE7EEF7E8F9A8E7EEF76F
:10A8F0008EF9A5E7EEF7A9F9A2E79DF807302649FA
:10A9000003338DF80730EEF7ACF999E79DF807307F
:10A91000214904338DF80730EAF7A2FE90E7D9F712
:10A920002DFF8DE742F296039C422ED842F27D0322
:10A930009C427FF632AD0020A4F501533E3B174AFE
:10A940009BB222FA03F3DB077FF5CEAC97E742F226
:10A9500077039C420AD942F296039C4217D842F2EE
:10A960007D039C427FF687AC0120E5E7012054E699
:10A97000A4F50153243B0A4A9BB2E2E7A4F5005335
:10A980000D3B41F241229BB2DBE7002058E701205A
:10A9900056E74FF0FF307EE7408B012081504D019C
:10A9A000F502080038B5094C0D4623781BB9BDE8FF
:10A9B0003840EBF798B8A278611C02320BF01CFD0E
:10A9C0000020042320702B7038BD00BF398B01207C
:10A9D00070B505460E46084C204609F07BFB38B1A1
:10A9E000A36829462046B2B21B68BDE870401847EC
:10A9F0006FF0120070BD00BF8C6603004FF4007151
:10AA0000014802F005BC00BF3C8C0120322337B561
:10AA10000125ADF8043000231C216846104A8DF84A
:10AA20000630ADF800508DF80230EAF705FB044619
:10AA300098B908F086FE80B2E9F72CF82A4621463C
:10AA40008520F5F7BFFE2A462146E520F5F7BAFE38
:10AA50002A4621468A20F5F7B5FE204603B030BDD0
:10AA600075AA02000149024809F034BD888101201D
:10AA700018580020B0B5002484B000AF3B1D7C60A6
:10AA80000A22BC60C7F80B403960014618460BF03B
:10AA9000D8FC6D468AB003466A4639680D48D161D4
:10AAA000C2E905034FF4007313840B4B42F8103FC7
:10AAB0004FF4115123460948F4F786F8AD4684F364
:10AAC0001188BFF36F8F0323184602DF1037BD468E
:10AAD000B0BD00BFCDC3030004000001AC71030092
:10AAE0000122054B05491A63A3F54323D3F8180542
:10AAF0000860C3F81825704700E0105084810120D9
:10AB00000122044B5A63044B1A68044BC3F81825FE
:10AB1000704700BF00E010508481012000B0045055
:10AB200003460221014A024806F07ABBF5C303003E
:10AB3000CC71030028B1022806D10420034B1B6806
:10AB40001847024B1B68FBE7FFF7EABF988101201B
:10AB5000014B02201B6818479881012028B1012869
:10AB600007D100200349E8F7A5BE034B02201B686C
:10AB70001847704735AB020098810120014B1860DF
:10AB80000020704798810120064BD3F840231C2AEF
:10AB900005D1D3F84403431E584258417047002062
:10ABA000704700BF00C0FF0003689A070CD5036818
:10ABB000DB070DD50922074BC3F80C250F22C3F87C
:10ABC000042501221A60FEE7034B0360EF3B03609C
:10ABD000704700BF00801050F000FA5008B5012304
:10ABE000404A4148C2F80038404AD2F840231C2A63
:10ABF00004BF3F4AC2F80C34FFF7D6FF0830FFF716
:10AC0000D3FF0830FFF7D0FF0830FFF7CDFF00F586
:10AC1000F470FFF7C9FF374AD2F88C3043F4406331
:10AC2000C2F88C300022D30003F57F0303F54043C4
:10AC3000D3F8001401310AD0D3F8001439B1D3F895
:10AC400000140132D3F80434402A0B60EBD1254BB9
:10AC5000D3F84024002A41D0FFF796FF48B1234B98
:10AC6000D3F83423244B9A429EBF1E4B234AC3F889
:10AC70004026FFF789FF18B1214B224AC3F8AC27C1
:10AC8000FFF782FF48B13422164BC3F82426D3F8CD
:10AC90003C2622F40022C3F83C261B4B1549D3F86E
:10ACA0000026D20744BF6FF00102C3F80026174BFD
:10ACB000D3F8182522F00302C3F81825D3F8182575
:10ACC00042F00302C3F81825D1F88C2042F4406208
:10ACD000C1F88C200022C3F8A02508BDC822C3F803
:10ACE0004024B9E70000125000C50D5000C0FF001D
:10ACF0000030055000ED00E0001D0A1840E0A91EDC
:10AD000000A0085078000A0400E0105000B0045081
:10AD1000036803F01F025F2B02604FEA53129ABFD1
:10AD2000024B53F822000020704700BF887F0300C9
:10AD3000034A4309D35C00F01F001844C0B27047B7
:10AD400021C40300F0B50646002487B0114F0191DD
:10AD500017F8012B06AB03EBD20313F8143C02F0F7
:10AD60000702D34013F0010306D10134032CEFD1C5
:10AD70000023184607B0F0BD074A03AD07CA85E8AF
:10AD8000070055F824100A6A46F824200A62002AAF
:10AD9000EBD0EEE731C4030078720300F7B5044648
:10ADA0000846FFF7C5FF06B204EB4606B38A0D4618
:10ADB000DB072BD5204609F00EF82946204608F07F
:10ADC0007AFF58B1204608F08CFF0022276800B2B5
:10ADD00007EB8003C3F81025C3F810252946204649
:10ADE00008F0A8FF002101A8B1820195FFF790FFAC
:10ADF000019B00EB8300D0F88020064B134043F00A
:10AE00000203C0F88030084603B0F0BD6FF01500B3
:10AE1000FAE700BFF0F0FCFF2DE9F043044685B0EF
:10AE2000084616461D46FFF783FF0F46804636B399
:10AE3000204608F04BFF18B9204608F03CFF28BB1D
:10AE40000FFA88F904EB4909B9F8143013F01C0F14
:10AE500002D07378012B19D001238DF80F30002315
:10AE60003846CDE90063721CB31C0DF10F0108F0E8
:10AE7000CAFEB9F8143043F00303A9F81430002DCA
:10AE800040D03946204608F021FF20B96FF0150068
:10AE900005B0BDE8F0830022297823684FEA810CD1
:10AEA00003EB8103C3F81025C3F810250FFA88F2CD
:10AEB00004EB4202938A23F4604323F0200393823D
:10AEC0006E78FEB12468A8786444D4F810550E4B0F
:10AED00036042B40C4F8103541F6F07306F44036C2
:10AEE00003EA07130005D4F81055334300F480102B
:10AEF00003432B43C4F81035938A43EA413343F0AC
:10AF0000200393820020C3E70FE0ECFF70B590F8B8
:10AF10007440054690F8756044BB462221461430C3
:10AF20000BF077FA2146134A2B6852F836608E42AE
:10AF300012D1002440F20D10C3F84441D3F844214B
:10AF40000D4A934208BFDB20F5F71AFC0123204687
:10AF500085F874302B6670BDCAB2920002F580701D
:10AF6000442A04BF1C501A580131E0E76FF0770003
:10AF7000F1E700BF947F030000A00D5090F875002A
:10AF8000024B03EB800008F025BE00BFA81700208D
:10AF900010B5064B90F875000C4603EB800008F0E6
:10AFA000FFFD0028A4BF2070002010BDA8170020BE
:10AFB0002DE9F04F814659F8043B8BB0D3F81413B8
:10AFC00090F8754000936C4BC9B241F40031804653
:10AFD00053F83420009808F0D7FE810305463AD58F
:10AFE0000023CDE907330993634B07A803EBC403A0
:10AFF0005B6819460193FFF7A5FE042303EBC40326
:10B0000003934FF0000B5D4B0DF11C0A0293029A63
:10B01000594912F8013B0292039A02EBD3028A5C6F
:10B0200003F0070322FA03F3DA071AD40BF1010B3A
:10B03000BBF1030F0AF1040AE9D14FF400310022F9
:10B04000009808F0A1FE019907A8FFF77BFE0028F1
:10B05000D7D125F400350124002D75D10BB0BDE802
:10B06000F08F474B5B440493DAF800100029DDD0E1
:10B0700091FAA1F1B1FA81F1049B1C7841EA4414E0
:10B080002046FFF755FE08EB4000878AC808BB083A
:10B09000059301231AF8002001F0070103FA01F1DA
:10B0A00022EA01020AF8002006A80694FFF730FE03
:10B0B000069A059B203250F82220C7F382065B07D0
:10B0C0003746C2F3014223D54846D6B221463A4616
:10B0D00008F011FE06A80694FFF71AFE069B20331F
:10B0E00050F82330C3F301439E4207D1002120468C
:10B0F00008F0D2FD3146204608F0CEFD06A80694A1
:10B10000FFF706FE0122069B02FA03F30362ABE798
:10B11000022A0DD10321204608F0BEFD06F00503EA
:10B12000012BEBD13A462146484608F0E4FDE5E71D
:10B1300002212046059208F0AFFD032EF2D0059AB9
:10B14000032ADBD1022EECE795FAA5F3B3FA83F3D9
:10B15000009904FA03F225EA020503F5A27251F8F8
:10B16000222008EB43034846B3F86410C2F30142BF
:10B1700008F0C1FD70E700BF947F030031C40300F5
:10B1800031C403000123034A03FA00F09368034328
:10B1900093607047D813002073B504460191EFF314
:10B1A0001186402383F31288BFF36F8F0B4D019BF1
:10B1B0006A6801A81340019308F0F2FC002807DB3D
:10B1C00001226B68824023EA02036B60207000203A
:10B1D00086F31188BFF36F8F02B070BDD8130020C3
:10B1E000074B027AD3F8101521F001010A43C3F886
:10B1F00010250268C3F8A4264268C3F8AC2670473D
:10B2000000200E504FF0FF326FF0404330B5044C39
:10B21000D4E90001824273EB0105F9D330BD00BFD0
:10B2200040270E5030B50C25074B1C1894F854409D
:10B2300005FB0433C3E9031218750123034A834055
:10B24000C2F8243330BD00BFD813002000200E50B8
:10B25000F0B53D4D85B02C78002C6FD13B4A01AB49
:10B2600007CA83E807003A491846D1F8102522F0AA
:10B270000202C1F81025FFF7B3FF0723672202F08F
:10B2800001012144013BCCB24FEA5202F7D1052C17
:10B2900057D119464FF0010C2B4E00246720CFB236
:10B2A00004E00CFA02F220EA0200013490FAA0F263
:10B2B0005FFA84FEBE45B2FA82F2F2D301313275F2
:10B2C00005292A4482F8547006F10C06E5D10121C3
:10B2D000002420489A0801FA02F212F0670F18BF02
:10B2E0001C500433302BF5D1E420F5F749FA184B04
:10B2F0001949D3F8102503F5C07322F00202C3F8F0
:10B30000902340F6FF72C3F8A82100221A60A3F52B
:10B31000807004338B420260F8D101240C4B0F4A39
:10B320001C660F4B5D201B68B3FBF2F358430D4BBB
:10B330002343984700202C7005B0F0BD6FF07700D4
:10B34000FAE76FF08B00F7E7D81300208472030050
:10B3500000200E5000210E50B0210E5040420F0030
:10B36000A4170020D077030038B5254B0C46D3F83E
:10B37000102595073DD4D3F8102542F00202C3F8FA
:10B380001025C0B1D3F8482712F0010202BFD3F84C
:10B39000481741F00101C3F84817194BD3F840177B
:10B3A000D3F844174900F9D42AB9D3F8482722F032
:10B3B0000102C3F84827134B134A1B681049B3FB1B
:10B3C000F2F303EB4313BBB1D1F84027D1F8445754
:10B3D00015F080450BD14FF0FF312046FFF7DCFE22
:10B3E000002803DB2078FFF7CDFE284638BD013B5F
:10B3F000E9E76FF07700F9E76FF07300F6E700BF59
:10B4000000200E50A417002040420F0070B51D46CA
:10B410001446184A9DF81060131893F8543000B27F
:10B420000C3302EBC30142F833404D60C5F3130106
:10B43000AEB10201104E02F1A04202F5622280007C
:10B44000C2F820450644C2F82415336833B1FFF72B
:10B45000D9FEA042A94101D20023336070BD03018F
:10B4600003F1A04303F56223C3F82045C3F8241574
:10B47000F4E700BFD813002000210E50F0B50E4DA8
:10B480002B1893F8543000010C3355F8334005EB7A
:10B49000C3077E68641800F1A04021F0004146F126
:10B4A000000641EAC27100F5622045F833407E6033
:10B4B000C0F82815F0BD00BFD8130020F7B5284B01
:10B4C000284CD3F82C6304F188070EB903B0F0BD03
:10B4D00096FAA6F00123B0FA80F08340DA432249BD
:10B4E00026EA0306231893F85450830019440C23CA
:10B4F00003FB0543DB6873B3D7E8EF3F03EA020CB5
:10B50000C7E8EECFBEF1000FF6D1C340DB0719D577
:10B51000020102F1A04202F56222D2F82435D2F8EB
:10B520002025D1F800C0BCF1000FCED04FF0000CA8
:10B53000C1F800C00C2101FB054529690091E968AB
:10B540008847C2E705F10C0304EBC30C54F8332021
:10B55000DCF80430E5E70A68002AB6D00B60B4E7EF
:10B5600000200E50D813002000210E50044B40EA5A
:10B570000120C3F80005D3F80024D207FBD570479B
:10B5800000B0045008B5124BA822002118460AF05A
:10B5900040FF03220F49026142610F4A8161C2618B
:10B5A0004FF480520262002282624262C2620166ED
:10B5B0000A49034641661021816609490267C2664D
:10B5C000426711F8010D98540132102AF9D108BDD3
:10B5D0007010002034C403007000002060000020C0
:10B5E0004DC403002DE9F84F1826DFF87C8007468C
:10B5F00006FB008E00FB0666DEF82440DEF828C05D
:10B6000046447368A4458946154603EB040022D8D6
:10B61000DEF820B0ABEB040A0AF1FF339A4203D8FC
:10B620000AF0EAFE2C440FE063449A4219D85246CD
:10B630002C440AF0E1FEB4EB0B0405D022467068FE
:10B6400009EB0A010AF0D8FE1823012003FB078347
:10B650005C62BDE8F88F0CF1FF3CACEB040C944548
:10B66000DED20020F5E700BF701000201822034B47
:10B6700002FB00339A6A586A801A704770100020E3
:10B68000002310B4074A0849C85C12F8014D8442EF
:10B6900004D10133102BF7D110BC704710BCFFF759
:10B6A00071BF00BF4DC403007010002010B50446E8
:10B6B000F3F7BAF903480121034A05F0A8FD204633
:10B6C00008F013FDD47103004EC403002DE9F843C4
:10B6D00004460D4600AFEFF31188402383F3128830
:10B6E000BFF36F8F0428294A98BF294BE9468AB0D7
:10B6F0009668117C98BF53F820306A4688BF254B66
:10B70000C2E9073140F2013323489384234BC2E955
:10B71000050442F8103F00234FF431512048F3F75D
:10B7200053FACD4645B1EB69C3F3080323B10121B8
:10B730001C4A1B4805F06BFD2EB1304608F06FFF28
:10B7400008B1037803B91848E9468AB06A46174B2E
:10B75000D061C2E9053640F201331384144B42F83C
:10B76000103F00234FF411510D48F3F72DFA2946ED
:10B77000CD462046FFF79AFF88F31188BFF36F8FFD
:10B780003046F4F7A1FFBD46BDE8F8839C81012057
:10B79000A47F03005DC403006BC403000500000127
:10B7A000D471030093C40300F2A50300B4C40300E2
:10B7B0000400000138B50A4B53F82040013053F81B
:10B7C0002050A54200D838BD606830B1037EDB0749
:10B7D00001D408F067FC0834F3E723689847FAE7D8
:10B7E000B87F0300012270B5294B032086B01A7080
:10B7F000FFF7E0FF09F056F90420FFF7DBFF254CC7
:10B80000254D2646AE4204F1300410D300F026FF49
:10B81000204C224EAC4226D300F034FFF2F732FA2D
:10B820001F4A137B23F00103137306B070BD54F855
:10B830000C3C059354F8103C049354F8143C0393C7
:10B8400054F8183C029354F81C3C019354F8203CE3
:10B85000009354E90A2354E90C0100F0FDFC54F86C
:10B86000303C5E65CDE7D4E90A23B3F1FF3F08BF62
:10B87000B2F1FF3F05D052EA0301206803D100F086
:10B88000BDFF3034C6E73146183001F043F9F8E720
:10B890003C8E0120586F0300586F03001D470300C2
:10B8A00058590020902370B5134E012203FB006607
:10B8B000002386B0CDE904230F220193CDE90232A3
:10B8C00014234FF4A0720D4D0D4903FB005504469F
:10B8D00002FB00110B4B3046009500F0BDFC737B62
:10B8E0002C7423F004037373074B013403EBC4235C
:10B8F000EE606B6006B070BDC85800209C810120CE
:10B9000030BA0120E741030030B20120BFB500206A
:10B91000FFF750FF2A4B03F5006282F3088883F398
:10B920000A88E023274C002584F822302023E3777F
:10B9300025766576A57684F82050636A224F43F415
:10B94000E023636284F82350F4F73CFEF4F7B2FF7F
:10B950004FF0FF33A362E362F5F754F9F4F7D2FF37
:10B96000F2F7C0FF194800F0E5FC0120FFF722FFC5
:10B970000220174CFFF71EFF00F0B8FE154B1649CA
:10B980005C61164B4FF46062059301232046CDE9BC
:10B990000353CDE901553B46009500F05DFC06469A
:10B9A000627B204622F00402627308F074FE28468F
:10B9B000FFF778FF3A4631462046F4F75BFF00BFB9
:10B9C00030B2012000ED00E0E5B70200985A0020F7
:10B9D000585900209C81012070BB01202297030050
:10B9E00038B5064C064DAC4201D3002038BD204688
:10B9F000D4E9011208F081FB1434F4E7A018002008
:10BA0000A0180020002038B5054C064DAC4200D3EC
:10BA100038BD204608F095FB0028F9DB1C34F5E71B
:10BA20004C180020A018002073B50C46EFF31181CC
:10BA3000402585F31288BFF36F8FC5685DB125601F
:10BA40002B68C360836901338361002081F311880F
:10BA5000BFF36F8F11E052EA030603D16FF00B00C2
:10BA60002560F3E7CDE900230246083000F03CFDF5
:10BA700018B9034B9B681B69236002B070BD00BFFF
:10BA80009C8101202DE9F341044617461E46EFF341
:10BA90001188402383F31288BFF36F8FC368334A42
:10BAA0007BB180689168884219D057EA060318D1A3
:10BAB00088F31188BFF36F8F6FF00F0002B0BDE8FD
:10BAC000F081916891F90E100133E3609368216170
:10BAD000A36088F31188BFF36F8F0020EEE7216920
:10BAE000F2E791F90E1090F90E306FF07E02994254
:10BAF000A8BF19469142B8BF11468B422DDD08F010
:10BB00007DFB054622464146CDE90076184800F007
:10BB1000EBFC0028E1D0EFF31186402383F3128879
:10BB2000BFF36F8FA068D0B1236821699C420AD00F
:10BB30004BB193F90E309942A8BF19466FF07E03BE
:10BB40009942B8BF194608F059FB40B13146084840
:10BB500000F05EFD6FF00A00B0E70025D2E7002D8F
:10BB6000F4D186F31188BFF36F8FF3E79C81012036
:10BB70003D8E0120F8B583680546002B40D0234A4E
:10BB8000926893423FD1C368012B03D9013BC36044
:10BB90000020F8BDEFF31187402383F31288BFF331
:10BBA0006F8F0169806808F029FB2C68AC4207D1CF
:10BBB0000023C5E9023387F31188BFF36F8FE7E7EE
:10BBC000002CF5D0D4E90032002613605A60637B64
:10BBD000C4E9006623F002036373A66004F1180051
:10BBE00008F05BFEAC6094F90E3020462B61C4F87F
:10BBF0008C6008F050FD3946054800F009FDC7E7A4
:10BC00006FF01500C5E74FF0FF30C2E79C810120BF
:10BC10003D8E012037B51146EFF31185402282F3A6
:10BC20001288BFF36F8F04689CB12368426823F0C9
:10BC300003039442036008BF43600121204608F0DB
:10BC40006AFB044685F31188BFF36F8F204603B06B
:10BC500030BD51EA0302F5D000F10802CDE900132E
:10BC60001046294600F040FC0028EFD1014B9B68AC
:10BC70001C69EBE79C81012070B5EFF3118640232E
:10BC800083F31288BFF36F8F0468A0421BD0D4B136
:10BC9000D4E90032002513605A60637BC4E9005583
:10BCA00023F002036373A56004F1180008F0F5FDAA
:10BCB0002046C4F88C5008F0EEFC3146BDE87040D8
:10BCC000094800F0A5BCD0E902329A4218BF0133FE
:10BCD00002218360103008F0BFFE0028EDD186F30A
:10BCE0001188BFF36F8F70BD3D8E012013B5EFF348
:10BCF0001181402484F31288BFF36F8F846844B1AC
:10BD0000013C846081F31188BFF36F8F002002B083
:10BD100010BD52EA030406D181F31188BFF36F8F7F
:10BD20006FF00F00F3E7CDE900230246014800F071
:10BD3000DBFBECE73D8E012007B5074B4FF40062BB
:10BD4000009306494FF0FF33054800F06DF90020DD
:10BD500003B05DF804FB00BFD07F030070C9012071
:10BD6000E85900202DE9FF41044640274E4EEFF3ED
:10BD7000118887F31288BFF36F8FD4F89450F5B908
:10BD8000022104F1AC0008F007FB002868D004F1A0
:10BD9000A40500220121284608F023FD0028F8D13F
:10BDA00000234FF0FF3202934FF0FF334146CDE9BD
:10BDB00000233E4804F19C0200F0EAFDD7E7D4F8E6
:10BDC00098202B689542C4F8943008BFC4F8983086
:10BDD000D4F8AC3043F00203C4F8AC30EB6823F085
:10BDE000040343F00103EB606B6888F31188BFF331
:10BDF0006F8F28469847EFF3118887F31288BFF3B7
:10BE00006F8FEB68D80623F0010236D4EA60EB6846
:10BE10009A0716D5306823F00203EB6088B1002141
:10BE2000036870B14268954235D1036869BB726896
:10BE30003360824200D17360002340F8083BFFF773
:10BE40001BFFD4F8AC3023F00203C4F8AC3088F305
:10BE50001188BFF36F8FDB0589D400F04FFC86E7B4
:10BE6000D4F8AC30D9069BD5C4F8AC0088F311885F
:10BE7000BFF36F8F04B0BDE8F08123F01103EB60D6
:10BE800005F11000FFF7F8FEC1E70B60736883420D
:10BE900008BF7160D0E723B11A68014618461346FF
:10BEA000BFE71A46F9E700BFBC8101203D8E0120A3
:10BEB00070B5C3680546C3F340069B070C460DD515
:10BEC0000122002104F1080008F056FA0023236043
:10BED000054B65605A681AB9C3E90044304670BD25
:10BEE00014605C60FAE700BFBC810120F8B5C3684C
:10BEF00004469A070F46C3F340062ED45B071CD4B2
:10BF00000B680BB983680B60E368DD0742BFA36869
:10BF100002263B603D6858BF0126002D3CD0204BD7
:10BF20009A68D5F890309A420AD0D5F8AC30D80744
:10BF3000C3F3800214D46FF0120600233B6025E0A7
:10BF400008F064FBD5F8AC300028F0D1D907C3F372
:10BF5000C002F0D552B15B0708D46FF00F06ECE7D2
:10BF6000002AFAD1C3F3C003002BF6D100232360CB
:10BF7000D5F8983063B9C5E92544284608F027FA72
:10BF8000E36843F00403E3603B68A3603046F8BD18
:10BF90001C60C5F89840F0E76FF01506CDE700BFCC
:10BFA0009C810120F8B5C368064603F00503002B09
:10BFB0000C4614BF012700271CD0856801220021F0
:10BFC00004F1100008F0D8F92046134908F057FA98
:10BFD000E36843F01003E360F3685B0712D533684E
:10BFE00023606BB9D5F8983033B9C5E925442846A4
:10BFF00008F0EDF93846F8BD1C60C5F89840F6E742
:10C000003460F4E7D5F894302360D5F89830C5F85B
:10C010009440002BEBD1F0E7AF4303000146014809
:10C0200008F058BAE8590020F0B50446002089B05D
:10C03000C4E925000E9D04F19C00C4E9270004F129
:10C04000A400C4E9290055B32879002840F2011062
:10C0500008BF0120C4F8AC0000204FF0FF364FF0BD
:10C06000FF37CDE90330CDE90100CDE90667204671
:10C070000C4B009400F032F955B1296811B12046FB
:10C0800008F0CAFA6B791BB1237B43F001032373D9
:10C09000204600F0B3FBC4F8904009B0F0BD012089
:10C0A000D8E700BF65BD020030B50A46044685B03A
:10C0B000EFF31185402383F31288BFF36F8FD0F81D
:10C0C000AC3013F0060F1DD1B1B143F00C03C4F82E
:10C0D000AC30204608F07BF900234FF0FF3202938A
:10C0E0004FF0FF332946CDE900230C4804F1A402A8
:10C0F00000F04EFC05B030BDD0F8940048B143F0DC
:10C100000403E4E743F00401C0F8AC10002AE0D0D7
:10C11000DBE785F31188BFF36F8FEBE73D8E0120DE
:10C1200037B501900846EFF31184402181F312885E
:10C13000BFF36F8FC16811F01E0F16D153EA0205CD
:10C1400008D101A9FFF7D2FE84F31188BFF36F8FE6
:10C1500003B030BD41F00801C16001991030816128
:10C16000034900F0D7FC0120EEE70020ECE700BF18
:10C170004344030001460148FFF7D2BFE8590020BD
:10C18000F7B50C4616461D460190EFF31187402384
:10C1900083F31288BFF36F8F084608F009F955EA58
:10C1A000060309D1204601A9FFF7A0FE87F31188F5
:10C1B000BFF36F8F03B0F0BDE368324643F008036E
:10C1C000E360019B0449A36204F110002B4600F0D8
:10C1D000A1FC0120EAE700BF4344030001460148F7
:10C1E000FFF7CEBFE85900202DE9F0410546EFF3F7
:10C1F0001187402383F31288BFF36F8F0468A04236
:10C2000022D00CB30026204608F0F3F904F1180000
:10C2100008F043FBB0462046C4F88C8008F03BFA97
:10C220002C680136A54208D03CB1204608F0E1F95F
:10C2300004F1180008F031FBEDE73946054800F03D
:10C24000E7F93046BDE8F08187F31188BFF36F8FBF
:10C250000026F6E73D8E01202DE9F043984685B093
:10C2600000F15803C0E91633109B00250373042323
:10C27000073222F0070643730F9B01EB06090F46B6
:10C2800083734946C0E906558560C5730446F3F7D4
:10C2900053FF0E9B073020F00700E067C4E91D76CE
:10C2A00002930D9BA9EB000901930C9B4A46009356
:10C2B000394643462046F4F7C1FA074B65659B684B
:10C2C00084F870500BB1D3F880304846C4F8803001
:10C2D00005B0BDE8F08300BF9C810120F0B50025CA
:10C2E00087B00595109DDDE9127604950F9D0446F3
:10C2F00003950E9D02950D9D01950C9D0095FFF7F0
:10C30000ABFFB6F1FF3F08BFB7F1FF3F05D056EADC
:10C31000070305D1204600F071FA204607B0F0BDB2
:10C320003A46334604F11800014900F0F3FBF4E704
:10C330001D47030040F2011383810023C0E91D3330
:10C34000C0F88030014B9860704700BF9C8101208D
:10C350006FF00A01094A9368C3F88C100849C3F8C2
:10C3600088004B6843F080534B60002383F31188AF
:10C37000BFF36F8F9368D3F88C0070479C810120C6
:10C3800000ED00E070B590F90D20437B002A36DB0C
:10C39000D90634D11B4C63F07F032246437352F815
:10C3A000183FE169934207D1C0E900210860E061CC
:10C3B00011E09942F8D01B68002BF5D090F90E508F
:10C3C00093F90E60B542F4D0AE42F2DD5968C0E98F
:10C3D000003108605860A569954200D005B9E5684C
:10C3E000A3685A7BD20604D1DA897F2A01D9AA69C7
:10C3F00032B1AB4202D0284600F00CFB656170BD43
:10C400006361FCE79C81012038B590F90D2001465D
:10C41000002A437B04DA03F07F03437308F001F939
:10C420000D4D2A4652F8184FAB68944200D004B91B
:10C43000EC688B4207D05A7BD20604D1DA897F2A76
:10C4400001D9A2692AB1A34202D0204600F0E2FA43
:10C4500023466B6138BD00BF9C810120B3F1FF3FD3
:10C4600008BFB2F1FF3F03D00249183000F052BBC1
:10C47000704700BF1D47030038B5194CA168E0693B
:10C480000B68814214BF1A46002249680B6059604C
:10C49000A368E1692AB9134AC3E900210B60E3618B
:10C4A0000CE093F90E0092F90E50A84214D0854288
:10C4B00012DD5168C3E900210B605360A569094B87
:10C4C0009D4200D005B9E568A3689D4202D0284688
:10C4D00000F0A0FA656138BD9142DCD01268D9E75E
:10C4E0009C810120B4810120F8B5DDE906670D4B80
:10C4F0000C46986811460C4A1060EFF311824022F6
:10C5000082F31288BFF36F8F9D68284608F09BF86E
:10C51000284632463B46FFF7A1FF2046BDE8F840DB
:10C52000FFF716BF9C810120C4810120F8B50446A5
:10C53000EFF31187402383F31288BFF36F8F437BA0
:10C5400049B203F01F02002A0CBF0126002639D190
:10C5500003F07F032D4D437308F063F82A46437BB5
:10C56000817363F07F03437352F8183F934227D1DE
:10C57000E869C4E900200460EC610FE09842F8D05B
:10C580001B68002BF5D093F90EC06145F6D08C45A1
:10C59000F4DD5968C4E900310C605C60AC69944218
:10C5A00000D004B9EC68AB689C4202D0204600F091
:10C5B00031FA6C6187F31188BFF36F8F3046F8BD95
:10C5C000E869DEE79B071ED5856808F02AF88173C5
:10C5D0002B689D4209D16B68C4E900531C606C60F4
:10C5E000E8E76A689342F6D01B68002BF3D093F912
:10C5F0000E209142F5D08A42F3DD5A68C4E9003238
:10C6000014605C60D6E78173D4E700BF9C81012091
:10C6100049B9EFF3058030B9054B5A699B689A42D6
:10C6200001D0FFF795BE81F31188BFF36F8F70477C
:10C630009C810120034648B9EFF3058232B9064ACE
:10C6400051699268914201D0FFF782BE83F311884D
:10C65000BFF36F8F704700BF9C810120EFF3118102
:10C66000402383F31288BFF36F8F054B9A68D37B07
:10C67000013BD37381F31188BFF36F8F704700BF05
:10C680009C81012070B5EFF31186402383F312885B
:10C69000BFF36F8F144DAB68DA7B0132DA732A4631
:10C6A00052F8184F944200D004B9EC685A7BD20675
:10C6B00004D1DA897F2A01D9A2692AB1A34202D022
:10C6C000204600F0A7F923466B6186F31188BFF37B
:10C6D0006F8FEFF31180402383F31288BFF36F8FC6
:10C6E000BDE87040FFF7A6BF9C810120024B03F11B
:10C6F0001802C3E9062270479C81012070B5EFF350
:10C700001186402383F31288BFF36F8F1B4CA168FF
:10C71000E0690B68814214BF1A46002249680B6029
:10C720005960A368E1692AB9154AC3E900210B6081
:10C73000E3610CE093F90E0092F90E50A84218D074
:10C74000854216DD5168C3E900210B605360A5697D
:10C750000B4B9D4200D005B9E568A3689D4202D00D
:10C76000284600F057F965613046BDE87040FFF794
:10C77000EFBD8A42D8D01268D5E700BF9C81012066
:10C78000B4810120F8B550EA010306460C4603D1F6
:10C79000FFF7B4FF0020F8BDEFF31187402383F3C8
:10C7A0001288BFF36F8F124D124BA8681860FFF705
:10C7B0002BFEA868234632460F49183000F0AAF92C
:10C7C000AA680446537B384643F004035373FFF7CB
:10C7D000BFFDAB68D3E90A23B3F1004F08BF002ABD
:10C7E000D8D108F082F8201A20EAE070D3E700BF21
:10C7F0009C810120C48101201D47030038B50446F7
:10C80000EFF31185402383F31288BFF36F8F437BCF
:10C810005B070FD5183008F040F8637B204623F003
:10C8200004036373FFF7AEFD2946BDE838400448B2
:10C83000FFF7EEBE85F31188BFF36F8F38BD00BFE1
:10C840003D8E0120014B9868704700BF9C810120FC
:10C850002DE9F8430446077BEFF31185402383F36A
:10C860001288BFF36F8F437B190705D585F31188B5
:10C87000BFF36F8FBDE8F883D90943F008025DD19B
:10C880004273A36813B1204607F0D3FE04F11800E9
:10C8900008F003F8A66D04F15808B04511D04FF028
:10C8A000000976B1304607F0C4FE06F1180007F023
:10C8B000F4FF3046C6F88C90FFF764FDA66DB045D6
:10C8C000EFD1DFF8C080D8F808309C423ED1EFF3BA
:10C8D0000589B9F1000918BF4FF00109D8F81860AF
:10C8E000294A964200D00EB9D8F80C60B34202D063
:10C8F000304600F08FF82046C8F8146004F021FE9E
:10C90000B9F1000F02D02148FFF714FDD8F8083024
:10C910009C4231D1EFF3058373BB227BD20718D43D
:10C920002846FFF715FDFB07A4D5002383F31188E4
:10C93000BFF36F8F0423184602DF9BE703F07F03EA
:10C9400043F00803437307F06CFE9AE74FF00009C9
:10C95000C4E785F31188BFF36F8F83F31188BFF3AA
:10C960006F8F0423184602DFEFF31180402383F317
:10C970001288BFF36F8FD4E785F31188BFF36F8FF1
:10C98000D1E700BF9C810120B4810120985A00208A
:10C99000D3B5DDE90667089CCDE90067FFF7A4FD84
:10C9A0001CB1034B9B681B69236002B0D0BD00BF64
:10C9B0009C810120427B034612F01F0210D10A49DC
:10C9C00088420DD00949086868B1D9897F2909D8FA
:10C9D00093F90E20064B1B689A42B8BF002070479F
:10C9E0000020704710467047C8580020B01700203C
:10C9F000C88101200122044BC01A044BC0105843C7
:10CA0000034B1A54704700BF285B0020ABAAAAAAA8
:10CA10003D8E012070B50D4B0D4D1E7CFFF7CAFFFA
:10CA200006EB460305EBC3050446284607F035FF31
:10CA30000022084B9A553CB1621E2846BDE8704062
:10CA40000549D31700F066B870BD00BF9C81012076
:10CA5000285B00203D8E0120F5C9020038B5EFF3B8
:10CA60001185402383F31288BFF36F8F0F4B104A59
:10CA70009C681068A04206D1FFF7CCFF85F31188AF
:10CA8000BFF36F8F38BD00211B7C1160094AD35C56
:10CA9000002BF3D02046FFF78DFF0028EED0637BFC
:10CAA000DB0601D1FFF7E8FC2046E5E79C81012089
:10CAB000C48101203D8E0120024B1868984208BFB6
:10CAC00000207047B4170020034B1B680BB9FDF71B
:10CAD0008DB80020704700BFCC81012030B570B107
:10CAE0000B4B5B6898420AD0036843B1D3E9042139
:10CAF000D0E90445121941EB0501C3E90421D0E94D
:10CB0000003213605A600023C0E9003330BD00BF1B
:10CB1000B4170020B3F1FF3F08BFB2F1FF3F2DE98A
:10CB2000F84F0446994615461F467AD08160EFF3C8
:10CB30001188402383F31288BFF36F8FB9F1000F80
:10CB4000DFF8E4A020DBFFF7BFFFDAE900270135BB
:10CB500049F100092D1849EBE07306464FF0010931
:10CB6000C4E90453AD1843EB0707FFF7A5FF0346DD
:10CB7000DFF8B8E0DEF804A0EBB9C4E900EACAF8CF
:10CB80000040CEF8044028E06FF00103DAE900121B
:10CB90005B1A4FF0FF3161EB02025B1B62EB090293
:10CBA000012B72F10001BCBF012300224FF00009EC
:10CBB000C0E90432D9E7D3E9041CD4E904208A424D
:10CBC00070EB0C0B24DA891A5A686CEB0000C3E98D
:10CBD0000410C4E9003214605C60FFF76DFF84420A
:10CBE0000ED1134B1B685BB9B9F1000F02D1FFF7EF
:10CBF0006BFF0646304607F039FE0021FDF70AF8C4
:10CC000088F31188BFF36F8F28463946BDE8F88F47
:10CC1000521A60EB0C009A45C4E90420ADD01B68A1
:10CC2000AAE700252F46EFE7405B0020B41700205D
:10CC3000CC8101202DE9F047EFF31185402383F3E8
:10CC40001288BFF36F8FDFF8A0900026C9F80000AC
:10CC50000027FFF731FFDFF89480D9F80030D8E9DA
:10CC600000ECD91750B1D0E90442A34271EB020A9B
:10CC70001BDAE41A62EB0102C0E90442002413EB60
:10CC80000E034CEB01012046C8E90031C9F8004011
:10CC900007F0ECFD2146FCF7BDFF85F31188BFF3DB
:10CCA0006F8FBDE8F047FFF7D9BE14EB0E024CEBD7
:10CCB000E473C0E90467C8E90023FFF70FFF85F3B9
:10CCC0001188BFF36F8F83689847EFF31185402376
:10CCD00083F31288BFF36F8FD9F800301B1BC9F89C
:10CCE0000030FFF7E9FEB8E7CC810120405B00206F
:10CCF00010B5EFF31184402383F31288BFF36F8FD5
:10CD0000FFF7E2FE0346054AD2E90001181841EB9D
:10CD1000E37184F31188BFF36F8F10BD405B002077
:10CD2000F8B50646EFF31187402383F31288BFF36B
:10CD30006F8F026822B187F31188BFF36F8FF8BD40
:10CD4000D0E90A54691C44F10003022973F100037D
:10CD500034D3013D44F1FF34002CBCBF15462C46B2
:10CD600007F0C7FD013041F10001401944EB01011A
:10CD7000012871F100014ADB07F0BBFD6FF00203EF
:10CD8000013041F10001401944EB010183426FF091
:10CD900000438B4140DB07F0ACFD6FF001024FF028
:10CDA000FF33013041F10001401944EB0104121A34
:10CDB00063EB040330461A49FFF7ACFE336B0133D3
:10CDC0003363336A6BB187F31188BFF36F8F3046DB
:10CDD000336A9847EFF31187402383F31288BFF338
:10CDE0006F8F334653F8184F9C42A4D0002CA2D02A
:10CDF000204607F05FFC0023C4F88C3087F31188CD
:10CE0000BFF36F8F2046BDE8F84007F044BC6FF0D9
:10CE100001024FF0FF33CDE700224FF00043C9E796
:10CE200021CD02002DE9F04105461C4690461F46E3
:10CE3000EFF31186402383F31288BFF36F8FB4F1B1
:10CE4000FF3F08BFB2F1FF3F05D186F31188BFF362
:10CE50006F8FBDE8F081002C09DB012A74F100031B
:10CE6000BCBF0122002412F1FF3844F1FF372846ED
:10CE700007F013FDDDE906010023C5E90A012B6374
:10CE800042463B4628460249FFF744FEDDE700BF25
:10CE900021CD020038B50346EFF31185402282F31D
:10CEA0001288BFF36F8FC1600121816000688342E7
:10CEB00006D185F31188BFF36F8F0024204638BD5B
:10CEC000D0E9003213605A600023C0E9003307F054
:10CED00080FD294604460248FFF79AFBEEE700BFB3
:10CEE0003E8E0120F8B507460C46164607F08EFB2D
:10CEF00008B10020F8BD0E4B9B68D3F88050002D80
:10CF0000F7D0221DF5D2EFF31184402383F312886A
:10CF1000BFF36F8F284647F00401B04784F31188B0
:10CF2000BFF36F8F0028E4D040F8045BE2E700BF56
:10CF30009C8101200146024A0020FFF7D3BF00BFB9
:10CF40007D08030001680E4A0346914215D1C1696C
:10CF5000A2F11022A2F1EF1291420ED18268012AB1
:10CF60000BD8C26812B101698A4206D0586928B14B
:10CF70009B691B1A5842584170470120704700BFF7
:10CF800055AA00FF70B50D4B9E68A6B13046FFF75D
:10CF9000D9FF044678B9F3686BB935690DB92046F5
:10CFA00070BD2846FFF7CEFF28B9EB68B34202D127
:10CFB0002E462D69F2E70124F1E700BFD081012060
:10CFC0002DE9F041444B454C05461B6820468846F8
:10CFD000984718B100242046BDE8F081A4F1140759
:10CFE00054F8144CFB68DCB1BC68CCB1002D66D0A1
:10CFF000B8F1000F65D008FB05F6B6FBF5F5A845BE
:10D0000061D1311D5FD8B20711D026F0030204327E
:10D010001C4603E06168914257D2A469002CF9D103
:10D020002F4B2E481B6898470028D4D0D2E73246B1
:10D03000EEE7891A232904F120051CD80123A360F7
:10D04000D4E90523AAB19361A3690BB162695A615E
:10D050000023C4E905333B69DB0703D5FFF792FFE3
:10D06000002835D13246002128462C4609F0D1F956
:10D07000D6E7FB60E8E702F1200C04EB0C03203953
:10D08000C3E90110DC6021691648196144F80C00FD
:10D09000A0F11020A0F1EF10D86101B1CB6061695F
:10D0A0005961A069986141B18B61996901B14B6186
:10D0B00001212361C4E90121CAE7FB60F5E72C46A1
:10D0C000AEE74446ACE70446AAE7A0680028B0D023
:10D0D000012002F023FF00BFEC170020E4810120B3
:10D0E000E817002055AA00FF70B5464B464C054690
:10D0F0001B6820469847002840F08280002D43D0CE
:10D1000054F8143CA4F11406002B3DD0B268002A58
:10D110003AD09D4203D3726813449D4202D301204A
:10D1200002F0FCFEA5F120042046FFF70BFF0028CB
:10D13000F5D155F8183C012BF1D155F8143C45F8C0
:10D14000180C3BB39A682ABB55F81C2C02F120013D
:10D150005A680A445A6055E905321A6155F8145C58
:10D160002B6903B1DD6020220021204609F051F92E
:10D17000286910B18368002B2ED033699B0703D533
:10D18000FFF700FF0028CAD1BDE870401F4B1E48C2
:10D190001B68184755F8100C00282AD0836843BB39
:10D1A0004268636813442033636003692361D4E9F0
:10D1B00005239AB9CBB9436963618269A261B3B1AE
:10D1C0009C61A36903B15C61236903B1DC60202227
:10D1D000002109F01EF9D0E72C46E1E79361A3692D
:10D1E000002BE8D062695A61E5E7F360F7E7F46085
:10D1F000E7E7F36845F8083C03B15C61F460BCE71D
:10D2000070BD00BFEC170020E4810120E81700206A
:10D2100038B50C46282200210546154809F0F9F8D2
:10D22000144B15481B6898471449154800F038F806
:10D23000232C1CD915F003031FBF043CE418C3F1D1
:10D240000403ED1822460021284609F0E2F8084BB5
:10D250000C49C3E90054203C9D606C609A681160E1
:10D260009A68A1F11021A1F1EF11D161DA6038BD06
:10D27000D0810120F0170020E4810120E9D00200D4
:10D28000C1CF020055AA00FF014B1B68184700BF21
:10D29000C0170020014B1B68184700BFBC170020B7
:10D2A000024B1860024B002019607047C017002025
:10D2B000BC17002010B50A46044619B1024B0021E4
:10D2C0001B68984710BD00BFC4170020F8B50D4E6D
:10D2D0000D4C0E4D33680E48984767782B680C4804
:10D2E000984733680B489847022F08D12478E31FEA
:10D2F0005C425C412B68074898472046F8BD0024F3
:10D30000F8E700BFEC170020F8810120E8170020A3
:10D310002C190020181900200E4B0340B3F1607F38
:10D3200006D1B1F5885F14BF6FF08600002070470A
:10D33000B3F1707F0BD101F4E043B3F5005F06D188
:10D3400011F4E06F0CBF6FF08600002070476FF0A3
:10D35000860070470000C07F8A42F8B506460D4639
:10D3600000F0188101F0FE41B1F1C06F6BD18D4C1E
:10D3700022F4875121F01F01A14222F0FF0015D0B5
:10D38000894988422CD022F4FF7121F00101B1F1CA
:10D39000062F2CD004F5C064A04207D004F57454C5
:10D3A000A14203D0A4F58444A1421DD1D1B221BB36
:10D3B0008BB122F4FF7323F00103B3F1062F06D0E3
:10D3C0007A4922F4FF6323F007038B4203D122F44E
:10D3D000807225F48075954214BF00200120F8BDAD
:10D3E000D1B251B9824208D0002BE9D1F3E7D1B2D2
:10D3F00019B9B2F1062F40F0D1806B4E25F4FF71C0
:10D4000021F00101B14225F0FF0411D006F5885644
:10D41000B4420DD0664F25F47F7626F00306BE4257
:10D4200006D0644EB44203D006F57456B142BFD163
:10D4300015F0FF01BCD0604E41F00071B14204BF55
:10D4400002462546B4E7B1F1A06F17D102F0FE43C2
:10D45000B3F1A06F40F08C8082EA050333F47E13B1
:10D4600040F086802E0440F18380C5F30540C2F36E
:10D47000054290428CBF00200120B0E74F4B9D42F7
:10D4800009D1A3F500439A4200F084804C4B22F46A
:10D490007E109842A0E7B1F1407F69D102F0FE43CF
:10D4A000B3F1407F64D182EA050030F47E145FD18D
:10D4B00031462846FFF730FF00286DD1414B12F46A
:10D4C0007C1103EA020318D0B3F1607FC2F3054177
:10D4D0003DD13D48D3B243F0007383423DD003F1C8
:10D4E0007E43043B112B01D83848C45C15F47C1FE3
:10D4F000C5F3054333D18C426EE7B3F1607F0DD1A4
:10D500003148D3B243F0007383421ED003F17E430F
:10D51000043B112BDDD82E49C95CDAE7B3F1707FEB
:10D5200019D106F4E043B3F5005F03D10121C6F33E
:10D530000223994006F4E043B3F5005FD6D1012001
:10D54000C6F3022600FA06F4D0E71021C1E7B3F1D2
:10D55000707FCBD1EEE70024C8E71024C6E712F4B1
:10D560007C1F01D1A34215D02C0401D58B4281E749
:10D5700025F0004323F47F03B3F1106F0CD102F0C8
:10D58000FE43B3F1106F07D11248104040F0106015
:10D59000A84221E7012022E7002020E7002B7FF4AA
:10D5A00016AF18E700030006000200060040000660
:10D5B0000004000600090006FF0000020093C004FA
:10D5C000000140050000C07F0300000222C50300E7
:10D5D00022C503000000FFF62DE9F0478846924679
:10D5E0001C4600F023FC064600283CD1D8F8007009
:10D5F000B7F8009009F4E043B3F5804FBB6808BF6B
:10D600002AF0010A3AEA030325D164B3BAF5006FA0
:10D610002CD0AAF50052D2F1000A4AEB020A2A4B9A
:10D6200024F0FF029A4224D114F0FF0504D0274BC6
:10D6300045F000759D423BD0534622464846F96866
:10D64000FFF78AFE054670B95346224648463969B7
:10D65000FFF782FEA8BB6FF0840600233846C8F8A7
:10D66000003000F0A9FC3046BDE8F0874FF0010A19
:10D67000D5E7174B9A42D7D0A3F588539A42D3D017
:10D6800024F4FF7323F00103B3F1062FCCD011492A
:10D690008A42C9D0104A9342C6D0A2F5844293422E
:10D6A000C2D004F0FE43B3F1407F04D12304C3D5BC
:10D6B0006FF08606D1E7B3F1A06FF7D0034B9C4221
:10D6C000B9E72E46CFE700BF00030006FF000002C7
:10D6D00000130006000900060046000670B5114B55
:10D6E00005461B6810480E469847044618B16FF06F
:10D6F0008F04204670BD6B6933602B7F012B04BF04
:10D7000002232B77094B18BF30601B68064818BFEF
:10D710006FF0960498470028EBD0002CE7D06FF00C
:10D720009604E6E7EC17002004190020E817002013
:10D7300038B500F0FE43B3F1407F04460D4602D0F9
:10D740006FF0860038BDFFF7E7FD0028FAD114F42A
:10D750007C1F12D0C4F30543032B137022D9284A2F
:10D760002240B2F1607F3DD1264AE4B244F0007419
:10D7700094422BD1102BE5D9E2E7214B2340B3F1A2
:10D78000607F15D11F49E3B243F000738B4202D191
:10D7900010231370D6E703F17E43043B112B04D909
:10D7A000002313706FF08500CCE71749CB5CD3E7FB
:10D7B000B3F1707FF4D101F4E043B3F5005FEFD132
:10D7C0000123C1F302218B40DBB2C5E704F17E44A3
:10D7D000043C112CB4D80D4A125D9342B0D8142BDE
:10D7E000B0D9DFE7B2F1707FAAD105F4E042B2F51B
:10D7F000005FA5D10122C5F30225AA40EDE700BFD5
:10D800000000C07F0300000222C5030022C5030000
:10D8100000232DE9F34113604768D0F814800446D3
:10D820000E463846114607F098FC054688B938463A
:10D8300007F095FC054660B9FFB277B9B8F1000F63
:10D8400005D1A36823F0031323F47F4363B16FF082
:10D850008605284602B0BDE8F0810121606907F025
:10D8600056FC0028EDD1F2E74FF6F87362889A4231
:10D8700027D8154B15481B682779984710B16FF0CA
:10D880008F05E6E707B901A8314600F08DFA104B85
:10D8900005461B680D48984710B1002DD9D1EEE719
:10D8A000002DD6D10FCCD6F800C066460FC694E83E
:10D8B000070086E80700002FCBD1019BCCF814307D
:10D8C000C7E76FF08505C4E7EC17002004190020B6
:10D8D000E817002010B5044660B1074B07481B68E5
:10D8E0009847204607F00BFABDE81040044B034868
:10D8F0001B68184710BD00BFEC170020041900205A
:10D90000E817002037B50446C0B101A900F08EFA2F
:10D91000044698B91F4B20481B6898471F4D38BBD9
:10D920000198037F032B11D107F002FC2B680446FA
:10D930001948984728B10CB96FF08F04204603B0FE
:10D9400030BD002C08BF6FF08704F7E7022B1BD116
:10D95000032303770379FF2B19D04369104A03F19E
:10D960004043A3F58053934202D800F0D7FC04460D
:10D97000019807F0DDFB2B68002818BF0446064815
:10D9800098470028DAD0D6E76FF09604F0E76FF0FA
:10D990008404EDE7EC17002004190020E8170020AC
:10D9A000FFDFFF3F2DE9F04116461F46002288B0F9
:10D9B000038805468846CDE9042207963A60002E82
:10D9C00062D0B6F1005F80F09E8023F0FF03B3F5D4
:10D9D000E24F02D0B3F5824F22D1284607F070F80B
:10D9E0000446002840F08380EB686BB16A885AB126
:10D9F0002B8803F44F41B1F5824F05D1DBB2222BC6
:10DA000037D02DD8122B39D04246002308EB06011F
:10DA100012F8010B914243EA0003F9D1002B33D0F5
:10DA2000284605AA04A9FFF7F3FE0446A0B9049B03
:10DA30009B6A63B3049B41465A882846069206AA0D
:10DA4000029203F1280201929A6A00925B6A3246BE
:10DA500000F028FB044678B30498FFF73BFF46E04C
:10DA6000273BDBB21B2BCFD8284921FA03F3DB0776
:10DA7000CAD50732B6EBD20FC6D205E040F2092371
:10DA80009A42F6D1402EBFD86FF086042FE06B6823
:10DA90001B0A07D10799049807F0F1F804460028FB
:10DAA000C8D0D9E732464146284607AB00F0A2FA73
:10DAB00004460028EED0CFE70499069B4A88D2B9E5
:10DAC0004B804FF6F873069A04989A4218D82B8820
:10DAD00013B102889A4210D16B8813B142889A42DE
:10DAE0000BD13946FFF7FAFD04460028B4D1204691
:10DAF00008B0BDE8F0819A42E3D06FF08604ABE74E
:10DB00006FF08504A8E76FF08504F0E70102000CD0
:10DB100038B504460D46FFF7D9FB30B12A462146F9
:10DB2000BDE83840024807F044BB6FF0880038BDBC
:10DB3000FC81012070B51D4E1D4C33681D4898476F
:10DB40002378590744BF23F00403237023789A07EE
:10DB500005D500F00FF9237823F002032370164D4A
:10DB600014482B689847336814489847637813B172
:10DB7000134807F021FB0023042111486370FFF7CD
:10DB800099FB2B680D48984733680A4898472378D3
:10DB9000DB0705D507F0ECFA237823F001032370A7
:10DBA0002B680448BDE87040184700BFEC17002000
:10DBB000F881012018190020E81700202C190020F6
:10DBC000FC8101202DE9F041FFF780FB18B1002412
:10DBD0002046BDE8F081364F36483B6898470446FA
:10DBE00020B16FF08F04FFF7A5FFF1E7324D2B78DE
:10DBF000D80706D407F0BAFA04462B7843F001039D
:10DC00002B702E4E2B483368984710B1002CE8D06B
:10DC1000E9E7002CE7D13B682648984704460028EE
:10DC2000DFD12B78990706D400F09CF804462B78B6
:10DC300043F002032B7033681E4898470028E5D153
:10DC4000002CD0D13B681B4898470028C9D13368C5
:10DC5000184895F8008098470028C2D13B681848BA
:10DC6000984704460028BCD16B7843B918F0010FDF
:10DC700005D0144807F09AFA022304466B70336803
:10DC80000F4898470028C1D1002CACD13B68094807
:10DC900098470028A5D12B7806485A075CBF43F067
:10DCA00004032B7033689847002890D099E700BF91
:10DCB000EC17002018190020F8810120E817002037
:10DCC0002C190020FC81012038B5074C074B204659
:10DCD0001B689847064B204693F88055054B1B68F8
:10DCE0009847284638BD00BF18190020EC170020BF
:10DCF00000820120E817002000F140431F2B70B57F
:10DD000005460E460CD82C22154C02FB0344237FFB
:10DD1000022B02D16369834218D06FF08B001AE0A6
:10DD2000012107F0F4F9B8B10D4B00221C46197F10
:10DD3000022902D15969A94205D00132202A03F1F2
:10DD40002C03F4D1E9E72C2303FB0244204607F01F
:10DD5000D1F900B9346070BD6FF08700FBE700BFF8
:10DD6000008201200122024B002083F880257047A9
:10DD7000008201202DE9F0410A4C002526464FF093
:10DD8000010803272046C4F820802777013506F0D4
:10DD9000B6FF202D04F12C04F4D1002386F8803541
:10DDA000BDE8F08100820120F8B506460F46FFF776
:10DDB0008BFF80B300241B4B22461D46197FD1B137
:10DDC0003CB9022905D1196A19B91979002918BF76
:10DDD0001C460132202A03F12C03EFD114B96FF055
:10DDE0008C0006E0204607F085F9204606F087FF04
:10DDF00010B100240DE01C46237F7BB9012323775B
:10DE000036B1094B651BAD105D4305F180453560AA
:10DE100000203C60F8BD6FF08800EAE76FF09600E4
:10DE2000E7E700BF00820120A38B2EBA00232DE973
:10DE3000F0410B6090B005460E46FFF745FF002805
:10DE400000F0AF80584B59481B689847804668B926
:10DE500031462846FFF750FF10F18C0F0446544F0F
:10DE60000AD03B685148984710B10CB96FF08F0445
:10DE7000204610B0BDE8F08131464046FFF794FFE0
:10DE8000044618B13B6849489847F1E701223368D6
:10DE900001465D61336809A85A601C22356808F0A4
:10DEA000B8FA002200236869CDE90623414A00F14F
:10DEB0004043A3F580539342CDE90444039405D92C
:10DEC000284606F01CFF6FF0870420E006AA03A98D
:10DED00007F075F90446002837D1039B6A690A9355
:10DEE000DBB2002B08BF00220346CDE90000DDE9CC
:10DEF00006010E9209AA00F063F910F18A0F044698
:10DF000008D030680CBB06F0FAFE6FF096040023D0
:10DF10003360A6E704A909A800F084F80446A0B974
:10DF20002846049906F0ABFE044670B9DDE9060107
:10DF300005AB0193AB6A09AA00936B6A00F040F944
:10DF4000044648B1284606F0CFFE306806F0D7FEFA
:10DF500014F18C0FDBD1B6E7059B09ACAB620FCC9B
:10DF60000FC594E8070085E8070033689A68D00475
:10DF700013D49A68910444BF42F400629A603368F3
:10DF80001A7F012A04BF02221A77306807F0B2F81C
:10DF9000044600283FF465AFB9E742F480629A6016
:10DFA000E7E76FF0880463E7EC170020041900200E
:10DFB000E8170020FFDFFF3F10B50B4B04461B683E
:10DFC0000A48984718B16FF08F04204610BD2046CC
:10DFD00007F0AEF8064B04461B6804489847002833
:10DFE000F3D0002CF1D1EEE7EC170020041900204B
:10DFF000E8170020194610B4002443680C60074C51
:10E000001A0AB4EB132F02D0054B9A4202D110BC6E
:10E0100000F014BB6FF0860010BC7047004E80000B
:10E020004B4E800010B4002443680C60074C1A0A61
:10E03000B4EB132F02D0064B9A4202D110BC00F071
:10E04000FDBA6FF0860010BC704700BF004E800024
:10E050004B4E80002DE9F041456804462D0A0E46DE
:10E060001746984606D00E4CA54214D06FF0860095
:10E07000BDE8F08105886D0407D443463A46314631
:10E080002046BDE8F04106F0A8BF00F051FD10F1B8
:10E09000860FEDD1F1E7BDE8F04100F049BD00BFCA
:10E0A0004B4E80002DE9F04FDFF880B0D0F804E04F
:10E0B00085B0BBEB1E2F0446DDE90E890D461646E2
:10E0C0001F46DDF840A04FEA1E2C1CD0DFF860E0B0
:10E0D000F44518D0BCF1000F22D1CDE9019ACDF85A
:10E0E000008000F0C3FC10F1860F1BD13B46324686
:10E0F00029462046CDE90F9ACDF8388005B0BDE815
:10E10000F04F06F0CFBD3B46324629462046CDE9CA
:10E110000F9ACDF8388005B0BDE8F04F00F0A6BCEE
:10E120006FF0860005B0BDE8F08F00BF004E8000A4
:10E130004B4E800030B44468240A06D0064DAC42F1
:10E1400006D030BC6FF08600704730BC06F0F4BDDE
:10E1500030BC00F055BD00BF4B4E80002DE9F743A9
:10E160000D46DDE90A891646134942681F46B1EBA0
:10E17000122F04464FEA12230ED0104A934200D0C9
:10E18000ABB93B46324629462046CDE9008907F027
:10E19000E6F910F1860F0CD13B463246294620465F
:10E1A000CDE90A8903B0BDE8F04307F0D8B96FF0B4
:10E1B000860003B0BDE8F083004E80004B4E800027
:10E1C000F0B4DFF82CC05468DDE90456BCEB142F22
:10E1D0004FEA142702D0074CA74204D1CDE90456D8
:10E1E000F0BC00F0FBBC6FF08B00F0BC704700BFD0
:10E1F000004E80004B4E80002DE9F043DFF8449044
:10E20000DDB2446845F000754D45DDF82C804FEADD
:10E210001424DDE90767DDE909CE0CD014B10A4DFD
:10E22000AC420CD1CDE90AE8CDE9087C0796BDE8FF
:10E23000F04307F0D7B86FF08500BDE8F0836FF0CA
:10E240008600FAE7050000024B4E8000F7B5089EF5
:10E250000E4FF5B2044645F000754868BD424FEADE
:10E2600010200DD010B10A4DA8420CD1009604F137
:10E27000080007F0ACF808B90523236003B0F0BD2F
:10E280006FF08500FAE76FF08600F7E705000002FF
:10E290004B4E8000F7B5089E0E4FF5B2044645F090
:10E2A00000754868BD424FEA10200DD010B10A4DEC
:10E2B000A8420CD1009604F1080007F08AF808B9CA
:10E2C0000523236003B0F0BD6FF08500FAE76FF01F
:10E2D0008600F7E7050000024B4E80002DE9F04173
:10E2E00044681D46DDE9087CDDE90636240ADDF8D0
:10E2F00028E003D0DFF82080444508D1CDE909E5C6
:10E30000CDE9077C0696BDE8F04100F0EBBF6FF069
:10E310008600BDE8F08100BF4B4E80004268044B90
:10E32000B3EB122F01D107F046B96FF085007047AB
:10E330004B4E800010B50C4C206807F0CFFF0B4A05
:10E340001368591C11604BB9094A4820D2F80034AF
:10E3500043F00703C2F80034F2F712FA2068BDE870
:10E36000104007F0C1BF00BFCC17002084870120F8
:10E370000080045038B5164D286807F0AFFF154BE4
:10E380001C68013C1C60ECB94820F2F707FA072230
:10E39000114BC3F80823D3F8002422F00702C3F876
:10E3A0000024C3F80041D3F80021C3F80441D3F896
:10E3B00004214FF48072C3F80841D3F80831074BA9
:10E3C000C3F888212868BDE8384007F08DBF00BF3A
:10E3D000CC170020848701200080045000E100E079
:10E3E00070B5154D154E2B68B34222D0FFF7A2FF32
:10E3F00001F0EEF9124A134B134952F8040B43F89B
:10E40000040B8B42F9D101F033FA38B106F0D9FE92
:10E410000446FFF7AFFF3CB92E6005E000F01AFE9E
:10E42000044618B1FFF7A6FF204670BD07F06CF94F
:10E43000EEE70024F8E700BFC8170020117365005D
:10E44000DC7F030000C080511CD38051F8B5054625
:10E450000E4618461C2117461C4606F078FF6B68CE
:10E4600021491A0AB1EB132F1BD1204A33782261BC
:10E470001F4A13F00303E26066610CD0023303F01D
:10E480000303012B26D86B880733DB086360194B25
:10E4900023600020F8BD6B880733DB086360164BF0
:10E4A000F6E7164B9A4212D16A69154B1344022BB8
:10E4B00013D90023224642F8183FC4E903336261AE
:10E4C0006A69104B9A4201D12023E7E747B1C4E9BA
:10E4D0000067DEE76FF08400DCE76FF08500D9E7C6
:10E4E0006FF09600D6E700BF4B4E8000EDEC0200C7
:10E4F000D15603000000002040008151004E8000F2
:10E50000FF3F008004C0FF7F0022074BC3F81021AB
:10E51000C3F80C21C3F80021C3F80421C3F8082173
:10E52000C3F81421704700BF0050045008B5FFF72E
:10E53000EBFF01230360104B0A6832B9D3F80C21BA
:10E540001AB9D3F80821002AF6D00B687BB90B4B17
:10E5500099420ED0A3F58473D3F80831002B0CBF79
:10E560004FF0FF306FF00200FFF7CEFF08BD002034
:10E57000FAE74FF0FF30F7E700500450085104501D
:10E5800038B505460C4691B10021012005F071FD1A
:10E5900008480949C0F80055C0F80445FFF7C6FF10
:10E5A00000210446084605F064FD204638BD6FF0A2
:10E5B0000104FAE70050045000510450034B044991
:10E5C000C3F800050348FFF7B1BF00BF0050045077
:10E5D000045104500450045010B504460021012099
:10E5E00005F047FD064B0749C3F800450648FFF70D
:10E5F0009DFF00210446084605F03BFD204610BD66
:10E6000000500450085104500850045038B50C46CE
:10E6100059B1074D0749C5F800050748FFF786FFC0
:10E6200010B9D5F80835236038BD6FF00100FBE75D
:10E6300000500450105104500C50045070B51C4E42
:10E6400044680288B6EB142F43884FEA142513D18F
:10E650004069184B98420BD003F5FF437D330344C8
:10E66000012B02D8B2F5105F20D06FF0860016E0C3
:10E6700047F212139A42F7E70F488542F5D102F4A8
:10E680004F40B0F5824F0BD144F212100733824253
:10E690004FEAD30301D15B00013300200B6070BD52
:10E6A000B2F5885F02D10733DB08F6E70223F4E70F
:10E6B000004E800001C0FF7F4B4E80002DE9F047E7
:10E6C000804600244FF010091E4E94B00DF127052E
:10E6D00025F01F0506F1200A012210211A4806F034
:10E6E000DBFD2B1900935246102320211548CDF84D
:10E6F000049000F051FE0746F8B9D6E90C32103408
:10E70000013342F10002302CC6E90C32E4D1B8F1F9
:10E71000000F04D022464146284606F0B0FD2E46A2
:10E72000084C0FCE0FC496E80F00203584E80F0088
:10E7300095E80F00103484E80F00384614B0BDE8A7
:10E74000F08700BF485B0020685B0020F0B5194DE2
:10E75000194FAB6B8DB0BB4229D0184E306807F013
:10E76000BDFD402300221946284606F0E5FD302174
:10E77000684606F002FE044678B96846FFF79EFF39
:10E78000044690B9302302461946684606F0D4FD87
:10E7900001220023C5E90C23AF63306807F0A4FD14
:10E7A000204606F00EFD0DB0F0BD0E24F5E700206A
:10E7B000F9E700BF485B0020B4A5B4A5D01700203E
:10E7C0002DE9F04F99B00DF1570802F10F0982467B
:10E7D0000E46144628F01F084FEA191922B10029E5
:10E7E00067D0B2F5803F64D8334F344D386807F0B6
:10E7F00075FDD5E90C3213430BD15046FFF7A6FF48
:10E80000834630B1386807F06FFD584619B0BDE84F
:10E81000F08FD5E90C2319EB020243F10003B3F5A5
:10E82000803F14D3302102A806F0A7FDB8B902A892
:10E83000FFF744FF83460028E4D1302302461946FF
:10E8400002A806F079FD00220023C5E90C23DFF8B9
:10E8500070A03CB92046FFF731FF8346D2E76FF046
:10E86000920BCFE7102C4FF001024FF010015046F1
:10E87000A14628BF4FF0100906F00EFD10235246A6
:10E880002021CDE900830D4800F086FD8346002855
:10E89000B8D14A463046414607F0AEFDD5E90C32C4
:10E8A000013342F10002C5E90C32A4EB09044E44E5
:10E8B000CFE76FF0860BA8E7D0170020485B002059
:10E8C000685B0020F0B40568049C8DBB14F47C16D2
:10E8D00004600AD0C4F30546194D24F47E14AC42FA
:10E8E000466029D1F0BC00F07DB8164D2540B5F149
:10E8F000607F0DD1144FE5B245F00075BD4215D0D3
:10E9000005F17E45043D112DE6D8104E765DE3E716
:10E91000B5F1707FE0D10D8805F4E047B7F5005FF1
:10E92000DAD10126C5F30225AE40D5E71026D3E79C
:10E930006FF08800F0BC70476FF08500FAE700BF09
:10E940000002C0030000C07F030000023BC50300BB
:10E9500010B4046844B15AB1084B24F47E149C42AC
:10E9600008D110BC06F068BD6FF0880010BC70477D
:10E970001046FBE76FF08500F8E700BF0002C00318
:10E98000F8B51E46036805460F4603B311B3416848
:10E99000914222D8124A23F47E13934211D106F0F9
:10E9A000B4FD044678B905F10C0138466A6807F0F1
:10E9B00023FD6B684FF4AA712846336006F0C7FC4C
:10E9C00003E06FF09604002333602046F8BD6FF03B
:10E9D0008804FAE76FF08604F7E76FF08904F4E73C
:10E9E0000002C0032DE9F0410E46114632881D4653
:10E9F000B2F5105F0446736830D10F2D0AD819485C
:10EA00001A0AB0EB132F07D0174B9A4204D06FF0BD
:10EA1000860220E0202DFAD804F59A772A46384657
:10EA200004F58C7807F0E8FC2A4643463946304620
:10EA3000FFF70CFD024670B9414604F1200000F0DA
:10EA400007FD024618B1BDE8F04106F0BABB10233D
:10EA5000A360012323771046BDE8F0816FF08502A3
:10EA6000F9E700BF4B4E8000004E80004FF0000CD5
:10EA70002DE9F04F8DB0DDF860900588DDE9166A6C
:10EA8000C9F800C004460F4690460393CAF800C078
:10EA9000002E44D0D0F804C0DFF890B04FEA1C2E0E
:10EAA000BBEB1C2F26D104A94569FFF7C7FD014622
:10EAB000C8B9049B9E421AD35FFA85FB5946434668
:10EAC0003A46204600F06CF9014660B95846CDE957
:10EAD000006A039B05AA00F01DFB014618B9BDF8AA
:10EAE0001630C9F8003008460DB0BDE8F08F6FF061
:10EAF0008901F8E7BEF1000F14D125F0FF04B4F549
:10EB0000E24F04D10DB0BDE8F04F07F032B9B4F5D3
:10EB1000824F07D10DB0BDE8F04F07F051B96FF04B
:10EB20008601E0E76FF08501DDE700BF4B4E800016
:10EB30002DE9F043DFF8A090D0F804C00546B9EB0A
:10EB40001C2F0F4616469846048893B04FEA1C2E99
:10EB50002DD142880732B2F5C47F4FEAD20937D2AD
:10EB600024F0FF02B2F5E24F11D14A4606A907F0A0
:10EB700094F848B905ABCDE901834A463B4628469F
:10EB8000009606A9FFF772FF13B0BDE8F083B4F555
:10EB9000105F06D0B4F5885F03D042F204039C42B4
:10EBA00016D14A4606A90020FFF70AFEE1E7BEF1AA
:10EBB000000F0DD14AB124F0FF04B4F5E24F07D1A4
:10EBC00013B0BDE8F04307F068B86FF08600DBE7EC
:10EBD0006FF08500D8E700BF4B4E800030B4074C83
:10EBE000041961F10005032C75F1000502D330BC56
:10EBF00000F090BA6FF0850030BC7047FF3F008096
:10EC00002DE9F84304881E4604F44F43B3F5824FC0
:10EC10009046DDE908270D460CD0B4F5885F0ED18B
:10EC200042462946304607F0E7FB0020C7F800803F
:10EC3000BDE8F883E4B2422CF2D0122CEFE743880F
:10EC40000733B2EBD30F4FEAD30921D3DFF8488063
:10EC5000D8F8000007F042FB284606F039FD0446CC
:10EC600030B94A4630460D4907F0C6FBC7F8009058
:10EC7000284600F03BF80546D8F8000007F034FBC2
:10EC8000002D14BF28462046BDE8F84306F099BA87
:10EC90006FF08900CCE700BFD417002000000020EF
:10ECA0006029F8B505460E4618D80E4F386807F0AB
:10ECB00015FB284606F00CFD06F083FA044640B921
:10ECC00009493246284607F097FB6021064806F0BE
:10ECD0003EFB386807F008FB2046F8BD6FF089045A
:10ECE000FAE700BFD41700200000002008B5037821
:10ECF0009B0705D00548602106F029FB002008BDD0
:10ED000006F002FD0028F5D00220F8E70000002000
:10ED1000F7B5224943680446B1EB132FDAB239D173
:10ED2000032A03D16FF0840003B0F0BD466901A946
:10ED3000F5B2284606F076FC0028F5D16A46214651
:10ED4000019806F044FC0028EED10446009FA7423B
:10ED500019D89DF8043007F0070223F01F0343EA97
:10ED6000820301A88DF804308DF80560FFF7BEFF1F
:10ED70003946284606F071FC0028D5D103B0BDE81D
:10ED8000F04006F082BC6019FFF718FC0028C9D1DA
:10ED90000134DBE76FF08B00C6E700BF4B4E80000D
:10EDA0002DE9F04F89B007460C4615461E4606F081
:10EDB0006CFC78B97B690090C3F3013262F30510F3
:10EDC0008DF8000010F0300007D1B96889070FD026
:10EDD0006FF0860009B0BDE8F08F102808D1BDF8AB
:10EDE000023023F4F87343F4A873ADF8023081E0E5
:10EDF000F968DFF844C261450AD0DFF840C26145D6
:10EE000012D0DFF83CC2614550D12421009B01E0C3
:10EE10001421009B61F3933300933B88B3F5105F9B
:10EE200013D06FF08500D5E7BB685B04F9D53B884C
:10EE300003F44F41B1F5824FF3D1DBB2122BF0D185
:10EE40003821009B61F39333009300234FF0010BB3
:10EE5000984619469C46D7F808E0DFF8E89159F83B
:10EE600004AB1EEA0A0F08D00BFA0CF343EA0803BE
:10EE700003F07F08012341EA0A010CF1010CBCF107
:10EE8000070FECD12BB19DF8033068F347038DF8E1
:10EE900003303EEA0101C4D17B88FF2B11D008D892
:10EEA000802B3BD0C02BBCD102230BE0DBB2F82B74
:10EEB000B6E7B3F5807F33D0B3F5C07FB1D1062379
:10EEC00000E003239DF8021063F306118DF8021091
:10EED00018B91EF0030F7FF47BAF3B79022B2CD0C7
:10EEE00020D8012B7FF474AFBDF8021063F3C81172
:10EEF000ADF80210012A39D0032A23D0002A7FF46A
:10EF000067AF3B88B3F5105F8BD1182E04D0202E4D
:10EF100002D0102E7FF45CAF4B4F2BE00123D1E7E2
:10EF20000423CFE7032B02D0FF2B7FF451AF022144
:10EF3000BDF8023061F3C81357E7BDF8023043F45F
:10EF4000C07352E7412E0ED0202E05D006D8102EC9
:10EF500002D0182E7FF43CAF3C4F0BE0302EFBD09C
:10EF6000612E7FF435AF0135013EF5E7302E7FF499
:10EF70002FAF374F4FF000080F364FEA1619C14533
:10EF800015D11F2E1CD81C22002101A807F041FA20
:10EF90004FF0000A4FF0FF39D04518D11F2E04D989
:10EFA000BA20FFF719FB002835D1002012E704EB47
:10EFB000080006F0D8F900283AD008F10108DEE789
:10EFC0004146204606F049FB0028DCD002E707EB6B
:10EFD0000A124FEA0A130692BAF1000F1ED1009AE4
:10EFE0000792BDF802202B44C2F3C11205920DF125
:10EFF000040C03F1100E624618685968083303C206
:10F0000073459446F7D101A904EB0A00FFF7B8FA5B
:10F0100038B106F03AFB6FF09200DBE6CDF81C90B9
:10F02000DFE71C2101A806F092F90AF1010AB3E713
:10F030006FF08A00CEE600BF0044400400000209E1
:10F040000002C003F892030040008151000000203C
:10F050001084045010B590B01C22002101A807F0C4
:10F06000D8F9F82006F07FF908B3202200200DEB34
:10F070000201FFF7A5FB0446F8B901A84FF480711F
:10F0800006F09BFA0E4B0F4904930F4BCDE9011389
:10F090000E4BF821069320230DEB0302FFF780FEB1
:10F0A000202104460DEB010006F051F905E0F9209E
:10F0B00006F059F90028D8D10446204610B010BDFA
:10F0C0000010C00400240001014B4E80F800FF7FB7
:10F0D00073B5C5B20E46284601A9144606F0A2FA39
:10F0E00088B9BDF80630C3F3C113013BDBB2022B74
:10F0F0008FBF6FF08600054AD25C054B9EBF13435D
:10F100003360C4E9005002B070BD00BF4DC50300BC
:10F11000004B4E802DE9F04385B0884601A9064694
:10F1200014461D460C9F06F07DFA48B9B6F1F80367
:10F1300048F1FF38022B78F1000804D26FF0860006
:10F1400005B0BDE8F08306F0A0FA0028F8D1002C45
:10F15000F4D09DF8048018F00F0240F0A280BDF8B2
:10F160000630C3F3C113013BDBB2022B00F29C80DB
:10F17000554908F03008C95C544BB8F1100F43EA08
:10F180000103636038D1524B2360204602A9FFF788
:10F1900055FA0028D4D1029BBB4200F2918044F280
:10F1A000121221880198914204BF042205F8012B14
:10F1B0000D9A214613609DF804302A78C3F3011399
:10F1C00063F301022A7003AA08BF07F1FF3706F0B4
:10F1D000FEF90028B4D12B78039A6E7062F3840391
:10F1E0002B70238803F44F42B2F5824F54D1394635
:10F1F0002846FFF755FDA3E7134691469DF80710F3
:10F2000034484908E9B94946204606F0D6F9019B39
:10F21000C3F38533242B1FD0382B21D0142B49D195
:10F220004FF410522C4BE3609DF806302280C3F35C
:10F230000213013B052B40D8DFE803F02C162426EF
:10F240003F29CA0705D5062B31D850F8232049EAB3
:10F25000020949080133D5E74FF410521F4BE2E78A
:10F2600047F212121E4BDEE7C0236380B8F1000F95
:10F270008BD1B2F5105F02D119F0030F85D06FF07A
:10F2800096005DE7FF23F0E74FF48073EDE74FF45E
:10F29000C073EAE78023E8E7B3F5885F7FF450AFF7
:10F2A000A5E76FF088004BE76FF0910048E76FF03B
:10F2B000830045E76FF0920042E76FF098003FE768
:10F2C0006FF089003CE700BF4DC50300004B4E8046
:10F2D00001108001F8920300004440040002C003C2
:10F2E000000002092DE9F04700240588274E86B06A
:10F2F00091469846DDE911A305F44F421E4023F0E4
:10F300000043B2F5824F23F47F0318BF2546B3F1C3
:10F31000106F0F461E4B418846F01066CAF8004039
:10F320000CD19E420CD1038823F0FF03B3F5E24FCA
:10F330000CD06FF0860006B0BDE8F0879E4202D088
:10F34000144B9E42F5D16FF08500F4E7EDB22846EC
:10F3500005AA00F067FBB8B9059B5C684C45E8D18D
:10F36000284600F09FFB0028EDD0109B2246029318
:10F370000F9B394601930E9B05980093CDF80CA086
:10F38000434600F0B1FCD6E72046D4E70000FFF684
:10F3900000000209000001092DE9F3411D464FF468
:10F3A0008073284C8046002017460E46019300F0DB
:10F3B00099F901AB23601123234A0121C4E90223F7
:10F3C00004F11003636040F61103E36104F12003CC
:10F3D00063612123089AE3621C4B46F000561A60D1
:10F3E000099A45F0005542F00052C3E9011220226B
:10F3F000C4F81080A6612762A5626162DA60BFF37B
:10F400005F8F4FF0A3421460BFF35F8FBFF35F8F36
:10F410001361BFF35F8FBFF35F8F03235363BFF3AA
:10F420005F8FBFF35F8F9363BFF35F8F06F0F7F9D2
:10F43000431C0446FAD0002000F07EF9204602B0BA
:10F44000BDE8F08198870120040000208887012012
:10F4500070B504460D4619B10A688B681AB953B9DC
:10F460006FF021063BE033B94B6823F00802102A05
:10F4700001D0202B35D12046256106F040FA064602
:10F4800000282CD1184B04F178012360012363601C
:10F49000AB6804F114009A069B01DBB202F0E04273
:10F4A0001A4342F48032112300F020F8AB6893B97C
:10F4B0002A68A3691A606B68A26943F000539360DD
:10F4C0002268A36992699268DA60A3691033A36124
:10F4D00063680133636000221023C4E902233046CD
:10F4E00070BD6FF04106FAE714930300026100F16A
:10F4F0001402826000F110024160C2600A6042683A
:10F50000034991604268D360436810334360704799
:10F5100004000020BFF35F8F094A1368BFF35F8FB9
:10F5200043F48071BFF35F8F1160BFF35F8F23F4EB
:10F530008073BFF35F8F1360BFF35F8F704700BFAF
:10F540000010805108B5FFF7E5FFBFF35F8F064A53
:10F550001368BFF35F8F43F00103BFF35F8F136046
:10F56000BFF35F8F08BD00BF0010805170B500264B
:10F57000C0E9006605460C46FEF7DCFE01232B7051
:10F58000FFF7C8FFBFF35F8F204BDB68BFF35F8FD0
:10F590009B08013BACB3226842B19A4205D9FEF701
:10F5A000E9FE6FF03F002E7070BD1346D4E90115DF
:10F5B000E068002908BF4FF40071002808BFF1205F
:10F5C0002469BFF35F8F114A9360BFF35F8FBFF36E
:10F5D0005F8F1564BFF35F8FBFF35F8F5064BFF31E
:10F5E0005F8FBFF35F8F5163BFF35F8F44F480245D
:10F5F00044F00104BFF35F8F1460BFF35F8F0020FE
:10F60000D2E74FF40071F1202546DAE7001080516F
:10F6100070B503780D461446002B53D0BFF35F8FAF
:10F620002D4A136BBFF35F8F5908C3F34203052BB9
:10F630004BD011F0060F02D14FF0FF3070BD436880
:10F64000D3B9BFF35F8F5368BFF35F8F032BF3D939
:10F65000224B2349BFF35F8FD2F88060BFF35F8FE7
:10F66000BFF35F8F43F8046BBFF35F8F8B42F1D121
:10F67000FFF768FF01234360BFF35F8F164B9A6863
:10F68000BFF35F8F0132B4EB021F21D8BFF35F8F4E
:10F690005A68BFF35F8FB4EB820FCDD884B1BFF34C
:10F6A0005F8FD3F88020BFF35F8F291D05F8012BF2
:10F6B0008D424FEA122204F1FF34EFD0002CF5D135
:10F6C0000020BBE76FF02000B8E76FF05100B5E70E
:10F6D0006FF03F00B2E700BF001080511010805162
:10F6E0002010805110B50446FEF724FE104B186818
:10F6F00006F0F4FD0CB101232370BFF35F8F4FF0D0
:10F70000A3430022DA61BFF35F8FBFF35F8F4FF037
:10F71000FF321A63BFF35F8FBFF35F8F3422DA616A
:10F72000BFF35F8F0122034BC3F8042310BD00BF5A
:10F73000D41700200080045010B5044638B9FEF7F5
:10F7400019FEBDE81040074B186806F0CDBD0378E0
:10F750003BB1FEF70FFE034B186806F0C5FD002312
:10F76000237010BDD417002038B5164CD4F80051C2
:10F77000C5B1BFF35F8F4FF0A343996ABFF35F8FAB
:10F78000BFF35F8F4FF0FF321A63BFF35F8F002329
:10F79000C4F80031D4F800310B4B1868BDE838408C
:10F7A00006F0B5BDD4F8083153B100F0ABF806F05F
:10F7B00031FAC4F80851D4F808310121034BECE7C1
:10F7C00038BD00BF00800450DC170020D81700208F
:10F7D00008B5074B186806F089FD064B186806F057
:10F7E00085FDBDE80840002248201146F0F7EABF39
:10F7F000DC170020D817002038B5094B1C7864B1FD
:10F80000084B4FF0FF311D68284606F071FD4FF0A0
:10F81000FF310446284606F078FD204638BD00BF7B
:10F820003C8E0120DC17002038B5074B4FF0FF312C
:10F830001D68284606F05CFD04464FF0FF3128465F
:10F8400006F063FD204638BDD817002010B5064CE1
:10F85000E36C3BB9214651F84C3B986906F0F7F947
:10F860000123E364014810BDC887012014880120EA
:10F8700010B50B4B0B4C236003F5C0436360246150
:10F88000FFF7E4FF50B1236D0020B3F5007FCCBF3C
:10F890004FF480634FF40073A36010BD0E20FCE7AB
:10F8A00000208051C887012010B50446114B18680C
:10F8B00006F014FD104B1A68236122605A686260DA
:10F8C0009A68A2600D4A12689A660023A364FEF744
:10F8D00031FD04220A4BC3F80423204606F08BF9BD
:10F8E00020B9204606F08CF900B910BDFFF79CFF47
:10F8F000F3E700BFE0170020C88701204093030012
:10F900000080045000487047C8870120042210B5C9
:10F910000446084BC3F80823FEF72CFD064A23696A
:10F9200012689A6600236364044BBDE810401868AF
:10F9300006F0DABC0080045040930300E01700207A
:10F94000244B0340B3F5806F2FD017DC402B2ED013
:10F9500008DC102B2DD0202B2DD0181E18BF012015
:10F9600040007047B3F5807F27D0B3F5007F26D0E5
:10F97000802B08BF0B2018BF02207047B3F5804FC3
:10F980001FD00ADCB3F5805F1DD0B3F5005F1CD03B
:10F99000B3F5006F08BF0620EDE7B3F5004F16D0B2
:10F9A000B3F5803F08BF0320E5E7112070470A2028
:10F9B00070470C20704709207047082070470720C7
:10F9C00070471420704705207047042070470F20AF
:10F9D000704700BFF0FF010070B50F4E0F4C054699
:10F9E000306806F07BFC206830B980220C49FEF7B5
:10F9F000E7FE70B9202323602368094A013B236096
:10FA0000002452F823202A60306806F06DFC20465E
:10FA100070BD0224F8E700BFE417002034880120FD
:10FA20003888012012281BD0A0F11203302B2DD8CA
:10FA300026280DD81738C3B20B2B27D816481841E3
:10FA400000F00100C0F1FF2000F57F007A30704720
:10FA50002738C3B21148D84000F0010087387047FA
:10FA6000B1F5807F0ED006D8E0290CBF6FF085007D
:10FA70006FF086007047B1F5C07F0AD040F20923CD
:10FA80009942F2E7064B0020136070476FF0860042
:10FA900070476FF085007047EEF7FFFF1102000C12
:10FAA000D4940300A0F11203DBB21E2B9DBF0348C8
:10FAB000D84000F001000020704700BF2102214221
:10FAC00070B50446A4B0466811A80D46FFF7ECFED9
:10FAD000174B11A8196806F0B4F821466B460022AE
:10FAE00011A806F0F6FA044680B911A806F095FAB6
:10FAF000DDE900120346284606F0F6F911A806F0E3
:10FB00004BFB11A806F08EF8044648B111A8FFF788
:10FB1000FDFE204605F055FB0446204624B070BD8E
:10FB200011A8FFF7F3FE3146684605F010FCF4E734
:10FB3000E494030070B5D51D1C78ED080646042C2E
:10FB4000084611464FEA450286B002F101021DD176
:10FB50000A9C94421AD1104C104A344044F010646C
:10FB600094424FF0000414D15A1CCDE902526A1C91
:10FB7000134401AACDE904530194FFF753FF18B9C8
:10FB8000019802A9FFF79CFF06B070BD6FF08600D8
:10FB9000FAE72046F8E700BF0000FFF60000020980
:10FBA0002DE9F0410388002503F44F44B4F5824F5A
:10FBB00008BF1C4603F4E04C1D4B18BF00249846B8
:10FBC000C768E4B21E78A6421ED1D3E90260BCF534
:10FBD000804F08BF06461068D3F804E018B98E427B
:10FBE00008BFC2F800E0106870450DD18E4203D006
:10FBF0006FF08600BDE8F081142303FB05831B7CB6
:10FC000043B96FF08500F5E70135132D03F11403B7
:10FC1000D8D1EDE7422C09D1064B9F4206D003F222
:10FC20000B139F4202D00A339F42E1D10020E1E74B
:10FC300058930300000800062DE9F34105881F468C
:10FC400005F44F43B3F5824F0E46804641881BD1E1
:10FC5000EDB2422D3DD8402D13D8A5F11203DBB2F1
:10FC60001E2B36D81D4A42FA03F3DA0731D4CC1DD5
:10FC7000E40864000134089BA34207D26FF08900B6
:10FC800024E0CC1DE408F6E700242546284601AA16
:10FC9000FFF7C8FED0B9D8F80420114BB3EB122FF0
:10FCA00019D0123DEDB21E2D15D80E4BEB40DB07DF
:10FCB00011D539460423019A01F8013B304600F082
:10FCC0009FF805F07EFA08B9099B1C6002B0BDE8F8
:10FCD000F0810024DAE76FF08500F7E7DEFFFFBF71
:10FCE000004E80002100004070B51446C4B01D468F
:10FCF0000FABCDE90121CDE90432039220AB1022F4
:10FD00000646002107A8069306F083FB489A630085
:10FD100001339A426CD12B78042B69D14A9B9C42C7
:10FD200069D86B1CCDE90743631C1D44304607A905
:10FD3000CDE90945FFF7C4FE0446002855D131A896
:10FD4000FFF7B2FD2D4B31A8196805F07AFF0A259F
:10FD5000002231460BAB31A806F0BBF9044600285F
:10FD600034D131A806F059F9044602460B9901A88E
:10FD700006F091F8DDE90C12234607A806F0B4F866
:10FD800031A806F009FA31A805F04CFF0446E8B99D
:10FD9000013DDDD131A806F07DF9054631A806F018
:10FDA0003CF903AB0246D5E9000106F08DF8049B4F
:10FDB000039A0C93059B49990D93069B0BA80B92F4
:10FDC0000E9306F068F84B9B0B9A1A60DDE903105E
:10FDD00005F0BDFADDE9051005F0B9FA204605F099
:10FDE000F0F9044631A8FFF791FD204644B070BDFC
:10FDF0006FF08604F9E76FF08904F6E7FC940300DE
:10FE00002DE9F04796B0814603A80E46154657687F
:10FE1000FFF74AFD254B03A8D3F800A04FF00008D8
:10FE2000514605F00EFF6B460022294603A806F056
:10FE300050F9044618B103A8FFF768FD21E03A46DF
:10FE40004946009806F07DF8DDE90123294603A81C
:10FE500006F00EF903A806F09FF903A805F0E2FEEC
:10FE60000628044611D108F10108B8F10A0F04D0A0
:10FE7000514603A805F0E5FED5E703A8FFF746FDC8
:10FE80006A24204616B0BDE8F0870028D3D103A825
:10FE900006F000F905463A460168304606F0ACFA2D
:10FEA0003A466968F01906F0A7FAC4E7FC94030023
:10FEB0002DE9F0434FF0000985B00546CDF80490D8
:10FEC00000F10C07EFF31188402383F31288BFF38E
:10FED0006F8F8368594003EA02060A4053400E4977
:10FEE00001AACDE9023904F09FFC019C3CB12046F7
:10FEF000C4F88C900021646E04F0EDFBF6E7DDE9B8
:10FF0000023223EA020338464146AB60FCF780FB2D
:10FF1000304605B0BDE8F0839D63030008B5054B8E
:10FF2000044613B10021AFF3008000F0ABFA204685
:10FF3000F0F734FF00000000F8B50E4B06461D68D0
:10FF4000AB789B0712D56F6816F8014B29462CB980
:10FF50000A20B847002805DB204609E02046B847BC
:10FF60000028F1DAAB7843F00403AB704FF0FF30B8
:10FF7000F8BD00BF387A03000CB430B589B005462F
:10FF80000C461C22002101A806F043FA0223059525
:10FF90008DF806300D4B029323462CB1B4F1004F7F
:10FFA00028BF4FF00043013B1D440DAA0C9901A846
:10FFB0000695009200F00CF814B1059B00221A700F
:10FFC00009B0BDE8304002B0704700BF27650300AC
:10FFD0002DE9F04F43688DB0154680460293837833
:10FFE0009A0740F10D8100240E78002E00F00A815E
:10FFF000252E0BD04B1C0393013441463046029B07
:020000040003F7
:1000000098470028C0F2F6800399EDE74E788B1CE4
:10001000252E0393F0D00027B946BB46BBF11F0F36
:1000200038D8A6F12003102B0AD8DFE803F02A09FC
:1000300009300909092109090928092D09091F00A1
:10004000A6F13003092B33D92A2E37D11BF0400FEC
:1000500055F8043B40F08280002BA7BF4BF0200BEB
:100060009946C3F100094BF0280B01E04BF0010B5E
:10007000039B13F8016B0393002ECFD130E04BF0BC
:10008000020B4BF0040BF3E74BF0080BF0E74BF0DF
:10009000100BEDE7BBF17F0F19D8A6F13003092B48
:1000A000D2D81BF0400F03D00A2101FB0737DFE74E
:1000B0000A214BF0200B01FB0939D9E72E2E06D17E
:1000C0001BF0400F40F09E804BF0400BD0E76C2EB1
:1000D00031D02BD8682E36D06A2E3CD04C2E3AD058
:1000E000002F46F02003B8BF2BF04002A3F16501BA
:1000F000BCBF00271FFA82FB022901D9612B2FD137
:1001000007350727DFF8ACA225F0070508351BF0F7
:10011000080F66D00AEB070B56465E4563D1A4EB89
:100120000A0AA9EB070906EB0A026FE1742E9FD0B9
:100130007A2E9DD0D4E71BF0800F18BF4BF4007BC4
:100140004BF0800B94E71BF4807F18BF4BF4007BCF
:100150004BF4807B8CE74BF4207B89E71F4687E7D5
:10016000A6F16301122900F2F080DFE811F013001C
:100170004F00EE00EE00EE00EE004F00EE00EE004D
:10018000EE00EE00EE00FE00E900EE00EE001B00C7
:10019000EE00AF0055F8043B01270DF1180A8DF869
:1001A0001830B4E755F804AB834BBAF1000F08BF21
:1001B0009A461BF0400F504614BF39464FF0FF31AE
:1001C00006F04FF90746A2E741462020029B9847D8
:1001D00000280FDB013EB742F6D34C44B146A41BC6
:1001E00098E74E46F7E7414616F8010B029B984701
:1001F000002892DA98F8023043F0040388F80230BD
:100200004FF0FF3420460DB0BDE8F08F1BF0800F9B
:1002100034D01BF4007F2CD0073525F00705AA4603
:1002200069685AF8080B2BF010050029ADB237DACF
:10023000404245F4806561EB41010DF1180B0A2342
:100240005A4606F01AF9A0EB0B0301936B0662D530
:10025000019B25F001019F4289B240F3A180002E4D
:1002600000F0998015F0100240F09C80BB460D46CE
:1002700023E0AA465AF8040BC117D4E7AA461BF498
:10028000807F5AF8041B01D10846F5E71BF4007F74
:1002900019BF48B241F3C01108B241F3C031C2E7FF
:1002A00050EA0103C9D11BF0400FC6D0002FC4D1C2
:1002B0002BF01102BB46019795B240F2064115EAB8
:1002C00001021CBF0BF1010B00222CE02BF01002ED
:1002D0000A231FFA82FB1BF0800C49D01BF400712B
:1002E00015BF0735AA4625F007055AF8040B1EBFAF
:1002F000AA4669685AF8080B50EA010545D12BF067
:1003000016051BF0400FADB242D0002F40D12BF0AC
:100310001702019795B215F0100248D0019B002EEC
:1003200042D103F1010B29075AD4EB0706D5D94571
:100330006FDDA9EB0B030199CB465F185B4649E0E3
:100340004BF0100B10237826C5E7782B04D1C6F1AB
:10035000780343F01003BEE741462520029B9847EF
:100360000028FFF647AF023447E608230026B2E72D
:10037000AA461BF480715AF8040BBDD01BF400711F
:100380001ABFC0B2614680B2B6E72BF0060295B242
:100390000DF1180B54E725F01105BB46ADB28CE703
:1003A0000D46B8E73B460D4603F1020BBBE7DDF80F
:1003B00004B082E771C603006AC60300CDE90432C7
:1003C00041462020029B98470028FFF613AF049B6C
:1003D000059A01339945F1DCA4EB0B019B46CC183F
:1003E0000AB341463020029B98470028FFF602AF2F
:1003F0008EB901342744391B019B994224DC1D46E8
:1004000055BB019AA9EB0B09554622441446914469
:1004100033E0019F92E7023441463046029B984701
:100420000028E7DAE6E640F206410D42E2D015F098
:10043000020F04F10104414614BF2B20202015F4C3
:10044000806F18BF2D20E9E741463020029B013420
:1004500098470028CFDACDE606AB013D4146585D0E
:10046000029B98470028CBDAC4E641462020029B35
:10047000013498470028FFF6BDAEA9EB0403002B1A
:10048000F3DCC1E538B5074D074C641BA41024B953
:10049000064B0BB1AFF3008038BD013C55F824305A
:1004A0009847F4E700000000000000000000000092
:1004B0007047836800EBC101B3F5004F2CBF51F8C2
:1004C000220031F81200704700EBC1018068B0F5DE
:1004D000004F2CBF41F8223021F812307047012222
:1004E00008B5FFF7E6FFD04008BD836800EBC10107
:1004F000B3F5004F08D34B681AB143F001034B60CA
:10050000704723F00103FAE74B881AB143F0010367
:100510004B80704723F00103FAE753000122FFF7F5
:10052000D3BF8368B3F5004F34BF04230823C91A2F
:10053000081AC00870478368481CB3F5004F34BFE1
:10054000042308230833A0EBD300B0FA80F0C0F1F5
:100550001F0070472DE9F041174603220E4604465E
:10056000FFF7A7FF8642054607F104080AD10122DA
:10057000E368BA4023EA0203E360002344F828302A
:10058000BDE8F081314602222046FFF792FF064681
:100590002B4601460322204644F82850FFF794FFDB
:1005A000334629462046BDE8F0410222FFF78CBFC2
:1005B00070B50D4686680446FFF791FFB6F5004F0B
:1005C000014601D3012809D02046FFF7B4FF294690
:1005D00002462046BDE87040FFF7BCBF70BD2DE964
:1005E000F0470546FFF7A7FF05EB800ADAF8109001
:1005F00088460646B9F1000F1BD00327DAF81040F1
:1006000028462146FFF76BFF404507D33246214677
:100610002846FFF79FFF2046BDE8F08703222146CA
:100620002846FFF746FF013FCAF8100001D0814578
:10063000E4D14FF0FF34EB680136B4401C40EAD0FF
:1006400094FAA4F2B2FA82F2131D55F82340DEE7C1
:100650002DE9F04114460E460546FFF740FFA4EB96
:100660000608371B0744424631462846FFF755FF28
:100670003A4621462846FFF750FF434600222146CE
:100680002846FFF721FF21462846FFF728FF3B4673
:10069000211800222846BDE8F041FFF715BF2DE9DB
:1006A000F041164604460F46FFF719FF314605464E
:1006B0002046FFF714FF05442A4639462046FFF737
:1006C0002CFF31462046FFF70AFF2B463118002247
:1006D0002046BDE8F041FFF7F7BE2DE9F0410D4699
:1006E00086680446FFF7FBFEB6F5004F014601D3CE
:1006F000012832D02046FFF71EFF04EB80010E696F
:1007000096B90122E36882401343E36002220D613F
:100710002B4629462046FFF7D7FE032229462046CE
:10072000BDE8F041FFF7D0BE022231462046FFF778
:10073000C0FE0746034629462046FFF7C5FE0322B2
:10074000334629462046FFF7BFFE39462B46204652
:10075000FFF7BAFE02223146E1E7BDE8F081F8B5C5
:100760000C460546FFF7BBFE2618012231462846F7
:10077000FFF79FFEC3070CD431462846FFF718FF4A
:1007800021462846FFF7ABFE214622182846FFF7F0
:1007900086FF002221462846FFF78BFE271A0122FA
:1007A00039462846FFF785FE10EA020613D139467E
:1007B0002846FFF7FDFE214632462846FFF779FE20
:1007C0002246211A2846FFF76AFF2146324628466C
:1007D000FFF76FFE241A21462846BDE8F840FFF7D0
:1007E0007CBF38B571B1056800222846FFF799FE35
:1007F000044601462846FFF778FE2146BDE838400A
:10080000FFF7ADBF38BD70B5056809B9002070BDF0
:10081000AB6801F00704B3F5004F2CBF0822042297
:1008200007341444E40804EBD1049C4228BF1C465E
:1008300028462146FFF7D3FE06460028E6D00146AB
:100840002846FFF74CFEA04209D9344431462846D9
:100850002246FFF7FDFE21462846FFF73EFF2846C9
:1008600001223146FFF741FEAB68B3F5004F34BFBC
:100870000423082303EBC6031844C8E71146FFF717
:10088000C2BFB2F5802F2CBF082304232DE9F0410D
:100890000026D21A8C18CD1D25F0070524F0070478
:1008A000641BE408056021462846AC60EE60FFF753
:1008B00042FE421D9200013002F107074FEAD707BE
:1008C0003146A2F1100205F11000B8BF324605F022
:1008D000A0FD3A4631462846FFF71FFE3346324612
:1008E00031462846FFF7F0FDA4EB070828463146BD
:1008F0000122FFF7FAFD42463946FFF70EFE3B465E
:10090000324639462846FFF7DFFD21462846FFF7E5
:1009100004FE4346324621462846FFF7D5FD2146D0
:1009200028460122FFF7E1FD3946BDE8F041FFF717
:10093000D4BE2DE9F04706460D46174698462BB320
:100940004FF0000A98F8004093F80190DB78A4007B
:1009500004EB430498F802301C444444CA4509D3CC
:1009600039463046AC46D8F8042008F10803BDE803
:10097000F047604714F8013B0AF1010A204648F8A5
:100980002340ECF7A8FB01300444E7E76FF01500C3
:10099000BDE8F08770B5002502462846144614F8D5
:1009A000013B0BB9184609E098B18D4207D1702B75
:1009B00004D0A3F140023A2A0BD8002070BDA3F165
:1009C00040063A2E05D853780135941C002BE9D007
:1009D0000020252B224608BF80F00100DEE7002022
:1009E000704700F091BB0FB407B504A951F8040B90
:1009F000019100F089FB03B05DF804EB04B070478F
:100A00000FB407B504A951F8040B0191FFF7E9FFF2
:100A100003B05DF804EB04B0704710B503690246FB
:100A200013F0080009D11368D4689C429BBF0120D1
:100A3000126AE31AD31A0B6010BD00231846FAE7B6
:100A400013B501A90446FFF7E8FF20B1019BE26856
:100A5000013B13440193206A019BC01A013802B084
:100A600010BD10B5044650182269236AD20702D57A
:100A7000013B184010BD984228BFC01AFAE710B5D4
:100A800004460A46C168FFF7ECFF2369E06023F0E3
:100A90000803236110BD38B50D46C2698B0001689B
:100AA00043F00203044642F8213001682A46FFF76A
:100AB000D8FFE3686168984208BF2369206008BFD7
:100AC00043F008032A46204608BF2361FFF7C9FF09
:100AD000606038BD2DE9F74FC768C6699B4606EBD5
:100AE0008703009316F82730044603F00303022B14
:100AF000884691464FF000030BD01360CBF80030CE
:100B000023699B0713D44FF0000A504603B0BDE899
:100B1000F08F56F8271013608908CBF80030EFD01B
:100B2000FFF7ADFFE368A3604FF0010AEDE7A369AB
:100B300006EB8700984716F82720054612F0010AB1
:100B4000E1D012F002021FD0B8F1000F03D04146ED
:100B50002046FFF7A0FF61682A462046FFF781FF85
:100B6000D4E902219142606006D12A462046FFF76F
:100B700078FF4FF0000AA060A2682260E26022695C
:100B800042F008022261C0E7014620460192FFF7C9
:100B900076FFE368A360B8F1000F04D02168E36931
:100BA000019A43F8212005EB0802CBF800202168C8
:100BB0002046FFF756FF2369206043F008032361B6
:100BC00016F827306FF3000306F82730009BC9F8AA
:100BD0000030A9E770B504461546FFF742FF2368C9
:100BE000834205D12369216023F00803236170BD8E
:100BF000E269AB0043F0020342F8213061682A4603
:100C00002046FFF72EFF6060F1E738B50369044620
:100C10005B0706D5456AFFF713FF85422CBF656267
:100C2000606238BD38B50D4604461C22002105F02F
:100C3000F0FB0022EB68A361AB6863612B68E361A2
:100C40006B68626223622A6923B1591E194208BF88
:100C500042F001022261012204F128000021BDE8D6
:100C6000384003F089BB2DE9F04F002587B0009391
:100C7000036A04468B420E469246A94603950595A3
:100C800039D3EFF3118B402383F31288BFF36F8FB7
:100C9000059AD8462AB129462046FFF79BFF002334
:100CA000059304A92046FFF7B8FE04990746B14210
:100CB0002AD32268E369204613F8221003EB820945
:100CC00021F0030103F8221021683246FFF7C9FE24
:100CD000E3682060984212D0002788F31188BFF3A0
:100CE0006F8F039929B162690AB1204690470023AA
:100CF0000393002FC5D1484607B0BDE8F08F2369A4
:100D000043F008032361E7E718B12046FFF7C3FE6D
:100D1000E3E7009B5AEA03021CD0019103F076FC42
:100D20000199B8B9BBF1000F14D187F31188BFF353
:100D30006F8F5246009B04F12800FAF7D7FFEFF3BC
:100D40001188402383F31288BFF36F8FB0FA80F7C6
:100D50007F09C2E7204605AB03AA2568FFF7BAFE64
:100D60000746BAE770B50446836908460D469847BA
:100D70000246EFF31186402383F31288BFF36F8F8F
:100D80002B78204643F001032B706168FFF769FE62
:100D900060602046FFF739FF86F31188BFF36F8F3D
:100DA00070BD2DE9F041044640270020EFF3118685
:100DB00087F31288BFF36F8F236913F0080FA368BE
:100DC00002D16268934200D9226AD21AE1695AB903
:100DD00086F31188BFF36F8F18B104F12800FAF77A
:100DE0004BFF4FF0000834E011F8232001EB83089B
:100DF00012F00305ECD0022D03D151F82350AD08B9
:100E000005D1D00713D44046A36998470546A16889
:100E10002A462046FFF725FE2946A0602046FFF718
:100E20002EFE86F31188BFF36F8F0120BEE742F0DC
:100E3000020201F82320A3694046A5689847294685
:100E400002462046FFF70DFEA06086F31188BFF32F
:100E50006F8F4046BDE8F081F8B5044683690846C7
:100E60000D4698470646EFF31187402383F3128817
:100E7000BFF36F8F2B786FF300032B7023699B07F1
:100E800005D5E268E36903EB82039D421AD12B7812
:100E90006FF341032B70D4E90231994204D13246F9
:100EA0002046FFF7DEFDA06031462046FFF7E7FD54
:100EB00087F31188BFF36F8F04F12800BDE8F84075
:100EC000FAF7DABE2B6860F39F032B60F0E7EFF3CD
:100ED0001181402383F31288BFF36F8F036913F0EE
:100EE000080F836802D14268934200D9026AD31A7C
:100EF00081F31188BFF36F8F181E18BF0120704750
:100F0000038B13F0070305D10368002B0CBF0020EF
:100F100003207047022B05D1408BB0FA80F04009C6
:100F200080007047012B05D10368002B0CBF002007
:100F3000052070470020704710B50C4600B111B96C
:100F40006FF0150010BD081D00F093F80028F9D1CE
:100F5000A368032BF6D9F3E72DE9F0410D460746C8
:100F60001946281D90461E4600F097F8044638B1F1
:100F70003346424629463846A446BDE8F04160471C
:100F8000BDE8F08110B4EFF31182402484F312889D
:100F9000BFF36F8F416110BC0121EDF76DBA38B519
:100FA0000C46054658B151B10B6843B14B6833B19B
:100FB0001C22002105F02DFA00202C6138BD6FF0B5
:100FC0001500FBE770B505460E46FFF7B5FF041E9A
:100FD00014DBEFF31182402383F31288BFF36F8F8A
:100FE0004FF6FF716B8B2C8B8B4204F0070407D1FB
:100FF00082F31188BFF36F8F6FF00A04204670BD33
:10100000022C0CD101336B8382F31188BFF36F8FF5
:101010000023224631462846FFF79EFFEEE7062CC6
:1010200014D8DFE804F004131313041A0400002397
:1010300033606B683BB9C5E90066ACB9022128464C
:10104000EDF71AFADAE71E606E60F6E782F31188B0
:10105000BFF36F8F6FF00404D0E782F31188BFF302
:101060006F8F6FF08504C9E782F31188BFF36F8F2C
:10107000C4E7034640B1426802F00302022A06D0E8
:10108000032A04D0012A05D06FF0150070471A68B2
:10109000002AF9D000209860704710B542680346D6
:1010A00002F00302022A4FF00004816007D0032AF5
:1010B00002D05C60002001E018685C6010BD186818
:1010C0005C600028F6D0FBF7E5FEF3E77047037895
:1010D0005B075FBF03684288C3F34A2303EB121028
:1010E0005DBF173020F00700800800207047002007
:1010F000704702F026BC0346D3E8EF0F421CC3E85A
:10110000E12F0029F8D170471FB50023CDE9020176
:101110001A4619461846CDE90033EDF7D9FD05B05A
:101120005DF804FB0120EDF78BBB0020704743689E
:10113000DA7101224368196043685A71EDF772BB96
:1011400070B515460C4669B1D2E901369B1B994230
:101150000AD813680A460146981905F04DF9AB689C
:101160002344AB60204670BD6FF01B00FBE770B5F9
:101170000E4615461946044618B9BDE87040EDF70D
:101180005FBB33B1C2F34A231030120D184405F08F
:1011900033F9C4E900562046BDE87040EDF7F4BCD1
:1011A0002DE9F3415F1C4FEA8708064608F1170056
:1011B00020F0070080080C461546EDF7BDFB002324
:1011C0008DF80470ADF805308DF8073068B103462E
:1011D000019AA8F1040143F8102F2A46294452F835
:1011E000045B8A4243F8045FF9D100233146A2012F
:1011F00002F4E07242EA482222F07F4222F47002B6
:1012000022F03F0202B0BDE8F041FFF7B0BF07B5E2
:101210000123019201AAFFF7C3FF03B05DF804FBAD
:1012200007B5CDE9002302236A46FFF7B9FF03B0F3
:101230005DF804FB1FB5CDE90123069B01AA0393CA
:101240000323FFF7ADFF05B05DF804FBF8B50646D4
:101250000D4614461F4604B9F8BD214628463A46B5
:10126000B047241A0544F6E710B542680446D2E9AF
:10127000002381680068FFF7E9FF002263681A60B5
:1012800010BD38B54B6805461A68CB680C469A42C3
:1012900002D10846FFF7E8FF6368D3E8EF2F511C3F
:1012A000C3E8E01F0028F8D1A36800209D5438BD92
:1012B0000A2838B504460D4602D10D20FFF7E1FF9C
:1012C00029462046FFF7DDFF002038BD2DE9F04319
:1012D000054687B008460E8891F800900C46D1F874
:1012E00008801746EDF744FD011EC6F38216C9F3C8
:1012F000C2091EDB4846EDF759FC0346214651F86A
:10130000102B6088C2F34A22002A01EB020408BFB6
:1013100000210022C0F30B10CDE90407CDE902142F
:101320002846414601960092EDF74EFD07B0BDE814
:10133000F0830023E2E7436800201B685B68996143
:10134000704743681B681A685268536070470121F0
:101350002DE9F04143681B685A6811771D682F68B2
:10136000D5E90136D3E900481CB96B681C60BDE8BB
:10137000F081214630464246B847241A0644F3E736
:1013800043681B681868EDF789BE70B543680C4662
:101390001D686B689869EDF72FFA214603460F2206
:1013A0002868BDE8704018477047EFB505461646F7
:1013B0001F46EDF771FF68B102230293BDF820309C
:1013C000C0300190009332463B46284601F03BFD79
:1013D00004B0E0BD6FF00100FAE7EFB50546164630
:1013E0001F46EDF759FF68B102230293BDF8203084
:1013F000BE300190009332463B46284601F023FD63
:1014000004B0E0BD6FF00100FAE77047704710B517
:10141000044688B039B900F03DFE6946EEF788F819
:101420002046EEF7C5FB08B010BD10B5044688B0E5
:1014300000F030FE6946EEF77BF82046EEF7F2FB4F
:1014400008B010BD10B50446006808B1F2F74AFCB8
:101450000023083444F8083C24F8023C2360A380AD
:10146000A371D4E8EF2FC4E8E13F0029F9D110BD02
:1014700008B501220023EEF7F5FB003818BF012064
:1014800008BD08B501220023EEF7ECFB40B100F1E6
:101490000803D3E8EF1F0131C3E8E21F002AF8D1A7
:1014A00008BD10B96FF0150070470830D0E8AF3FA5
:1014B000002BF7D0D0E8EF3F013BC0E8E23F002A25
:1014C000F8D1002070478446F8B59CF80C500846C7
:1014D00017461E46C5B11B88BCF8064003F10F0134
:1014E000E41A0434A4B29442254628BF1546614448
:1014F0002A4604F081FFBC428CBF002401243388BB
:101500002B443380069B1C702846F8BD04F081BF35
:1015100004F072BF01460068EEF7AEBD08B5EEF705
:1015200007FEBDE80840EEF727BE0A460121FFF797
:101530006EBE00210120EEF79FBD436F83F30B8841
:1015400070476FF08500704761B662B680F311880E
:10155000BFF36F8F704772B6002383F31188BFF318
:101560006F8FBFF34F8F30BF62B6BFF36F8F70477F
:1015700072B6002383F31188BFF36F8FBFF34F8FD1
:1015800020BF80F31188BFF36F8F62B6704740E8C9
:1015900000F313F4803FD8B208BF6FF01500704716
:1015A00030B50C684B6885B00A894D890094013BC1
:1015B00024F01F04234402F01F0242EA451223F0E4
:1015C0001F0369468DF808200393EFF7D1F905B0A2
:1015D00030BD08B5EFF7FEFB08B5D1E904319847F7
:1015E000002008BD08B5EFF7E1FB002008BD7047FB
:1015F000002303824369C3607047416A8968EFF73B
:101600004FBCEFF31182402383F31288BFF36F8F37
:1016100000230B60436833B9C0E9001182F31188DD
:10162000BFF36F8F704719604160F7E7034610B54D
:10163000EFF31181402282F31288BFF36F8F0068AD
:1016400028B15C680268A0421A6008BF5A6081F342
:101650001188BFF36F8F10BD027A0132027270479A
:10166000034618465B68002BFBD17047426810B5F3
:101670002AB10B461C465B68002BFBD162604160BF
:1016800010BD10B5044620B908460B7A01330B7221
:1016900010BD034618465B68002BFBD1FFF7E6FF41
:1016A0002046F5E792B281600160C2808280704777
:1016B00083680B440360704703680B6043684B60AA
:1016C00083688B6070478388026819448180D018D2
:1016D000704730B484880568A3188380281930BC0B
:1016E00004F08ABE10B5838802685C1C8480D154E3
:1016F000D01810BD838830B502689D1C8580D41831
:10170000D154090A617030BD83885B1A9BB2838013
:10171000006818447047034600689A88401A1144CC
:101720001860998070470268531E036083880133F4
:10173000838002F8011C704703468288521A828017
:101740000068084418607047034600689A88521A77
:1017500001449A801960704710B5036801211C7814
:10176000FFF7EAFF204610BD10B5036802211C8870
:10177000FFF7E2FF204610BD02688068101A70472C
:101780008388C2888168D21A03685B1AD01A7047AE
:1017900030B5054614460A8885B08B78ADF8002030
:1017A00000210D220DF103008DF8023004F031FE0E
:1017B0006A466946284602F097F928B9BDF8002024
:1017C0009DF802302280A37005B030BD13B50C46E1
:1017D00001AA0331FFF7DCFF48B90322204601A923
:1017E00004F01FFEB0FA80F0400902B010BD0020E6
:1017F000FBE710B50C46017822788AB08A420FD0F8
:101800006946EFF7D9FC204605A9EFF7D5FC102271
:101810000DF115010DF1010004F003FE0AB010BD39
:10182000012A06D0022A07D072B940886388C01AFC
:10183000F4E740686368FAE71022611C01300AB0DF
:10184000BDE8104004F0EDBD6FF01500E6E7042A96
:101850000AD0102A0DD0022A4FF0000315D10370D0
:101860000B88438001207047012303700B6843609D
:10187000F8E7022300F8013B01F1100351F8042BB3
:10188000994240F8042BF9D1ECE718467047012340
:1018900010B50621044600F8013BF9F799F818B98C
:1018A000A37963F03F03A37110BD0B6803608B88BD
:1018B00083808B798371037823F002030370704770
:1018C0000078C0F34000704738B50446807AEFF7DF
:1018D000BDFA6169054649B1637ADB0704D4436AFE
:1018E00020461B689B689847002363612146284671
:1018F000BDE8384002F032BD2DE9F04101F10C089D
:101900000C46054600F10C01404617461E46FFF7FF
:10191000D3FE4046FFF730FF012310FA87F06882BC
:101920006B72394640462F82FFF706FFE368284670
:1019300073600023628AE360728163823460BDE871
:10194000F08138B50C46D1E900320546DA600B6803
:101950004A895A820868EFF721FB204610220021AD
:1019600004F057FD2846BDE83840FFF7ADBF438A75
:1019700023B9C068B0FA80F0400970470020704772
:10198000D0F8A03083B15A7CD1070DD5D2060DD541
:101990001B7C102B14BF032304234372807A9842CC
:1019A0008CBF0020012070470223F6E70323F4E7F1
:1019B0000F2807D80D280BD8052808BF032018BF0B
:1019C00002207047132803D01A2808BF0120F6E729
:1019D00001207047FFF71BBCFFF722BC034610B580
:1019E000D3E8EF0F40EA0102C3E8E42F002CF7D15F
:1019F00010BD0023EDF7E8B8D0E8EF3F0B40C0E89A
:101A0000E23F002AF8D1704710B5F1F715FC044603
:101A10006FF480711030FFF7EFFF2046BDE81040F3
:101A200000F02EBAC368DB78012B01D1FFF7ECBFC1
:101A30007047C0F307235370002311719370C1F3F3
:101A40000723090C10709171000E090AD0705371B0
:101A5000D1717047C368DB78012B01D1FFF7D4BF88
:101A6000704738B504460D46EFF7EEFE5F3005D1FE
:101A700029462046BDE83840EFF7D0BD38BD0020EC
:101A8000704710B503884288934219D8052B17D99F
:101A9000B2F5486F14D88388B3F5FA7F10D240F6B8
:101AA0007644C088A0F10A0189B2A14208D8013366
:101AB0009BB25343B3EB800F34BF0120002010BD15
:101AC0000020FCE70020704708B5F6F7D3FD18B1F9
:101AD000408A003818BF012008BD70B506460D4683
:101AE0004FF0FF304FF0FF31F0F700F9044668B1D6
:101AF00003210C30FFF7E7FD068085702146BDE825
:101B00007040002240F20640F0F7E8BA6FF068003B
:101B100070BDC368187808B1EFF7DCBD1846F0F760
:101B2000C3BB38B54FF0FF3105464FF0FF30F0F73B
:101B3000DDF8044668B102210C30FFF7C4FD2B88A4
:101B4000214603800022BDE8384042F21600F0F73B
:101B5000C5BA6FF0680038BDF8B507460E464FF0BD
:101B6000FF304FF0FF311546F0F7C0F8044678B16A
:101B700006210C30FFF7A7FD3B8846800380858057
:101B80002146BDE8F840002242F22200F0F7A6BA52
:101B90006FF06800F8BD70B506460D464FF0FF3097
:101BA0004FF0FF31F0F7A2F8044618B9BDE87040D5
:101BB000EFF72ABD03210C30FFF785FD0680857005
:101BC0002146BDE8704042F22100F0F739BA072201
:101BD00008B504F026FCB0FA80F0400908BDFFF714
:101BE00016BB0B6803608B8883808B798371704789
:101BF000D0E8AF0F7047F8B50F46144638BB4FF02A
:101C0000FF304FF0FF31F0F771F8054610B3272190
:101C10000C30FFF758FD224606463946FFF7E1FF34
:101C2000C31D04F1100152F8040B8A4243F8040B5F
:101C3000F9D11022002106F1170004F0EAFB294631
:101C4000BDE8F840002242F22700F0F747BA6FF0F3
:101C50001500F8BD6FF06800FBE7037A02465B07EA
:101C600005D501462E3211F8010BFFF7C4BF7047AE
:101C700038B54FF0FF3105464FF0FF30F0F736F83A
:101C8000044658B129460C30FFF72CFD2146BDE82B
:101C90003840002242F22D00F0F720BA6FF06800C1
:101CA00038BD10B400F11003D3E8EF2F22F4005137
:101CB000C3E8E41F002CF7D1930403D5012110BC25
:101CC00000F0DCB810BC704770B5044686B00E4614
:101CD00001300131FFF77BFF2E341622002105462B
:101CE000684604F096FB10226946204604F099FBF2
:101CF00040B11022204606F12E0104F092FB00288C
:101D000008BF0125284606B070BD38B54B680546AA
:101D10000C4673B90B7A13B9037A5B0709D52068AF
:101D20002A7803789A4204D02946FFF7CDFF00B104
:101D3000656038BD00F1100208B503461046FFF794
:101D400057FFC1050DD5D2E8EF0F40F40050C2E8AF
:101D5000E10F0029F7D11846BDE80840002100F046
:101D60008DB808BD10B50C4630B919B1F6F742FC74
:101D700000B1441C204610BD0024FBE718B111B18E
:101D80000846F0F7DDBD6FF01500704713B5044647
:101D900080B106216846F8F71BFE48B99DF805306A
:101DA000694603F03F0320468DF80530FFF7E6FF54
:101DB00002B010BD6FF01500FAE7003818BF01201F
:101DC0007047037AD90704D523F001030372F0F7B3
:101DD00041BF990704D523F002030372F0F754BF03
:101DE0007047034610F4004F0CBF07200620DA03AB
:101DF00048BF00F005009B0348BF00F0FB007047A0
:101E0000D0E8AF0F7047012303FA01F13AB1D0E8EF
:101E1000EF3F0B43C0E8E23F002AF8D17047C943C7
:101E2000D0E8EF3F0B40C0E8E23F002AF8D170470E
:101E300070B506460D464FF0FF304FF0FF3186B0CB
:101E4000EFF754FF0446B0B10C3095B10121FFF714
:101E500049FC204606F1100203A908230095EFF77C
:101E600033FF0022214642F20A00F0F737F906B0AC
:101E700070BD2946EBE76FF06800F8E7FFF7D8BFC1
:101E8000183002F073BB0368D90444BF43F4806385
:101E9000036003689A0444BF43F40063036070471F
:101EA00001F12003013813F8012D8B4200F8012FB6
:101EB000F9D1704700230B60436813B9C0E90011E2
:101EC0007047196041607047D0F8B000003818BF03
:101ED0000120704708468969183011604268002166
:101EE0001A6010F80D2C04F094BAFFF799B9243851
:101EF000F1F79ABD002203680BB9184670478B4270
:101F000010D10B6842B942680360914200D143602E
:101F1000002301200B60704713604368994208BF9B
:101F20004260F5E71A461B68E6E7437B072B01D1C1
:101F3000F1F7AABD704710B50446006918B1EFF774
:101F40002DF80023236110BD10B500F1C402D2E8C2
:101F5000AF3F5BB1591CD2E8EF4F9C4204D1C2E8BD
:101F6000EC1FBCF1000FF6D1F1D110BD1846FCE713
:101F700010B5437B0446023B062B16D8DFE803F07E
:101F800009041515150B0900017300212046F1F70E
:101F9000E5FE002010BD0088FFF79FFD0028F9D165
:101FA000637B072BF5D10821F0E76FF07F00F1E7A5
:101FB00010B50446D0F8A00028B9207A04F17001C9
:101FC000F6F758FB38B1E278438A2AB913F0210FAB
:101FD00014BF0120002010BD13F0240FF8E710B546
:101FE00083780446012B29D1437B072B29D10A068C
:101FF00001F07F030FD5021DD2E8EF0F40F400403F
:10200000C2E8E10F0029F7D12046A372F5F7D8FD09
:1020100088B9002010BD427A9A42FAD2827A9A4256
:10202000F7D2021DD2E8EF0F20F40040C2E8E10F22
:102030000029E9D0F6E7637AA372EBE76FF01500A9
:10204000E8E76FF07F00E5E78378012B0CBF407A6B
:102050000020704738B5037A04468B42154615D1E7
:1020600000F170010722284604F0DBF980B1E37823
:10207000072243B904F17E01284604F0D2F9B0FAF0
:1020800080F0400938BD04F17701F5E70020F9E759
:102090000120F7E78378012B0CBF703000207047D8
:1020A000F8B507460D464FF0FF304FF0FF31EFF720
:1020B0001DFE0646D0B10E210C30FFF704FB04468E
:1020C0000E22002104F0A5F93B88314623802B889D
:1020D000002263806B8842F21300A380AB88E38008
:1020E000EB882381BDE8F840EFF7F8BF6FF0680098
:1020F000F8BD704710B50446FAF7B0FA234653F816
:10210000482BD2F8B01061B9A164D2F8B41061B90B
:10211000C2E92C33FAF7B6FA2068BDE81040F1F7AF
:10212000F9BD8B42F6D00968EDE70B60C2F8B43018
:10213000F0E703682BB141681A688B42026008BF60
:102140004260704770472DE9F843446B002C55D02E
:1021500054F8085905B1083D002701E02C461D46FA
:10216000D4E900682EB3FAF779FA0022D6F8B03035
:1021700004F1480163B1994232D1A36C42BBD6F855
:10218000B420C6F8B030914201D1C6F8B430A7648B
:10219000FAF778FA04F13009002200234846F9F7EB
:1021A00039FD0646F8B9D8F804300BB120469847F7
:1021B0002760E3680BB120469847D8F820300BB170
:1021C00020469847D5B1AB68002BC7D0083BC5E780
:1021D0001360D6F8B430994208BFC6F8B420D6E7E9
:1021E0001A461B68C6E7B36923B16FF06D02F16947
:1021F000206898473046EEF7D1FECDE7BDE8F8837A
:1022000038B5436B0D46BBB1184650F8084904B1C8
:10221000083C53F8043C9B680BB1294698475CB1D5
:102220002046A468436824B19B68083C002BF4D185
:10223000F6E79B68002BF0D138BDF8B50F460021BA
:102240000546164600234FF224420846F2F7FEFBED
:10225000044620B92846BDE8F840F2F7C3BB042184
:102260000C30FFF730FA0570477046802046F8BD05
:10227000406B28B1838B08388B4201D08068F8E727
:10228000704710B54AB989B2FFF7F2FF28B1436829
:102290009B6913B1BDE81040184710BD38B50D4615
:1022A0000521FFF7E5FF002329461A46F2F7E8FB70
:1022B000044610B12846EEF771FE204638BD406B4B
:1022C00028B1838908388B4201D08068F8E77047CD
:1022D00070470346006828B15968026888421A604E
:1022E00008BF5A6070470346002003B970471A8A36
:1022F0005B681044F9E710B5D4680231237813B94C
:102300002170012010BD8B42FBD0038A023B038267
:1023100000201061F6E7FEF77ABF2DE9F041044690
:102320008868FFF7E0FF638D628B0D46934228BFFC
:10233000134683421DD30027A165D1F808808F6022
:10234000FAF78CF941462046F2F78EFD064638B181
:10235000C5F80880A765FAF795F93046BDE8F08121
:10236000618D638B2846994228BF194600F08AFE8A
:10237000F1E76FF07906F0E773B5144601460546BC
:102380004FF49572206800F0CFFD207530B92946D2
:10239000206800F07AFE20B908232375002002B0DF
:1023A00070BD237AB3B1A3F11802534253419B008D
:1023B0000193638A29460093AE68238AE268206805
:1023C000B047002808DB238A98420CD10023012063
:1023D0002375E4E70223EBE710F1FF0F03D340423C
:1023E000C0B22075DAE70E20FBE71FB5CDE9012367
:1023F00000231A460093F4F729F905B05DF804FBB1
:1024000038B504460D46F2F72FFD30B1294604F1E8
:102410005C00BDE8384001F096BF38BDF8B5936860
:1024200005460F461446166863B9506801210C3002
:10243000FFF749F9A0602B681B78002B14BF02231B
:1024400001230370A3681B78012B03D0022B1FD03C
:1024500000201CE02B681B78002BF9D16068042158
:102460000C30FFF730F9E06007802A68E368528893
:102470005A806168728D738B088A9A4294BFC0EB50
:102480000200C0EB0300042894BF00200120F8BD27
:102490002B681B78022BDBD1606812210C30FFF710
:1024A00012F9E06007802B68E268591C0232113390
:1024B00051F8040B994242F8040BF9D16168728D0E
:1024C000738B088A9A4294BFC0EB0200C0EB0300F2
:1024D0001228D9E770B405686A6A52B3136803B169
:1024E000A83BA2F1A8040022114600E0A83B8442C8
:1024F00007D0668D648BB14238BF3146A24238BFE7
:1025000022461C462BB1D3F8A830002BEED18442D2
:10251000EFD1438D408B8B4201D890420BD9824240
:1025200038BF02469942286838BF194670BCF4F794
:1025300049BD1146EDE770BC7047D068043103789F
:1025400013B90170012070478B42FBD000209168C5
:102550000B8A043B0B821061704770B504460E462F
:10256000002200230846F9F755FB054658B10146FD
:102570002046F2F779FC044618B12946304601F0AE
:10258000EDFE204670BD6FF00104FAE72DE9F04F33
:10259000044685B0104690469946FFF7A4FE638B2B
:1025A000628D8B46934228BF1346834240F293804C
:1025B000636840460393FFF753F84FF0000A06465E
:1025C0004046FFF790FE628B638D06F10C079A423E
:1025D00094BFC0EB0205C0EB03053846FFF7D0F807
:1025E000854217D24046FFF77EFE628B638D9A428A
:1025F00094BFC0EB0205C0EB03058DBB98F80A0041
:10260000EEF724FC00220023FEF7F7FF064630B960
:10261000574636E03846FFF7B3F80546EDE7014682
:102620004046FFF72EF84046FFF75DFE628D638B54
:1026300006F10C079A4294BFC0EB0205C0EB0305FC
:102640003846FFF79DF885421FD24046FFF74BFE04
:10265000628D638B9A4294BFC0EB0205C0EB030509
:10266000F168328ACDF80090DBF804700A440398D0
:102670005946ABB2B847071E0CDABAF1000F18BFC3
:102680005746384605B0BDE8F08F3846FFF778F872
:102690000546E5E70E9BB3B9394606F10C00FFF796
:1026A00012F84046FFF71FFE638D628BB9449342D8
:1026B00028BF13468342BA441FFA89F9A8D9AF420A
:1026C0003FF47EAFA4E7394630460F9A0E9B9847F9
:1026D0000028E1D19CE70027D3E70022036803B973
:1026E00070478B420FD10B683AB942680360914240
:1026F00000D1436000230B60704713604368994228
:1027000008BF4260F6E71A461B68E8E7D0E8EF3FEB
:1027100043F00802C0E8E12F0029F7D1C3F3C0005D
:1027200070472DE9F041064690461F460D46B9B167
:1027300004220121F2F7FEFC044618B9BDE8F0417D
:10274000F2F73ABC04210C30FEF7BDFF0570A0F88B
:102750000180C77021463046BDE8F041FFF750BE0A
:10276000BDE8F08137B50C46054601F10C00FEF7D7
:10277000FBFF228A03460192E2681221009228465A
:102780001322F2F72DFD03B030BD37B50C460546D8
:1027900001F10C00FEF7E8FF228A03460192E2688D
:1027A0002846009200221146F2F71AFD03B030BD10
:1027B00000232DE9F34117681446D7F80480014639
:1027C000137306469522404600F0AEFB0546207383
:1027D00030B93146404600F056FC28B9082323732F
:1027E000002002B0BDE8F081CDE900553146384601
:1027F000A388A268FFF7CAFE002807DA10F1FF0FCE
:1028000032BF0E204042C0B22073E9E70120E8E762
:1028100000232DE9F34117681446D7F804800146D8
:10282000137306469522404600F07EFB0546207352
:1028300030B93146404600F026FC28B908232373FE
:10284000002002B0BDE8F081A068798D7A8B038A00
:10285000914294BFC3EB0103C3EB0203012BEFDDF5
:1028600002210C30FEF72FFFCDE900558046A388EA
:1028700031463846A268FFF789FE031E06DA13F1D7
:10288000FF0F2ABF5B420E23DBB2D8E70120A8F876
:102890000030D6E707B5CA680C2113885288009229
:1028A0000D22F2F7BBFF03B05DF804FB07B5002271
:1028B000CB680A211B8800920B22F2F7AFFF03B00E
:1028C0005DF804FBF8B5CB6805461F88BBB2162B34
:1028D00019D90321F2F75EFE0646B0B102210C3091
:1028E000FEF7F1FE00246FF00803314603704470D8
:1028F0002846FFF785FDF72328466B836F85FFF792
:10290000E9FD2046F8BD0420FCE70E20FAE7F8B503
:10291000054650F8044C071F00F15003D3E8EF1FA1
:1029200021F00401C3E8E21F002AF7D1FCB16B6D6E
:1029300083B9636873B1201DFFF7CBFC06460146DF
:102940003846FFF7EAFC90B163683360A3686660BD
:1029500003B9A660384605F15801FFF7FEFD30B116
:10296000384604F10C01BDE8F840FFF7F6BDF8BDAC
:102970002DE9F041446A074634B354F8A86906B11A
:10298000A83E002307F104081D4601E03446164620
:10299000A26D92B905B983B94046FFF79AFC054686
:1029A00050B101462046FFF7B8FC68B17B682B6048
:1029B000BB687D6003B9BD6023462EB1D6F8A82060
:1029C000002AE3D0A83AE1E7BDE8F08138B5054632
:1029D000D1E8AF3FDB0716D550F8040C98B16B6D0A
:1029E0008BB90430FFF775FC044660B10146281F1F
:1029F000FFF793FC38B155F8043C5A6822609A6896
:102A00005C6002B99C6038BDF3F7B4BD08B5F3F75C
:102A1000FDF808B3426A02B3136803B1A83B32F869
:102A20008E0C32F87E2C904228BF104643B913E03A
:102A3000934228BF1346984238BF1846A1F1A80315
:102A4000D3F8A8105A8B5B8D0029F1D19A4228BF88
:102A50001A46904238BF104608BD1046FCE70A8A65
:102A60000023C968F3F736BA70B50E46F3F7CEF80F
:102A7000044628B93046EEF791FA6FF07F0070BD3A
:102A800000F10C052846314601F05DFC606A38B162
:102A900050F8A84904B1A83C2946FFF75EFD20B9CB
:102AA0000020ECE71C466FF00100002CF8D0D4F8B1
:102AB000A83023B90230F5D020461C46ECE7A83BED
:102AC000F8E738B505460C46F9F7C8FD2846F3F790
:102AD0009DF820B9F9F7D6FD6FF07F0038BD0023CF
:102AE000236083683BB9C0E90144FFF741FFF9F770
:102AF000C9FD0020F2E71C608460F6E70120704702
:102B000008B5F3F783F878B1436A6BB1A83B03F1DA
:102B10005402D2E8EF0F20F00800C2E8E10F0029CC
:102B2000F7D1D3F8A830F0E708BD08B50421FFF7C6
:102B3000C6FB20B15030D0E8AF0FC0F3C00008BDD5
:102B400010600020704710B5029CA36833B1B1F546
:102B5000807F28BF0E21CAB221469847A37DE26834
:102B6000013BDBB2A37522B11BB92046BDE8104082
:102B7000104710BD1060918000207047F0B50768C5
:102B800006463D78144689B0E5B97B88B3F5245FE5
:102B900004D011D8A3F52053032B13D8ADF80A1095
:102BA000022220460DF10A01F3F7DEFA70B16FF050
:102BB0001502C4F8602106E003F55643FF339BB2CB
:102BC000042B1DD90125284609B0F0BD7B880222BF
:102BD00020460DF10A01ADF80A30F3F7C5FA0028D6
:102BE000E5D1009003AA132331467768B847021E47
:102BF000DFDB03A92046F3F7B7FA0028E2D0D6E7D7
:102C0000ADF80A10022220460DF10A01F3F7ACFAE2
:102C10000028CCD17B880222ADF80A300DF10A01E0
:102C2000E8E7072208B503F0FCFBB0FA80F04009A2
:102C300008BD034610B5D3E8EF0F40EA0102C3E830
:102C4000E42F002CF7D110BD0B6803608B888380C4
:102C50008B798371704770B50D46064611F8010BEC
:102C6000F1F766FC044610B12C89F1F73BF8A87A1D
:102C700005F10B01F1F75CFC28B16B8A9C4238BF6F
:102C80001C46F1F72FF8AB8AA34207D0AB69AC82A0
:102C900023B121463046BDE87040184770BD38B5B5
:102CA000BDF810401546A2420CD84CB16BB1A21A27
:102CB0008A42A8BF0A4694B22246591903F09CFBE7
:102CC000204638BD6FF00600FBE76FF00D00F8E717
:102CD00030B585B0C96814461D46F3F7A5FA00B1B2
:102CE00000890223ADF80E00009329462046BDF866
:102CF00020200DF10E03FFF7D2FF05B030BD1FB548
:102D00000C461946E36810461C78BDF818203CB103
:102D100010240133069404B0BDE81040FFF7BFBF94
:102D20005B88ADF80E30022300930DF10E03FFF720
:102D3000B6FF04B010BD30B51D46002385B0144663
:102D40008DF80C30F3F722FA10B1037A8DF80C30BD
:102D50000123294600932046BDF8202003ABFFF74E
:102D60009EFF05B030BD2DE9F04114461D46BDF86B
:102D70001870EFF759F90646EAF7ADF980B20690F8
:102D800033463A4629462046BDE8F041FFF787BF63
:102D900030B585B014461D46FEF794FE0223ADF80B
:102DA0000E00009329462046BDF820200DF10E03A9
:102DB000FFF775FF05B030BD70B500F17006054630
:102DC0003146007AFEF780FE04463146287A3CB14F
:102DD000F3F70AFA18B1002303604360836070BD03
:102DE000F3F702FA0028FAD0046044608460F6E742
:102DF000022A10B508D1002300F170011A46007AAA
:102E0000F3F75EFA022010BDFFF7D6FFFAE70121C3
:102E10000C30FFF70EBF38B504461546FFF76EFEBF
:102E200040B12046F3F7B2F920B1037ADB0701D5B0
:102E3000FFF7EDFF35B9207A04F17001F3F7D4F90B
:102E400000B1856038BD38B5BDF81010BDF8184028
:102E50001046A1421A46059D0CD84CB16DB1631ABB
:102E60009A42A8BF1A4694B22246294403F0C4FAF3
:102E7000204638BD6FF00600FBE76FF00D00F8E765
:102E800013B5044610B9002002B010BD00238DF820
:102E9000043042F60303006801A9ADF80630FEF7DE
:102EA000A8FC0028EFD1E36898880028ECD12046E0
:102EB000F3F79CFB013080B2E6E770B5CC681E46A4
:102EC000A37988B008468DF80C301546FFF7D8FF77
:102ED000ADF80D00246823786BB96388ADF80F3026
:102EE0000523009331462846BDF8302003ABFFF799
:102EF000D6FE08B070BD631C0DF10F02113453F8FB
:102F0000041BA34242F8041BF9D11323E9E71FB5C0
:102F1000CDE9012300231A460093F3F797FB05B090
:102F20005DF804FBFFF772BD38B54C8AD307054640
:102F3000C4F30E0404D514F0950F2AD04B6843B3A4
:102F4000900704D514F4957F25D08B681BB31440EB
:102F500014F4DE7F0DD0EB7A2BB92846FFF728F862
:102F6000D8B9052038BD14F0300F04D114F4C07F57
:102F700007D10020F6E72846FFF766F80228F5D8C3
:102F8000EFE7D5F8A030002BEBD05B7CDB06E8D573
:102F9000EFE70220E6E70320E4E70F20E2E7F8B5D9
:102FA00014460F46942261680646FFF7BDFF20BB1A
:102FB000012230466168F3F783FC08B3A2891B2124
:102FC00030460232F2F716FF0546E0B1A1890C3017
:102FD0000231FEF778FB20F8027BA289A16803F09A
:102FE0000BFAD4E9041228460123F3F7ABF829467B
:102FF0003046BDE8F840FFF737BD4FF0FF30F8BD71
:103000006FF01500FBE76FF00B00F8E72DE9F041DA
:1030100005468846F3F7BAF80446E0B1037ADA07C2
:1030200019D500F10C06D6E8AF7F17F0010712D1D1
:10303000B8F1000F10D0D6E8EF3F23F00202C6E847
:10304000E12F0029F7D19B07284608D5FFF758FD47
:103050002046FFF7DCFE01273846BDE8F081FFF788
:103060004DFD0028F8D02846FFF75FFD0028F3D07B
:10307000D6E8EF3F23F00203C6E8E23F002AF7D18B
:103080002846E3E77047012070470120704707207A
:103090007047FEF7BCB8D0E8AF0F084100F0010060
:1030A000704738B50A46034609B9012038BD488A39
:1030B00010F0240FF9D0197D5D7B147CA94228BF44
:1030C00029468C4201D90020F0E7840608D4507CC0
:1030D000197AC0070BD4187A003818BF0120E5E729
:1030E0000521181DFFF7D7FF0028F0D1EBE70029D5
:1030F000E9D00521181DFFF7CEFF18B9197A01395B
:103100000129E0D9527CD207CFD4E4E701238B40D8
:10311000DB43D0E8EF2F1A40C0E8E12F0029F8D1B7
:103120007047FEF77DB808B50621FFF7C8F818B953
:10313000BDE80840F3F7E8BFEC3808BD072070474A
:1031400001238B40D0E8EF2F1A43C0E8E12F00297C
:10315000F8D1704708B50E21FFF7F2FF002008BD37
:1031600038B504210446F4F745F8054698B1102116
:103170000C30FEF7A8FA04F1270304F1370253F8E4
:10318000041B934240F8041BF9D120462946F3F76B
:10319000D9FF002038BD0820FCE770B5D0F8EC302E
:1031A0000446DB78012B19D1CD68061D102130466D
:1031B000FFF7ACFF2B4604F1B70205F1100153F8FD
:1031C000040B8B4242F8040BF9D107213046FFF77C
:1031D00062FF28B109213046FFF7B2FF002070BD21
:1031E0000A213046FFF757FF0028F3D12046BDE8FB
:1031F0007040F4F7DDB807207047072070470720BC
:103200007047012303FA01F1CA4330B5D0E8EF3F1C
:1032100003EA0204C0E8E54F002DF7D1194214BFBC
:103220000120002030BD38B504460025031DD3E839
:10323000EF2FC3E8E15F0029F9D104F5A07001F098
:1032400095F92572D4E8EF3FC4E8E25F002AF9D18E
:103250002046BDE838400121FFF772BF70B500F18C
:10326000700605460C4607223046096803F0D9F877
:10327000B8B963681A682A679A88A5F874209B7998
:1032800085F87630D5F8A0305BB1A268934208D0BB
:1032900062681168C3F801109188A3F8051092794B
:1032A000DA7170BD2DE9F84FDDF82C8004469246A6
:1032B0001F46BDF82890FFF736FF054600285AD074
:1032C000061DB9F1000F27D15AEA070324D10321C3
:1032D0003046FFF7E0FED0B301213046FFF7DBFEBA
:1032E000A8B32C7D6B7B05F147019C4228BF1C468F
:1032F0002246404603F080F80F2C06D80021C4F186
:10330000100208EB040003F084F830460121FFF7B7
:1033100017FF0120BDE8F88FD4F8A030F3B904F10D
:10332000700B5A462020217AF5F748F9C4F8A0001E
:1033300030B95A460120217AF5F740F9C4F8A000C7
:10334000B9F1000F0AD15AEA070704D006E0D4F811
:10335000A030002BE3D0D4F8A01071B90F21304673
:10336000FFF799FE20B1022206212046F1F78CF8E2
:103370002846FFF758FF0020CCE74B8A9B06EDD587
:103380000C7C1E312246B4E76FF08500704770B5A3
:1033900004460820F3F76EFE0546E0B1061D08213D
:1033A0003046FFF7B3FEBCB30721FFF7AFFE23465D
:1033B00005F1970204F1200153F8040B8B4242F807
:1033C000040BF9D10A213046FFF765FE70B10921DF
:1033D0003046FFF7B5FE0720F3F74CFE0446E8B190
:1033E000F3F7CEFE0146C8B1204612E01021304668
:1033F000FFF751FE09210028EAD13046FFF74BFEC6
:103400000028E8D02846F3F7D3FF01460028E2D091
:103410002846F4F729FDDEE70B21F9E770BD70B50A
:103420000446A0F1EC0650F8543BE83CD3F8A05019
:1034300001F09CF803212046FFF72DFEA0B10821E2
:103440003046F4F781FC3DB16B8A13B16B7C9B076E
:1034500002D5284600F029F83046BDE870404FF408
:10346000BC72002102F0D5BF01212046FFF713FEF8
:103470000028E4D10F212046FFF70DFE0028DED101
:10348000E1E770B504460D461646F5F797F838B9EA
:1034900031462846F5F75AF810B1438A1C43448256
:1034A00070BD438A19434182704710B5037A0446C0
:1034B0005B0701D5EFF7E8FB2046BDE8104044224A
:1034C000002102F0A6BFFDF7A2BE07B500210088CB
:1034D000F5F7E2F8019010B101A8F5F711F903B082
:1034E0005DF804FB70B506460C464FF0FF304FF018
:1034F000FF31EEF7FBFB0546D8B105210C30FEF796
:10350000E2F83288028094F903200271A278C27036
:103510000022827022788270617811B142F002023A
:1035200082702946BDE87040002242F28D00EEF71D
:10353000D5BD6FF0680070BD531E1944024411F8E8
:10354000013900F8013B9042F9D1704710B5431E94
:1035500000F11002073013F8011F12F8014D8342E9
:103560001C701170F7D110BDF0B50E4614461D4603
:1035700097B00146202205A81C9FFFF7DDFF2022FF
:1035800031460DA8FFF7D8FF2146102201A88DF87B
:103590005450FFF7D1FF3B46412205A901A8F5F79A
:1035A00003FE044610B93846FFF7D0FF204617B097
:1035B000F0BD2DE9F04316461D4697B00446DDE9FF
:1035C0001F98102205A8219FFFF7B6FF1022314651
:1035D00009A8FFF7B1FF102229460DA8FFF7ACFF9D
:1035E00003221E9911A8FFF7A7FF494611F8013BD6
:1035F000D9F801008DF847308B880622129012A866
:10360000ADF84C30FFF798FF414611F8013B062218
:103610008DF84E30D8F801300DF14F00CDF84F3015
:103620008B88ADF85330FFF787FF2146102201A8A1
:10363000FFF782FF3B46412205A901A8F5F7B4FD3B
:10364000044610B93846FFF781FF204617B0BDE8A1
:10365000F0830C220369C9B201FB0233186C00F03D
:103660000700704770B5C9B20369EFF311854024B4
:1036700084F31288BFF36F8F0C2606FB0134246C91
:1036800014F0C00408D0A24206D085F31188BFF31D
:103690006F8F4FF0FF3070BD012271430B441A64ED
:1036A00085F31188BFF36F8F43680B445B689847BD
:1036B0000020F0E78022FFF7D5BFF8B5069F046928
:1036C000C9B2EFF31186402585F31288BFF36F8FDF
:1036D0000C2569430C44256C05F0070CBCF1010F67
:1036E0000BD1276486F31188BFF36F8FC4E90E23D3
:1036F00043685B5898470020F8BD05F0C005AF420D
:1037000086F31188BFF36F8F0CBF6FF077004FF017
:10371000FF30F1E713B580240094FFF7CEFF02B02D
:1037200010BD10B41C240069CBB203FB04000021BF
:1037300010BC10471046F8F79FBA00F022BAF7F70E
:1037400007BA40F272607047084608B51146FAF7AA
:10375000DFF9002818BF6FF0040008BD08B5FAF7BC
:1037600031FA002818BF6FF0040008BD436800203C
:103770005B68DB680B607047436802EA01005B68C6
:1037800021EA0201586000209960704743680020D8
:103790005B6859607047436800205B6899607047B8
:1037A00043685A68136821EA03000B405060002008
:1037B0009360704710B503695868F8B1884219D111
:1037C0009C680868A142586000D198600020086099
:1037D0002AB15A680A609A68596002B99960002053
:1037E00010E0814206D10868206098688142EDD1DE
:1037F0009C60EBE7044600680028F2D1002AE8D17B
:103800006FF0150010BDF7F7D3BB30B543681360F8
:10381000057A446804EBC504A34202D36FF00100AB
:1038200030BD5C798C4201D00833F0E70020F7E727
:1038300043681B68D3F83031704743681B68D3F87E
:103840008004C3F88004704742681368D3F84C01C1
:1038500050B10020926A12780A70C3F84C01D3F874
:103860004C2101229A6270474FF0FF30704713B528
:1038700001AA0446FFF7C9FF002805DB019B226867
:1038800019791868F6F732F802B010BD38B5054658
:1038900000220121C620ECF795FFC620ECF770FF4F
:1038A0006C680121E068FFF7E2FF6B6819686369E3
:1038B000C1F82435E28BA38BA07E1343228C1343E3
:1038C000628C1343627E9BB20243207E0243134309
:1038D000C1F86C3569680B68D3F8002242F4802285
:1038E000C3F800220822C3F800254A6A0121C3F860
:1038F0003C270022C3F840271965D3F8301100296E
:10390000FBD0C3F800256D680021E8682C68FFF73C
:10391000AEFF0823C4F800352A7A52B9AB6AC4F85E
:1039200004370123C4F80837C4F84C21D4F84C21DB
:10393000A362002038BD08B50220F5F795FD0020F0
:1039400008BD08B5F7F75EFC08BD034670B40C4629
:10395000DA88006819792243012405698C402B68B4
:1039600012F0010F866814BF2343A3432B60336812
:1039700070BC1847012303FA01F103691B6819425F
:1039800003D022B183681B6903E0002AFAD0836860
:10399000DB6818470A460121FDF739BC0121F6F71B
:1039A000E1B90021F6F7DEB910B54FF0FF304FF066
:1039B000FF31F6F7F5F9044628B9CDF74BF904467F
:1039C00018B1F6F7F5F9204610BDF6F7F1F92046E3
:1039D000EDF764FCF7E738B50B8A0D463BB101F112
:1039E0000C00FDF7B9FE012818D0022803D06FF0B3
:1039F0001504204638BD4FF0FF304FF0FF31F6F789
:103A0000CFF904460028F4D1E868E2F761F80446EB
:103A1000F6F7CEF9ACB1F6F7D1F9EAE74FF0FF309F
:103A20004FF0FF31F6F7BCF904460028E1D1E86811
:103A3000F6F7EAFB0446F6F7BBF9002CD9D1F6F706
:103A4000BDF92846EDF7AAFA0024D2E7F6F750BBF5
:103A500010B531220021044602F0DBFC2023237044
:103A60008023A3706FF03F0363710423A3720C23C0
:103A700023732823A3730223E3736FF03F0323749C
:103A80006FF01F0323750423A3751823E3756FF0EC
:103A90007D0323766FF0080363760323A3766FF02C
:103AA0000F03E3760E23237707236377302384F80D
:103AB00020306FF03F0384F82130792384F82230DE
:103AC0007E2384F82330802384F82630072384F86B
:103AD00027306FF0650384F82C30402384F82D30B4
:103AE000102384F82F3010BD08B50323E9F7F1F94E
:103AF000002008BD08B5F6F781FF002008BD08B515
:103B0000FAF760F848B1002383F31188BFF36F8F91
:103B10000423184602DF6FF0040008BD08B54FF01B
:103B2000FF314FF0FF30F6F73BF9E9F7DAF9BDE87E
:103B30000840F6F73DB9684620F007018D4601B50B
:103B4000E1F7DAF9BDE8014085467047684620F0A4
:103B500007018D4601B5E0F779FEBDE801408546D5
:103B60007047684620F007018D4601B5E0F760FE1A
:103B7000BDE801408546704708B5E8F71AFF002008
:103B800008BD7047012802D10020DFF7AFBE7047A3
:103B90007047DFF7F1BC03460020184700F07EBAFB
:103BA000024610B5116891B1B1FA81F3C3F11F005B
:103BB0000123834021EA0303D2E8EF4F8C4204D172
:103BC000C2E8EC3FBCF1000FF6D1EBD110BD6FF0B5
:103BD0000B00FBE710B50368CB40DB0710D40123D3
:103BE0008B40026843EA0201D0E8EF4F944204D1CF
:103BF000C0E8EC1FBCF1000FF6D1F2D1002010BDDF
:103C00006FF01500FBE7F7B51646DDE908470190B0
:103C100001A81D46F7F77CF8019BB6F1000C18BF10
:103C20004FF0010C00EB83000B1E18BF0123002D89
:103C300043EA4C0314BF4FF00C0C4FF0000C002C67
:103C400043EA0C0314BF4FF4706C4FF0000C002FCC
:103C500043EA0C0314BF4FF4403C4FF0000CD0F883
:103C6000802043EA0C0322EA030301B109780EB174
:103C70003678760019430DB12D78AD0031430CB183
:103C80002478240229430FB13F783F040C433C437E
:103C9000C0F8804003B0F0BD1FB50DF10F030193D4
:103CA00000238DF80F101A4619460093FFF7ABFF5B
:103CB00005B05DF804FB10B504460846F7F738F880
:103CC00004EB4004A08AC0F3401010BD10B50446B8
:103CD0000846F7F72DF804EB4004A08AC0F3400033
:103CE00010BD10B504460846F7F722F804EB40046F
:103CF000A08A400B10BD70B5044608461646F7F77B
:103D000017F8083034F810300D46DA0509D5C3F33A
:103D1000432304EBC3023146284654F8333052683B
:103D20009847A3682BB131462846E268BDE8704049
:103D3000184770BD10B504460846F6F7F9FF00B203
:103D400004EB4000838ADA051DD5C3F3432123F435
:103D5000F853838204F1120204F1580032F8023F52
:103D600013F4807F03D0C3F3432399420BD08242E4
:103D7000F4D1002204EBC1035A6004F16000BDE8F5
:103D80001040FFF727BF10BDF0B504460020012703
:103D90000546844695420AD1D4F8443133B1002314
:103DA000C4F84431D4F8443140F40030F0BDEBB2F3
:103DB0009B0003F580769B0807FA03F3194208D0AD
:103DC00054F806E0BEF1000F03D044F806C0A6592F
:103DD00018430135DEE738B504460D46FFF76BFFA3
:103DE000B0B12046FFF772FF90B92046FFF779FF88
:103DF000012322688340C2F81833236800B203EB22
:103E00008003D3F8102522F00302C3F8102538BD33
:103E10002846BDE838400021FFF73EBF2DE9F043BA
:103E20001746044685B00846F6F782FFD7F80080AB
:103E30000E460546B8F1000F1FD02046FFF746FF9B
:103E400018B12046FFF737FF30BB00230DF10F02FA
:103E5000CDE900338DF80E308DF80F3030464346F3
:103E60000DF10E01FFF7CFFE2AB204EB4202938A56
:103E700023F0020343F0010393827B68002B34D0CC
:103E80003146204693F80080D3F80490FFF71EFFD8
:103E900028B1B9F1000F1FD06FF0150028E028B24B
:103EA00004EB4000838A23F4604323F020038382E1
:103EB000B9F1000F10D0B8F1030FEDD87B6821687D
:103EC0005B6893F800C001EB8C01B8F1000F12D1D0
:103ED000C1F81085C1F810852AB204EB4202938A1A
:103EE00023F01C0343EA88039382BB6853BB002082
:103EF00005B0BDE8F083D1F8102522F00302C1F827
:103F00001025226802EB8C03D3F8102522F44732E7
:103F100022F47C72C3F8102541F6F072D3F8101524
:103F200002EA061242EA08420A43C3F8102504EBEB
:103F30004C03A3F86460838A43EA4C3343F02003C4
:103F40008382C9E73146D3E900782046FFF7F2FEC5
:103F5000002FCCD063689F4206D004F16000FFF7C9
:103F60001FFE002804DAC3E7A3689845F5D10020B6
:103F700004EBC003C3E901782DB204EB4505AB8A1D
:103F8000C0B243EA402343F48073AB82AFE7C0E999
:103F90000312704770B504461546FFF78CFE48B112
:103FA0000846F6F7C5FE04EB40040020A38A5B0B2D
:103FB0002B7070BD6FF01500FBE790F874000038AF
:103FC00018BF01207047F6F7E9BE2DE9F34104461A
:103FD0001746FFF770FE0D46266800B32046FFF730
:103FE00075FE8046D8B92046FFF77BFE05B2AD00CE
:103FF00005F5807246F802802168B2582944D1F84C
:10400000102542F00102C1F810252FB101222168CC
:1040100002FA00F3C1F8143302B0BDE8F081D6F81B
:10402000143328469B035CBF4FF40033C6F81433A7
:10403000F6F77EFE04EB4004A38AC3F38203042B4D
:1040400011D0052B11D001A80195F6F761FE019B57
:10405000C168D94001F001010231284602B0BDE833
:10406000F041FFF719BE0321F7E70221F5E7FFF75B
:10407000B2BEC9B2F7F77ABA08B5F7F701FB00206C
:1040800008BDEFF31180402383F31288BFF36F8FD5
:10409000704780F31188BFF36F8F704708B1ECF75A
:1040A000EFBF704710B5436904463BB90020E26892
:1040B0004042537843F00103537010BD98470028E5
:1040C000F4D00028B8BF4042FF28A8BFFF20E36813
:1040D0001870ECE740B1C368587810F001001EBFBB
:1040E0001878B0FA80F040097047EFF3118340234D
:1040F00083F31288BFF36F8FFEE710B400F10C0456
:10410000C0E9034410BCFCF7BCBB38B50446EFF370
:104110001185402383F31288BFF36F8FFCF761FB97
:1041200004F10C0000F01CFB30B1294604F114002E
:10413000BDE83840F8F76CBA85F31188BFF36F8F8C
:1041400038BD4169826842EA010313F003030FD1CD
:10415000C3600369013B03FB0122002B01DA00204D
:104160007047C168013B11604169C260521AF4E7AF
:104170006FF0150070472DE9F04105460F46EFF34B
:104180001188402383F31288BFF36F8FC668FEB98E
:104190000468A0421CD0DCB1D4E9003213605A603C
:1041A000637BC4E9006623F002036373A66004F135
:1041B000180000F072FB2046C4F88C60276100F004
:1041C0006AFA414605F10800BDE8F041F8F720BA67
:1041D0003E60AB69EF60013BAB6188F31188BFF3D0
:1041E0006F8FBDE8F081402408B5EFF3118384F3AD
:1041F0001288BFF36F8FFDF7AEF9F6E790F90E3036
:104200008B4201D0F8F792B9002070470346002096
:10421000C3E90033C3E902007047D0E900321360FC
:104220005A600023427BC0E9003322F0020242734D
:10423000836070472DE9F843914604460D469DF88A
:10424000202000F10807EFF31186402181F3128846
:10425000BFF36F8F02B14568D4F80880474518D086
:10426000B8F1000F15D04046FFF7D7FF08F118004E
:1042700000F013FB00234046C8F88C30C8F81090BB
:1042800000F009FA38463146F8F7C2F90020BDE8D7
:10429000F883A3B10820F8F74DFE002838D001229A
:1042A000C0F804900260016801F003015DB9226862
:1042B0000A430260626820606AB960600BE04846A9
:1042C000C9F80030EFE72A68032A16D80160616850
:1042D00069B9C4E90000042104F1100000F0BCFB3E
:1042E0000028CFD186F31188BFF36F8FCFE70A681C
:1042F00002F0030202430A60DFE722F003020A43EE
:1043000002602A6802F0030240EA02032B60E2E73F
:104310006FF00B00E6E710B5044630B10268930772
:1043200003D0446809B100F0B6FB204610BD00235D
:10433000C0E9003300F10803C0E9023300F11003C3
:10434000C0E904337047012307B5009300230A46F0
:104350001946FFF76FFF03B05DF804FB002307B5B4
:104360000A4600931946FFF765FF03B05DF804FBAA
:1043700000210068FFF7CFBF5AB18A4209D300F18C
:104380001003C0E90212C0E90000C0E904330020B4
:1043900070476FF015007047012302688B4022EAD6
:1043A0000303036022FA01F000F001007047704738
:1043B00010B5032104460C30FFF7EEFF30B104F1D5
:1043C000100000F06AFAB0FA80F0400910BD20B188
:1043D00000229C30114600F004BA704770B5C368E3
:1043E0000446C3F340069B0716D4856802210C30AF
:1043F000FFF7D2FF80B1D5F894206AB194421DD165
:1044000022689EB9D5F89830C5F894209C4201D115
:10441000C5F8982000232360E36813F01F001EBF37
:1044200043F00203E36040F0020070BD3260D5F853
:104430009820944208BFC5F89860EBE716461268CA
:10444000DBE773B50446EFF31185402383F312884D
:10445000BFF36F8F0023A0F11006032104380193EE
:10446000FFF79AFF28B1A369304601A90193F7F736
:104470003DFD85F31188BFF36F8F02B070BD38B575
:1044800004460D461022002101F0C3FF656038BDCF
:10449000EFF31183402282F31288BFF36F8FC0685D
:1044A00000F01F0083F31188BFF36F8F704713B5BF
:1044B00001900846EFF31184402383F31288BFF381
:1044C0006F8F01A9F7F712FD84F31188BFF36F8F87
:1044D00002B010BD10B5FFF7EAFF041E08DDEFF3D0
:1044E0001180402383F31288BFF36F8FF8F7A2F88F
:1044F000204610BD70B50D46EFF31186402383F3BF
:104500001288BFF36F8FF7F74DFD044686F31188CD
:10451000BFF36F8F38B14FF0FF324FF0FF3305F12B
:104520001000F7F7E3FB204670BD10B5EFF31184E0
:10453000402383F31288BFF36F8FFFF74FFF84F39D
:104540001188BFF36F8F10BD08B5B022002101F0B4
:1045500060FF08BD38B530220D460021044601F049
:1045600058FF4FF480736560E36038BD38B504468A
:10457000EFF31185402383F31288BFF36F8FFFF7AA
:1045800017FF2046FFF72AFF85F31188BFF36F8FCF
:1045900038BDF8B504460D46EFF31186402383F38A
:1045A0001288BFF36F8FC36803F01F03002B14BF83
:1045B0000127002705D186F31188BFF36F8F384696
:1045C000F8BDFFF7F5FE2046FFF708FF2946204615
:1045D000F7F76EFC86F31188BFF36F8F0028EED0DB
:1045E0004FF0FF324FF0FF3305F10800F7F77EFB85
:1045F000E5E7D0E9003213605A600023427BC0E94E
:10460000003322F00202427383607047EFF30580AB
:10461000003818BF012070476FF057007047002026
:104620007047D0E9003213605A600023C0E90033BC
:10463000704708B5FFF7F5FF437B23F00203437390
:104640000023836008BD38B504460D46F7F7DCFE4D
:10465000637B43F002036373E5B1A5602B689D4261
:1046600009D16B68C4E900531C606C6012E06A6891
:104670009A42F6D01B68002BF3D094F90E2093F9E0
:104680000E108A42F3D09142F1DD5A68C4E900323B
:1046900014605C6038BD10B5EFF31184402383F3E0
:1046A0001288BFF36F8FF7F76DFE84F31188BFF3A5
:1046B0006F8F10BD08B5EFF31181402282F312888D
:1046C000BFF36F8F83680BB1FFF7B3FF81F31188DE
:1046D000BFF36F8F08BD38B5EFF31184402383F328
:1046E0001288BFF36F8F002390F87050427B80F8E0
:1046F00070302DB121B184F31188BFF36F8F38BDB5
:1047000012F0280FF7D183680BB1FFF792FF437BBC
:1047100023F004034373F7F735FEECE70121183863
:10472000FFF7D9BF08B50346EFF31181402282F3AA
:104730001288BFF36F8F0068834207D008B1FFF77C
:1047400078FF81F31188BFF36F8F08BD0020F8E771
:1047500010B5FFF7AFFFBDE81040183000F09DB86E
:1047600038B5054604680020AC4200D138BD002CA5
:10477000FCD02046FFF7ECFF2046FFF78CFF2C68AB
:104780000120A542F1E770B505460E46F7F7FAFF9E
:10479000B6F1FF3F08BFB5F1FF3F0446284612D0EF
:1047A0004FF47A7547F61120002147F612220023B4
:1047B000C4FB0501E0F7B0FEB0F1004F71F100015C
:1047C00028BF6FF0004070BD08B5C3171F3043F11C
:1047D0000003400940EAC360C117F7F7D3FF400167
:1047E00008BD38B5EFF31185402383F31288BFF37A
:1047F0006F8F0468A04213D0A4B1C4F88C1022615A
:104800002046FFF716FF04F1180000F046F8204696
:10481000F7F7B8FD012085F31188BFF36F8F38BD1E
:104820000020F8E72046F6E72DE9F04105460E4660
:104830001746EFF31188402383F31288BFF36F8F7D
:104840000468A0420FD1002088F31188BFF36F8F56
:10485000BDE8F08139462046B0470028F4D16B68A6
:10486000A342F0D02468002CF4D1ECE708B502464E
:10487000F8F722F970B1D0E904319B1A61EBE272CA
:10488000B3F1004F72F1000104DA002AACBF184600
:10489000002008BD6FF00040FBE7024638B5EFF39B
:1048A0001185402383F31288BFF36F8F0368CBB168
:1048B000F8F702F904461046F8F710F900224FF015
:1048C00000438442C0E9042306D1F8F7FDF8FFF75E
:1048D000CDFF0021F5F79EF9002085F31188BFF385
:1048E0006F8F38BD6FF01500F7E708B5F8F700FADD
:1048F00008BDF8F7FDB9B3F1FF3F08BFB2F1FF3FC4
:1049000070B506461D46144614D01A4316D0002B27
:1049100008DBF8F7EDF9041941EB0501C6E90041A0
:10492000304670BD6FF001031C1B4FF0FF3363EB8B
:104930000501F3E74FF0FF342146EFE70024FBE7E2
:10494000B3F1FF3F08BFB2F1FF3FF8B50746164687
:104950001C4610D054EA020311D0F8F7C9F9B0424E
:104960000A46A14103460AD2F31A64EB0204C7E9DE
:1049700000343846F8BD4FF0FF331C46F7E70023FC
:10498000FBE70023C0E9081200F11802C0E9062283
:10499000C0E9003303634363704710B50446FFF773
:1049A0007CFFA8B9636A0BB12046984704F1180050
:1049B000FFF7B8FE60B1FFF76EFEEFF31180402302
:1049C00083F31288BFF36F8FBDE81040F7F732BE54
:1049D00010BD2DE9F041846805460E46D4B16378D8
:1049E000012B22D114F8533C9A0711D5A4F160078A
:1049F0003846FFF7ADFE082E0CBF6FF0030300230F
:104A0000E36214F8533CDB0602D13846FFF743FE5D
:104A1000002323700020EB68A860C3F3863216439E
:104A200066F39433EB60BDE8F081022BF0D123787C
:104A3000002BEDD054F8048CB8F1000FE8D004F14D
:104A40001400FFF72AFF0023A4F11407394640465B
:104A5000E362FFF72CFDDBE738B5EFF31185402368
:104A600083F31288BFF36F8F0468A04211D0D4E99A
:104A7000003213605A6000232046C4E90033FFF778
:104A8000A8FF85F31188BFF36F8F201E18BF012088
:104A900038BD0024F5E720B1011F50F8040CFFF7E2
:104AA00034BB7047704700207047704710B504460C
:104AB00008B1F8F7FFFB2046BDE81040F8F7EABB65
:104AC0000346C068E0B15888D0B11B8803F44F4258
:104AD000B2F5824F09D1DBB2272B2AD008D8172B89
:104AE0000FD0222B34D0122B16D06FF085007047D8
:104AF000302B2FD0413B012BF7D8FF2839D1002094
:104B00007047C028FBD0E128F9D0B0F5807F0CBFFA
:104B100000206FF08600704720F02003C02BEED0FD
:104B200020F08003B3F5807FE9D040F2092398425A
:104B3000EDE7E928E3D0EF28E1D040F21B139842DB
:104B4000DDD040F299139842D9D040F23B23EEE7F2
:104B5000E928F1E720F02003C02BD0D020F040035B
:104B6000B3F5807FCBD0B0F5C07FC8D0B0F5007F63
:104B7000CDE7B0F5E07FCAE73AB1002918BF0023BE
:104B80002121D21A184401F044BC70472DE9F04F9E
:104B90009B46002389B08DF81B30159B9146DDE9BB
:104BA00012A7002B0D460B460CBF4FF400624FF4CA
:104BB000806207A9DDF85080F8F70EFD0446D0B9F1
:104BC000079E284631880DF11B02F8F7B1FD044617
:104BD00088B99DF81B30BB421FD8CDE90338CDE919
:104BE00001BACDF800902B46D6E909123046F9F704
:104BF00003FB044608B1C8F800703A462146504607
:104C0000D8F80030FFF7B8FF0798F9F7D5F9002C6E
:104C100018BF204609B0BDE8F08F6FF08904EAE7BD
:104C200041F2062398421AD8B0F5905F09D241F2BA
:104C3000010398420CD0B0F5885F09D06FF0850071
:104C400070476923A0F5905080B2C340DB07F5D5CB
:104C500011F0070F0CBF00206FF086007047B0F511
:104C6000105FEBD121F04003802B06D0B1F5807F9F
:104C70000CBF00206FF0860070470020704770B5B1
:104C8000446A05460E463CB90120F8F7FDFA686211
:104C900028B12046AE6270BD6FF08A00FBE76FF06E
:104CA0008C00F8E7F8B51E460F4615460388C2B1DA
:104CB00003F4E043B3F5805F02D0B3F5005F10D199
:104CC000089BE90019600088FFF7AAFF044630B985
:104CD0002A463946304601F08FFB079B1D6020466F
:104CE000F8BD6FF08504FAE710B50446406A10B1CC
:104CF000A16AFFF7DBFE0020C4E9090010BD38B54A
:104D00000546FFF7F1FF2B7F0446012B0ED0023B37
:104D1000012B0ED82B6A012B18BF6FF096042C22A2
:104D20000021284601F075FB204638BD2B6A002B78
:104D3000F2E76FF09604F2E738B5049D1446AA42F4
:104D40000BD8184601F058FB00212A1B204401F023
:104D500060FB0020059B1C6038BD6FF08900FBE7FD
:104D60007FB50E461D461446BAB1002301222B60C2
:104D700003A9F8F731FC70B9CDE900450398334633
:104D8000D0E90912F9F7D6F904460398F9F714F9AE
:104D9000002C18BF204604B070BD6FF08900FAE700
:104DA000F0B50F461E46154685B00AB3002303A989
:104DB0001A463360F8F710FC044638B903980388A4
:104DC0005B0406D4F9F7F8F86FF08604204605B0C6
:104DD000F0BDCDE900563B46D0E90912F9F7BEF91E
:104DE00004460398F9F7E8F8002C08BF0446EDE7FD
:104DF0006FF08904EAE710B50368044653B100F088
:104E0000CDF900232360A38823F4FF7323F001036B
:104E1000A38010BD1846FCE72DE9FF41984600230A
:104E20000C460168054617460393A9BB4FF4AA72C6
:104E3000083001F0EEFAB8F1000F20463B4614BFEF
:104E40004FF480624FF4006203A9F8F7C5FB0446F3
:104E500020BB039E384631882A1DF8F769FC0446BA
:104E6000E0B96B79314668F300036B71009728460F
:104E7000D6E90923B8F1000F0BD0F9F7E7F904469A
:104E800060B90398F9F798F80446204604B0BDE8E5
:104E9000F081F9F7FFF9F2E76FF088042846FFF791
:104EA000AAFF0398F9F788F8EFE70123FFF7B4BFEB
:104EB00038B50468054664B112B90024204638BDEF
:104EC00000F057F904460028F7D02846FFF793FF73
:104ED000F4E76FF08804F1E72DE9F0411746026826
:104EE00005460E46984682B14279D2070DD5027921
:104EF0005AB1BA4216D800F045F9044638B9A6B9F5
:104F00002846BDE8F041FFF776BF6FF08804002324
:104F1000C8F800702B7146B92846FFF76CFF204691
:104F2000BDE8F0816FF08904F1E721463A4630464A
:104F3000D8F80030FFF720FE2846FFF75CFF002C72
:104F400008BF0446EBE71FB501240394089C0294B4
:104F5000079C0194069C0094FFF718FE04B010BD56
:104F60002DE9F04705469A46002388B0079325F0BF
:104F7000004323F47F03B3F1106F0846DDE9109678
:104F80001746DDF848801CD12B464FF4804207A914
:104F9000F8F722FB0446B0B9CDE90368CDE901A9D1
:104FA000079800972B46D0E90912F9F797F90446BC
:104FB00048B90798F9F700F80446204608B0BDE85C
:104FC000F0876FF0860431464846F8F7A1FD079850
:104FD000C8F80060F8F7F0FFEFE703461B880846C3
:104FE00003F4E043B3F5805F114602D0B3F5005FF0
:104FF00001D1F8F78DBD6FF0850070477FB50022B5
:1050000003880A60CDE90122428806460D46002A3F
:1050100069D0028802F4E042B2F5804F63D023F0F9
:10502000FF03B3F5E24F02D0B3F5824F04D130460F
:10503000FFF746FD0446D8B9304602AA01A9F8F7A1
:10504000E7FB0446002843D1019B9B6A9BB1019971
:10505000304601F12803D1E90912F8F7FBFF0446B5
:10506000002839D129460198F8F738FB044678BB67
:10507000204604B070BD73681B0A22D13088718845
:1050800000F4E043B3F5805F15D0B3F5005F12D0B4
:1050900020F0FF03B3F5E24F22D1C0B242280ED177
:1050A0000831C908039103990198FFF7E8FD044608
:1050B0000028CCD00CE0FFF7B3FD044640B907311F
:1050C000EFE7304603A9F8F7ADFF04460028EAD021
:1050D0000198F8F7FFFBCBE70198FFF705FEF7E72C
:1050E0006FF08504F4E76FF08604C1E71C2200210D
:1050F00001F08FB9037F022B06D1036A5A1C03D03B
:1051000001330362002070476FF09600704703463A
:105110006FF040420846591E914207D338B103F15F
:10512000404393428CBF002001207047012070470C
:10513000034668B1017F8A1E012A0BD80329026A3F
:1051400003D1012A01D1FFF7DABD1AB1013A1A627F
:10515000002070476FF09600704700207047C0B283
:10516000FF280CBF6FF0860000207047F9F738B9B0
:1051700070470368052B02D10830F9F7E9BB6FF0DF
:105180008600704710B40468052C03D110BC0830A9
:10519000F9F7F6BB6FF0860010BC70470368052B6B
:1051A00002D1083000F017B9002070470020F9F74D
:1051B000CDBA0020F9F704BB002000F006B9E8F7EB
:1051C00047BC0A2840DCC31C22DA10F1400F47D04C
:1051D00010F13F0F2BDA10F1410F44D010F1550FB1
:1051E00044D010F1490F08BF6FF0840018BF6FF072
:1051F0008600704709282AD8DFE800F00529290829
:1052000016293829292F6FF0980070470020704721
:10521000C31C0D2B1BD8DFE803F0072F1A1C1A1A2A
:105220001A1A1A1A1D1A1A1D6FF08500704710F10C
:10523000210F1ED00BDB10F1200F1DD010F1100F2D
:1052400008BF6FF09400D1E764380928D2D96FF015
:10525000860070476FF0940070476FF08C007047C5
:105260006FF0840070476FF0890070476FF0930013
:1052700070476FF0880070476FF09200704710B56C
:1052800001380A44914200D110BD10F8013F11F8D5
:10529000014B63400370F5E70144814200D1704740
:1052A00011F8013D1A440A70120AF6E730B50025DC
:1052B00003F58073013A002A0DDAFF2BDAB28CBFB6
:1052C0000021012152EA050003D0FF2B94BF0020EA
:1052D0000120401A30BD845C1C448B5C013AE41A06
:1052E000230AE4B2FF332543E5E7002313B58DF825
:1052F00007308B4206D19DF80700B0FA80F04009D4
:1053000002B010BDC45C9DF80720013322438DF824
:105310000720EEE78B4230B50CD8002421469C4292
:1053200003D1081E18BF012030BD155D0555294366
:105330000134F4E70020F7E710B58B4294BFC4189E
:105340004418A04200D110BD00F8012BF9E700235A
:105350001A4682B001908B4201D102B07047019889
:10536000C2540133F7E707B501A9F9F74FF900383F
:1053700018BF012003B05DF804FBF7B506460D46E3
:10538000202D2F46A8BF202700216846FAF7EEF807
:10539000044670B93A4631466846FAF739F910F1D1
:1053A000520F044608D0431CF4D0684600F019FCA4
:1053B00034B1204603B0F0BD684600F012FCE3E7CC
:1053C000EC1B3E44F5D02546DAE700207047F9F79C
:1053D00079BAF9F777BA08B54FF4AA71FFF7B7FFB2
:1053E000002008BDF0B504461F460D461646D9B04C
:1053F0004FF4AA72002103A801F00BF821463346AE
:105400002A46009703A8F9F75DFA044670B9DDE96A
:105410005E1203A8F9F79CFA044638B9DDE9612366
:10542000609903A8F9F7ACFA044610B103A8FFF796
:10543000D2FF204659B0F0BD2DE9F0410446806806
:105440000F469042154609D3201A1C3000F0D4FFB5
:10545000A3685B1BA3600020BDE8F081237F43B9F4
:1054600004F1200000F0FEFA18B1BDE8F041FFF7AA
:10547000A8BEA26832F0100309D0A01A39461C3029
:1054800000F0BAFFA3681F44ED1A0023A360A368CD
:105490006E1E26F00F068BBB102204F10C0104F1E6
:1054A000200000F04FFA0028DFD110222077A26000
:1054B00046B13246394604F1200000F043FA002894
:1054C000D3D1207704F12008404600F020FB0028CB
:1054D000CBD1404600F078FB0028C6D1102104F162
:1054E0000C00FFF734FFAA1BB5D0B91904F10C006A
:1054F00000F082FFA3685B1B3344ABE7002ED8D1DA
:10550000237F002BDED02A46EFE738B543680446F8
:10551000102B21D8037F00F120053BB9284600F06D
:10552000A1FA18B1BDE83840FFF74BBEA2680C34B1
:10553000102A07D021462846C2F1100200F002FAD4
:105540000028EFD12146284600F02DFA0028E9D1A5
:10555000284600F039FBE5E76FF0860038BD2DE9FD
:10556000F0414FF00008DDE906CE04880D461646EE
:105570001F46CEF80080BCF1000F15D024F0FF04C8
:10558000B4F5E24F03D1BDE8F041FAF755BBB4F5ED
:10559000824F0DD13A4631462846CDF818E0634691
:1055A000BDE8F04100F051BC6FF08600BDE8F0812D
:1055B0006FF08500FAE7F9F7ABBBCA0448BF41F4C6
:1055C00080618B0448BF41F4006181607047C0F383
:1055D0000253013B10B5052B21D8DFE803F0030B84
:1055E0000B0B1B13012300F030002028136013D095
:1055F000002010BD0B8844F212118B420CBF042313
:105600000223F0E70B8844F212118B4214BF0323EC
:105610000623E8E70323E6E702331360E8E76FF0C9
:105620009800E6E713B50C46F8F7F0FFC31C0FD05F
:10563000013009D004224FF0FF3321460DEB020068
:10564000019300F0EEFE30B96FF08B0002B010BD98
:105650006FF08400FAE70020F8E730B589B005461E
:1056600018220C4601A8002100F0D3FE012344EAD1
:10567000052401A9BA2007940593F8F781FF0028B3
:1056800018BF6FF0920009B030BDF7B5BA2001A97C
:10569000F8F7BCFF044610B1002003B0F0BD019D37
:1056A0002F0AEDB2AC4205D1BA20F8F795FF0028D9
:1056B000F2D008E0E6193046F8F78EFF30B13046F8
:1056C000FFF751FE10B96FF09200E6E70134E9E709
:1056D00038B503780446033303F00303012B0FD8D6
:1056E0006FF0210038BD60782844F8F767FF48B9AB
:1056F00001352378C3F382039D42F4D30020F1E700
:105700000025F6E70220EDE708B5F820FFF72BFEAD
:1057100018B9F920FFF727FE10B16FF0920008BD0D
:10572000F820F8F74BFF0028F7D1F920F8F746FFEB
:105730000028F4D0F1E74368A3F11001914241D869
:10574000012243F80C2C53F8042C42F0200243F8B9
:10575000042C53F8082C42F0005243F8082C8368BC
:1057600000F11402A3F1100191422FD8012243F855
:105770000C2C53F8042C42F0200243F8042C53F86C
:10578000082C42F0005243F8082CC36803F154027D
:10579000BFF35F8F4FF0A3431A60BFF35F8FC26800
:1057A0000432BFF35F8F1A61BFF35F8FBFF35F8F68
:1057B00003225A63BFF35F8FBFF35F8F9A63BFF318
:1057C0005F8F7047103242F80C2CB7E7103242F866
:1057D0000C2CC9E738B5BFF35F8F4FF0A344E569E0
:1057E000BFF35F8FBFF35F8F10236363BFF35F8FE0
:1057F000012000F08EFDBFF35F8F00236363BFF3D2
:105800005F8FBFF35F8FE36BBFF35F8F5B06F8D4EF
:1058100025B1BFF35F8FE561BFF35F8F38BD08B57A
:10582000F9F7EAFF30B9BFF35F8F4FF0A343986AEF
:10583000BFF35F8FBFF35F8F4FF0A342D36BBFF314
:105840005F8F10F0240F03F0230304D0FFF7C2FF93
:105850006FF01F0008BD4FF0FF30002BFAD1BFF3EF
:105860005F8F1063BFF35F8F1846F3E710B59EB0EC
:10587000024646F611031AA901A8F9F737FE0023DC
:10588000039A10211360039A01A89360039B1AAA3C
:1058900010330393FFF74FFFFFF7C1FF431C04468C
:1058A000FAD001A87421FFF752FD20461EB010BDAA
:1058B00038B502690546146914B15069A047044619
:1058C00005F11400F9F738FF204638BD08B58268A5
:1058D00003465AB902681169426A114206D0FFF7BD
:1058E000E7FF002808BF6FF0530008BD03F1140064
:1058F000702103F17802FFF71EFF0020F5E773B572
:10590000064601A8FAF768F8044678B906F11400CB
:10591000F9F7E8FE0198FFF7A9FF044648B9326994
:10592000D3681BB150699847054618B9204602B0A4
:1059300070BD05463046FFF7BBFF002814BF044684
:105940002C46F3E710B5047D03464CB3B2F1807FDB
:1059500006D3FFF7ADFF002808BF6FF03F0010BD72
:105960004468062C06D9FFF7A3FF002808BF6FF094
:105970004400F4E70AB90020F1E780690160996901
:105980008A60186899698069C068C860996910312F
:105990009961596801315960996811449960EAE741
:1059A0006FF02000DBE710B4037D002B56D0836836
:1059B000C3B9836900F124021A60036882691B6815
:1059C000013343F000539360046882692368A4693B
:1059D0000133E4681B0203F4F8532343D360836963
:1059E00010338361036882681C68131923EA040377
:1059F00084699B1A54F8042C42EA032244F8042CCC
:105A0000826952F8084C234443F0005342F8083CA2
:105A100003681A68C368134423EA0203C269116069
:105A2000C269C1689160C26902F11001C161C168B7
:105A30008B420AD000211161C168C2695B1A43F030
:105A400080439360C3691033C3610368DA68436AB3
:105A500023EA0203436210BCFFF738BF6FF0200057
:105A600010BC704738B5037D0446002B49D103684C
:105A70005B69002B48D0FFF742FF054600283ED166
:105A8000214651F8783B626A9B6904F114001B6857
:105A9000F9F72CFD0123636023699A689AB9A2691A
:105AA0001B6813602369A2695B6843F0005393602D
:105AB0002268A36992699268DA60A3691033A361CE
:105AC000636801336360236AA269C4331360236887
:105AD000A2695B6943F0005393602268A3699269ED
:105AE0005268DA60A36922681033A36163680133E6
:105AF00063601269636A134363620023A3602846EC
:105B000038BD6FF02005FAE76FF04705F7E738B5C5
:105B1000027D0346002A40D00268816894688C4266
:105B200006D9FFF7C5FE002808BF6FF0530038BD47
:105B30005468B1FBF4F504FB151434B1FFF7B8FE5B
:105B4000002808BF6FF04500F1E7416AD0680143C3
:105B50005962D3E90701C431526901601868D969F3
:105B600040690F328860D96922F00F0201F11000FC
:105B7000D8611868406990420AD00C611868D969E8
:105B80004069121A42F080428A60DA691032DA61A2
:105B90001846BDE83840FFF799BE6FF02000C6E711
:105BA00038B5037D054663B1FFF739FE431C044653
:105BB00005D02846FFF77CFE002818BF0446204683
:105BC00038BD6FF02004FAE710B5037D04462BB111
:105BD0002046FFF7E5FF431CFAD010BD6FF0200010
:105BE000FBE710B5037804461BB1F8F7C3FB0023AD
:105BF0002370002010BD0368D868C0F300407047D0
:105C0000036803F580535B6A13F4A02F14BF0120CF
:105C100000207047022203689A6070470368D868C2
:105C2000F9F78EBE024608B51046FFF7E4FF0028DC
:105C3000FAD1BDE808401046FFF7F0BF03685A509C
:105C400070470369996670470369986E7047C0F39F
:105C50000B03482B4B6028BF482310F4003F8B6098
:105C600008BF0023CB6010F4803308BFC1E90133C3
:105C700000F47003B3F5700F14BF00238B68002885
:105C80004FF0010C4FF008028B60B8BF0023C1E950
:105C900005C2B8BFC1E9053370472DE9F04F4FF099
:105CA000000B91461E46448805888BB005F44F438F
:105CB00000940734B3F5824F82460F464FF01C0222
:105CC00059464FEAD40803A818BF5D46CDF808B07E
:105CD00000F09FFBC845C6F800B041D8B4F5847FFA
:105CE00041D26A4649465046F9F75AFF044640BB3E
:105CF000EDB22846009901AAF9F794FE044600BBCC
:105D0000A5F14103012B20D8424602A9F8F758FD1E
:105D100020BB414602A8FFF7E8FA38BB412D05D168
:105D2000B8F1200F02D102A800F051FA42463846DD
:105D300002A900F061FB202102A8FFF708FBC6F8CA
:105D4000008020460BB0BDE8F08F4A4639460198E6
:105D500000F048FA0028EED0FFF733FA0446F0E7E7
:105D60006FF08904EDE76FF08504EAE76FF09304C4
:105D7000E7E72DE9F341DDF820801E4643884245E0
:105D80000F461546019315D8294601AAF9F708FFD1
:105D9000044658B92B463A4641463046FFF7BAFA10
:105DA00058B10A9B019A1A60099B1D60204602B0F7
:105DB000BDE8F0816FF08904F8E76FF08604F5E73D
:105DC0002DE9F0411F460588438894B0029305F4FD
:105DD0004F43B3F5824F064614461346D0F80C8065
:105DE0000A4603A84FF0410118BF0025FFF792FAB9
:105DF00018B31A9B9C4223D83046214602AAF9F7D1
:105E0000CFFE0646A8B9E9B21229029D01D0302979
:105E100006D12A464046009403ABF9F78BFE90B9B1
:105E20002246384603A900F0E7FA1C9B1D601B9B25
:105E30001C60304614B0BDE8F0816FF08606F8E7CC
:105E40006FF08906F5E70646F3E78B4238B505465D
:105E50000C46104607D30A46294600F0CDFA00202A
:105E6000049B1C6038BD6FF08900FBE7F8B506683D
:105E7000054696420C46A2EB060701DDFBF7A9FB9F
:105E80003946204600F03FF832466968E019BDE81F
:105E9000F84000F056B8FFF7E9BFF8B507461646D8
:105EA000D2E900208A420C460BDB551A294600F045
:105EB0002AF82246394670682844BDE8F84000F0C8
:105EC0009BBA891A3944F8E770B514460E461D4648
:105ED00021461A46FFF7E1FF2146304605F1080248
:105EE000BDE87040FFF7D9BF70B5054616461C46A1
:105EF0001A46FFF7BBFF2246314605F10800BDE810
:105F00007040FFF7B3BF38B503460C46A9B1580738
:105F100006D00022013C03F8012B01D05907F9D12A
:105F200024F00F052A460021184600F072FA0346B5
:105F30000021421923449A4200D138BD02F8011BC6
:105F4000F9E78B18991A12B110F00F0F01D100F078
:105F500053BA0978013AC9B200F8011BF2E770B5EB
:105F600006460D461446FFF76FFE013D026844EAFF
:105F70000524304622430421BDE87040FFF75EBE91
:105F800073B50546D0E90146CDE90023FFF75CFE75
:105F900003689DF8002013F0805FE8689DF80730E3
:105FA00004EB061416D002F03F0242F0200243F048
:105FB0000103A0F10801201A8DF800208DF80730A8
:105FC000FFF7A1FF083C082269462046FFF7B9FF0A
:105FD00002B070BDA41B03F03F0342F0010243F086
:105FE0002003A0F1080104F108008DF800208DF8CD
:105FF0000730FFF788FFE6E710B50446FFF724FEF9
:10600000C2684AB142F420222046BDE81040002177
:1060100042F40062FFF712BE10BDC06870472DE960
:10602000F8430A680C4612F4700F15D1D0E90159F3
:10603000D1F80880FFF708FE03682046DB0048BF60
:1060400063684FF0000744BFA9EB0303ED1800F0AD
:10605000B0F80646B74201DBBDE8F8834146284662
:106060006268FFF76EFF63684D4498440137F1E7BB
:1060700070B50C461E461046D1E9012505EB4205D8
:106080002946FFF75EFF62683046A918BDE87040F8
:10609000FFF757BF38B50446FFF7D6FDD4E9013501
:1060A00001684268C90042BFE168691A5B180021B3
:1060B00012B904F1140038BDD00707D50B2901D956
:1060C000FBF787FA04EB8100436101312B44521046
:1060D000EEE72DE9F04F044685B00E469146019358
:1060E000FFF7B2FDD4E9018BD4F848A005468768D4
:1060F000BAF1000F07D02046F9F708FC1025284612
:1061000005B0BDE8F08FF9F7A1FB326811064CBF6E
:10611000C26842687168914204DD2046F9F7F6FBD7
:106120000D25ECE7E1603268204649EA02092A6958
:1061300049EA0202FFF713FF2A68D20003D5E2689A
:10614000ABEB020290443FB931462046FFF767FFB0
:106150002B696BB90025D2E7FB0748BF019B4FEACB
:10616000670744BF43F82A800AF1010AD844EAE7E6
:1061700002A800F043F8054618B12046F9F7C6FB1F
:10618000BDE72046DDE90223FFF7FAFE08210DEB0B
:106190000100FFF7DCF8DDE710B50446FFF72CFF40
:1061A000BFF35F8F03222046BDE810400821FFF7B0
:1061B00045BD0368024613F4700F06D1806828B10C
:1061C000D368506893FBF0F0704700207047037865
:1061D00023F007030370C37F03F07F0343F0400302
:1061E000C37770470B46D0E901108A42084402D3B6
:1061F0001A4600F019B86FF04000704710B5044619
:10620000F9F724FB436963B12046F9F7E5FB50B980
:10621000D4E900321343F7D0201DBDE81040F9F750
:10622000DBBB6FF0020010BD2DE9F04704461046BD
:1062300039B122460023164612F8015B35B98B426C
:1062400002D16FF0530435E00133F4E78B42F8D00C
:106250004A1E9A4201D1022DF3D9A25CD2072FD552
:10626000FF2415EA040228D1E443A1EB0308C71870
:10627000FFF762F8E5B208EB070A4246394600200C
:10628000F8F79EFA0446E8B93B7881462B403B700C
:106290003B4613F8012B534549EA0209F9D1002383
:1062A000424631463846FFF701F8B9F1000FE4D015
:1062B0000028E2DA2046BDE8F0876400E4B2D0E7C7
:1062C0006624F7E70224F5E7F5F754BC4FF0FF32F8
:1062D0004FF0FF33F5F7D6BBFDF798BF4FF0FF3215
:1062E0004FF0FF33F5F7CEBBF5F744BC00F074B8C0
:1062F00007B54FF0FF334FF0FF32CDE90023002206
:1063000000F077F803B05DF804FB00F06EB800F021
:1063100068B8FEF759BA2DE9F3470446DDE90A9853
:1063200015460E4659B302F0010AF6F78BFA0746F6
:10633000EFF31181402383F31288BFF36F8FA80717
:1063400044BF0023A360A36803EA0600BAF1000F6C
:106350000CD086420CD16A0744BF8343A36081F30B
:106360001188BFF36F8F02B0BDE8F0870028F2D12B
:1063700059EA080305D181F31188BFF36F8F00201C
:10638000F1E7C7E91A652246CDE9009804F10C004F
:10639000F6F7AAF80028F2D1B86EE4E710B54B681A
:1063A000D0E91A4212F0010F03EA040301D09C4223
:1063B00010D17BB18366520744BF8A681A430B68C9
:1063C00048BF8A6043660123086080F87030183047
:1063D000FEF763FA002010BD0023C0E900008360CF
:1063E00070474FF0FF32F9F763BD0A460021F9F715
:1063F0005FBD5200FFF78FBF0A44431E914200D198
:10640000704710B511F8014B914203F8014FF9D1D3
:1064100010BD02440346934200D1704703F8011BAC
:10642000F9E70139024410B5904201D1002005E09E
:10643000037811F8014FA34201D0181B10BD0130A1
:10644000F2E710B50139044632B111F8013F013AC3
:1064500000F8013B002BF7D10021FFF7DAFF2046BF
:1064600010BD0246014410B58A42134603D01C7881
:106470000132002CF8D1181A10BDF0B5C3F137075E
:10648000044603F01F031046FFB2082BE6B232D0D9
:10649000102B3DD06508A40845EAC17544EA817413
:1064A0008A082D1942EB5102290941EA02716D183F
:1064B00042EB1212290A41EA02616D1842EB1222E4
:1064C000290C41EA02416D1842EB1242AD1842F12B
:1064D0000002EC0844EA4274D10804EB8402A6EB03
:1064E0004205EDB2092D0CD90134A5F10A0541F19F
:1064F0000001EDB212E0E40806F0070544EA417439
:10650000C908303554EA010200F8015BBDD1F0BD85
:10651000240906F00F0544EA01740909092D84BF16
:10652000ED19EDB2EDE7D1E9043293421EBF5A1CDA
:106530000A61187070470000014800687047000049
:10654000BC7E0120826BFE7F01000000D90F02009B
:1065500000000000659B0200000000000000000039
:106560001C6603007940030000000000E1B902004E
:106570000000000005BA020000000000000000005A
:1065800054660300000000003866030000000000AD
:10659000706603000DAA020000000000793B0300B2
:1065A00000000000000000008C66030000000000F6
:1065B000A86603005D950200000000003739030063
:1065C00000000000F9E6010000000000F10D0200EB
:1065D0000000000000000000C466030091D9010023
:1065E0000000000039BD020000000000651102003B
:1065F00000000000F53A030000000000FF3A03002D
:1066000000000000AD150200000000007DF2010056
:1066100000000000EDF401000000000094C1030040
:10662000A07E0300846F0300F8170020E48001209F
:10663000BD92020000000000C3C10300C47E03003D
:10664000606F0300FC170020388101208197020051
:1066500000000000CFC10300D87E0300606F03007C
:10666000FE170020448101208197020000000000F5
:10667000DAC10300EC7E0300606F03000018002005
:10668000508101208197020000000000BBC103007F
:1066900000000000586F0300FA17002000000000FF
:1066A0005D37030000000000EEC103000C7F030013
:1066B000A06F0300021800205C8101208D380300C8
:1066C00000000000A2C30300000000007C7F030064
:1066D0000418002068810120D59F020000000000FE
:1066E0000000000033150300000000003315030014
:1066F0000000000033150300000000003315030004
:1067000000000000331503000000000033150300F3
:1067100000000000331503000000000033150300E3
:1067200000000000331503000000000033150300D3
:1067300000000000331503000000000033150300C3
:1067400000000000331503000000000033150300B3
:1067500000000000331503000000000033150300A3
:106760000000000033150300000000003315030093
:106770000000000033150300000000003315030083
:106780000000000033150300000000003315030073
:106790000000000033150300000000003315030063
:1067A0000000000033150300000000003315030053
:1067B0000000000033150300000000003315030043
:1067C0000000000065AA020000000000331503006D
:1067D0000000000033150300000000003315030023
:1067E0000000000033150300000000003315030013
:1067F0000000000033150300000000003315030003
:1068000000000000331503000000000033150300F2
:1068100000000000331503000000000033150300E2
:1068200000000000331503000000000033150300D2
:1068300000000000331503000000000033150300C2
:1068400000000000331503000000000033150300B2
:1068500000000000331503000000000033150300A2
:106860000000000033150300000000003315030092
:106870000000000033150300000000003315030082
:106880000000000033150300000000003315030072
:106890000000000033150300000000003315030062
:1068A0000000000033150300000000003315030052
:1068B0000000000033150300000000003315030042
:1068C0000000000033150300000000003315030032
:1068D0000000000033150300000000003315030022
:1068E0000000000033150300000000003315030012
:1068F0000000000033150300000000003315030002
:1069000000000000331503000000000033150300F1
:1069100000000000331503000000000033150300E1
:106920000000000069F702000000000033150300BA
:1069300000000000331503000000000033150300C1
:1069400000000000331503000000000033150300B1
:1069500000000000331503000000000033150300A1
:106960000000000033150300000000003315030091
:106970000000000033150300000000003315030081
:106980000000000033150300000000003315030071
:106990000000000033150300000000003315030061
:1069A0000000000033150300000000003315030051
:1069B0000000000033150300000000003315030041
:1069C0000000000033150300000000003315030031
:1069D0000000000033150300000000003315030021
:1069E0000000000033150300000000003315030011
:1069F0000000000033150300000000003315030001
:106A000000000000331503000000000033150300F0
:106A100000000000331503000000000033150300E0
:106A200000000000331503000000000033150300D0
:106A300000000000331503000000000033150300C0
:106A400000000000331503000000000033150300B0
:106A500000000000331503000000000033150300A0
:106A60000000000033150300000000003315030090
:106A70000000000033150300000000003315030080
:106A80000000000033150300000000003315030070
:106A90000000000033150300000000003315030060
:106AA0000000000033150300000000003315030050
:106AB0000000000033150300000000003315030040
:106AC0000000000033150300000000003315030030
:106AD0000000000033150300000000003315030020
:106AE0000000000033150300000000003315030010
:106AF0000000000033150300000000003315030000
:106B000000000000331503000000000033150300EF
:106B100000000000331503000000000033150300DF
:106B200000000000331503000000000033150300CF
:106B300000000000331503000000000033150300BF
:106B400000000000331503000000000033150300AF
:106B5000000000003315030000000000331503009F
:106B6000000000003315030000000000331503008F
:106B7000000000003315030000000000331503007F
:106B8000000000003315030000000000331503006F
:106B9000000000003315030000000000331503005F
:106BA000000000003315030000000000331503004F
:106BB000000000003315030000000000331503003F
:106BC000000000003315030000000000331503002F
:106BD000000000003315030000000000331503001F
:106BE000000000003315030000000000331503000F
:106BF00000000000331503000000000033150300FF
:106C000000000000331503000000000033150300EE
:106C100000000000331503000000000033150300DE
:106C200000000000331503000000000033150300CE
:106C300000000000331503000000000033150300BE
:106C400000000000331503000000000033150300AE
:106C5000000000003315030000000000331503009E
:106C6000000000003315030000000000331503008E
:106C7000000000003315030000000000331503007E
:106C8000000000003315030000000000331503006E
:106C9000000000003315030000000000331503005E
:106CA000000000003315030000000000331503004E
:106CB000000000003315030000000000331503003E
:106CC000000000003315030000000000331503002E
:106CD000000000003315030000000000331503001E
:106CE000000000003315030000000000331503000E
:106CF00000000000331503000000000033150300FE
:106D000000000000331503000000000033150300ED
:106D1000A8660300313803000000000033150300AB
:106D200000000000331503000000000033150300CD
:106D300000000000331503000000000033150300BD
:106D400000000000331503000000000033150300AD
:106D5000000000003315030000000000331503009D
:106D6000000000003315030000000000331503008D
:106D7000000000003315030000000000331503007D
:106D8000000000003315030000000000331503006D
:106D9000000000003315030000000000331503005D
:106DA000000000003315030000000000331503004D
:106DB0000000000033150300001600200738030010
:106DC000000000003315030000000000331503002D
:106DD000000000003315030000000000331503001D
:106DE000000000003315030000000000331503000D
:106DF00000000000331503000000000033150300FD
:106E0000BDB40200973B03000000000033150300EF
:106E100000000000331503000000000033150300DC
:106E200000000000331503000000000033150300CC
:106E300000000000331503000000000033150300BC
:106E400000000000331503000000000033150300AC
:106E5000000000003315030000000000331503009C
:106E6000000000003315030000000000331503008C
:106E7000000000003315030000000000331503007C
:106E8000000000003315030000000000331503006C
:106E9000000000003315030000000000331503005C
:106EA000000000003315030000000000331503004C
:106EB000000000003315030000000000331503003C
:106EC000000000003315030000000000331503002C
:106ED000000000003315030000000000331503001C
:106EE000000000003315030000000000331503000C
:106EF00000000000331503000000000033150300FC
:106F00000000000033150300933B0300973B030090
:106F100000000000331503000000000033150300DB
:106F200000000000331503000000000033150300CB
:106F300000000000331503000000000033150300BB
:106F400000000000331503008815002007380300F7
:106F50000000000033150300493703000000000063
:106F6000AD9502006D370300793703008D370300BC
:106F700097370300A1370300C9970200B537030014
:106F80000000000015930200B5360300153703001A
:106F90000000000053360300000000000000000065
:106FA000493803006D9A02003B38030005000000D9
:106FB000314A020006000000CD7802000400000003
:106FC000ED5A02000F1403002B1403000000000010
:106FD00000000000000000000000000000000000B1
:106FE00000000000000000000000000000000000A1
:106FF0000000000000000000000000000000000091
:107000000000000000000000CDFC010000000000B6
:107010000000000000000000000000000000000070
:107020000000000000000000000000000000000060
:10703000000000006DFD010000000000A5FC010043
:1070400000000000CDDA010039DC01000000000082
:1070500000000000000000000000000069DC0100EA
:107060000000000000000000000000000000000020
:107070000000000000000000000000000000000010
:107080000000000000000000CB34030000000000FE
:1070900000000000000000000000000000000000F0
:1070A00000000000000000000000000000000000E0
:1070B00000000000000000000000000000000000D0
:1070C00000000000B47C030008000000547D0300B1
:1070D000070000009C780300120000001E970300C8
:1070E00003000000C9AD03000300000064B6030004
:1070F0000300000045A1030003000000FEB10300EF
:10710000030000004AC103000300000034C1030073
:10711000030000004CA10300030000004FAF030078
:1071200003000000F3B7030003000000F3AA03000C
:107130000300000070AD0300030000008ABB0300E1
:107140000300000090B303000300000004A103004B
:1071500003000000BFC3030003000000ADC3030031
:107160000300000083BB03000300000089C103008B
:1071700003000000CA97030003000000ADC1030034
:107180000300000034C503000300000054C20300E4
:1071900003000000EE97030003000000F2970300D5
:1071A000030000002A99030003000000EBC3030062
:1071B0000300000031A0030003000000BEA0030094
:1071C00003000000C6A003000300000011C4030078
:1071D0000300000016C5030003000000A59B030088
:1071E00003000000D5A0030003000000DB970300AC
:1071F00003000000F9C10300030000003C78030015
:10720000A45B0020099903000100000080780300BE
:0C72100070140020199903000100000018
:107220000000000003000000A0000000F0000000CB
:1072300000000000DEA90300E3A90300E7A90300A2
:10724000EBA90300EFA90300F3A90300F7A90300CA
:10725000FBA90300FFA9030003AA030007AA030078
:107260000BAA03000FAA030013AA030017AA030026
:107270001BAA03001FAA030000A0105000820D509B
:10728000000405500500000004000000010000009B
:10729000010208030402000102020303252627015C
:1072A000020401020403010203032804BE119042F8
:1072B000B400EE03500B0102040102044C018604E9
:1072C000E80B030402000102030300000028000091
:1072D00000200102FFFFFFFFFF030F141E28323CB6
:1072E0005064780102030301010002070001020457
:1072F0000100010000010100000100010000010087
:10730000010000000102080F141E28323C5064786E
:10731000020B000001000B0002000A00050009003A
:107320000A000800140007001E00060032000500D5
:107330004B0004006400030096000200FA00010004
:10734000F40100000102030302030100F401FA004A
:10735000960064004B0032001E0014000A00050075
:10736000020001000C0802170D01010209090101C8
:107370000602091818030101090903038503020124
:10738000230202240910040405050B0B040B2B1B1C
:107390001B159A9A1C021D16130501490D150508A7
:1073A000061B1B0F01010000FEFEFEFEFEFEFEFEA0
:1073B000FEFEFEFEFEFEFEFEFEFEFEFEFE16FEFED5
:1073C000FEFEFEFEFEFEFEFEFE1F1FFEFE26FEFE73
:1073D000FEFEFE30FEFEFE32FEFE32FEFE35FEFEFC
:1073E0003E3EFEFEFEFE3B3B6000BE0290062C01D0
:1073F000CE05D0122804BE1190426400AE025006A1
:1074000072050813DA430001020201020400A2011E
:10741000B003BE05EE024806A209C405F40B24120F
:1074200026FEFEFEFE2E3630FEFEFE32FEFEFEFE86
:10743000FE35FEFEFEFEFEFEFEFEFEFE2E010203F9
:10744000030102030301020412FEFEFEFEFEFEFE25
:10745000FEFEFEFE03030303030303030303030310
:10746000030303030314FEFE16FEFEFEFEFEFEFEF5
:1074700023FEFEFEFEFEFEFEFEFEFEFE2E36303932
:10748000FEFE32FEFEFEFEFE35FEFEFEFEFEFEFEB1
:10749000FEFEFE2E010203032804BE119042720577
:1074A0000813DA432C00CE01D00204104000280457
:1074B000BE1190422C00CE01D002B400EE03500B5E
:1074C0006400AE025006B400EE03500B0102030349
:1074D000010204002804BE1190422804BE1190420B
:1074E0000102030300010202010204000103020081
:1074F000D42400200200000B01000000070000005F
:107500000000000000000000000000000406080A5F
:107510000C0E10121416181C1E20222426282A2CA9
:107520002E30323436383A3C3E40424446484A4C8B
:107530004E021A5000000000280000001800000051
:10754000500100005001000000000000F023000086
:1075500024130000E8670000187900001C0C78056F
:10756000A438143700000000400600004006000068
:107570004006000040060000000098086B03580217
:107580009C18000000000000000000000000000047
:10759000F0230000241300003CF000003CF0000049
:1075A0000000000048A3000014A0000068A600002E
:1075B0003CA50000000000000000000000000000EA
:1075C00000000000000040060C03600934080000C1
:1075D0000000000000000000E3A3C30078110020B9
:1075E0000200000B3A2500200200000C9E2500201E
:1075F0000200000B9E2500200100000C9C250020AD
:107600000100000C010208FF7F00200018000A8022
:107610000720029801AA8000010203040203040467
:10762000010203040101010201010101020304023C
:10763000E4E1D8D2C6C9B4B19C93878D6C637872EB
:107640004E4B272D1B1E36390020602040608001E4
:1076500002040301020400010200050400080800FE
:107660000000000000000000000001010101010114
:1076700001010101010102020202020203030404EA
:107680000505060607070808090A0B0C0D0E0F1062
:107690001112131415161718191A1B0010010000E7
:1076A000D200000030010000D800000001000000FE
:1076B000E400000002000000EA00000002000000F8
:1076C000EC00000003000000EE00000004000000D9
:1076D000F000000005000000F200000006000000BD
:1076E000F400000007000000F600000008000000A1
:1076F000F700000009000000F80000000A00000088
:10770000F90000000B000000FA0000000D0000006E
:10771000FB0000000F000000FC0000001100000052
:10772000FD00000013000000FE0000001500000036
:10773000FF00000018000000000000001B00000017
:10774000010000001F0000000200000023000000F4
:107750000300000028000000040000002D000000CD
:1077600005000000330000000600000039000000A2
:10777000070000003F0000000800000000100200A9
:10778000FA00000001030062746C65000000000054
:1077900000000000000000000000000000000000E9
:1077A00000000000000000000000000000000000D9
:1077B00000000000000000000001000000000000C8
:1077C0000338FDD8704700000000000000000000F2
:1077D0000338FDD87047000001010000F6170020B3
:1077E00003020000F4170020090C000011970300A9
:1077F000502F00200001000025110300CF100300CE
:1078000002000000CD120300000000000000000094
:107810000000000000000000E9980300F198030058
:10782000000000000000000000000000F9980300C4
:10783000FD980300019903000599030045F101003B
:1078400039F1010069F1010021F10100000000009F
:107850002DF1010000000000C5F10100AC5B00202B
:10786000DC8801201000000070780300BC5B002061
:107870004DF20100DC5B0020EC88012001000000DB
:107880008B130300811303004F1303004313030002
:10789000000000003713030000000000749503008F
:1078A000FF2C0300000000007095030000000100A1
:1078B0006C950300BB2E0300000000006015002043
:1078C000000001006495030079F40100000000004D
:1078D000000000000000040060950300BB2E0300C0
:1078E000000000005815002000000100589503001A
:1078F0000000000000000000000000000000000088
:1079000054950300D12C0300D563020034150020E8
:1079100000000C0050950300BB2E03000000000087
:107920002C15002000000100489503000000000015
:10793000000000000000000000000000449503006B
:10794000D12C0300D56302000815002000000C00B4
:1079500040950300BB2E030000000000001500202E
:1079600000000100389503000000000095F40100BC
:10797000000000000000080034950300D12C030033
:10798000D5630200DC14002000000C0030950300D9
:10799000BB2E030000000000D414002000000100F2
:1079A00028950300DB130300000000000000000026
:1079B0000000040024950300D12C0300D5630200CD
:1079C000B014002000000C0020950300BB2E030023
:1079D00000000000A814002000000100189503001A
:1079E000AB130300000000000000000000000400D2
:1079F00014950300D12C0300D563020084140020E9
:107A000000000C0020110020000000000600010012
:107A100002000000187A030000000000A1A003008B
:107A200006000000E04F160000000020A9A003009F
:107A300021000000E0EF0220781500207D0E0200FA
:107A400000000000EF1503003C7A0300587A0300A1
:107A5000020100000000000070D101203C7A030008
:107A60006C7A03002E00000000000000D8DE012028
:107A70003C7A0300807A030002010000000000004D
:107A8000ACDF012023AA030041AA03005CAA030083
:107A90006CAA030079AA030082AA030089AA030042
:107AA00090AA030097AA03009FAA030079AA0300E3
:107AB000A7AA0300B9AA0300CEAA0300E1AA030003
:107AC0000E030000552702000F04000021270200CA
:107AD0001A010000ED120200050400000513020067
:107AE00013010000551702003E010000C5190200F5
:107AF00001120000251A03000A1E0000551A030097
:107B0000FF010000391B02003E010000191B0200AA
:107B1000050400005113020008040000D51D0200F6
:107B2000300300004D1D020010010000651402002A
:107B300001120000352402000A1E0000131B03007E
:107B400003090000C5140200040B000065160200C2
:107B5000060A00005D260200070A0000C9130200A1
:107B60000C05000095130200050C00009925020089
:107B700021080000F91302002C1F00007187020089
:107B800038220000E98802002D4B0000658A0200BF
:107B90002F210000A58D02002E030000B98E0200E7
:107BA00030150000198F0200310F0000D58A020045
:107BB00032080000598C02003C7A0300C87B0300A5
:107BC0000301000000000000C8E001207DB10300B7
:107BD0008AB10300AAB103009EB10300B5B103004E
:107BE000CCB10300DCB103004DB50300F0B10300DC
:107BF0003C7A0300007C030000000000000000004D
:107C00001CE401203C7A0300147C03000001000006
:107C10000000000044E40120F3200300452103009C
:107C2000000000000000000000000000294D0200DC
:107C30000000000000000000000000000000000044
:107C400002020100C528030004040100815A020059
:107C500006060100C159020008040100AD580200E7
:107C60000A020100AD2803000C040100952803005E
:107C70000E0401008157020020040100E5560200B5
:107C800010040100F55502001202010065270300EF
:107C90001E0004005F2A0300520200008B2703002D
:107CA0003C7A0300B07C03000201000000000000E9
:107CB000BCE70120A4950300FF2C03000000000096
:107CC000A0950300000001009C950300BB2E03005B
:107CD0000000000030170020000001009495030010
:107CE0000000000000000000000000000000000094
:107CF00090950300D12C0300D563020038170020B3
:107D0000000003008C950300BB2E03000000000060
:107D1000281700200000010084950300372D030080
:107D20009164020000000000000003008095030041
:107D3000BB2E0300000000002017002000000100FF
:107D400078950300D96702000000000000000000E1
:107D500000000100D0950300FF2C0300000000008C
:107D6000CC95030000000100C8950300BB2E030062
:107D7000000000006C17002000000100C095030007
:107D8000672D03000000000000000000000001005B
:107D9000BC950300BB2E0300000000006417002008
:107DA00000000100B4950300912D030000000000C5
:107DB0000000000000000100B0950300BB2E03008E
:107DC000000000005C17002000000100A8950300DF
:107DD00071620200000000000000000000000100CD
:107DE000597802001F340300818202000000000065
:107DF00000000000697F0200000000000000000099
:107E00000000000000000000000000000000000072
:107E1000D179020006000000FB31030006000000DB
:107E2000C175020010000000357202001000000051
:107E300021820200010000008F30030010000000CA
:107E4000F73103000A000000ED7802001000000086
:107E50004D80020007000000FF3103001000000009
:107E60003D31030001000000957702004000000052
:107E70009B31030010000000553103000100000099
:107E80003C7A0300907E0300C01200000000000056
:107E9000BCEB012079920200499202000000000030
:107EA000D193020051930200A1C103003F370300A8
:107EB0003B370300A7C1030000A0105000820D5003
:107EC000000405507F00000000A01050881500201D
:107ED0000000000000000000FFFF000000820D50C5
:107EE000001600200000000001000000FF07000055
:107EF0000004055000000000000000000200000027
:107F000000A0105000820D500004055000600C507D
:107F10000000000000000000387F030000C20100E4
:107F20000000D6010000000000000040000000003A
:107F3000358A0120348A012000600C50447F030000
:107F4000010000004C7F030004000000240000003A
:107F500026000002250600012706000370660300C4
:107F600009000000546603000A0000007066030068
:107F700007000000546603000E0000007D9E020012
:107F8000A9390300D739030000A0105000820D501A
:107F9000000405500800000002000000040000007A
:107FA00001000000CCC40300DAC40300EEC40300E7
:107FB000FDC4030009C503004C6503005C650300B4
:107FC000BC650300C46503000C6603001C66030067
:107FD00019C50300000100000000000000388A40BD
:107FE0008F409440A140A640AC401548CB40AE40E5
:107FF000A3400038003800380038CE40ED409D41A5
:1080000049415641324137413C414141B941BE416C
:10801000D7410E42FA418D411B42804162426A4281
:10802000774274436E4366437F432E4824460038AC
:10803000003800380038AF48D548F34863457D45DF
:1080400085439D45A845BB45E345ED45CF45FC45EA
:1080500015468C466E4695468E46003800380038E8
:10806000284200380038003800380038003800381E
:1080700000380038003800380038003819491949EC
:1080800019491949194919491949194919491949E0
:108090000038003800380038003800380038003820
:1080A0000038003800380038003800380038003810
:1080B0000038003800380038003800380038003800
:1080C00000380038003800380038003800380038F0
:1080D0000038003800380038003800388C09003883
:1080E000FFFFFF000000000010270081878A001AB0
:1080F0007B627AA678797A8D00307B627AA778796C
:108100007A8D003078207B6279217A220C1086509B
:1081100082A2808182A28287828D001A0030722022
:1081200095407AAC797B003078247B627AA8847998
:108130007A8D00307224A7407B2479257A268562C7
:1081400086A87284868D11A68584116286A785868D
:1081500084208621862286509A5086A6867286A81A
:108160008685868D8462868D781086A67270001A48
:1081700000307ABB7879003000830030001C001C8E
:10818000001C001C001B7C22001D1310D040001A94
:10819000001C001C001C001B7C22001D001B7C22FC
:1081A000001D1310DA40001A000C016A3427001A6F
:1081B000006E1027001A7B62782479257A260C102D
:1081C00086500E1022590E101A59848FC50811B806
:1081D00085850410295911A284871AA21111112032
:1081E000071890A2801A9020001919A272871AA667
:1081F0001970001B7C201AA21A8013100B410E105C
:108200001D590410335986A21A72868D001A003047
:10821000870811B8858211A284871AA21111112032
:10822000031890A2801A9020001915A281871AA223
:1082300015151520031890A2801A902000190741E7
:108240008650052408250426F5408650042406257A
:108250000526F54086500C2406250B26F540865051
:108260000B2408251A26F55000AB0C1A00300DA778
:1082700002720AAC060D0EA703720BAC060E026268
:108280000CA872030C8D00307DBB0203048F05A681
:10829000707003628650042072210E229A50007082
:1082A000108A0E240B250E26F350027286500420ED
:1082B00072210D229A5002721027108A0D240A256D
:1082C0000D26F35005A70D0E05200C2105229A500E
:1082D000007005BB030505A60E050030026286503E
:1082E000042072210D229A500070108A0D240A2554
:1082F0000D26F35000300DA70D0E05A6707002720A
:1083000086500C200D2105229A50007005BB0305F4
:1083100005A60E05003002620DA7027203620EA7C9
:10832000037201BB0D0E00BB02030D200E21802243
:1083300082AC8081812082213910A941006201A88C
:108340000180018D012408250626B1500030032448
:10835000062508268650F340032405250A26865064
:10836000F350026286500A2072210A229A50381075
:10837000003906200A210B229A500BA60B0C0BA8E1
:108380000B050B8D38100039003002620A8E0A8FFF
:108390000B8E0B8F072787500EA8720B0C200E2117
:1083A0000D229A500A200E210E229A500062865009
:1083B00003240D251A2608210E221A51026200817B
:1083C00007271A2072211A229A5000AB0A1A00308D
:1083D00086500DBB08060DA6040D032406250E26A7
:1083E000F3500E2007210E229A500EA7050E0E8D77
:1083F0000E240D250B26F34086500A2408250D2651
:10840000F35002200D210E229A500E240C250B262B
:10841000F340865007200A210D229A5003240C2590
:108420000E26F35005A60D0E058D0030865001A7CF
:1084300000720AB9010006240A250426F55077A720
:10844000047238100030011877A70401381000308A
:108450000420042104229A5077A704723810003CAB
:10846000001977A704013910003C0030A0A2721057
:10847000685380A2811090A29110021096530810A8
:108480005B541410FB5439108134001A000C8650D0
:1084900033A2041002102D440810D74414105B4579
:1084A00058522620782148522621001C7A20CC429E
:1084B00058522620782148521D2079214A522620E0
:1084C00026211D22001E7A20CC425852782479257C
:1084D0007D527A20CC421120842148521120101064
:1084E0007A590E10364901218526006886AC86012E
:1084F0002EA67070C1522E2236102C2235A78682ED
:10850000006CC80811B83581EA5026201121001CE2
:10851000262002101254112126220718B120021021
:1085200015540810C7541410515580210019E352F6
:1085300026202621D0501122BC520068C152006C66
:108540002320361026201B220318001E802100192C
:108550002621001A001B0B102320001F001A2CBA22
:1085600073742CBA2C2C2CA72C742DA7018677A7FA
:108570002D2C001AA122DC5202108D5308105454E5
:108580001410F65480A2807290A29072808D908D0B
:10859000001A003082A2821082A2827282A8108207
:1085A000001A2C2013211622071880A28182802114
:1085B0009020B22200193222DC5229A2322828A2AD
:1085C000323131A2292525A2293030A2312222A21E
:1085D000312F2FA2301F1FA2302E2EA22F1C1CA223
:1085E0002F2D2DA22E1919A22E2C2CA22D1616A23B
:1085F0002D132FA6117030A6127031A6137013A67A
:108600002C7011201121081802108D530810545499
:108610001410F654A020B121001926A62F7027A609
:10862000307028A63170001A1120842148521D2074
:10863000822148528A0811B8858314201121112201
:10864000001C05188024B1208421001E0019202060
:108650001D211D22001C05188024B1208421001E2C
:108660000019E352262026211922001EDA50112279
:10867000BC5219222620BC5277A22872F810821010
:1086800077A7850177108620CC4285A6850183A631
:10869000830183A6830113A272101DA619701EA662
:1086A0001A701FA613702C43585278210810E0440A
:1086B000818F918F001A003077A701003810013A9E
:1086C000001A00305852042168530210395408101F
:1086D000F0543810053A001A0030585226207821FC
:1086E0004A52001A00305852151075536E53262006
:1086F00002214A5200302DA2A1A12EA2A12D80A2BA
:10870000812D90A2912E001A2FA205102EA28080FA
:108710002CA280332EA22E802DA290902EA62E2C3D
:108720002EA62F2E2CA72D2E2CA22C722C8D001AAB
:1087300030A691912CA681812DA230911A10E2438E
:1087400031A2A1A11810C5432EA2818131A23131DD
:108750002CA22C2D31A231332FBA2E742EA62F31FC
:1087600031A62C2CD1432EA681312FA781312CA2EA
:108770002C2D2EA22E2F31A62C2C2EBA2E742DA2EB
:108780002D2D2FA22E2E2DA62D2D80A72F3131A7D6
:108790002C80A0A230A12FA22E3190A72F2D001A3D
:1087A0002EA281812CA22C2DCD4331A67092ED43B7
:1087B00031A77092ED4330A2A1A12FA231A131A225
:1087C00030822FA22F3031A731812FA72F9130A2D5
:1087D0003131A0A231A12CA2813030A231302EA69D
:1087E0002C2C31A22F2F2EA6302E80A7312E2CA775
:1087F0002C802EA2913031A22F2C90A7312E001A5E
:10880000B0A2A0A0001A2EA670921B442EA77092B0
:108810001B442DA2A2B231A2A1A12CA281B22FA2EF
:10882000A13131A282312DA2912D2FA22E2F2EA265
:10883000A1A22C21F543AAC3E7D3EAE32CA6047432
:1088400077A72C00381477A604707814001A2DA28C
:1088500005102EA633332FA62D2D2EA22E2E2FA699
:108860002F2D2EA22E332FA22F2F30A62F2F2EA644
:108870002E2F2FA62E3077A22F72001A90A770905D
:10888000908D001A2DA2A1A180A281A190A2912D6C
:10889000001A2FA205102EA280802CA280332EA2B7
:1088A0002E802CA22C802DA2909030A280902EA6FB
:1088B0002E2C2DA62D302EA62F2E2CA72D2E001AB5
:1088C0002CA281A12DA281812EA62D912DA22D2D2C
:1088D000A0A22C2C2CA22C2E2EA22E2E18108544B9
:1088E0002FA2A03387442FBAA0042EA62E2C80A638
:1088F0002E2F2CA6A02C2DA22DA02CA22C8090A631
:108900002C2D001A702398448223984431A6839218
:108910002FA282A130A2A1A130A2313031A2818147
:1089200032A22F2F29A6313231A63191A0A229A13E
:1089300031A22F312EA6812F32A630322FA69130B0
:1089400032A281322FA22F2E2CA2812F2DA229916B
:1089500080A632312CA62C2D32A62FA031A22C2994
:1089600029A2328090A63129001A30A2A1A12DA2FD
:10897000A2A22CA281A22FA282A12DA2912D30A26F
:1089800092302EA2A1A22C21A04472C494D496E4C9
:10899000006877A772043714006C001A2DA2728742
:1089A0002CA22D8177A7812C391081362CA22D91F4
:1089B00077A7912C39109136001A003077A60570F0
:1089C000001A90A68090001A80A281A190A291A185
:1089D000001A31A272102CA280802DA290902EA697
:1089E0002C2D2FA22C2D2FA2332F2FA62F312EA7C7
:1089F0002E2F2E8D001A2CA6819130A281812DA2BE
:108A000091912EA2A1A12CA22C2C2EA62E2E2FA607
:108A1000302D2DA7302D2CA72C2F2EA72F2E90A236
:108A20002D2F80A22C2EA0A22E2F001A2EA67082EF
:108A30002E452EA770822E452FA2A1922EA2A12EE6
:108A400030A2819131A22E2F32A6912E2EA7812EF7
:108A50002CA6812F2FA6912F32A22C322CA22E2FA2
:108A60002EA630312FA7303130A72C2F31A7322E30
:108A700080A22E3090A22F31A0A23031001A2CA259
:108A8000A2812DA2A2912FA2A1922EA2A1822C217D
:108A900032450DC528D52BE5001A80A77080808D42
:108AA000001A5852022407257D522620CC52E65047
:108AB0008750262072210A229A5038100039062049
:108AC0000A210B229A500BA60C0B0BA80B070B8D3F
:108AD000381000390030E65087500A8E0A8F0B8E0E
:108AE0000B8F0DA8720B0C200D2135229A500A20F5
:108AF0002B229A50EA50585208222B230224352563
:108B000026262653E6500081262072212C229A50D8
:108B100000AB0A2C0030E6502BA872062B8DEA50D1
:108B2000585202242B257D520820CC42000C0064B0
:108B300035A60A0CE65087503520722135229A500E
:108B40000BA7073506200B210B229A50381000394D
:108B50000030000C006435A60A0CE65087500B8FDD
:108B60003520722135229A50EA50585208220B23A0
:108B7000022435250D2626530030585226200B217D
:108B800048521D2006214A52262026211D22001E61
:108B90001D2008214A52262026211D22001E0D20BC
:108BA000CC42E65087500B200C210A229A5082A713
:108BB0000882828D0030585208220C2378240A251E
:108BC0002626265300682620062100AB818000ABB4
:108BD0009190003058520620021050540810F3545F
:108BE00014105F5506240B257D521D2008214A5282
:108BF000262026211D22001E1120CC5211240A25D8
:108C00007D520D20CC42E65087500A200D212B22A8
:108C10009A50EA50CF550BA62B700D240B257D5290
:108C20000820CC428650000800B8797917A7017354
:108C3000179E179E0BA2781017A217100C200E2259
:108C400080A60B7090A2721082A6907092A670708F
:108C500068460E227AA882927A8D00300E210C226C
:108C600011A6819112A7819113A2111114A21212BF
:108C700015A6829216A7829215A2151216A2111697
:108C800011A7131481A2131412A2171114A61516FA
:108C900015A7151682A2141416A2151513A61312E1
:108CA00092A2160B91A2111312103B46001B0A1040
:108CB00040460C210E22424606217A5608217C5657
:108CC00036A2060B36A236870AA608360A8D003071
:108CD000E650875091A2918736A2768736A29136C8
:108CE00081A2818781A6368181A28172818D91A620
:108CF0007070001A02248F46062408217A56EA5022
:108D00001410C447F34606217A560A8FEA5014100D
:108D1000C9471C4735A2811034A2911031A23535C4
:108D200036A2343433A2041035A2313634A2721084
:108D300033A2333531A7363136A6343331A7313635
:108D4000318D39108134001A31A2911036A20410ED
:108D500031A2313133A2721036A2363131A731330C
:108D600036A6363333A2363633A2333634A2333303
:108D700035A2343635A2353134A2313335A23572BD
:108D8000358D33A7007333A73374339E339E339EE0
:108D9000352433253526F55035A2351034A2343527
:108DA00033A2343433A2333633A63331338D7220B9
:108DB0003810052081A23480818D7D1081A700812B
:108DC000001A000C8650D00811B8080132A2041015
:108DD00032A6323284210C20A5570C212D20885731
:108DE0001120AE57071880222D21C0205D57802109
:108DF000AE5700190C210C2088C75DD768E7D0500A
:108E0000112217570A20B9570030001B0C200B10F5
:108E10002D206847000C86500821B6569C5632A279
:108E2000041032A63232920811B80A0602210C2030
:108E3000A5570C212D2088571120AE5703188022EA
:108E40002D21C0205D578021AE5700190821212017
:108E5000A55721212D2088572120AE5703188022A5
:108E60002D21C0205D578021AE5700190C212122F1
:108E70000C205D5788C75DD768E7DA501122175775
:108E8000212217570C20B95777A680703E10003961
:108E900000AB0B90003031A6918136A7918131A2B1
:108EA000318236A2369233A670B2734731A69181D1
:108EB00036A7918131A2319236A2368233A770B2A1
:108EC000734734A2A1A233A2B13335A6313631A7FC
:108ED000313636A7343333A6343380A2313690A2EC
:108EE0003533A0A23633B0A23531001A31A69181B4
:108EF00036A7918134A2313133A2313631A2A1B1EA
:108F000036A2A1A131A6313136A6363636A7363380
:108F100034A7343180A23136A0A2363390A2333444
:108F2000B0A23134001A80A2811090A29110A0A2A8
:108F30007210B0A28090001A31A6918190A7918101
:108F400080A63170A0A6A1A1B0A2B132001A35A2AC
:108F5000721035A835A180A2813590A29135808DFF
:108F6000908D001A082558527D520A20CC42585242
:108F70000821DB5708205F550822062302240A2512
:108F80002626265377A626703E100B3900AB0B27FA
:108F90000030918F2CA291872DA272872CA22C2CAD
:108FA0002EA72C2D2CA22C332CA72C2D2DA22E2E0F
:108FB0002FA22E2C2DA22D2F2FA22F2F2FA22D2FFF
:108FC0002FA22F722F8D30A70074309E309E2F2439
:108FD00030252F26F5502FA22F872DA22F2D2FA21F
:108FE0002D2D2FA22F2C2FA72F2E2F8D39109134FE
:108FF00081A22D72818D7C1081A7008177A78100CD
:1090000037109134001A000C7B62865078231BA61F
:109010007D721B9E341043481B9E83241B257A2699
:10902000F5507A207A211B229A501BA71B831B8D97
:109030003910003D001A00305852782078211C2247
:109040009A501CA61C041C209A501CA61C051C8DA2
:109050001C23195877A67A703D1000307AA7007A41
:1090600000301DA77D721EA61D701E9E83241E2526
:109070007A26F550381000301EA77A723910003D5C
:109080001FA283101DB91D0020A6757021A27210A9
:1090900022A6212122239E5824A6287025A6757079
:1090A000A85823A72821238D39106B4822A62221F6
:1090B0005C481DA71D721D9E1F239E5826A21F28B7
:1090C00027A2262828A72721288D381099482AA6C4
:1090D000727029A2272728A72921288D38108748B0
:1090E00029A229292AA62A727D481EA7202A28A655
:1090F000247025A61E70A8582BA6287024A22B2BFE
:1091000020A62A7026A22B2627A2272474487AA2FA
:1091100026727A8D001A003023A28372238D2324B5
:109120001D252326F55028A22310001A25A72572F5
:109130003810001A28A22828A848061000385852CB
:10914000022407257D522620CC5200680AA60C80F6
:109150000AAC0A01381000392AA67206E6502BA87C
:10916000722A2AAC2B0187500A2006212B229A5002
:109170002BA7072B2BAC2B012A202B210B229A503B
:1091800038100039003006100038E65087500A8E3B
:109190000A8F0B8E0B8F2AA60A0B2AAC2A013810D5
:1091A0000039EA50585208222A2302240B2523268C
:1091B0002653E6502AA60C232AAC2A0100AB0A2A21
:1091C0000030061000385852E65087502AAC0D0F78
:1091D0002AA62A0F2A2007212A229A502AA6062ADE
:1091E0002AAC2A012BAC0A0F2BA62B0F2B202A21ED
:1091F0002B229A502BBB2B0C2ABB2A0CEA5058521C
:1092000008222A230A242B250D2626530030003855
:1092100085A9010F001A11BA010F85A78511001A3F
:10922000007001A67070007001A77D72001A0070B6
:1092300009A67070007009BB7D0F7D210962008155
:10924000001A81620081001A0F210F260068868EA5
:10925000C15236108636006C0210505903108752E6
:1092600011A6267012A6277013A62870E65036A8FD
:10927000850F368D01213626EA508742900811B8B5
:10928000868615D418E4112012541D201121001CCB
:10929000125411211D220318C120001E12548021D6
:1092A000001926A6117027A6127028A61370262072
:1092B0002621001C001C001C001B7C22001D2621F6
:1092C00013106B491122BC522621E7D3EAE3001A9E
:1092D00000680F8E006C2CA20F108759021087595E
:1092E000A0A2A02C15108959001A80A2802C90A24F
:1092F000902C001AFA1ED65F000101000002020045
:1093000000140000002800000040000001000000E0
:10931000020000000F00000010000000100000001C
:109320002000000010000000100000003093030037
:1093300011000000112800001108000001000000C9
:109340004493030000000000000000000000000043
:10935000000000000000000030000000C00000001D
:109360001800000031000000000000003000000084
:10937000E00000001C0000003900000000000000B8
:10938000300000000001000020000000410000004B
:109390000000000030000000400100002800000034
:1093A00051000000000000003000000080010000BB
:1093B00030000000610000000000000030000000EC
:1093C00000020000400000008100000000000000DA
:1093D00017000000C000000018000000310000006D
:1093E0000000000017000000E10000001D00000068
:1093F0003B0000000000000017000000000100001A
:1094000020000000410000000000000012000000E9
:10941000C000000018000000310000000100000042
:1094200012000000E00000001C00000039000000F5
:1094300001000000120000000001000020000000F8
:109440004100000001000000120000004001000087
:109450002800000051000000010000001200000080
:1094600080010000300000006100000001000000E9
:109470001200000009020000420000008500000008
:109480000100000041000000FF000000200000007B
:10949000200000000000000041000000C0010000AA
:1094A000380000003800000000000000420000000A
:1094B000FF0000002000000020000000000000006D
:1094C00042000000C0010000390000003900000027
:1094D00000000000000010002000000050C5030044
:1094E000C0000000E8940300260000100000000007
:1094F000003000000C000000000000000095030098
:1095000022000010000C0000003100000C000000E0
:1095100000000003000002290000192C0000192C93
:1095200000000328000002290000182C0000182C5D
:1095300000000328000002290000172C0000172C4F
:1095400000000328000002290000152C0000152C43
:1095500000000328000002290000162C0000162C31
:10956000000003280000142C0000142C0000032825
:1095700000005B180000002800002A2B00002A2BA6
:10958000000003280000292B0000292B00000328DD
:10959000000002290000052A0000052A0000032817
:1095A00000000118000000280000042A0000042A1E
:1095B000000003280000012A0000012A00000328FF
:1095C0000000002A0000002A000003280000001804
:1095D00000000028536563757269747920666169BB
:1095E0006C6564202865727220256429007075629C
:1095F0006C69630072616E646F6D007075626C6996
:10960000632D69640072616E646F6D2D696400255D
:109610003032583A253032583A253032583A2530CF
:1096200032583A253032583A25303258202825739E
:109630002900436F6E6E656374656420746F202526
:109640007320286572722030782530325829004303
:10965000532064656661756C742073657474696EFB
:109660006773206661696C656420286572722025C5
:1096700064290041647620737461727420666169A4
:109680006C65642028657272202564292C2072651F
:1096900074727920696E20353030206D730041641A
:1096A000766572746973696E672E2E2E0044697335
:1096B000636F6E6E65637465642028726561736F95
:1096C0006E203078253032582900536563757269F1
:1096D0007479206C6576656C202564005374617222
:1096E00074696E67204353207265666C6563746F9E
:1096F0007200426C7565746F6F746820696E69746E
:10970000206661696C656420286572722025642971
:10971000004353205265666C6563746F720061701C
:10972000705F6D61696E0028756E7369676E656440
:10973000292063686172202A207573656420666F32
:10974000722025257020617267756D656E742E20FC
:1097500049742773207265636F6D6D656E6465640F
:1097600020746F206361737420697420746F207695
:109770006F6964202A20626563617573652069746E
:10978000206D6179206361757365206D6973626511
:10979000686176696F7220696E20636572746169B1
:1097A0006E20636F6E66696775726174696F6E7340
:1097B0002E20537472696E673A22257322206172DB
:1097C00067756D656E743A25640063627072696EC8
:1097D00074665F7061636B616765007379735F675F
:1097E00065746F7074006C6F6767696E67006C6F8B
:1097F00067006C6F675F6D676D74004D65737361B3
:109800006765202822257322292064726F70706595
:10981000642062656361757365206974206578638F
:10982000656564732073697A65206C696D6974611C
:1098300074696F6E2028257529004D657373616703
:10984000652064726F707065642062656361757312
:109850006520697420657863656564732073697A2F
:1098600065206C696D69746174696F6E2028257557
:1098700029000D0A001B5B306D00257320005B255D
:1098800030386C755D20005B253032753A253032FA
:10989000753A253032752E253033752C25303375C9
:1098A0005D200025732F003C25733E200025733A70
:1098B0002000253032782000202020007C00256305
:1098C00000206D657373616765732064726F7070DB
:1098D0006564202D2D2D0D0A1B5B306D001B5B3147
:1098E0003B33316D2D2D2D20001B5B313B33316D12
:1098F000001B5B313B33336D006572720077726E13
:1099000000696E6600646267006C6F675F62616326
:109910006B656E645F727474006C6F675F62616325
:109920006B656E645F75617274006C6F675F756103
:109930007274002A2A2A20426F6F74696E67206E43
:10994000524620436F6E6E6563742053444B2076FD
:10995000332E332E302D62613136376439663364ED
:109960006234202A2A2A0A002A2A2A205573696E7C
:1099700067205A6570687972204F532076342E33F1
:109980002E39392D666439323034613032643532E3
:10999000202A2A2A0A005241532D43502074696D0F
:1099A000656F7574004254205241532052525350F7
:1099B0002057510050656572206973206E6F7420C6
:1099C0007375627363726962656420746F20737467
:1099D0006174757320636861726163746572697321
:1099E0007469632E004E6F74696679206F766572B4
:1099F0007772697474656E206661696C65643A207B
:109A00002564004E6F7469667920726561647920FF
:109A10006661696C65643A20256400506565722052
:109A20006973206E6F742073756273637269626507
:109A30006420746F205241532D43502E00466169BB
:109A40006C656420746F2073656E6420696E646950
:109A5000636174696F6E3A202564005065657220F9
:109A6000616363657373696E67205241532D435080
:109A7000207768696C652052525350206973206FBB
:109A80007065726174696E6720696E207265616CC1
:109A90002D74696D65206D6F64652E00496E766169
:109AA0006C6964206C656E6774682025640050657D
:109AB0006572206E6F74207375627363726962657C
:109AC0006420746F2072616E67696E6720646174D0
:109AD000612063686172616374657269737469633C
:109AE0002E004F70636F646520257820696E766163
:109AF0006C6964206F7220756E737570706F72740C
:109B000065640043616E6E6F7420616C6C6F63619D
:109B10007465207365676D656E7420627566666531
:109B200072005065657220686173206E6F742065E5
:109B30006E61626C6564205265616C2D74696D653F
:109B4000206F72204F6E2D64656D616E64207261AE
:109B50006E67696E6720646174612E0072616E6762
:109B6000696E675F646174615F6E6F746966795F67
:109B70006F725F696E646963617465206661696CA8
:109B8000656420657272202564004661696C6564B5
:109B900020746F2073656E64207365676D656E74E5
:109BA0003A202564007261735F72727370004F75A2
:109BB00074206F66206275666665722073706163DB
:109BC000653A20617474656D7074656420746F20EB
:109BD00073746F72652025752062797465732C200B
:109BE0006275666665722073697A653A202575002C
:109BF0004661696C656420746F20616C6C6F636191
:109C000074652062756666657220666F7220707278
:109C10006F6365647572652025750072302F613140
:109C20003A2020307825303878202072312F613268
:109C30003A2020307825303878202072322F613356
:109C40003A20203078253038780072332F61343A4A
:109C50002020307825303878207231322F69703AE0
:109C60002020307825303878207231342F6C723AC9
:109C700020203078253038780020787073723A20B0
:109C800020307825303878004661756C74696E67CD
:109C900020696E737472756374696F6E2061646499
:109CA0007265737320287231352F7063293A203022
:109CB000782530387800556E68616E646C65642074
:109CC0004952516E3A202564002A2A2A2A2A204D18
:109CD0005055204641554C54202A2A2A2A2A002031
:109CE00020537461636B696E67206572726F7220B6
:109CF00028636F6E746578742061726561206D6988
:109D0000676874206265206E6F742076616C696488
:109D100029002020556E737461636B696E6720653E
:109D200072726F7200202044617461204163636528
:109D300073732056696F6C6174696F6E0020204DDB
:109D40004D46415220416464726573733A20307805
:109D50002578002020496E737472756374696F6E84
:109D6000204163636573732056696F6C6174696F1A
:109D70006E002020466C6F6174696E672D706F698C
:109D80006E74206C617A79207374617465207072CE
:109D900065736572766174696F6E206572726F7239
:109DA000002A2A2A2A2A2055534147452046415550
:109DB0004C54202A2A2A2A2A0020204469766973D2
:109DC000696F6E206279207A65726F002020556E6F
:109DD000616C69676E6564206D656D6F7279206175
:109DE0006363657373002020537461636B206F7627
:109DF0006572666C6F772028636F6E746578742067
:109E000061726561206E6F742076616C69642900EF
:109E100020204E6F20636F70726F636573736F7273
:109E200020696E737472756374696F6E730020209D
:109E3000496C6C6567616C206C6F6164206F662093
:109E40004558435F52455455524E20696E746F20F9
:109E50005043002020496C6C6567616C2075736508
:109E6000206F6620746865204550535200202041C1
:109E70007474656D707420746F2065786563757493
:109E80006520756E646566696E656420696E7374BD
:109E900072756374696F6E002A2A2A2A2A20425535
:109EA00053204641554C54202A2A2A2A2A00202091
:109EB000537461636B696E67206572726F72002004
:109EC00020507265636973652064617461206275F6
:109ED00073206572726F7200202042464152204109
:109EE0006464726573733A203078257800202049C5
:109EF0006D70726563697365206461746120627559
:109F000073206572726F72002020496E73747275CF
:109F10006374696F6E20627573206572726F720070
:109F200052657365727665642045786365707469FF
:109F30006F6E20280053707572696F757320696E9B
:109F40007465727275707420284952512000535004
:109F500053454C20696E20746872656164206D6F92
:109F6000646520646F6573206E6F7420696E646928
:109F70006361746520505350002A2A2A2A2A2048F7
:109F8000415244204641554C54202A2A2A2A2A006C
:109F90002020427573206661756C74206F6E207688
:109FA0006563746F72207461626C652072656164B0
:109FB0000020204465627567206576656E74002018
:109FC000204661756C7420657363616C6174696FA0
:109FD0006E20287365652062656C6F772900415299
:109FE00043485F4558434550542077697468207250
:109FF0006561736F6E2025780A002A2A2A2A2A2092
:10A000004465627567206D6F6E69746F7220657844
:10A0100063657074696F6E202A2A2A2A2A002A2A08
:10A020002A2A2A20257320256429202A2A2A2A2A36
:10A03000006D7075004661696C656420746F206105
:10A040006C6C6F63617465206E6577204D50552090
:10A05000726567696F6E2025750A005061727469B8
:10A0600074696F6E2025753A2073616E697479206A
:10A07000636865636B206661696C65642E00496E78
:10A0800076616C696420756E6465726C79696E675F
:10A0900020726567696F6E20696E6465782025752A
:10A0A00000464C4153485F30005352414D5F3000F1
:10A0B000657869740061626F727428290A006E65A0
:10A0C000745F627566006E65745F6275665F736962
:10A0D0006D706C6500736F630000FFFFFFFFFFFF93
:10A0E00000000000000000FFFFFFFFFFFF00000076
:10A0F000000000303132333435363738396162632D
:10A100006465660062745F727061004254204C574F
:10A110002057510002FB349B5F800000800010003C
:10A120000000000000010400020000000200000026
:10A13000000000000500000000000000000000001A
:10A14000000000000562745F6275660062745F64FF
:10A150006174610044617461206275666665722095
:10A160006F766572666C6F7720286C696E6B2074F1
:10A17000797065203078253032782900556E61621B
:10A180006C6520746F206C6F6F6B20757020636F2F
:10A190006E6E20776974682068616E646C65202536
:10A1A0007500556E61626C6520746F206C6F6F6B0B
:10A1B000757020636F6E6E20666F722068616E64CA
:10A1C0006C6520257500556E6B6E6F776E20636F22
:10A1D0006E6E2068616E646C65203078253034586E
:10A1E00020666F72207472616E736D697420706F77
:10A1F000776572207265706F72740048617264775F
:10A20000617265206572726F722C2068617264776A
:10A2100061726520636F64653A20256400436F7541
:10A220006C64206E6F74207375626D69742072782F
:10A230005F776F726B3A20256400696E7465727681
:10A24000616C206578636565647320746865207649
:10A25000616C69642072616E676520257520757375
:10A26000006C6174656E63792065786365656473FD
:10A27000207468652076616C69642072616E676520
:10A280002030782530347800737570765F74696D8E
:10A29000656F75742065786365656473207468659F
:10A2A0002076616C69642072616E67652030782564
:10A2B00030347800556E61626C6520746F20616C7B
:10A2C0006C6F636174652062756666657200556EB9
:10A2D00068616E646C6564206576656E74203078A4
:10A2E00025303278206C656E2025753A2025730064
:10A2F0004E6F2070656E64696E672070657269705C
:10A30000686572616C20636F6E6E656374696F6EF1
:10A3100000556E657870656374656420737461744C
:10A320007573203078253032782025730065767477
:10A33000206E756D5F68616E646C657320283D25C5
:10A34000752920746F6F206C617267652028257AEB
:10A3500075203E20257529004E6F20636F6E6E6557
:10A360006374696F6E20666F722068616E646C65DD
:10A37000202575007061636B65747320636F756E63
:10A3800074206D69736D6174636800546F6F20731E
:10A390006D616C6C202825752062797465732920A5
:10A3A0006576656E742030782530327800496E7697
:10A3B000616C696420484349206576656E7420733A
:10A3C000697A65202825752900496E76616C696473
:10A3D000204C45206D657461206576656E74207330
:10A3E000697A65202825752900574553545F544FD5
:10A3F000504449522F7A65706879722F7375627371
:10A4000079732F626C7565746F6F74682F686F73E2
:10A41000742F6863695F636F72652E63006576747D
:10A420005F666C6167732026202831554C203C3CC8
:10A43000202830292900415353455254494F4E207A
:10A440004641494C205B25735D20402025733A2509
:10A45000640A00496E76616C6964206275662074D6
:10A4600079706520257500496E76616C69642048B5
:10A4700043492041434C207061636B6574207369CC
:10A480007A6520282575290041434C206461746158
:10A49000206C656E677468206D69736D61746368A4
:10A4A0002028257520213D2025752900556E6162E3
:10A4B0006C6520746F2066696E6420636F6E6E2019
:10A4C000666F722068616E646C6520257500627429
:10A4D0005F6863695F6576745F6765745F666C610A
:10A4E0006773286864722D3E6576742920262028BB
:10A4F00031554C203C3C202831292900556E6B6E8B
:10A500006F776E20627566207479706520257500FE
:10A51000556E68616E646C65642076656E646F72FA
:10A520002D7370656369666963206576656E742056
:10A53000307825303278206C656E2025753A2025DC
:10A5400073004E6F20636F6D6D616E642073656E76
:10A550007420666F7220636D6420636F6D706C652C
:10A56000746520307825303478004F70436F64650F
:10A570002030782530347820636F6D706C65746599
:10A580006420696E7374656164206F6620657870FD
:10A5900065637465642030782530347800466169DD
:10A5A0006C656420746F20736574207265717569C1
:10A5B000726564207365637572697479206C657661
:10A5C000656C004E6F206368616E676520746F2054
:10A5D000656E6372797074696F6E207374617465EF
:10A5E0002028656E63727970742030782530327857
:10A5F0002900756E6B6E6F776E005B305D004843AF
:10A6000049207472616E73706F72743A2025730002
:10A61000534443004964656E7469747925733A2024
:10A620002573004964656E746974795B25645D3ACD
:10A63000202573004843493A2076657273696F6E2E
:10A6400020257320283078253032782920726576CD
:10A650006973696F6E203078253034782C206D61F5
:10A660006E7566616374757265722030782530345A
:10A6700078004C4D503A2076657273696F6E2025D4
:10A6800073202830782530327829207375627665FA
:10A69000722030782530347800556E61626C652008
:10A6A000746F2073656E6420746F206472697665C0
:10A6B0007220286572722025642900657272203D1F
:10A6C0003D20300009436F6E74726F6C6C657220B0
:10A6D000756E726573706F6E736976652C20636F2B
:10A6E0006D6D616E64206F70636F646520307825D6
:10A6F0003034782074696D656F757420776974687B
:10A70000206572722025640A006F70636F64652093
:10A710003078253034782073746174757320307804
:10A7200025303278202573004661696C6564207499
:10A730006F207265616420444C45206D617820640F
:10A74000617461206C656E0074785F6F637465740A
:10A75000732065786365656473207468652076612D
:10A760006C69642072616E67652025750074785F7E
:10A7700074696D65206578636565647320746865C8
:10A780002076616C69642072616E676520257500B2
:10A790004E6F2070656E64696E6720636F6E6E2009
:10A7A000666F722070656572202573004E6F6E2D86
:10A7B0004C452063617061626C6520636F6E7472DA
:10A7C0006F6C6C65722064657465637465642100E8
:10A7D0004E756D206F6620436F6E74726F6C6C6582
:10A7E0007227732041434C207061636B6574732042
:10A7F000213D2041434C2062745F636F6E6E5F7435
:10A800007820636F6E746578747320282575202115
:10A810003D202575290041434C2042522F4544528A
:10A820002062756666657273206E6F7420696E694A
:10A830007469616C697A65640056656E646F722034
:10A8400048434920657874656E73696F6E73206E36
:10A850006F7420617661696C61626C650048572095
:10A86000506C6174666F726D3A20257320283078C1
:10A8700025303478290048572056617269616E741A
:10A880003A2025732028307825303478290046690D
:10A89000726D776172653A202573202830782530F3
:10A8A0003278292056657273696F6E2025752E25C2
:10A8B00075204275696C64202575004661696C6578
:10A8C0006420746F207265616420737570706F729C
:10A8D0007465642076656E646F7220636F6D6D6160
:10A8E0006E6473004661696C656420746F207265E4
:10A8F000616420737570706F727465642076656E24
:10A90000646F7220666561747572657300484349AF
:10A9100020647269766572206973206E6F7420728C
:10A9200065616479004254205258205751004843D1
:10A930004920647269766572206F70656E20666169
:10A94000696C65642028256429004F7574206F6642
:10A9500020636F6D6D616E642062756666657273EB
:10A9600000556E657870656374656420484F535474
:10A970005F4E554D5F434F4D504C455445445F50DD
:10A9800041434B4554532C207374617475732030CC
:10A99000782530327820257300556E636C656172BE
:10A9A00065642070656E64696E672073656E745FA0
:10A9B000636D64000009090909010209090909090F
:10A9C00009090909090907090909090906090909FC
:10A9D0000909090909090909090909090905312E9E
:10A9E000306200312E3100312E3200322E300032F2
:10A9F0002E3100332E3000342E3000342E3100340E
:10AA00002E3200352E3000352E3100352E320035F5
:10AA10002E3300352E3400362E3000362E310036DF
:10AA20002E32005374616E6461726420426C7565ED
:10AA3000746F6F746820636F6E74726F6C6C657284
:10AA40000056656E646F7220737065636966696332
:10AA500020636F6E74726F6C6C6572004669726D04
:10AA600077617265206C6F61646572005265736313
:10AA7000756520696D6167650072657365727665DD
:10AA800064006E5246353178006E52463532780099
:10AA90006E5246353378006E524635344878006E33
:10AAA000524635344C7800496E74656C20436F72A1
:10AAB000706F726174696F6E004E6F7264696320AB
:10AAC00053656D69636F6E647563746F72004E5881
:10AAD000502053656D69636F6E647563746F727334
:10AAE000004573707265737369662053797374657A
:10AAF0006D730062745F6863695F636F72650063A2
:10AB00006D6420646973616C6C6F77656400466185
:10AB1000696C656420746F2064697361626C652080
:10AB200061646472657373207265736F6C757469A8
:10AB30006F6E005265736F6C76696E67206C697317
:10AB4000742073697A652065786365656465642E31
:10AB500020537769746368696E6720746F20686F2B
:10AB600073742E004661696C656420746F20636C99
:10AB7000656172207265736F6C7574696F6E206C9D
:10AB8000697374004661696C656420746F20616448
:10AB9000642049524B20746F20636F6E74726F6C27
:10ABA0006C657200536574207072697661637920F8
:10ABB0006D6F646520636F6D6D616E6420697320D5
:10ABC0006E6F7420737570706F7274656400466187
:10ABD000696C656420746F20736574207072697687
:10ABE000616379206D6F64650044697361626C69AB
:10ABF0006E672061646472657373207265736F6C35
:10AC00007574696F6E206661696C65642028657271
:10AC10007220256429004661696C656420746F2088
:10AC200072656D6F76652049524B2066726F6D209C
:10AC3000636F6E74726F6C6C6572004F6E6C79200E
:10AC400072616E646F6D20737461746963206964EE
:10AC5000656E7469747920616464726573732073BE
:10AC60007570706F7274656400496E76616C6964AA
:10AC700020696E70757420706172616D65746572A3
:10AC800073004661696C656420746F20726561644D
:10AC9000207075626C69632061646472657373000F
:10ACA0005265616420537461746963204164647205
:10ACB000657373657320636F6D6D616E64206E6F75
:10ACC0007420617661696C61626C65004661696CD3
:10ACD000656420746F2072656164207374617469A7
:10ACE0006320616464726573736573004E6F2073D3
:10ACF0007461746963206164647265737365732041
:10AD000073746F72656420696E20636F6E74726F06
:10AD10006C6C65720043616E2774207365742062E9
:10AD20006F7468204944454E544954592026204E9A
:10AD300052504100556E61626C6520746F207365DE
:10AD400074206964656E74697479206164647265E5
:10AD5000737300556E61626C6520746F2073657447
:10AD60002072616E646F6D2061646472657373003C
:10AD700062745F696400546F6F2062696720616468
:10AD8000766572746973696E6720646174610046E8
:10AD900061696C656420746F2073746172742061E2
:10ADA000647665727469736572004661696C656486
:10ADB00020746F2073746F7020616476657274699B
:10ADC00073696E673A2025640062745F616476007F
:10ADD0004661696C656420746F2067656E65726199
:10ADE000746520454343206B6579202564004661E6
:10ADF000696C656420746F206578706F727420458B
:10AE00004343207075626C6963206B65792025640B
:10AE1000004661696C656420746F206578706F729C
:10AE200074204543432070726976617465206B65B8
:10AE300079202564004661696C656420746F206424
:10AE4000657374726F7920454343206B657920499F
:10AE500044202564004661696C656420746F206934
:10AE60006D706F7274207468652070726976617499
:10AE700065206B657920666F72206B65792061674C
:10AE80007265656D656E7420256400526177206B74
:10AE900065792061677265656D656E7420666169AC
:10AEA0006C6564202564004661696C656420746F7C
:10AEB0002064657374726F7920746865206B65799E
:10AEC000202564007073615F696D706F72745F6BD1
:10AED000657928292072657475726E6564207374B3
:10AEE00061747573202564004275737920706572F2
:10AEF000666F726D696E6720616E6F74686572202F
:10AF000045434448206F7065726174696F6E00E656
:10AF10009D350E480103CCDBFDF4AC1191F4EFB983
:10AF2000A5F9E9A7832C5E2CBE97F2D203B0208B43
:10AF3000D28915D08E1C742430ED8FC24563765CA7
:10AF400015525ABF9A32636DEB2A65499C80DC62C8
:10AF5000745F656363004661696C65642072656156
:10AF6000642072656D6F74652066656174757265C5
:10AF70007320282564290050485920307825303224
:10AF800078206E6F7420737570706F7274656400D2
:10AF90004661696C656420746F2073657420646118
:10AFA0007461206C656E202825642900556E6578D3
:10AFB000706563746564206669727374204C3243F3
:10AFC0004150206672616D6500556E6578706563ED
:10AFD000746564204C3243415020636F6E74696E17
:10AFE000756174696F6E004E6F7420656E6F756762
:10AFF000682062756666657220737061636520669D
:10B000006F72204C32434150206461746100556E70
:10B0100065787065637465642041434C20666C619B
:10B0200067732028307825303278290041434C203E
:10B030006C656E206D69736D617463682028257579
:10B04000203E202575290028756E6B6E6F776E295E
:10B05000006E6F207472616E736974696F6E202563
:10B060007300496E76616C69642028257529206F0C
:10B070006C6420737461746500636F6E6E2025705C
:10B08000206661696C656420746F20657374616209
:10B090006C6973682E205246206E6F6973653F009D
:10B0A0006E6F2076616C6964202825752920737481
:10B0B000617465207761732073657400696E636FD6
:10B0C0006D70617469626C652068616E646C652086
:10B0D00025750054696D656F7574206469736361CB
:10B0E000726465642E204E6F20626C6F636B696EB4
:10B0F0006720696E2073797377712E0046617461E1
:10B100006C206572726F7220282564292E20446994
:10B1100073636F6E6E656374696E67202570004699
:10B120006F756E642076616C696420636F6E6E6506
:10B130006374696F6E2028257029207769746820F0
:10B140006164647265737320257320696E202573B2
:10B15000207374617465200053656E64204C452033
:10B16000706172616D2075706461746520666169DB
:10B170006C656420286572722025642900646973F7
:10B18000636F6E6E656374656400646973636F6E8C
:10B190006E6563742D636F6D706C657465007363A9
:10B1A000616E2D6265666F72652D696E6974696185
:10B1B00074696E6700696E6974696174696E672D80
:10B1C00066696C7465722D6C697374006164762DA8
:10B1D000636F6E6E65637461626C65006164762D89
:10B1E0006469722D636F6E6E65637461626C650075
:10B1F000646973636F6E6E656374696E6700627411
:10B200005F636F6E6E00556E61626C6520746F20B7
:10B21000616C6C6F6361746520627566666572202F
:10B22000666F72206F7020307825303278004E6F54
:10B2300020617661696C61626C65204C32434150DB
:10B2400020636F6E7465787420666F7220636F6E12
:10B250006E20257000457870656374696E6720758F
:10B260007020746F20256420726566732C20676FD0
:10B270007420256400616C72656164792068617670
:10B28000652076696577206F6E202570004C32430B
:10B290004150206C656E677468206D69736D6174D0
:10B2A00063682028257520213D2025752900496ED9
:10B2B00076616C6964206964656E742076616C7572
:10B2C0006520696E204C324341502050445500495E
:10B2D0006E76616C6964204C4520636F6E6E2070E1
:10B2E0006172616D207273702073697A6520282500
:10B2F0007520213D20257A75290052656A656374A1
:10B30000696E6720756E6B6E6F776E204C324341AD
:10B31000502050445520636F6465203078253032CA
:10B320007800546F6F20736D616C6C204C32434118
:10B3300050207369676E616C696E672050445500D8
:10B34000546F6F20736D616C6C204C324341502000
:10B350005044552072656365697665640049676E7F
:10B360006F72696E67206461746120666F72207508
:10B370006E6B6E6F776E206368616E6E656C2049D0
:10B38000442030782530347800636F6E666967003A
:10B3900062745F6C32636170004154542063686171
:10B3A0006E6E656C206E6F7420636F6E6E65637475
:10B3B0006564004572726F72207369676E696E67AB
:10B3C00020646174610052616E206F7574206F6635
:10B3D0002054582062756666657273206F72206310
:10B3E0006F6E74657874732E004661696C656420B5
:10B3F000746F207375626D6974206174745F747802
:10B400005F64657374726F795F776F726B3A202532
:10B410006400556E61626C6520746F2063726561B3
:10B42000746520657272207273702050445500411B
:10B430005454204D54552065786365656465642CCB
:10B44000206D61782025752C2077616E74656420ED
:10B45000257A7500556E61626C6520746F20637289
:10B4600065617465207273702050445500546F6F8D
:10B4700020736D616C6C20415454205044552072EF
:10B480006563656976656400556E68616E646C65B8
:10B49000642041545420636F646520307825303235
:10B4A0007800496E76616C6964206C656E20257544
:10B4B00020666F7220636F646520307825303278A3
:10B4C00000556E61626C6520746F206372656174F3
:10B4D0006520555549443A2073697A6520257500E1
:10B4E000556E61626C6520746F206372656174656E
:10B4F00020555549443A2073697A65202564004EE9
:10B500006F20617661696C61626C652041545420E2
:10B51000636F6E7465787420666F7220636F6E6EF1
:10B52000202570004E6F20617661696C61626C65E8
:10B5300020415454206368616E6E656C20666F72A2
:10B5400020636F6E6E202570004E6F7420636F6EE7
:10B550006E656374656400556E61626C6520746F1E
:10B560002066696E6420415454206368616E6E6584
:10B570006C00476F74206572722025642C206E6FFA
:10B58000742063616C6C696E67204154542063625F
:10B59000004661696C656420746F2072652D737557
:10B5A000626D69742025733A202564004E6F204136
:10B5B0005454206368616E6E656C20666F72204D16
:10B5C000545520257A75004E6F2070656E64696E43
:10B5D0006720415454207265717565737400556E0F
:10B5E00061626C6520746F2063726561746520729E
:10B5F00065747279205044552028257529004469C6
:10B6000073636F6E6E656374696E67206661696CE3
:10B6100065642028657272202564290041545420F5
:10B6200054696D656F757420666F72206465766904
:10B6300063652025732E20446973636F6E6E6563A6
:10B6400074696E672E2E2E006174745F74785F6467
:10B65000657374726F795F776F726B5F68616E6428
:10B660006C65720062745F61747400434D414320E5
:10B67000757064617465206661696C656420256419
:10B6800000756E61626C6520746F20736176652051
:10B6900053433A206E6F20636667206C65667400C2
:10B6A0004E6F20737061636520746F2073746F72C6
:10B6B000652043434320636667004E6F20737061CB
:10B6C000636520746F2073746F726520436C6965C5
:10B6D0006E7420537570706F727465642046656176
:10B6E000747572657300556E61626C6520746F20AD
:10B6F000696D706F727420746865206B657920665F
:10B700006F722041455320434D414320256400433F
:10B710004D4143206F7065726174696F6E20696E70
:10B720006974206661696C656420256400434D413D
:10B73000432066696E697368206661696C65642080
:10B7400025640052656164206D6574686F64206EC5
:10B750006F7420736574004661696C656420746F52
:10B760002072656164206174747269627574652009
:10B770002570202865727220257A642900496E762A
:10B78000616C69642072656164206C656E677468C1
:10B790003A20257A6400434343202570206E6F745D
:10B7A000207772697461626C65005343207265731F
:10B7B000746F726520696E6469636174696F6E206D
:10B7C0006661696C6564004661696C656420746FCC
:10B7D0002073657420736563757269747920666F70
:10B7E0007220626F6E646564207065657220282522
:10B7F00064290062745F6761747400556E61626CE5
:10B800006520746F2066696E6420534D5020636814
:10B81000616E6E656C005075626C6963206B657952
:10B82000206E6F7420617661696C61626C650046A0
:10B8300061696C656420746F2067656E6572617400
:10B84000652044484B65790043616C63756C617495
:10B850006520636F6E6669726D206661696C6564F0
:10B8600000556E6B6E6F776E2070616972696E67DE
:10B87000206D6574686F6420282575290043616C0C
:10B8800063756C617465204C544B206661696C650E
:10B89000640043616C63756C617465206C6F6361F7
:10B8A0006C2044484B657920636865636B20666152
:10B8B000696C65640043616C63756C6174652072CA
:10B8C000656D6F74652044484B65792063686563D6
:10B8D0006B206661696C65640052656D6F746520EC
:10B8E0007075626C6963206B65792072656A656347
:10B8F0007465640052656D6F74652069732075739B
:10B90000696E67204465627567205075626C696373
:10B91000206B657900526563656976656420696EA0
:10B9200076616C6964207075626C6963206B6579FF
:10B93000004E6F20617661696C61626C6520534DC9
:10B940005020636F6E7465787420666F7220636F29
:10B950006E6E20257000556E61626C6520746F20DC
:10B96000676574206B65797320666F72202573009C
:10B9700054686520696E2D70726F677265737320ED
:10B9800070616972696E6720686173206265656EB7
:10B990002064656C657465642100534D5020646FAC
:10B9A0006573206E6F7420616C6C6F7720612070FE
:10B9B000616972696E67206661696C757265206184
:10B9C00074207468697320706F696E742E204B6EDA
:10B9D0006F776E2069737375652E20446973636F8A
:10B9E0006E6E656374696E6720696E7374656164F9
:10B9F0002E00546F6F20736D616C6C20534D50207E
:10BA000050445520726563656976656400534D50F6
:10BA100020636F6D6D616E642028636F64652030F4
:10BA200078253032782920726563656976656420EF
:10BA300061667465722074696D656F757400526516
:10BA400063656976656420726573657276656420E6
:10BA5000534D5020636F6465203078253032780074
:10BA6000556E68616E646C656420534D5020636F41
:10BA700064652030782530327800556E65787065C1
:10BA80006374656420534D5020636F646520307883
:10BA90002530327800496E76616C6964206964658E
:10BAA0006E74697479202573005265667573696ECA
:10BAB00067206E65772070616972696E672E205409
:10BAC0006865206F6C6420626F6E64206D7573749E
:10BAD00020626520756E70616972656420666972A6
:10BAE00073742E0070616972696E67206661696C9B
:10BAF000656420287065657220726561736F6E20C1
:10BB00003078257829004E6F206B6579732073702B
:10BB100061636520666F7220257300534D50205479
:10BB2000696D656F75742028666C6167733A30784B
:10BB30002530387820616C6C6F7765645F636D6465
:10BB4000733A30782530387829000005061F1F2900
:10BB500018120308020305080A000801030401057E
:10BB6000040509060701010606080000010001009E
:10BB700003010003020201000200000000000203B2
:10BB800001000362745F736D700062745F6B6579AE
:10BB900073004661696C656420746F20616C6C6F22
:10BBA00063617465206E6577207265617373656D7E
:10BBB000626C7920627566666572004E6F742065EE
:10BBC0006E6F756768207265617373656D626C79FD
:10BBD0002062756666657220737061636520666FAA
:10BBE00072207375626576656E7420726573756C0C
:10BBF0007400417474656D7074656420646F75625F
:10BC00006C652066726565206F6E20726561737366
:10BC1000656D626C79206275666665720054686550
:10BC20002062756666657220776173206E6F74207E
:10BC3000696E20746865206C69737400556E657850
:10BC400070656374656420656E64206F662062753C
:10BC50006666657200526561642052656D6F746539
:10BC600020537570706F72746564204361706162F7
:10BC7000696C6974696573206661696C6564202804
:10BC800073746174757320307825303258290043FD
:10BC90006F756C64206E6F74206C6F6F6B757020A5
:10BCA000636F6E6E656374696F6E2068616E646C3D
:10BCB00065207768656E2072656164696E672072C1
:10BCC000656D6F7465204353206361706162696CB8
:10BCD000697469657300526561642052656D6F74A3
:10BCE0006520464145205461626C65206661696C3F
:10BCF000656420776974682073746174757320308B
:10BD0000782530325800436F756C64206E6F742054
:10BD10006C6F6F6B757020636F6E6E656374696FA7
:10BD20006E2068616E646C65207768656E20726550
:10BD30006164696E672072656D6F74652046414568
:10BD4000205461626C6500556E6B6E6F776E206378
:10BD50006F6E6E656374696F6E2068616E646C658A
:10BD6000207768656E2070726F63657373696E67A4
:10BD7000207375626576656E7420726573756C7478
:10BD8000730050726F6365647572652073746174BB
:10BD9000757320697320696E636F6E736973746560
:10BDA0006E742077697468207375626576656E7449
:10BDB000207374617475732E2044697363617264B7
:10BDC000696E67207375626576656E74207265733F
:10BDD000756C74730044697363617264696E672083
:10BDE0007061727469616C20726573756C74732014
:10BDF000776974686F7574207374657020646174FA
:10BE000061004E6F2062756666657220616C6C6FB2
:10BE1000636174656420666F722074686520726562
:10BE200073756C74207265617373656D626C7900F3
:10BE30004F7665722D7772697474656E20696E63D2
:10BE40006F6D706C65746520435320737562657601
:10BE5000656E7420726573756C7473004E6F20721A
:10BE600065617373656D626C792062756666657273
:10BE70002077617320616C6C6F6361746564206608
:10BE80006F7220746869732043532070726F63650A
:10BE9000647572652C20706F737369626C792064AD
:10BEA000756520746F20616E206F75742D6F662D1F
:10BEB0006F72646572207375626576656E74207248
:10BEC0006573756C7420636F6E74696E756520653B
:10BED00076656E7400446973636172646564206F93
:10BEE00075742D6F662D6F72646572207061727447
:10BEF00069616C204353207375626576656E7420AA
:10BF0000726573756C7473005265636569766564F8
:10BF100020696E636F6E73697374656E74206E75DD
:10BF20006D626572206F6620616E74656E6E612051
:10BF300070617468732066726F6D20746865206329
:10BF40006F6E74726F6C6C65723A2025642C207071
:10BF5000726576696F7573206E756D626572207794
:10BF600061733A20256400435320436F6E6669670E
:10BF7000206661696C656420287374617475732030
:10BF80003078253032582900436F756C64206E6F0D
:10BF900074206C6F6F6B757020636F6E6E65637469
:10BFA000696F6E2068616E646C65207768656E20CD
:10BFB00072656164696E6720435320636F6E6669C2
:10BFC0006775726174696F6E005365637572697429
:10BFD0007920456E61626C65206661696C656420DC
:10BFE00077697468207374617475732030782530B4
:10BFF00032580043616E2774206C6F6F6B75702030
:10C00000636F6E6E2068616E646C65207768656E24
:10C010002072656164696E67205365637572697427
:10C020007920456E61626C6520436F6D706C65743C
:10C0300065206576656E740050726F636564757215
:10C040006520456E61626C65206661696C6564207F
:10C050007769746820737461747573203078253043
:10C0600032580043616E2774206C6F6F6B757020BF
:10C07000636F6E6E2068616E646C65207768656EB4
:10C080002072656164696E672050726F63656475C4
:10C09000726520456E61626C6520436F6D706C65E2
:10C0A0007465206576656E740044652D616C6C6FF7
:10C0B000636174696E6720612064616E676C696E8C
:10C0C00067207265617373656D626C792062756655
:10C0D00066657200547269656420746F20706172C5
:10C0E000736520656D707479207374657020646168
:10C0F00074612E00456E636F756E746572656420A1
:10C100007A65726F2D6C656E6774682073746570E4
:10C1100020646174612E00537465702064617461E1
:10C120002061707065617273206D616C666F726DF5
:10C1300065642E0062745F6373006C888391AAF556
:10C14000A53860370BDB5A6083BE62745F63727917
:10C1500070746F004661696C656420746F20696D4E
:10C16000706F727420414553206B657920256400FF
:10C170004661696C656420746F20636F6D707574BF
:10C1800065204D41432025640063616368655F6EEF
:10C1900072667800636C6F636B40313065303030AD
:10C1A000006866636C6B006C66636C6B00636C6F3D
:10C1B000636B5F636F6E74726F6C007073612D726E
:10C1C0006E67006770696F403130613030300067F2
:10C1D00070696F406438323030006770696F403585
:10C1E000303430300000010405020608090F756183
:10C1F000727440633630303000756172745F6E72F5
:10C2000066785F7561727465004C454420696E64A0
:10C210006578206F7574206F662074686520726180
:10C220006E67650043616E6E6F7420777269746526
:10C23000204C4544206770696F0043616E6E6F74D7
:10C2400020636F6E666967757265204C4544206790
:10C2500070696F00646B5F627574746F6E735F6199
:10C260006E645F6C65647300536F667444657669D1
:10C27000636520436F6E74726F6C6C6572204153FE
:10C28000534552543A2025732C20256400536F6681
:10C290007444657669636520436F6E74726F6C6C6D
:10C2A0006572206275696C64207265766973696F66
:10C2B0006E3A2000456E74726F707920736F7572DC
:10C2C000636520646576696365206E6F74207265AE
:10C2D000616479004661696C656420746F207265E1
:10C2E0006769737465722072616E6420736F757212
:10C2F0006365202825642900416C6C6F6361746557
:10C3000064206D656D6F727920746F6F206C6F772C
:10C310003A20257A75203C202575004576656E7497
:10C320002062756666657220746F6F20736D616C34
:10C330006C2E20257A75203E20257500556E657877
:10C34000706563746564206D73675F747970653AB6
:10C350002025752E20546869732069662D656C73DD
:10C3600065206E656564732061206E65772062725A
:10C37000616E636800556E6B6E6F776E20657272CA
:10C380006F72207768656E2070726F636573736972
:10C390006E6720686369206D65737361676520252A
:10C3A000640062745F6863695F7364630062745FF2
:10C3B0007364635F6863695F647269766572006263
:10C3C000745F7364635F63727970746F004D505370
:10C3D0004C204153534552543A2025732C20256458
:10C3E000004D50534C20576F726B006D70736C5F33
:10C3F000696E697400556E737570706F72746564E0
:10C40000204846434C4B206576656E743A2025647F
:10C41000006E7266785F636C6F636B5F6D70736CD8
:10C420000000071823232323232323232323232349
:10C43000230001025465726D696E616C000000009A
:10C44000000000545452205245474745530048616C
:10C450006C74696E672073797374656D00556E6BCB
:10C460006E6F776E206572726F72003E3E3E205A8C
:10C47000455048595220464154414C204552524F54
:10C48000522025643A202573206F6E20435055209A
:10C490002564004661756C7420647572696E67204E
:10C4A000696E746572727570742068616E646C690F
:10C4B0006E670A0043757272656E742074687265E7
:10C4C00061643A20257020282573290043505520A7
:10C4D000657863657074696F6E00556E68616E642F
:10C4E0006C656420696E7465727275707400537443
:10C4F00061636B206F766572666C6F77004B657257
:10C500006E656C206F6F7073004B65726E656C208A
:10C5100070616E6963006F7300737973776F726B0C
:10C520007100141400001C2030401C2000001C204E
:10C530003040004063726163656E00141400001C9B
:10C540002030401C2000001C20304000400103022D
:10C55000FFFFFFFF000000010000000000000000DE
:10C5600000000000FFFFFFFFFFFFFFFFFFFFFFFFD7
:10C57000FFFFFFFF00000000FFFFFFFFFFFFFFFFC7
:10C58000BCE6FAADA7179E84F3B9CAC2FC63255175
:10C590006B17D1F2E12C4247F8BCE6E563A440F208
:10C5A00077037D812DEB33A0F4A13945D898C2964D
:10C5B0004FE342E2FE1A7F9B8EE7EB4A7C0F9E160A
:10C5C0002BCE33576B315ECECBB6406837BF51F5BB
:10C5D000FFFFFFFF0000000100000000000000005E
:10C5E00000000000FFFFFFFFFFFFFFFFFFFFFFFC5A
:10C5F0005AC635D8AA3A93E7B3EBBD55769886BCB0
:10C60000651D06B0CC53B0F63BCE3C3E27D2604B06
:10C6100027037D53048DFE99A9F29AADDE5B6AE291
:10C62000746CAC7500FFFFFFFF1F00FFC1FBE84CFF
:10C6300090728BE7B3518963AB2323006472616707
:10C640006F6F6E2F6C6962732F73636865642F73ED
:10C6500072632F73636865645F68616C5F74696D92
:10C6600065725F677274632E6300286E756C6C2947
:0CC67000002A666C6F61742A0000000054
:10C68400FFFFFFFFFF1F00001F000000000000006D
:10C694007FFE0000E40700001D40000000000000D1
:10C6A4000000000000000000FFFFFFFF1FFF1B0051
:10C6B400BAABBABA10101010A0354D00FF0000003C
:10C6C400C4090000000000000050085000000000F1
:10C6D400000000000C000000010000FF7F000000CB
:10C6E40000000000AAAAAAAA555555550100000049
:10C6F400B9940100000000005594010000000000FE
:10C704004D54000000000000A1940100000000004E
:10C714009D9401000000000095B40000000000009A
:10C7240095B40000000000004594010000000000E2
:10C73400339401000000000060300100FF0000009D
:10C744000455010001000101010300001E001E0246
:10C75400000000000000000002007C007E00E001F8
:10C76400030000000000000000000000D1DB010015
:10C7740000000000000100000000000000000000B4
:10C7840000000000000000000000000000000000A5
:10C794000000000000000000000000000000000095
:10C7A4000000000000000000000000000000000085
:10C7B4000000000000000000000000000000000075
:10C7C4000000000000000000000000000000000065
:10C7D4000000000000000000000000000000000055
:10C7E4000000000000000000000000000000000045
:10C7F4000000000000000000000000000000000035
:10C804000000000000000000000000000000000024
:10C814000000000000000000000000000000000014
:10C824000000000000000000000000000000000004
:10C8340000000000000000000000000000000000F4
:10C8440000000000000000000000000000000000E4
:10C8540000000000000000000000000000000000D4
:10C86400B1240200000000000000000000000000ED
:10C8740000000000000000000000000000000000B4
:10C8840000000000000000000000000000000000A4
:10C894000000000000000000000000000000000094
:10C8A4000000000000000000000000000000000084
:10C8B4000000000000000000000000000000000074
:10C8C4000000000000000000000000000000000064
:10C8D4000000000000000000000000000000000054
:10C8E4000000000000000000000000000000000044
:10C8F4000000000000000000000000000000000034
:10C9040000000000C46603000000000011DA01000A
:10C914000000000000010000000000000000000012
:10C924000000000000000000000000000000000003
:10C93400000000000000000000000000670000008C
:10C9440000000000000000000000000000000000E3
:10C9540000000000000000000000000000000000D3
:10C9640000000000000000000000000000000000C3
:10C9740000000000000000000000000000000000B3
:10C9840000000000000000000000000000000000A3
:10C994000000000000000000000000000000000093
:10C9A4000000000000000000000000000000000083
:10C9B4000000000000000000000000000000000073
:10C9C4000000000000000000DF090300EF10030076
:10C9D4006878030000000000DDF301008DF301001E
:10C9E4000000000000000000000000000000000043
:10C9F4000000000000000000000000000D1403000F
:10CA040000000000000000001C950300000032003C
:10CA14000000000000000000000000000000000012
:10CA240000000000000000000B14030000000000E0
:10CA3400000000002C9503000000320000000000FC
:10CA440000000000000000000000000000000000E2
:10CA540000000000A9130300000000000000000013
:10CA64003C950300000024000000000000000000CA
:10CA740000000000000000000000000000000000B2
:10CA84000000000015F30100000000004C950300B5
:10CA94000000300000000000000000000000000062
:10CAA4000000000000000000000000000000000082
:10CAB40051F30100000000005C9503000000300009
:10CAC40068950300000002000100000098FE0120A8
:10CAD4000000F70098FE012000000000E5150300A7
:10CAE400000000000000000000C010500000000022
:10CAF4000000000000000000000000000000000032
:10CB04000000000000000000000000000000000021
:10CB14000000000000000000000000000000000011
:10CB24000000000000000000000000000000000001
:10CB340000000000000000000000000000000000F1
:10CB440000000000000000000000000000000000E1
:10CB540000000000000000000000000000010000D0
:10CB640000A00D50000000000000000000000000C4
:10CB740000000000000000000000000000000000B1
:10CB840000000000000000000000000000000000A1
:10CB94000000000000000000000000000000000091
:10CBA4000000000000000000000000000000000081
:10CBB4000000000000000000000000000000000071
:10CBC4000000000000000000000000000000000061
:10CBD400000000000000000000000000CD2702005B
:10CBE400000000000000000000000000E519020041
:10CBF4000000000000000000000000007936020080
:10CC040000000000000000000000000049350200A0
:10CC1400000000000000000000000000113F0200BE
:10CC2400000000000000000000000000D5390200F0
:10CC34000000000000000000D8160020D8160020D4
:10CC44000000000000000000CD4F0200ED5F020074
:10CC5400595F020000000000000000006D53020054
:10CC64000F290300CD290300AD4F0200000000008E
:10CC740000000000595C02000000000000000000F9
:10CC84007C950300000002008895030000000A0060
:10CC94009895030000002000000000000000000040
:10CCA4000000000000000000000000000000000080
:10CCB40000000000F12D030000000000AC9503000B
:10CCC40000000200B895030000000200C4950300B0
:10CCD40000000200741700207417002000000000F8
:10CCE400000000000E0000008817002088170020B4
:10CCF4000D7F020000000000219B020000000000E4
:10CD0400FF0000000090D003FF0000000F000000AF
:10CD140071020000B4170020B4170020AB4A0300CE
:10CD2400A74A03001364030067742000A0180020BE
:10CD3400F0180020C8180020901900208419002041
:10CD4400B4180020DC180020C9620300CD6203007F
:10CD5400D96203005B180600000000000000000018
:10CD640000000000000000000000000000000000BF
:10CD740000000000000000000000000000000000AF
:10CD8400000000000000000000000000000000009F
:10CD9400000000000000000000000000000000008F
:10CDA4000000000000000000000000004C180020FB
:10CDB4004C1800203CEB01200000000001000000A2
:10CDC4002C000000000000006818002068180020F3
:10CDD40080AD01200000000001000000B000000050
:10CDE40000000000841800208418002068EB012053
:10CDF40000000000030000001C0000000000000010
:10CE0400A0180020A018002000000000000000006E
:10CE14000E000000B4180020B41800200000000028
:10CE2400000000000E000000C8180020C8180020F0
:10CE340000000000000000000E000000DC180020CC
:10CE4400DC18002000000000000000000E000000BC
:10CE5400F0180020F018002000000000000000007E
:10CE64000E00000004190020041900200000000036
:10CE7400000000000E0000001819002018190020FE
:10CE840000000000000000000E0000002C1900202B
:10CE94002C19002000000000000000000E0000001B
:10CEA400401900204019002000000000000000008C
:10CEB4000E00000054190020541900200000000046
:10CEC4000100000064190020641900206C1900207E
:10CED4006C19002000000000FFFFFFFF7C190020F8
:10CEE4007C1900208419002084190020000000000F
:10CEF400901900209019002000000000000000009C
:10CF040000000000A4190020A4190020AC1900207E
:10CF1400AC1900200000000000000000BC19002033
:10CF2400BC190020C4190020C41900200300030008
:10CF34001000000000000000047C030044E701200E
:10CF44000000000000000000E8190020E81900209B
:10CF5400F0190020F0190020030003001000000065
:10CF6400494F0200A07C0300C4EA01200000000035
:10CF740000000000141A0020141A00201C1A0020BB
:10CF84001C1A002003000300000000000000000041
:10CF94005C7A030064DF0120000000000000000050
:10CFA400401A0020401A0020481A0020481A002085
:10CFB400010001001000000089390200F07B030029
:10CFC4001CE4012000000000000000006C1A002096
:10CFD4006C1A0020741A0020741A00200300030045
:10CFE4000000000000000000B87B0300D4E301202F
:10CFF4000000000000000000981A0020981A002089
:10D00400A01A0020A01A00200C000C00040000004C
:10D0140031120200487A030088DD0120000000007C
:10D0240000000000C41A0020C41A0020CC1A0020FA
:10D03400CC1A0020010001000200000000000000E2
:10D04400807E03007CFE0120000000000000000040
:10D05400F01A0020F01A0020F81A0020F81A002014
:10D06400010001000000000000000000707A0300CD
:08D07400B0E0012015E015E019
:00000001FF
