:020000040000FA
:10000000604A0220E15E02001FA00300CD5E0200F4
:10001000CD5E0200CD5E0200CD5E0200CD5E02002C
:1000200000000000000000000000000081600200ED
:10003000CD5E020000000000DD5F0200CD5E020028
:1000400095620200956202009562020095620200CC
:1000500095620200956202009562020095620200BC
:1000600095620200956202009562020095620200AC
:10007000956202009562020095620200956202009C
:10008000956202009562020095620200956202008C
:10009000956202009562020095620200956202007C
:1000A000956202009562020095620200956202006C
:1000B000956202009562020095620200956202005C
:1000C000956202009562020095620200956202004C
:1000D000956202009562020095620200956202003C
:1000E000956202009562020095620200956202002C
:1000F000956202009562020095620200956202001C
:10010000956202009562020095620200956202000B
:1001100095620200956202009562020095620200FB
:1001200095620200956202009562020095620200EB
:1001300095620200956202009562020095620200DB
:1001400095620200956202009562020095620200CB
:1001500095620200956202009562020095620200BB
:1001600095620200956202009562020095620200AB
:10017000956202009562020095620200956202009B
:10018000956202009562020095620200956202008B
:10019000956202009562020095620200956202007B
:1001A000956202009562020095620200956202006B
:1001B000956202009562020095620200956202005B
:1001C000956202009562020095620200956202004B
:1001D000956202009562020095620200956202003B
:1001E000956202009562020095620200956202002B
:1001F000956202009562020095620200956202001B
:10020000956202009562020095620200956202000A
:1002100095620200956202009562020095620200FA
:1002200095620200956202009562020095620200EA
:1002300095620200956202009562020095620200DA
:1002400095620200956202009562020095620200CA
:10025000956202002DD303009562020095620200B0
:10026000956202009562020017D3030095620200B6
:10027000956202009562020095620200956202009A
:10028000956202009562020095620200956202008A
:10029000956202009562020095620200956202007A
:1002A000956202009562020095620200956202006A
:1002B000956202009562020095620200956202005A
:1002C000956202009562020095620200956202004A
:1002D000956202009562020095620200956202003A
:1002E000956202009562020095620200956202002A
:1002F000956202009562020095620200956202001A
:100300009562020095620200956202009562020009
:1003100095620200956202009562020095620200F9
:1003200095620200956202009562020095620200E9
:1003300095620200956202009562020095620200D9
:1003400095620200956202009562020095620200C9
:1003500095620200956202009562020095620200B9
:1003600095620200956202009562020095620200A9
:100370009562020095620200956202009562020099
:100380009562020095620200956202009562020089
:100390009562020095620200956202009562020079
:1003A0009562020095620200956202009562020069
:1003B0009562020095620200956202009562020059
:1003C0009562020095620200956202009562020049
:1003D0009562020001D3030095620200956202005B
:1003E0009562020095620200956202009562020029
:1003F0009562020095620200956202009562020019
:100400009562020095620200956202009562020008
:1004100095620200956202009562020095620200F8
:1004200095620200956202009562020095620200E8
:1004300095620200956202009562020095620200D8
:1004400095620200956202009562020095620200C8
:1004500095620200956202009562020095620200B8
:1004600095620200956202009562020095620200A8
:0C04700095620200956202009562020095
:10048000054B00221B78826001330260034A426000
:10049000C371FF2303727047481C002080010800CD
:1004A000064A074B02604FF424729B788280082230
:1004B000C371002382710372704700BF03F2010011
:1004C000481C0020084B094A1B7892F828201B0280
:1004D0000749C27103F52E7301608380082383717D
:1004E000FF230372704700BF781D0020481C0020C6
:1004F0008D9F0100074A9378D2781344064A026020
:100500004FF4BA72C371FF23828004220372827196
:10051000704700BF481C0020A39F0100064A937843
:10052000D2781344002282600260044A4260C371A0
:10053000FF230372704700BF481C002070000800B2
:1005400008B50122094B83F82A2005F0F7FA08F0D4
:10055000A9FC1CF0B8F806490D2000F0E3FC0549A1
:100560000E20BDE8084000F0DDBC00BF481C0020A4
:10057000C5040000F50400002DE9F341C41D002866
:10058000064624F007040CBF0020204600F0DCFCE7
:10059000071E04DA6FF00B0002B0BDE8F081374DA2
:1005A000E988A88803316B7A03302A7A89B280B24D
:1005B00018F0F4F80028EDDB3C44A978EB78002E25
:1005C00004F10304194424F0030400FB01F10CBFFF
:1005D0000020204600F066FE20440EB90028D9DB3A
:1005E000EA7A0446B2B1EB7B697C13441944FF29D3
:1005F000D0D80330002EAA89C9B220F003040CBF62
:100600000020204600F0C0FE0028C3DB04440EB9E1
:10061000002CBFDB012000F08DFCB0B1A97BA1B1A3
:1006200095F82B3033B340234FF481720734002EFA
:1006300024F007040CBF0020204604F0E1F8002855
:10064000A8DB04440EB9002CA4DBAB7AFBB1EB7A37
:10065000B3B10734002EA97A24F007040CBF0020A0
:1006600020460AF0EBFC002894DB04447EB9002C01
:100670000DDA8FE725232822D8E700BF481C002089
:10068000012000F057FC10B1AB7B002BE1D1734B84
:100690001B6893B1A97D81B10334002EEA7D24F05B
:1006A00003040CBF0020204698470028FFF672AFD5
:1006B000044416B9002CFFF66DAF694B1B688BB173
:1006C000297C79B10334002E24F003040CBF0020F0
:1006D000204698470028FFF65DAF044416B9002C69
:1006E000FFF658AF5F4B1F68B7B1697CA1B1033407
:1006F000002E2B7D24F0030408BF0020009318BFB8
:100700002046EB7CAA7CB8470028FFF643AF0444A0
:1007100016B9002CFFF63EAF072000F00BFC98B195
:10072000A97D89B10334002E2A7E24F003040CBF76
:100730000020204600F0FEFE0028FFF62BAF044408
:1007400016B9002CFFF626AFB6FA86F795F8230007
:100750007F09A0B103346B7FA97E24F007041944FC
:100760003B4644F00404C9B2224600F023FF0028AF
:10077000FFF610AF044416B9002CFFF60BAF95F846
:10078000241000294CD004F10708002EEA8C28F030
:1007900007080CBF0020404618F014F8041EFFF6AE
:1007A000F9AE4444002E3ED1002CFFF6F3AEA97FF3
:1007B000002945D095F82230002B41D02A8C0734EF
:1007C000002E02F1240224F007080CBF002040464E
:1007D00092B217F0F7FF0028FFF6DCAE404416B9DE
:1007E0000028FFF6D7AE03302B7FA97E20F007004C
:1007F00019443B4640F0040495F82200C9B2224651
:1008000000F0CAFE0028FFF6C5AE044486B9002CED
:10081000FFF6C0AEEB6AF3B1C6B1EC620020BBE6F6
:10082000002EC4D08846E98C40460FF03DFABEE762
:100830002A8C4046A97F083292B20FF03BFAE9E7D2
:10084000002EE7D0002211461046F6E728343FF587
:10085000A1AE2046A0E6002EE0D1FAE7442A00200F
:10086000482A00204C2A00201FB572B6194B1C6B79
:10087000ECB9BFF34F8F1849184BCA6802F4E06215
:100880001343CB60BFF34F8F00BFFDE7B2FBF6F21F
:100890002B465D1C002AF9D1DBB203F110056D4433
:1008A00005F80C2C0A2233B901A8A047E1E702465B
:1008B00000230A26EDE7013BDBB203F110050DEB47
:1008C0000506B0FBF2F502FB1500303006F80C0C03
:1008D0002846E8E7481C002000ED00E00400FA0587
:1008E00013B5124C68462389ADF80030E388ADF8A3
:1008F0000430A388ADF8023007F0D4FB18B1FC2116
:100900009C20FFF7B1FF207D07F022FC08B1FF21FA
:10091000F6E7E07C07F016FC10B14FF48071EFE7CA
:1009200094F829000DF0F2F802B010BD481C002028
:1009300070B50546002858D016F066FE18B94FF07D
:10094000FF34204670BD15F0F3FAB0F5FA7FF6D803
:10095000274C012625630025284684F8345025704D
:1009600084F82B50E56284F82A500EF031FC1A22EC
:10097000294604F10F001FF0A7FC1B2308210322C6
:10098000A3802846E3800223A1721F216372E375CE
:10099000F72322722384FB23A2734922E3840A23D0
:1009A000A1812946E27484F82930A670E670E672C7
:1009B000A674267605F016F92A463146304605F02B
:1009C000CDF8044620B140F2B7319C20FFF74CFF30
:1009D0000246014605F0F0F8EFF3108572B600F01C
:1009E0000FFE002DADD162B6ABE76FF01504A8E79E
:1009F000481C002038B51446002840F0EE80784DA1
:100A000095F83430032B00F0E58019B312B96FF07C
:100A1000150038BD0139172900F2DF80DFE811F039
:100A2000180029002C0042006C007500940048005A
:100A300078007B008E004E005400620067009A0030
:100A40009D00AC00AF00B200A300B500B900D20019
:100A50001378AB700020FFF78FFD0028B7BF01238C
:100A600002236FF00B0085F83430A8BF85F83430CE
:100A7000CFE71378EB70EDE71379002BC7D05379EC
:100A8000002BC4D01288FB2AC1D863881B3B9BB2C1
:100A9000E02BBCD81A2ABAD92368A2886B60514BC4
:100AA0009A80D7E71378EA7B9342B0D3EB72D1E711
:100AB0001378EA7A9342AAD8EB73CBE71378EA7AF1
:100AC0009342A4D86B74C5E71378002B9FD053785A
:100AD000013BDBB2F82B9AD8138892786B82424B99
:100AE0009A70B7E7107868750CF06AFEB2E7137871
:100AF000002B8CD02B76ADE7012000F01BFA237879
:100B000008B1012B83D9AB73A4E71388AB81A1E7AC
:100B10001378AB759EE7072000F00CFA18B923781C
:100B2000012B7FF674AF072000F004FA18B1237888
:100B3000002B3FF46CAF2378EB758BE71378082B11
:100B40003FF665AF2B7485E71388FF2B3FF65FAF49
:100B5000AB727FE713786B767CE713780E2B3FF64A
:100B600056AFAB7676E72368204AC5F81E30636837
:100B70005360238913816DE71378EB766AE7137866
:100B80006B7767E713782B7764E7137885F828305D
:100B900060E704F0DDFF98B1007900F001026178B0
:100BA000207804F0DBFF00287FF433AF6378012B5B
:100BB0007FF650AF0EF0D6FF00287FF44BAF26E74C
:100BC0000246ECE713785A1E092A3FF620AF85F853
:100BD00029303FE74FF0FF301BE76FF02C0018E79C
:100BE000481C00204C1C00205A1C0020661C0020C1
:100BF000F8B50D46064630B329B311F0070422D1EB
:100C0000124F97F83430012B02D16FF00B00F8BD72
:100C1000032B02D14FF0FF30F9E700F0A1F80028D4
:100C2000F8D02846FFF7A8FC0028EEDB1EF00DFFE9
:100C30003046F96A08F050F9FFF752FE03232046C8
:100C400087F83430E3E76FF01500E0E7481C002038
:100C500010B5074C94F83430032B03D108F054F945
:100C600009F040F817F033FE002084F8340010BD7E
:100C7000481C002050B1074B03F1140253F8041B29
:100C8000934240F8041BF9D1002070476FF0150023
:100C9000704700BFB57C040008B5094B93F82B30B2
:100CA0005BB108F0C9F80749012000F03BF906499B
:100CB0000020BDE8084000F035B908F09FF8F2E7E1
:100CC000481C002081040000A104000008B508F0C1
:100CD000D5F807F059FA03490F20BDE8084000F0A5
:100CE00021B900BF1D05000008B50A4B93F82A3052
:100CF0000BB9FFF725FC04F02BFFC1780120C1F3ED
:100D0000400104F06FFF12F03FF8BDE8084014F016
:100D1000E7BB00BF481C002008B5094B93F82A30F8
:100D20000BB9FFF70DFC04F013FF0121C078084058
:100D300004F058FF12F030F8BDE8084014F0D8BBBA
:100D4000481C002002680020014B1A60704700BF59
:100D5000801C0020014B1B68184700BF801C00202E
:100D6000024B1868003818BF01207047801C002013
:100D7000074B4FF0FF3141F6FF72C3E900120549FE
:100D80000022C1E900221F21C3E90212704700BFFF
:100D900020110020841C00203F280CD801380B4B68
:100DA000C0F3421200F01F0053F8223023FA00F083
:100DB00000F001007047FF2806D04038044BC0F314
:100DC000421200F01F00EFE70120704720110020C1
:100DD000841C0020074B0146006849681A4603C27C
:100DE00040F48C2200201A6041F0107242F4FF623D
:100DF0005A607047201100200246034B006851687A
:100E000003C30020704700BF841C00200246034B30
:100E10000068516803C30020704700BF28110020FC
:100E200008B5382800F1FF33DBB205D108F0DAF855
:100E30004078C0F3C00008BD5909054A03F01F03FC
:100E400002EB81029068D84000F00100F3E700BF98
:100E5000201100200A8870B595B2C67CC2F30E023C
:100E60000488023602F118033444C35AA4B233444E
:100E70002344013BB3FBF4F303FB0422438892B207
:100E80009342044B8BBF2B40AB4313439BB20B806D
:100E900070BD00BF0080FFFF4A1E062A08B503464A
:100EA000084604D84FF4D1711520FFF7DDFC094A3C
:100EB000914202D940F2A311F6E711B903B11960CA
:100EC00008BD2BB11B680022C3E901211A1D1A605D
:100ED0000430F5E7FAFFFF7F10B5114B00EB41043A
:100EE0001A786389B3FBF2F303FB0223013A1A4435
:100EF000B2F5706F0279807828BF00231A440B186E
:100F0000B2FBF0F100FB11215B1AB3FBF0F100FB27
:100F1000113313446FEA43436FEA5343638110BDB7
:100F20008C1C0020024B03EB80035960704700BF0C
:100F30008C1C0020034B03EB80035868003818BF5B
:100F4000012070478C1C00202DE9F04F10F0070A9B
:100F500085B0054604D040F26F111720FFF784FCDE
:100F6000534F04464FF0010B07F15406B146B0460B
:100F700057F8043B8DF80BA03BB101A898479DF8AA
:100F80000A30082B01D9F521E7E79DF80B1041BB8A
:100F900005B131604F4506F10406E9D1002D6FD04F
:100FA0000022DFF810911427964689F8002058F89F
:100FB00027A0013FBAF1000F55D09AF804609AF8C3
:100FC00002C0FF2E60D039460023481C38D19C4413
:100FD000BCF1FF0F3FD90AB189F800E04FF49A71D4
:100FE000BBE79DF80AC04B1D60465A0004EB430363
:100FF000022838BF0220441E40422344BDF8084066
:101000006444CCF1000C0340013C04EA0C04B4F548
:10101000803F02D340F205119FE775B19A1A326002
:101020009170148082F803B09DF80C001071019843
:101030004FEA104C1081A2F806C004FB0134A9E766
:1010400058F8210028B190F804B0B34504BF807867
:101050001B180139B9E7DBB2E6458AF804303CBF1A
:101060005FFA8CFE01227B1CA1D10AB189F800E055
:10107000142640F6FF6A58F82670B7B9013EFAD236
:10108000601B05B0BDE8F08F0023E5E707EB4103E7
:1010900009F101093846A3F80AA0FFF71DFF5FFA1E
:1010A00089F1BB788B42F1D8E8E74FF00009F6E709
:1010B000901C00208C1C002038B54FF6FF730246B0
:1010C0000380184B03EB8103986DA8B184780379F2
:1010D000B3FBF4F104FB1133DBB2194600EB41051D
:1010E000B5F90A50002D0EDB0131B1FBF4F504FB1C
:1010F0001511C9B28B42F1D1002038BD6381BDE822
:10110000384017F018BB00EB41046389C3F30E03AA
:101110001380C278002AF1D14FF4E5711720FFF750
:10112000A3FB00BF8C1C00201C4B03EB810370B59C
:101130009C6D054644B3030404D54FF4EC711720AD
:10114000FFF792FB0146204617F0D8FAFF28014628
:1011500004D02046BDE8704017F0EDBAA078B5FB8A
:10116000F0F300FB1353DBB219460A1D04EB4206F1
:10117000B6F90260002E09DB0131B1FBF0F200FB91
:101180001211C9B28B42F0D1002070BD8B4201D048
:101190000023E37004EB42025580DAE78C1C002048
:1011A000094B03EB8103014610B59C6D204617F0F7
:1011B000A5FAFF28014604D02046BDE8104017F0EC
:1011C000BABA002010BD00BF8C1C0020F8B5104B2F
:1011D000074603EB810301469C6D204617F08EFA0B
:1011E000FF28054611D0E288238953EA024606D03B
:1011F0000146204617F09FFA01463846B047204680
:101200002946FFF769FE0020F8BD0520FCE700BF76
:101210008C1C002038B50E4B0446827903EB820308
:10122000986D08B9052038BD8278E1799142F9D2EC
:101230004B1CE37100EB41035D89B3F90A30002BCD
:10124000F3DBA58017F077FA20600020EBE700BF02
:101250008C1C002008B5124B03EB81039A6D22B958
:1012600040F246211720FFF7FFFA9178831A481DB4
:10127000A3EB40031088B3FBF0F3002B01DB994292
:1012800002DC40F24921EDE702EB4302B2F90A30F9
:101290005089002B02DA40F24B21E3E708BD00BF82
:1012A0008C1C002070B5044610F003000E4603D0DD
:1012B0004E211820FFF7D8FAFFF7EEFD054624B1BE
:1012C000034831460460FFF7E7FD284670BD00BFC4
:1012D000381D00202DE9F14FDFF870B01E4607469B
:1012E0000D46DBF8003090469DF828A09DF82C9024
:1012F0001BB960211820FFF7B7FA52460921404672
:1013000017F080F84A4684B20921304617F07AF87F
:1013100081B2DBF80000214417F0C4F9386018B935
:10132000286001B0BDE8F08F0444534641460922CD
:101330002C60386817F029F84B4609223146286896
:1013400001B0BDE8F04F17F020B800BF381D0020F5
:1013500070B50E46044617F068F80546304617F09B
:1013600064F8044B2A1821461868BDE8704017F04D
:10137000BEB900BF381D0020024B186808B117F035
:1013800085B97047381D00201F2AF8B5044613465A
:101390000ED89200033222F00303B3F5803F2DD222
:1013A000184DACB1A00710D068210920FFF75CFAF6
:1013B000FF2B4FEA420204D9FF339A42A8BF1A46D4
:1013C000E8E77C2AB8BF7C22E4E729706C602B81B7
:1013D00022F0030228230127120403FB01F06B68AB
:1013E0000025120CEEB2B14200D8F8BD14B1261897
:1013F0001F705E60104401352833F3E74FF0FF3073
:10140000F3E700BF3C1D0020154A002170B553686A
:101410001578C8B2854203D8BA210920FFF724FA0B
:101420001C461846013114F8286B0EB92346F0E724
:101430000021997001241289996103F126055C70DD
:101440009208D96103F11E04596824F8022FA542BD
:1014500043F8041F1144F8D100234361037070BDA9
:101460003C1D00204B782DE9F04106460C4602F069
:10147000040702F0FB05E3B1A5BBFF23A3707B08C3
:1014800004EB57073A7D032A02D1022D18BF01331E
:10149000E2180121117503F10C01002204EB830312
:1014A00024F811205B68A27030463360B280BDE83A
:1014B000F081002DE1D1012301F11E028D61204652
:1014C0004B7004F1260C1A4BCD611B8949689B08AF
:1014D00022F8023F944540F8041F1944F8D1002334
:1014E0006361CAE7D1F8048014220021A01861705A
:1014F0001EF0EAFE0E4B1B89B3F5FF7F0FD25A0890
:101500009B1A9BB208EB0301C4F804802384A160FA
:101510006284C4F80C80A3842161E284ADE7B3F552
:10152000EE6F4FF0FF02EBD940F27263EAE700BFC3
:101530003C1D00202DE9F84305460C46F720052107
:10154000914616F05FFF061E21DB1DB906FB04F075
:10155000BDE8F88315F0030703D098211920FFF7A1
:1015600083F9DFF83080C8F81050A8F81460BBB2D7
:101570009C42EBD9B8F814504B46D8F8100005221D
:10158000F72107FB0500013716F0FFFEEFE74FF0EC
:10159000FF30DDE7501D002007B5CDE900230B46E5
:1015A00003490246081D17F06CF903B05DF804FB0F
:1015B000681D002013B5064CCDE900230B460246FA
:1015C00004F1080104F10C0017F05BF902B010BD42
:1015D000681D002008B54B1E032B03D92321902042
:1015E000FFF742F90028054A0CBF05230C2303EB43
:1015F0008103053323F00103137008BD781D00201B
:10160000114B01224FF0FF3000215A60C3F808034C
:10161000C3F80015C3F804255A6040F6FE72C3F8FB
:1016200008034020C3F8001503F570330749C3F8D9
:101630000825C1F88800BFF34F8FBFF36F8FC1F843
:101640008801C3F8082570470060045000E100E0FD
:101650000A4606483D2302F8033BC368C1F803303D
:101660000369536043699360704700BF7C1D00208D
:10167000024B5A8C02435A845B6A18477C1D002037
:10168000014B00215B6A18477C1D002070B5194C86
:10169000054694F828604EB1012807D1638C1A07DB
:1016A00004D594F830300BB1012070BD0129FBD86E
:1016B000636B284698470028F6D094F83800002835
:1016C000F2D11EB9012D0BD03046EEE7002DECD142
:1016D000638C9B0704D594F8300080F00100E4E7A8
:1016E000608C0028E0D194F83930002BDDD194F8DB
:1016F0003A00F2E77C1D002010B5154C0DF004F8FF
:101700000DF028FDA08FFFF7BBFF237E63B12246BB
:10171000104904F1190052F80C3BE3606368536010
:10172000A36893601CF0A3FC0B4BA28F93E803000B
:1017300009F0C4FEE36A188809F01AFC236C94F8D7
:10174000381094F83E009847002384F8443010BDC8
:101750007C1D002051160000A41D0020034B93F8AF
:1017600044300BB1FFF7C8BF704700BF7C1D00209D
:1017700070B5214C0646A36DE56AA3644FF48173EE
:1017800094F85C00A4F84C3095F8933095F87510F7
:1017900000EB83002EB9FF2803D195F874308B42FB
:1017A00001D00CF045FE95F89330FBB1206E0DF0A2
:1017B00091F8216EA06C0DF053FC5EB995F8753070
:1017C000033B012B2B8F8CBF00202820184480B2B4
:1017D0000DF0E4F8A88E0CF0B7FD95F87410002019
:1017E0000DF022F9022384F8443070BDA06C0DF096
:1017F00071F80DF0AFFCE0E77C1D0020F0B591F82A
:10180000686087B00C4606BBCA883346134F04F1A4
:10181000800190F87500903497F82850013897F8B7
:101820005C70003DC0B218BF0125032810D8059692
:10183000002604960A4E305CCDE902700220CDE904
:1018400000540DF029FB07B0F0BDD1E91E23DDE700
:1018500040F22C410620FFF707F800BF7C1D002056
:10186000670E04002DE9F041234C06460F4694F81C
:101870004430012B5FFA83F804D040F62F01272073
:10188000FEF7F2FFE56A95F8843053B10021042099
:1018900085F88410FFF7ECFE94F828300BB185F83A
:1018A000858095F88830042B0DD114490220FFF76C
:1018B000DFFE94F8283033B1E36E1B789A1E534252
:1018C000534184F8303095F8933023B105F180010D
:1018D000E06AFFF793FF1EB1BDE8F041FFF70CBFD0
:1018E000002FF9D031463046FFF7D0FE0028F3D163
:1018F000BDE8F041FFF73CBF7C1D0020E81D002043
:1019000008B5094B93F84420022A04D040F2E6219E
:101910002720FEF7A9FFDA7A42F00102DA72BDE869
:101920000840FFF7E9BE00BF7C1D0020F7B5184C4A
:101930000646656F0DB1236D23B940F2E77127208C
:10194000FEF792FFB4F8543001F003012F466B709C
:101950002B7823F003030B4307F8033B3846B4F816
:101960005420216D15F0A8FF0DF1020201A9A06F0E
:10197000A564276516F080FE019816F06BFE012223
:10198000B4F854103060A06F16F00FFE03B0F0BD35
:101990007C1D002070B591F8686086B00C4606BBCF
:1019A000CA88334690F8740004F18001114D9034D8
:1019B000013895F82850C0B2B5FA85F503284FEAEA
:1019C000551511D805960026009504960A4E305CF0
:1019D0000390FB20CDE9014004200DF05DFA06B034
:1019E00070BDD1E91C23DDE740F22C410620FEF753
:1019F0003BFF00BF7C1D0020670E04002DE9F04F67
:101A0000B94C85B0E76A97F8741058B997F89320E5
:101A100094F85C3003EB8203FF2B03D197F8753009
:101A20008B4202D0FF200CF003FD02A9AF4819F051
:101A300097FE8346A0B3029A53786266A4F870308A
:101A400003B1D31CE36600251378C3F3001384F8B5
:101A5000393097F89230002B00F06B81B4F8703079
:101A6000002B00F06681206E0CF034FF2A46D4E98A
:101A700018100DF02FF918B9D4E918010DF086FAF5
:101A8000F88E0CF061FC97F8751001200CF0CCFF7B
:101A9000012384F8883084F8443005B0BDE8F08F25
:101AA000E66A8DF8050096F88830ADF80600052B3B
:101AB00000F20C81DFE813F006000D01E100E10007
:101AC000FA00FA0094F87F300DF1060103A8A6F899
:101AD0006430ADF8063007F051FB40B1039D35B1DD
:101AE000012384F88030042386F88830DBE096F800
:101AF000CF30002B40F0A6800DF105020DF106015C
:101B0000D4F8840016F0B8FC0546002800F09A804E
:101B10009DF805B0BBF1000F1FD00146D4F884003A
:101B200016F094FD16F096FDD0F800A0D0F80490C1
:101B300080465AEA09037ED1002388F8003088F8ED
:101B4000013088F8023088F8033088F8043088F8CB
:101B5000053088F8063088F80730BDF80630002BCD
:101B600078D1012386F8883001234FF0000B84F8E8
:101B70008030BDF806306566A4F8703003B1EB1C08
:101B800096F8888096F889A0B8F1020F96F88A90A6
:101B9000E36600F0A380A8F10408B8F1010F00F299
:101BA0009B80BBF1000F00F0A5800025E36E1B7841
:101BB0001B2B40F0BB80012106F110000CF080FCD3
:101BC0004FF003080122616E4FEACA0A4FEA890901
:101BD0000B780AF0080A09F0040903F0F30343EA5A
:101BE0000A0343EA090323F0100343EA051323F031
:101BF000030348EA03030B70B4F870304B70022300
:101C0000606EA4F86830037823F0200343EA42139F
:101C1000037052B1E36A197C5B7C032903F01F0354
:101C200008BF002143EA8113837005F0010584F8A1
:101C3000395015460DE71EF047F9824579EB010151
:101C4000BFF47AAF00230122294DADF8063086F8A3
:101C5000882090E79DF805301BB92B80AB700323DB
:101C600080E72B7803F00303012BF8D0022386F8DA
:101C70008830002386F8953076E7B6F864300DF1A9
:101C800005020DF10601D4F88400ADF8063016F017
:101C9000F3FB054620B940F20D512720FEF7E4FD85
:101CA000012384F88030BDF8063064E70DF10601A9
:101CB00003A807F063FA08B1039D15B940F21C515F
:101CC000EBE7012384F8803005230DE740F226512D
:101CD000E3E7074D00234EE74FF00108BBF1000F8B
:101CE0000ED000252A466EE77C1D0020A41D002092
:101CF000F81D00201B78022B3FF457AF4FF003086C
:101D0000D4F8840016F010FC50B9B8F1030F3FF47A
:101D10004CAF07F04FFA80F00105EDB2002252E718
:101D2000B8F1030F4FF00105F8D13FE74FF003087A
:101D3000F4E7606E0CF0CEFD0DF00CFA2946606EF3
:101D40001DF0AEFE9CE600BF2DE9F04F0023794C5C
:101D500085B080468A46E56ACDE9003394F8443080
:101D6000022B04D04FF40C612720FEF77DFDA26CFE
:101D700051781378A4F8541003210A44A4F84C10A5
:101D8000226503EA01028DF80820C3F3C0028DF832
:101D90000920C3F380028DF80A20C3F30012C3F3B5
:101DA00040138DF80B208DF80C3095F893300028F7
:101DB00000F06F81D3B10DF0EBF9831EDBB2012B84
:101DC00004D8FFF799FC05B0BDE8F08F70B9B4F8FE
:101DD00054305BB195F88A309DF8092003F0010377
:101DE0009A4203D1012384F83E30EAE7524A02A91D
:101DF000A2F1280019F0B6FC8346002849D1B4F8B6
:101E0000541011B1A06F16F0B0FBA38F9DF80A100B
:101E100043F400736067A38795F889300133DAB221
:101E200003F00103994236D0C146BBF1000F2DD11A
:101E300095F88A309DF8092003F001039A4225D1D4
:101E4000B4F854609DF80830002E7BD05A1E012A49
:101E500078D8A38F95F8937043F48053A3870CF040
:101E600089FA042894F8893006D1002F0CBF1F226C
:101E70001B22934228BF1346B4F854209A424ED9ED
:101E800094F8383043F0100384F838300026374691
:101E900070E00020B9E795F888305BB3013B85F826
:101EA0008920DBB2042B0FD8244A13441B79002B62
:101EB000BAD0022B0BD16946D4F8840016F0FEFA92
:101EC00088B940F2F7614FE740F2D6614CE7032B47
:101ED00010D107F061F910B940F2017144E7002117
:101EE0000820FFF7C5FBD5E93C32013342F100027F
:101EF000C5E93C32002194F8283085F888103BB1C0
:101F000095F8853023B1102085F88510FFF7B0FBD8
:101F1000A38F4FF0000943F40063A38785E7636F45
:101F2000002BB3D094F88A3053B12020FFF7A8FBE0
:101F3000ACE700BF7C1D0020CC1D0020670E040014
:101F40009DF8083095F88A20032B02F1010285F8EC
:101F50008A2000F093805A1E012A00F28180002E10
:101F600094D000264746D5E93E32013342F10002C3
:101F7000C5E93E3295F8923023B105F1800128463B
:101F8000FFF708FDBBF1000F40F0AD80636F9DF8D7
:101F90000B20002B40F0A580B4F85430B3FA83F343
:101FA0005B09012A14BF002303F0010384F83A30CF
:101FB000BAF1000F00F099800CF060FD002F40F0A6
:101FC000A7800126A38F5A0606D44020FFF758FBAE
:101FD000A38F43F04003A387B9F1000F10D094F80A
:101FE000283043B1B4F80720B4F805301343B5F8EE
:101FF0008620134304D0B4F809300133A4F8093023
:10200000B8F1000F00F08A80B4F805300133A4F86D
:102010000530002384F88B30434808F00FFF009808
:1020200030B116F017FB00220272294607F074FF48
:10203000019B33B100221A720C222946019807F045
:1020400039FF002E7FF4BDAEA38F1B063FF5BBAE5C
:102050008020FFF715FBA38F43F08003A387B2E630
:10206000002E3FF414AF002B7FF410AFD5E93E32C1
:10207000013342F10002C5E93E3207E7A38F012098
:102080002A4943F4805385F88400A387FFF7F0FAC8
:10209000ECE70BB10DF096F894F88B30013384F82F
:1020A0008B30A38F43F48063A38795F87530033B8F
:1020B000012B0DD80CF05EF904280DD1B4F8546052
:1020C00000271B2EBB46B94694BF0026012651E7C8
:1020D00007F0D6FF0028EDD100263746B346B146BB
:1020E00048E701235DE7002360E794F88B100120A7
:1020F000FFF7CCFA00287FF45FAFFFF77FFC002FDB
:102100003FF460AF9DF8081001A8FFF70FFC59E7F6
:102110009DF8081001A8FFF709FC52E7B4F8073052
:102120000133A4F8073077E7A41D0020CC1D002060
:10213000064B10B593F8442002F0FF0422B91C7638
:1021400009F0B4F9204610BD0C24FBE77C1D0020EB
:10215000094B0A4A10B51A60FFF7EAFF20B14FF4A5
:10216000A4712720FEF780FB054C06F0E9FEA06570
:1021700006F0EAFE206610BD502A0020E023000091
:102180007C1D00202DE9F341924C089FCDE9000110
:1021900094F8441001F0FF0511B90AB103B127B951
:1021A0004FF408712720FEF75FFBDDE9000104F121
:1021B000280C63639DF82430626284F88A302764B7
:1021C00084F8385084F88B5084F83E5084F8885056
:1021D0006584A58784F8395084F83A5084F8805093
:1021E00084F830508CE8030019F0C0FA6566E566A3
:1021F000A4F87050A5642565A4F85450E56A0CF065
:1022000081F90CF0A7FF95F97C0005F180070CF02F
:10221000E1F9AE6A286A0CF0E3F930460CF03EFBB7
:1022200095F8A4000CF0E6F9AB8E4E2B02D9EB8E9C
:102230004E2B01D80CF08EF894F82860002E40F058
:1022400089801CF0D2FD95F87420634B4FF47A71AD
:1022500053F8223003F5FA73B3FBF1F34633191840
:1022600030460CF03DFA5D4B18680CF01DFB6B69B5
:10227000E26AC4F88430AB6992F87460A36792F89C
:102280008D30A3F12A01012903D992F88E102A2951
:102290006BD194F82830002B64D192F83A12304672
:1022A00016F017FB064605F13C08314640461BF088
:1022B000E3FF31461BF030F8B5F8483095F875105B
:1022C000834228BF0346404684F87F301BF082FFDC
:1022D00095F8751095F893800429B5F8506008BFFB
:1022E00003211BF019F8B8F1000F01D1043080B2BE
:1022F000864228BF0646F6B284F8896007F0C0FE21
:1023000028B107F0C3FE864238BF0646F6B294F8FD
:10231000283084F85C60002B4CD195F892301BB1CA
:1023200039462846FFF736FB0120FFF767FB0023FD
:1023300023606360A360B5F8863063802B882380B8
:1023400095F8A4302371AB6F0BB101221A6002B073
:10235000BDE8F0811CF049FD95F8752000F165019C
:1023600001207EE792F8CA1299E7253B012B10D88D
:10237000282910D094F82830C3B192F836315A0782
:1023800012D413F001018AD1C3F340035B00D9B228
:1023900085E728290AD194F828303BB192F83631E4
:1023A00092F86D201340EAE7042178E7032E08BF76
:1023B000042678E795F893301BB139462846FFF795
:1023C0001DFA0120FFF7D4F9E36AD3F8E0010CF01D
:1023D000B3FAACE77C1D002074110400502A0020E1
:1023E00001190000491D0000651800005D1700007C
:1023F0000D4B0321186830B50D4690F8A52090F8D4
:102400004B400132B2FBF5F303EB4303D31ADAB2CC
:1024100044FA03F3DB0703D4013911F0FF01F0D1D3
:1024200080F8A52030BD00BF081E0020014B1868B1
:1024300016F01CBB081E002008B50BF02BFB014B4F
:10244000187008BD30110020064B10B41C68827C47
:10245000836804F1420194F841005DF8044B1AF0DE
:10246000BBBE00BF081E00202DE9F04105461746FF
:102470001E460C4619B1AB6853BB01201FE0DFF8C4
:102480006080D8F8000000F15B0390F85A2000F15A
:10249000780190F87E001AF09FFED8F804305A793F
:1024A000D8F80030082A04D093F84E40A21A5442BB
:1024B000544193F85630012BDDD023B1002000F0B9
:1024C0000100BDE8F0810028D5D1002CD3D1F5E77B
:1024D000002FD2D1002EF1D02846FFF7B5FFEEE74E
:1024E000081E0020024B18686C3002F0F1B900BFE2
:1024F000081E002038B50F4CFFF7F4FF656802F0A6
:10250000A1F963682860186820B940F2F5413220CB
:10251000FEF7AAF916F0A1FC10B940F2F741F6E770
:102520000CF0D8F900200CF039FA636804221A7113
:1025300038BD00BF081E002038B5194D04466B6831
:102540001B79022B04D940F608113220FEF78CF9D2
:102550002B68027C83F8A4201A44C168996692F81B
:102560007C2183F878214268C3F88820037A022B03
:102570000ED00BF0C7FF0CF03DFA0BF03FFB094803
:102580000CF092F908480CF089F908480CF028F88A
:10259000637C23B12B685B6E0BB101221A6038BDDE
:1025A000081E00206042000055555500D6BE898E99
:1025B00038B505460C4606F019FD420704D4A37849
:1025C00003F0E003402B30D006F010FD830704D465
:1025D000A37803F0E003202B27D0237803F03F03F8
:1025E000242B22D80BF0CCFE94F90030A278002BDB
:1025F000637802F01F02B4BF4FF496711E2143EAC4
:1026000002234B431A1AB2F5877F0ED398420CD897
:10261000074B294618682388A0F87931A37880F8F9
:102620007B31BDE8384016F0FEBE002038BD00BF4B
:10263000081E002008B5074B93F900207F2A04D11B
:1026400040F29B313220FEF70FF902707F221A70A0
:1026500008BD00BF3011002010B504788EB004F022
:102660000F0404A9224616F037FCFFF7E5FE042C00
:1026700033D11B4C059A2368107893F87810884260
:102680002BD1507893F87910884226D1907893F81E
:102690007A10884221D1D07893F87B1088421CD1DF
:1026A000107993F87C10884217D1517993F87D20E6
:1026B000914212D19DF8212093F87E309A420CD19C
:1026C0000DF10F00FFF7B6FF9DF90F3004A900933D
:1026D000237B227A606816F0D2FB03200EB010BD77
:1026E000081E00202DE9F04387B0194C06460F461E
:1026F0000DF11700FFF79EFF65682B79032B20D0A3
:102700002B79062B14BF4FF001094FF00309236802
:1027100003F142080BF02EFE9DF917303A46CDF832
:102720000C9031460293237ACDE9000343462846B4
:1027300002F054F940B1606807B0BDE8F04302F020
:10274000E9B84FF00009E2E707B0BDE8F08300BF49
:10275000081E00202DE9F043304D87B004460F4697
:102760006E68B3798BB3D5F8008098F8953033B99B
:102770000378002B14BF0223012388F895303379A6
:10278000062BDAB225D0072A0CBF4FF002094FF012
:1027900001090DF11700FFF74DFF0BF0EBFD9DF95F
:1027A0001730CDF80C903A46029321462B7ACDE9AA
:1027B000000308F14203304602F010F928B16378B3
:1027C000DB0609D4686802F0A5F8002007B0BDE870
:1027D000F0834FF00309DCE7A1690220FFF7E8FE70
:1027E000B8B100222B6883F8962062696AB15178EB
:1027F000C1F3031183F897101178527802F00F0299
:1028000041EA0222A3F89820E0E7FF2283F897200C
:10281000DCE7686802F0AEF8D7E700BF081E0020CA
:1028200010B504468AB0FFF707FE237803F00F03C4
:10283000072B02D001200AB010BD6946204616F0D1
:10284000DEFB684616F083FC9DF80030002BF1D1CA
:102850009DF80130DB07EDD50C4C019922689DF8FD
:10286000110002F1780392F87E201AF0B5FC0028DE
:10287000E0D020680121A0301AF0C4FAFF21684698
:10288000FFF768FF0130C0B2D5E700BF081E002087
:102890000D4A536810B51979022904D84FF4A6518E
:1028A0003220FDF7E1FF1979082902D941F2C1412F
:1028B000F6E71B79126903F180439268033BBDE898
:1028C000104052F823301847081E002010B5054C60
:1028D000637A2BB10CF08EF80BF090F90023637241
:1028E00010BD00BF081E002010B5054C23792BB188
:1028F0000CF080F80BF082F90023237110BD00BFAB
:102900005825002010B5094CFFF7E0FF012263684D
:102910001A7100232268A2F8793182F87B31FFF71F
:10292000E1FD2068BDE8104016F044BF081E0020FD
:1029300008B5044B586802F01DF8BDE8084016F0D1
:10294000A2B800BF081E0020062938B51D469DF814
:10295000104019D908291BD802B18CB143689BB922
:1029600012B94378DB0615D40B4B5B68186816F078
:1029700095FA00B134B92DB906F0C0FD00F001049C
:10298000204638BD0120F9E79DF814402C43F7E7B5
:102990000024F5E70124F3E7081E002038B50D1EDA
:1029A00004460CBF05200320104406F0BDFE094B71
:1029B000587270B15DB9033C012C8CBF5024552472
:1029C0000BF0F6F82046BDE838400CF007B840247C
:1029D000F6E738BD081E0020F8B53D4CFFF782FD34
:1029E000656801F02FFF63682860186820B940F21D
:1029F00052413220FDF738FF16F02FFA054610B984
:102A000040F25441F5E7236893F8A6306BB1236890
:102A10001A6D93F8A710C3F8102193F854200A43B5
:102A200083F85420002283F8A620206890F8A43070
:102A3000034493F87C71636880F878711A7952B115
:102A40001B79012B07D0002116F0EDFC18B9BDE869
:102A5000F840FFF757BF23681E4A93F8A530D05CB3
:102A60000BF0C8FD236893F8A420134493F87C610D
:102A7000022E2BD004D8012E05D040F60501B8E770
:102A8000F31E012BF9D801F0D7FE31460BF0D0FC34
:102A900028460BF01FFF314601200BF0B9FD7B1ECD
:102AA0002A46384659425941FFF778FF62680821A3
:102AB0000023517121722168D3801372E37281F86F
:102AC0009530A372237303231371F8BD0D20DCE747
:102AD000081E0020700E0400124A10B5536800B999
:102AE00031B9184601F046FFBDE81040FFF70ABFB4
:102AF0001979082904D841F290413220FDF7B4FE3B
:102B000019790C2902D941F29141F6E71B79126932
:102B100003F180435268093BBDE8104052F823306E
:102B2000184700BF081E002010B50B4C0521206877
:102B300016F079FC30B9606801F01CFFBDE8104068
:102B4000FFF7E0BE2368012093F878110BF06CFFCB
:102B500063680B221A7110BD081E0020054B1A680D
:102B600092F85420920703D05B68186801F094BE75
:102B700058697047081E002070B5304D06466B68D6
:102B80001A79032A0BD01A79042A08D0FFF7E6FF36
:102B9000044640B941F2C8313220FDF765FE18689D
:102BA00016F05BF9F4E72B6893F8543013B941F24F
:102BB000CE31F1E776B11AF02EFF30B16B681A7999
:102BC000022A0ED841F24E31E6E720461AF03EFFC7
:102BD0000028F3D16B681A79022A17D841F2AE3176
:102BE000DAE71A79082A02D941F24F31D4E71B7982
:102BF00020462A6903F180431269033B52F82330CF
:102C000098470C2812D941F2E131C5E71A79082A10
:102C100002D941F2AF31BFE71B792A6903F1804342
:102C20005269033B52F823309847EAE72B69DB6887
:102C3000BDE8704053F82030184700BF081E002040
:102C400038B5FFF78BFF044620B940F21C51322003
:102C5000FDF70AFE0B4DFF202B6893F878110BF05F
:102C6000E7FB20460BF036FE2B6893F87831033BE8
:102C7000012B94BF282000200BF090FE6B680722E8
:102C80001A7138BD081E002038B5134C0E20236879
:102C900093F878110BF0CCFBFFF760FF054620B9E5
:102CA00040F209513220FDF7DFFD0BF013FE2368DF
:102CB00093F87831033B012B94BF282000200BF0C0
:102CC0006DFE23682A46002193F87801FFF766FE1F
:102CD000636808221A7138BD081E002010B5074C21
:102CE000606801F017FEFFF7A7FB20680021A03005
:102CF0001AF088F8BDE81040FFF704BE081E002057
:102D000007292DE9F043064687B00F4690464568EF
:102D1000634C23D11DBB002A49D1D4E9001091F89E
:102D2000543013F0030218BF012213F00403827120
:102D300003D033785A1E53425341C37191F89430F3
:102D40004BB12368D3F8900050301BF0C5FF10B989
:102D5000636801221A7207B0BDE8F0833DB32946CB
:102D6000707C15F0C8FD072F814661D1637A63B18D
:102D700058B1B8F1000F52D065681AF071FA636863
:102D800068715B7923720123A372636858790828FC
:102D900055D17168707C1BF0EBFE62680546716866
:102DA0000532707C06F0B0FB6368002859D02368B8
:102DB00093F8540010F003000AD093F84C303946D1
:102DC000019530466268927900924246FFF7BCFD59
:102DD00062682368907193F8540010F0040009D0E1
:102DE00093F84D30394601953046D27900924246EB
:102DF000FFF7AAFD2B4B65681B68E8711BB14146C4
:102E000030469847287272686AB3717C236883F8E9
:102E10007E10116899679288A3F87C2023E02368CC
:102E200093F878110129A7D1284606F04FFC60726B
:102E3000637A002BA9D0B9F1000FA6D09CE704AAB1
:102E40000DF10F0106F02AFC20B940F6BA3132200C
:102E5000FDF70AFD04A99DF80F001BF089FE054649
:102E6000A5E7D88018726268137AB3B9D388003B9B
:102E700018BF0123B06800283FF46DAF072F7FF41F
:102E80006AAF517908293FF466AF002B3FF463AF76
:102E900006F03AFC0123E3725DE70123EAE700BF95
:102EA000081E0020582A00202DE9F84FDFF8C0A0A6
:102EB000914604468846DAF800201F468168807CE7
:102EC00015F019FD92F848609AF80930054686F029
:102ED0000106002B3AD092F854305B071DD592F8CA
:102EE0004D30D3B192F84EB0BBF1080F23D0584605
:102EF00006F0E8FA3043C6B245B39AF80B303BB35C
:102F00001AF0B8F9002304468AF80B3089F800401B
:102F100088F800503E70BDE8F88F636823B1DAF896
:102F2000043093F805B0DFE7DAF80430186815F0DC
:102F3000B5FF0028F3D1CDB19AF80A1031B9A068D5
:102F400006F0C4FB04468AF8090038B90024DDE71E
:102F5000A168584606F02EFC0446D7E71AF080F91F
:102F60000828F3D0DAF804305871CFE72C46CDE7C3
:102F7000081E00202DE9F043874D87B004462E68D7
:102F800096F85730002B47D06F68BB7923B9FA7990
:102F900012B93A7A002A3FD094F80080B8F1010FB4
:102FA00072D0B8F1020F00F0D380B8F1000F33D126
:102FB00096F8542091072FD00BB93B7A63B363780E
:102FC00013F0100FC3F300170CBF012208229A431D
:102FD00022D10022A3688DF814208DF81520002B33
:102FE00047D00DF1160305AA0DF115012046FFF794
:102FF0005BFF2B6893F841609DF8143083B920463D
:10300000FFF722FA70B92B6893F85530023B012B79
:1030100002D89DF8153083BB032007B0BDE8F083CC
:1030200046F002065FB30DF117004FF00008FFF7FE
:1030300001FBD5E9003903F142070BF09BF99DF93B
:1030400017303246CDF80C80214602932B7ACDE919
:1030500000033B46484601F0C1FC0028DCD0A169D2
:103060000120FFF7A5FA0028D6D02B6883F89680B8
:103070003BE0FF268DF81630D4E7FE26D2E7314636
:103080002046FFF72FFBC7E796F878216378022ADE
:103090003DD103F01903192BBED196F854305A07CD
:1030A00039D40DF11700FFF7C5FAD5E9003703F160
:1030B00042060BF05FF90023FF22214603939DF99E
:1030C000173002932B7ACDE900033346384601F0DE
:1030D00085FC0028A0D0A1690120FFF769FA00282B
:1030E0009AD02B68012283F896206269002A4ED07C
:1030F0005178C1F3031183F897101178527802F0D8
:103100000F0241EA0222A3F89820022085E703F08B
:103110001803182BC0E7616800232046B1FA81F13B
:103120001A464909FFF7A0F900283FF475AFA369D3
:103130002A689B781F2B04D892F84930002BB0D115
:103140006AE703F0E003402BABD192F84A30F5E791
:1031500096F854309B073FF45FAF637803F0180391
:10316000182B7FF459AF0DF11700FFF763FA0BF03E
:1031700001F90023FF22214603939DF917300293A2
:103180002B7ACDE9000306F14203384663E7FF22BC
:1031900083F89720B9E700BF081E0020014B58684C
:1031A00001F0E8BB081E00202DE9F04F044689B06D
:1031B000062900F2C580DFE811F06000E700070093
:1031C000C300C300C30026006E4D0BF09DFA2F68AC
:1031D00097F85430980714D06E68B3798BB10DF11D
:1031E0001F00FFF727FA9DF91F30022221460293A4
:1031F00030462B7A0193FF23009307F1420315F029
:103200002EFE03201FE05F4D6E68B379002B00F0A7
:1032100097802F6897F85420910717D50DF11F005C
:10322000FFF708FA9DF91F30304606220293214627
:103230002B7A0193FF23009307F1420315F00FFE51
:10324000002309202B7309B0BDE8F08FD30777D591
:10325000570701D50BF058FA0DF11F00FFF7EAF9F7
:103260009DF91F202B6802922A7A42330192FF2295
:103270000092062221466868C1E7424D2B6893F808
:103280005420560737D56968CA79002A33D0426876
:1032900093F85B001678864255D1567893F85C0017
:1032A000864250D1967893F85D0086424BD1D6780D
:1032B00093F85E00864246D1167993F85F00864205
:1032C00041D1507993F8602090423CD1627C93F8D0
:1032D0005A00101A4242424193F8560001284ED03B
:1032E000002A4CD193F84E30082B02D04A799A42EA
:1032F00045D00BF009FA6E68B379002B3DD02F68EA
:1033000097F85420930720D50DF11F00FFF792F98D
:103310009DF91F3030460022029321462B7A0193FB
:10332000FF23009307F1420315F099FD01230920C3
:103330002B736B68DA79002A85D19B79002B82D1B7
:103340000BF0E2F95DE70022C6E7D60715D5500776
:1033500001D50BF0D9F90DF11F00FFF76BF99DF9BD
:103360001F202B68214602922A7A42330192FF22C3
:1033700000920022686815F072FD0320D9E70A2048
:10338000D7E700BF081E0020644D81682A68807C52
:1033900015F0B1FA92F854306E68074692F84890EA
:1033A000590796F806A096F807B089F0010940F190
:1033B0008E8092F84D30002B00F0898092F84E609C
:1033C000082E00F08680304606F07CF849EA0000BE
:1033D0005FFA80F9002F7ED03046A16806F0EAF946
:1033E00006462B6893F8542093F84180520749D53C
:1033F000626893F85B10107888426ED1507893F829
:103400005C10884269D1907893F85D10884264D14D
:10341000D07893F85E1088425FD1107993F85F10EE
:1034200088425AD1517993F86020914255D1627CFB
:1034300093F85A10501A4242424169684979082962
:103440004DD093F84E30591A4B424B41002E48D183
:10345000B9F1000F47D02046CDE90423FEF7F4FF71
:10346000DDE90423BBF1000F0AD0296891F856105A
:1034700001294ED021B9002A4BD108B1002B4AD1E5
:103480000BF042F92B6893F854309B073FF4B9AE28
:103490000BF03AF9BAF1000F3FF4B3AE2046FEF755
:1034A000D3FFD5F8009000B9FEB10DF11F0048EA36
:1034B0004608FFF7BFF89DF91F3002932B7A01935E
:1034C0005FFA88F30093012209F14203D2E676798C
:1034D00076E7002685E73E4683E70022ADE7002336
:1034E000B4E70120BEE73046BCE799F85530023B0F
:1034F000012B3FF686AE002F3FF483AE0DF11F0087
:10350000FFF798F89DF91F3002932B7A0193FE2361
:10351000D8E70028B4D00A2095E600BF081E002096
:1035200030B58BB00546FEF787FF114B1B6893F84B
:10353000543013F0060F04D00122962100201CF015
:10354000A3FA2C786946284604F00F04224615F0A9
:10355000C3FC002221466846FFF7D2FB214668469D
:10356000FFF722FE0446FFF7B1F920460BB030BD4D
:10357000081E002030B505468BB0FEF75DFF2C78A5
:1035800028466946294D04F00F0415F038FD2B68D4
:10359000072C16D193F87811684615F039FD0022F2
:1035A00021466846FFF7ACFB2B6893F87831022B75
:1035B00032D017D8012B1AD041F249213220FDF721
:1035C00053F993F8542012F0060FE8D093F8A42092
:1035D000134493F87C21012AE1D1962100201CF0AC
:1035E00053FADCE7033B012BE6D8072C19E0062C45
:1035F00002D00BD8022C0BD821466846FFF7D4FD29
:103600000446FFF763F920460BB030BD072C09D004
:103610000BF07AF80324F4E7072CFBD19DF8003077
:10362000012BF7D16846FFF7A5FCE9E7081E00204B
:1036300038B5154D2C6894F84830F3B16FF000435D
:10364000D4E920129A4208BFB1F1FF3F15D01CF017
:1036500079FBD4E92023904299410ED32B6893F84B
:1036600048305BB92D6806F013F804461CF06AFB7D
:10367000064BE4FB0301C5E9200138BD012006F03B
:1036800065F80028F9D0EDE7081E002040420F0041
:1036900010B50446FEF750FF237A032B04D140F601
:1036A0003A113220FDF7E0F80BB9FEF7A1FE064B08
:1036B0001B6893F958000AF08DFFFFF78DF9BDE8FC
:1036C0001040FFF7B5BF00BF081E002070B51E4DAB
:1036D00006462A6892F87B3192F879015F2B4FEA0F
:1036E000531100F03F0097BF184B00245B18DC78A3
:1036F0000AF080FF2B6893F958000AF06BFFFEB1C7
:103700002B682246996E01200AF0EAFF2B682146B9
:1037100093F89630022B14BFFF2040200AF088FE59
:10372000FFF71CFA2B68064693F8951019B9024664
:103730002046FFF733F93046BDE870400BF0CAB8B9
:1037400022468221DFE700BF081E0020700E040021
:10375000F7B52C4C0746226892F87B315F2B4FEA75
:10376000531197BF284B00255B18DD78936E13B17A
:103770000120FFF7ABFF2368D3F888000BF0DCF8DB
:10378000236893F85420910703D593F896100229E3
:1037900005D052070ED593F89620012A0AD1042DA0
:1037A00026D193F85930012B0CBF032104210020AE
:1037B0000BF03AF9D4E9006318689A36D7B915F0D6
:1037C0006DFB63680746186815F06EFB21680246BA
:1037D000304691F8963091F878110091394615F0FD
:1037E0006AFC236883F878510023A37203B0F0BD0C
:1037F0002946DCE715F064FB0146304615F050FC25
:10380000EFE700BF081E0020700E040008B501207D
:10381000FFF79EFF024B06225B681A7108BD00BFCE
:10382000081E002008B50020FFF792FF024B05227A
:103830005B681A7108BD00BF081E002010B5044661
:10384000FEF77AFE237A032B0AD1194B1B68986E78
:1038500020B14FF415613220FDF706F8FFF736FF6F
:10386000237A012B06D003D9023B012B12D910BDBC
:10387000FEF7BEFD0E4C236893F958000AF0AAFE2D
:103880002368002283F89520FFF7A6F8BDE81040D2
:10389000FFF7CEBE064B1B6893F895301BB9BDE809
:1038A0001040FFF7BFBFBDE81040FFF7AFBF00BF3C
:1038B000081E002008B5044B586801F02BF8FEF7ED
:1038C000BBFD012008BD00BF081E002008B5FEF7A3
:1038D000B3FD054B00211868A03019F093FABDE83C
:1038E0000840FFF70FB800BF081E00202DE9F34184
:1038F0004C4D00230E4607462A6841F27070116D48
:1039000053720B885381CB69A3F57A74844295BFB7
:103910004FF47A7040F2E240B3FBF0F3B3FBF0F304
:1039200098BF03F550639BB213848B8C5384CB8C6C
:1039300093844FF47F43D3844FF6FF73138517B3FB
:103940000121304619F0DCFF01463078C0092C68AF
:1039500094F8483004F11402FBB114F0CCFFE0B14C
:103960000B6863618B88287A938004F10E02082823
:103970004AD004F10D0105F091FE88B941F21741DA
:103980003220FCF771FF6946686919F00BFF6B691B
:1039900069461878C0F38010D9E700236361E2E735
:1039A0002C68637B04F11A0843F00203637347B386
:1039B0000021304619F0A4FF0368C4F81A30838848
:1039C000A8F804302B6893F95810186D05F064FFBF
:1039D000286815491AF042FB28681449036D2A30FB
:1039E0001A88A0F8092093F89630C3721AF03FFBAA
:1039F0000221286801F0B2FAFEF774FD02B0BDE8BA
:103A0000F08104F17800D7E794F87E306373A36FF8
:103A1000C4F80E30B4F87C3093800023C4F81A3018
:103A2000E383CFE7081E0020538901000F890100BE
:103A300008B5FEF74BFF044B00205969FFF756FF0E
:103A4000BDE80840FEF7F2BC081E00202DE9F04753
:103A500005468AB0FEF7F0FC2B7803F00F03082B25
:103A600005D04FF0010840460AB0BDE8F08769462E
:103A7000284615F062FA9DF80080B8F1000FF0D1E9
:103A80009DF8013003F00303032BEAD12D4C266887
:103A900096F84D30002B3BD096F84E70637A002B91
:103AA00039D14FF0000906F1780396F87E2001998C
:103AB0009DF8110019F090FBB9F1000F01D1002819
:103AC000CFD0236893F8419003F1420A96F848302A
:103AD00023B1384605F0A8FE024638BB52469DF891
:103AE00012A00299504614F006FF134606464A46B5
:103AF000504619F071FBE0B120680121A03019F0A7
:103B000081F9FEF7E3FE29460120FFF7EFFEAAE761
:103B100063685F79C2E719F0A3FB0828C1D0C31B13
:103B20002072D3F1000949EB0309BCE74FF001090A
:103B3000D5E7002E95D00299384605F03BFE0028C7
:103B4000DAD18EE7081E00202DE9F8436D4F0023DF
:103B5000064689467869D7F80080037043700AF0FA
:103B6000D5FE054630B90025032006F0C3F92846E6
:103B7000BDE8F8837C69032E237834D123F00F034A
:103B800043F0030323700C236370D8F8783078690E
:103B9000C0F80930B8F87C30A0F80D3098F87E10E5
:103BA00019F014FE002178691BF07AFF3B6893F846
:103BB000482003F1420993F84180002A7FD14C4606
:103BC000236841467869C0F80330A388A0F807301D
:103BD00019F0EFFD4C4BD3F80C32002B00F0848031
:103BE0000AF092FDBFE723F02F032222396843EA4F
:103BF0004913627043F0050323700B6D1B6AC4F810
:103C00000F300A6D936A180AE3741B0C20756375F4
:103C100092F87E00138E00284BD04FF0640CB3FB5B
:103C2000FCF3A375D36A002846D06420B3FBF0F3FD
:103C3000E375C3F3072341F270702376D369A3F5CC
:103C40007A7C844595BF4FF47A7040F2E240B3FB32
:103C5000F0F3B3FBF0F398BF03F550639BB26376C8
:103C60001B0AA376938CE3761B0A2377D38C6377A6
:103C70001B0AA377D2F89730C4F81F3092F89B3014
:103C800094F8242084F823300B6D22F01F0293F85F
:103C9000A23003F01F03134384F8243005F0CCF95D
:103CA00094F8243003F01F0343EA401384F82430CF
:103CB0006BE740F2E24CB2E740F2E240B6E793F83D
:103CC000542052070DD593F84D2052B193F84E0071
:103CD00005F0AAFD044600283FF471AF4FF001083B
:103CE0006EE77B685879F3E7052E7FF440AF3B68B9
:103CF00021681A6DC2F80A10A188D1811B6D83F862
:103D0000098034E7081E002000A0085010B50021EB
:103D10000320FFF719FF18B9BDE81040FEF7F2BD08
:103D2000074C0321206815F07EFB0028F4D0012108
:103D300008460AF079FE636809221A7110BD00BFB7
:103D4000081E002038B5184D6B68186815F085F806
:103D5000044620B940F261513220FCF785FD6B68C2
:103D60000A22002128681A7101F0F8F82B68052052
:103D70001A6D237892F8964004EA531404F0010473
:103D80002146FFF7E1FE18B9BDE83840FEF7BABD9D
:103D90000421286815F047FB0028F5D02B681B6D1F
:103DA00083F8964038BD00BF081E002010B5114CA6
:103DB0000C220121636820681A7101F0CFF80021FC
:103DC0000520FFF7C1FE18B9BDE81040FEF79ABD07
:103DD0000621206815F027FB0028F5D02368012074
:103DE00093F878110AF020FE236801221B6D83F8F6
:103DF000962010BD081E00202DE9F041044690B029
:103E00000D46FEF719FB237803F00F03072B06D0AE
:103E10000124FFF7C3F9204610B0BDE8F081204629
:103E2000A14C06A915F0EBF8206806A99A3015F008
:103E300060F923689DF8181093F89620914248D1B4
:103E4000032D03D193F89720FF2A13D09DF8192052
:103E500012073ED50B9993F897004A78B0EB121FE2
:103E600037D1097802F00F02B3F8983041EA022204
:103E70009A422ED12A46072106A8FEF741FF636821
:103E8000DA880AB91B7A23B30023089E8DF8143010
:103E90008DF815308DF81630F6B10DF1160305AA20
:103EA0000DF1150106A8FEF7FFFF23689DF81460C9
:103EB00093F8415045EA4605EDB29DF818209DF86B
:103EC0001580012A9DF8163008D0022A7AD0002ADF
:103ED0004BD0FFF763F914E0FF25EEE79DF81900DA
:103EE000226800F0090792F89A10092F02D041B118
:103EF000070706D592F85420500704D463689B79CD
:103F00009BB9012459E06268D279002AF6D0324682
:103F100006A8FEF7A9FA0028F0D02068A03018F013
:103F200093FF0028EAD00C2447E0236893F854302C
:103F30009A07E6D09DF819309B0700F1BC80FF215D
:103F400006A8FEF7CFFBDCE706A8FEF77DFA0028FF
:103F500040F0B480236893F85530023B012BD0D851
:103F6000B8F1000FCDD0FE21EAE7236893F8543072
:103F70009F07C6D09DF81930980721D56EB906A8BD
:103F8000FEF762FA48B9236893F85530023B012BDB
:103F9000B7D8B8F1000FB4D0FE2563681B7A33B1EF
:103FA000424B1B681BB10D9808B10F9998472946E1
:103FB00006A8FEF7CFFB441CE4B2FEF787FC2AE715
:103FC000FF25EAE7226892F85420910799D06168AA
:103FD0008979002995D09DF8197007F00901092900
:103FE0008FD1920707F0020762D5002F38D026B391
:103FF0000DF11700FEF71EFB00210320FFF7A4FDC3
:104000000646D4E9003803F142070AF0B3F9012368
:104010002A4606A903939DF917300293237ACDE926
:1040200000033B46404600F0D9FC76B900283FF437
:1040300068AF606800F06EFC63E7002B8AD006A8CA
:10404000FEF702FA0028D3D184E700283FF459AFE5
:104050002068A03018F0F8FE0028EAD00B24ACE766
:104060000DF11700FEF7E6FA39460320FFF76CFD65
:104070000646D4E9003803F142070AF07BF9012330
:104080002A4606A903939DF917300293237ACDE9B6
:1040900000033B46404600F0A1FC0EB10028D7D1FA
:1040A000606800F067FC2CE7081E0020542A0020FE
:1040B000002F3FF444AF002E3FF446AF29463FE7C0
:1040C000036D10B5044623B940F261313220FCF78C
:1040D000CBFB0222074942721B884381FF2380F8F1
:1040E00027304FF6FF73038519F0B8FF00232365CF
:1040F00010BD00BF53890100F8B5194F064604F002
:104100001FFF012178610020FDF70EF8054620B958
:1041100040F691013220FCF7A7FB4FF4C07200215A
:104120001CF0D2F801210846FCF7FEFF044620B13E
:104130004FF4C07200211CF0C7F83B6913B940F678
:104140009B01E7E7304614F0E1FC284615F0D9F969
:1041500024B12046BDE8F84015F0D3B9F8BD00BF42
:10416000081E0020014B024A1A617047081E0020F9
:1041700050430000014B024A1A617047081E00209C
:1041800068430000036810B523B940F67F11322060
:10419000FCF76AFB044A13606C3353601369BDE893
:1041A00010401B68184700BF081E002008B5044BCC
:1041B000586800F0DFFBBDE80840FEF7A3BB00BF76
:1041C000081E002038B5044690F8400000F0FD00BD
:1041D00004F14201003818BF012084F8410005F0C5
:1041E0000BF894F84030023BDBB2012B94BF012363
:1041F000002384F8483015D805F04AFA05461BF02C
:10420000A1FD094BE5FB030194F84830C4E9200106
:1042100043B1002005F09AFA20B940F62921322056
:10422000FCF722FB38BD00BF40420F000149363089
:1042300019F017BF3189010010B5084C02226368DC
:1042400020681A7100F058FD38B9206814F0BEFDDE
:104250002068BDE8104015F0ADBA10BD081E002062
:1042600091280000792B0000D92A0000398B010029
:10427000F5240000313A0000F5240000313A000036
:10428000412C0000892C0000A78A0100958A0100BA
:10429000A78A0100958A0100878A01003129000060
:1042A000DD2C0000CD3800002D2400000529000081
:1042B00025890100D92900002589010025890100EF
:1042C0002589010025890100258901000D3D000097
:1042D000453D000025890100258901002D240000AD
:1042E0000529000039420000D92900002589010074
:1042F000253800000D3800002589010025890100BE
:104300000D3D0000453D0000292B0000AD3D0000A3
:10431000213500005926000075350000592600009F
:10432000F18A0100EB8A0100212800004D3A0000CB
:10433000D98A0100CB8A0100D98A0100CB8A010009
:10434000BD8A0100BD8A0100B53800007D8A0100E8
:10435000913600007042000088420000A842000030
:1043600010430000304300003D3800007842000058
:1043700090420000DC420000184300003843000077
:10438000013808B5C0B20A4B41B1032801D8185C06
:1043900008BD4FF4E9713320FCF766FA032802D810
:1043A00003441879F4E740F211310620F4E700BF26
:1043B000760E040008B514F03DFA054AD2E84F3FE6
:1043C0000133DBB2C2E8413F0029F7D108BD00BF8D
:1043D000201E0020024BA0F108015868FFF7EABF39
:1043E000201E00202DE9F84F1E463C4B0D469346FB
:1043F00000211A7804689DF828709DF82C809DF99A
:1044000030909DF834A0016032B9A4F108015868D9
:10441000BDE8F84FFFF7CEBF1A2204F109001BF0E8
:1044200053FF0123A372BBF1060F4FD8DFE80BF057
:104430000433394E434E3D00E37A23F0130343F037
:104440001303E372012304F10E024146284623754B
:1044500047F6FF7384F81890E38204F10D0314F01B
:10446000D0FCE37A5B0736D5BA1E04F11C03012A9F
:104470008BBFAA6832681168E2618ABFE161B288C5
:1044800092889A80E7760023237215492046BDE87A
:10449000F84F19F0E6BDE37A23F0150343F0150356
:1044A000CFE7E37A43F01003CBE7E37A23F012037C
:1044B00043F01203C5E7E27A4AF01A0A22F01B021F
:1044C0000AF01B0A42EA0A02E272BBE740F24441E8
:1044D0003320FCF7C9F9FF23E376D4E7201E002040
:1044E000E54400002DE9F04F05468DB00C46002054
:1044F0000121FCF755FE064620B94FF4F071332038
:10450000FCF7B2F9A83014F081FF18B196F85430D6
:10451000042B2ED1304614F0EEFA50BBB64C04F109
:10452000080604F10C07AB6A93B92846FFF752FF5F
:104530004FF40073ADF804309DF80430002063F3AD
:1045400007009DF8053063F30F200DB0BDE8F08F34
:10455000A96A0B68B142AB624FF000030B704B705D
:104560008B70CB70DFD0B942DDD06068FFF722FFDF
:10457000D9E7AF6A37B3A14B9F4226D0043B9F4295
:1045800023D007F13B0A4FF0000804F0E7FC814616
:10459000B8F1000F40F0008102A9504614F02FFD41
:1045A000B9F1000F16D004F10D00EE7A16F01006E6
:1045B00013D09DF818600599324613F07DF94FF03D
:1045C000010828E005F1330ADDE74FF001084FF05C
:1045D000000ADAE704F11C00E7E7002FEFD09DF8AE
:1045E0000830022BEBD0014695F83230E5225046D8
:1045F00019F095F995F8323006460344504685F88F
:10460000323019F084F995F83280A8EB0000D0F12F
:10461000000848EB0008B9F1000F00F0C180EB7A08
:10462000D90604D45B216AE7C8460026F7E713F0F1
:10463000040FAA7A95F80DE004F1060005F10E0CBE
:1046400030D0E97EFE292DD11123E27084F805E0F7
:10465000237013010233637001232371D5F80E30E8
:10466000C4F80630BCF8043083802173EB69C4F8C9
:104670000D302B8CA4F811302B7EE3745E4E06F1C6
:10468000080A57453BD12379022205F1280062F33D
:104690004613237114F0D1FB02272846FFF79AFE38
:1046A00004263FE006F10A030321E2705343217020
:1046B000023384F805E06370D5F80E30C4F8063094
:1046C000BCF804308380267326442B7E7373EA7A09
:1046D00012F0080002D004232371CFE702F0030395
:1046E000032B01D12071C9E7520701D50123F3E75C
:1046F000022BF1D00BB92171C0E7A221FFE606F130
:104700000C094F4515D105F1280014F096FB6A7D80
:104710006AB92379042662F34613237102272846D7
:10472000FFF758FE8DF804608DF8057004E7002649
:10473000F4E747B3B8F1000F20D005F12808404650
:1047400014F07BFB39467068FFF734FEAB6A002239
:10475000534585F8322096D04B4505D12379404604
:1047600062F34613237195E79DF80830022B05D1BB
:10477000237923F068030127237191E7237901222C
:1047800062F34613F7E7EE7A16F01006CAD02379E3
:1047900067F3461323717FE700287FF445AF064691
:1047A000042305F12301237006F11803AA7A534369
:1047B000E270221D0233637005F10B0353F8040B02
:1047C0008B4242F8040BF9D195F814A095F815B076
:1047D00004F002FCC1F3402950464946FFF7D0FDE2
:1047E0006073BBF1000F04D049465846FFF7C8FD7F
:1047F000A073E67642E700BF201E00202C1E00209A
:10480000343270B5054692B20C461E4613F0DAFFFC
:1048100025B1034A556014745674147070BD00BFFE
:10482000201E002010B5034C606813F0EDFF237CC0
:10483000237010BD201E0020014B587C704700BF24
:10484000201E002038B5134D686813F0E3FF0446BE
:1048500020B940F255113320FCF706F8D5E84F3F58
:10486000013BDBB2C5E8413F0029F7D104F1080361
:10487000342218461BF028FD47F6FF720121E4623E
:10488000E283FF22627584F82320E27C61F3461202
:10489000E27438BD201E002038B5436A044693B93F
:1048A0000A4D686813F0B6FF606220B94FF4B77123
:1048B0003320FBF7D9FFD5E84F3F013BDBB2C5E81A
:1048C000423F002AF7D1606A3B3038BD201E0020ED
:1048D000036810B504468BB19A6A22B140F28B117D
:1048E0003320FBF7C1FF596A41B101F1080083424F
:1048F000074B08BF22605868FFF75CFD216831B1A3
:10490000034B08395868FFF755FD0023236010BD9D
:10491000201E002038B5046805469CB11349204686
:1049200019F0A8FB124B00221A735A739A73DA73A8
:10493000EFF3108272B6A16A0C3399B9A362E362F5
:1049400002B962B62C68616A49B101F108039C4260
:1049500003D0074B5868FFF72DFD00236362002347
:104960002B6038BDE16A0B60E9E700BFE544000059
:10497000201E002070B50668044656B3716A154DB6
:1049800041B101F108039E4202D06868FFF712FDB1
:104990000023736221684E7DB6B100232B726B72C7
:1049A000AB72EB72EFF3108272B6886A0A4B40B9B1
:1049B0008B62CB6202B962B62046BDE87040FFF759
:1049C000A9BFC86A0360F4E708396868FFF7F2FC1A
:1049D000266070BD201E0020281E00202DE9F04713
:1049E0000468914606460D469A469DF820209DF89B
:1049F0002C8024B940F239313320FBF735FF664F64
:104A00003B78B3B9B8F1020F0DD009D9B8F1030F53
:104A10000CD03368002B00F08A8040F25631EBE76F
:104A2000FFF756FFF5E7FFF775FFF2E7FFF7A2FF85
:104A3000EFE7636A0BB94021DEE783F81180CB68AA
:104A40007BB1097C238E0B4440F272618B4207DDFF
:104A5000FFF790FF3368002B69D040F27331CBE74A
:104A600023860123A3729DF928302376B8F1000F25
:104A700060D122756B691BB15B78C3F30313A37517
:104A8000EB6913B15B88A4F819302A78511E4B42A8
:104A90004B41E17A63F30001C1F34003022A08BFEE
:104AA00043F0010363F34101C1F34003002A14BF43
:104AB000002303F0010363F3C301AB68E1721BB190
:104AC000CBB243F00403E3722B6A13B193F90030C5
:104AD000E3756B6843B104F10D0304F10E029DF818
:104AE0002410284614F08DF9AB688BB1A9F10201AE
:104AF00004F11C02012995BFDAF800301968E3615E
:104B0000E16194BFBAF804309B88938084F81B90CD
:104B1000A969B8F1000F0FD179B38B784A7803F007
:104B20001F0352EA032228D13046FFF7D1FE0020AE
:104B3000BDE8F08762759DE70022636A1A705A70BB
:104B40009A70DA70A26AEAB9A362E36289B14A781C
:104B5000897801F01F0152EA01220AD1A16A3A7252
:104B60007A72BA72FA720D4A79B9A2620023E262CD
:104B700033600B49204619F07DFA636A3BB94FF464
:104B8000D77139E7E26A1360DFE71A60EEE70023C6
:104B900001206362CCE700BF201E0020281E0020F9
:104BA000E544000010B504460246064900F58C7045
:104BB0001BF025FA224604F5A4700249BDE8104016
:104BC0001BF01DBA2F95010010B590F854308A1EC5
:104BD000012BD2B205D1022A2CD8184B33F812007F
:104BE00010BD03291DD002291FD14FF4E17000240C
:104BF000124B03EB4403DB8803390344012903F11F
:104C000096038CBF00202820022A4FEA400094BF60
:104C10000B4940F64802184498BF31F8122010445E
:104C2000DEE740F264600124E2E740F2E6204FF460
:104C3000B073E1E740F64800D2E700BF7E0E040003
:104C40007E0E0400014B1870704700BF3111002028
:104C50007FB590F8143103F0FF0223B140F2A52193
:104C60002120FBF701FE0C78039214F0010318BF1A
:104C70008D68CDE9012218BF0195A60707D504ADBF
:104C8000CE6805EB83050133DBB245F80C6C650794
:104C90002BD504AD0E6905EB83050133DBB245F876
:104CA0000C6C013B134D80F845314B68C0F8C8309F
:104CB000C0F8F83040F27123A0F8FC30002315F85A
:104CC000011B0C420BD004A900EB820601EB820110
:104CD000013251F80C1CD2B22B39C6F8CC1001337A
:104CE000DBB2032BEBD104B070BD002BD9D140F265
:104CF000BE21B5E78A0E040090F87B315F2B4FEAA6
:104D000053112DE9F04F044689B000F2A9808F4A73
:104D10000A4492F80F80B8F1040F04D100224FF03A
:104D2000030880F8702194F9792103F01F0394F8A7
:104D30007A91002A49EA032994F87931B4BF4FF4F3
:104D400096721E22DB0902FB09F90CBF4FF01E0B05
:104D50004FF4967B09F014FBA9EB000609F052FB17
:104D600094F87931074606EB0B0A13F0400F4F44D5
:104D70000CBF4FF4FA75322518F075F8744B0544E2
:104D8000B6F5837F0AFB05F505F5742505F23F2589
:104D9000B5FBF3F56FD394F8153103F0FF02002B48
:104DA00061D14046019209F085FF6A4B4FF47A7A4F
:104DB00053F8289009F52243B133B3FBFAF6BA361B
:104DC0005E4406EB45060644404609F073FF00903A
:104DD000404609F077FF414683462046FFF7F4FE40
:104DE00000F18C08009BA9EB0B09B044019AA8EBD9
:104DF000030804238DF808208DF81130D4E92C32F3
:104E0000B9FBFAF9933BA8EB090842F1FF32DB1931
:104E1000CDF80C8042F100025B1B62F10002CDE98B
:104E200006324D4B1878FE2803D094F854305A07B8
:104E300001D41BF04DF88DF8100002A904F58C7018
:104E4000C4F8D880C4F84061DDE90623C4E92E2304
:104E500012F062F838B940F2EE612120FBF704FD50
:104E60004FF000085FE709F0ABFC12F041F80120B9
:104E700009B0BDE8F08F40464FF47A7A09F01AFF86
:104E8000344B53F8289009F2E736B6FBFAF6203691
:104E90005E443E442E440644404609F00BFF009019
:104EA000404609F00FFF834641462046FFF78CFE3F
:104EB000A9EB0B0900F18C03009AD4F8D880334495
:104EC000B9FBFAF99B1AA3EB090AD0452BD2224B66
:104ED00093F80090B9F1FE0F03D094F854305B07BB
:104EE00002D41AF0F5FF814648461AF08EFFAAEB6D
:104EF00008034946192B38BF1923834228BF0346AC
:104F0000184698461AF0ABFF0028B1D01AF01EFFE1
:104F1000D4F8D83008EB0300C4F8D8008238C4F8BD
:104F2000E0001AF011FF94F84431103F02A80294F7
:104F30008DF8183002237F1B03968DF81030002364
:104F400005978DF81930FFF71DF990E77E0E0400E4
:104F500040420F00601104003111002001292DE9A9
:104F6000F347064605D9022900F0A08040F6420129
:104F700050E001F00104D0E92CA709F01FFA96F8DF
:104F8000788181462046414618F0FCF905464046A6
:104F900009F098FE0246002C3FD0A8F10203DBB2D4
:104FA000022B3AD8574901EB43035B8A15EB0905FD
:104FB0002CBF0121002115EB0A0547EB01075249DF
:104FC00051F8280000F2E73010444FF47A72B0FB39
:104FD000F2F02D1A67F10007ED1847F1000719F0FC
:104FE00004FF4630D6F810812C1AD8F81C9067F1CF
:104FF000000506F091F906F1E803834210D04A4615
:10500000CDE90045D8E9740119F0FDFE81451DD2B6
:1050100040F261312120FBF727FC4FF4FC73C5E718
:1050200098F87D0090B1D6E93A7A06F0CDF930B91A
:10503000B8F9F431A8F8F401DF194AEBE37A4A46EB
:1050400038465146CDE9004519F0DDFE2F4B1A6870
:10505000D6F81031824293F87E100BD9DE693218EF
:10506000DE6279B941F66A018842198616D340F2A8
:10507000D271CFE749B16422B0FBF2F1514302464D
:10508000401AD9624FF4FA71EEE740F2E242B0FB07
:10509000F2F151430246D962401AE3E7121945F191
:1050A0000005C3E9742502B0BDE8F087D0F81031DF
:1050B00013B940F2DD71ADE7002583F88C5090F80C
:1050C000781183F8741083F87510FF2483F8764004
:1050D0000339D0F81001012900F13C008CBF0021F8
:1050E000012119F0B1F8D6F8100119F0D8FFC6F86F
:1050F000105186F8164109F063FB02B0BDE8F04795
:1051000011F0F6BE7E0E040074110400341E00205F
:1051100008B50B4B30B101280DD040F655012120C8
:10512000FBF7A2FB18601A6841F669039A4206D998
:1051300040F65E01F3E740F6C4121A60F3E708BDDB
:10514000341E00202DE9F04F04468FB01E468B46DA
:105150000392BDF860801AF0F5FD81462046049167
:1051600014F063F8D4F8CCA00546002E00F0268297
:10517000002800F04482204614F0CDF9039B80F013
:105180000106F6B2002B00F0188119F5FA630593B9
:10519000049B43F10003069306F00AF906F0C2F8F7
:1051A000074604F1E8003946079006F08DF8D4F878
:1051B000101111B1079814F07DF91FB1B7F924202F
:1051C000A4F80C21B5B1D4F8F050B7B1B868059B7C
:1051D000D7E9002100938018069B2A4641F100017F
:1051E000019319F010FE854208D240F24D31212082
:1051F000FBF73AFBD4F8C850E7E73846079006F0CB
:10520000DDF8059B0798D4F8C8C0C518069B43F184
:105210000007B8F1000F00F0CB801FFA88F842F2C7
:10522000107329463A46E8FB03120CF2CF7303448D
:10523000B3FBFCF30CFB03F3EB1A67F10000C4E9CA
:105240003A300123C4E92A124FF0000804EB0802A7
:105250002046069392F87C1113F0AAFF0590069B56
:10526000D4E92A21521B61EB0701012A71F10000E8
:105270004FF00000C0F292819245884100DB9246D7
:1052800004EB8808D8F8CC20524594BFC4F8DC2041
:10529000C4F8DCA026BB1BB35900B4F90C0189B2D9
:1052A00019F064F8B4F80C21D4F810314FEAE07C1E
:1052B000121A12B2A4F80C2143B1A3F8F421D3E9D5
:1052C000742112184CEB0101C3E97421D4E93A327C
:1052D0002D184CEB07071B184CEB0202C4E93A32BD
:1052E000039B2BB1D4E93A23C4E92C57C4E93023FA
:1052F000059B2A462046C4F8D8300423C4E92E571B
:105300008BF809303B4613F0A6FF059B8BF808008D
:10531000CBF80430002E00F04C81012304998BF867
:105320000030D4E92A32B3EB090362EB0102012B0E
:1053300072F100014FF00001C0F23281B34F9F4281
:10534000914100DB1F46D4F81031D4F8C880002BFF
:1053500040F02B8107262046A8FB065613F065FF78
:10536000002800F01F81D4E92C32ED1846EB02062C
:10537000A945049BB3410FD2B5EB0905049B66EB2D
:1053800003066FF00103AB424FF00003B34102D3B9
:10539000AF4228BF2F46B846CBF81080D4F8DC00C7
:1053A000059B984234BF002001200FB0BDE8F08F6C
:1053B0004FF0FF316FF0004237E7002E39D06FF029
:1053C0000043D4E92A129A4208BFB1F1FF3F2BD023
:1053D00094F844312046234493F87C1113F0E8FEFE
:1053E000039B19F1AB0205468DF82030049B099010
:1053F00008A843F10003CDE90C2340F20243ADF8C5
:1054000028301AF002FE10B940F29641EFE6D4E9D6
:105410002A320C995B1A0D9962EB01025B1B62F157
:105420000003002BC0F2B3804D46049F01260023E9
:105430000AE7D4E93A37D4F8C8500026A9EB0302AA
:105440005919B2FBF5F205FB02F247F100075218B9
:10545000A2EB090147F10007AA290DD8D4F8B8102A
:10546000C91AB1FBF5F105FB0133D31AB3FBF5F310
:10547000AD1847F10007E7E694F87C11204613F0D9
:1054800097FE0423D4F8B8208DF82930D4F8C850FA
:10549000099020468DF82060D4E93A13521AB2FBE5
:1054A000F5F26A43521843F10003CDE90C2313F0DF
:1054B000D2FE29468DF8280008A817F0FFFE034603
:1054C000DDE90C57C0E651F8042F013302F12B0C33
:1054D000BC459FBF821A08F10108BF185FFA88F81F
:1054E000DAB29645EFD804EB0803204693F87C1116
:1054F00013F05EFE384404EB8803D3F8CC308342CB
:1055000009D3A3EB070ABAF1000F24DA40F24E41A7
:105510006DE62F466AE094F84511D4F8C82041455D
:1055200011D908F1010895425FFA88F808D204EB16
:105530008803D3F8CC3003F12B029A461546E2E7F4
:105540004FF4856153E69542F7D352009542F4D368
:1055500040F245414BE6AD19059B20464FF0000651
:1055600043F10007D4E92C2313F0F9FDD4F8C83037
:105570005843D4E93A321B18204642F10002C4E9EC
:105580003A323B462A4613F0EAFD03465EE6039BA9
:105590004D46049F01269A46984657E682466FE696
:1055A0000F46D0E6D4E93032DFE64FF0FF352E4625
:1055B000DEE68BF80060CBE90457EFE6039B002B97
:1055C0007FF4E3ADD4F8C87009F1AB05D4E93A2310
:1055D000A9EB0206B6FBF7F67E43B618A5EB060567
:1055E00043F10003AF42059393D8EF1B002394F8D7
:1055F00045E104F1C8016FF02A00984670E7039B6B
:10560000002B3FF416AF2E46BFE500BF0040420F0F
:105610000138C0B2032808B504D940F21131062080
:10562000FBF722F9014B185C08BD00BF9A0E04007D
:105630000138C0B2032808B504D940F21131062060
:10564000FBF712F9014B185C08BD00BFB70E040050
:105650000138C0B2032808B504D940F21131062040
:10566000FBF702F9014B185C08BD00BF180F0400DE
:105670000138C0B2032808B504D940F21131062020
:10568000FBF7F2F8014B185C08BD00BF15100400D1
:10569000F0B5284AA7B004460D4610686B4651681D
:1056A00002AE0F2203C300210DF189001AF00CFE97
:1056B0000021102230461AF007FE16ABDDE900018A
:1056C00083E80300234618AC03F128071868083361
:1056D00053F8041C2246BB4203C21446F6D1802371
:1056E00006AA8DF88830002302F8013B0133102B05
:1056F000FAD196E80F0012AC84E80F000AAA2146FE
:1057000006A814F07AF801230EAA214606A88DF8FF
:105710004B3014F072F82A460EA90AA804231AF096
:1057200053FD042305F1100229460AA81AF04CFD86
:1057300027B0F0BD9E0E040000487047400D0300E6
:1057400010B590F86232042B0CBF0124002406D15E
:10575000062380F862320349034818F085FC20468E
:1057600010BD00BFF1990100C01E002038B50C4DDE
:1057700002210C4C28461AF072FB60B11AF0E6FACE
:10578000E0680130E060684300F54330BDE8384030
:105790005A301AF0D9BA2069BDE8384014F0CDB8B3
:1057A000400D0300C01E002010B50BF0E1FA074CBD
:1057B00020B92069BDE8104014F0BFB8237D1BB1AB
:1057C000FFF7D4FF0023237510BD00BFC01E0020CB
:1057D00010B5094C237D5BB10AF08CF820B120692B
:1057E000BDE8104014F0A9B8BDE81040FFF7BEBFF7
:1057F000BDE810400BF0CCBAC01E002010B5164C0E
:105800002061164811F0B6FA144811F0C1FA236964
:105810001348D3F8D420D27C012A09BF93F85D3213
:105820000023B3FA83F35B0923750023E3601AF0C6
:105830008BFA20690BF0EEF818B979218520FBF777
:1058400013F820690BF002FA20B92069BDE8104076
:1058500014F073B810BD00BFC01E0020A95700008F
:105860005A0C0300014B024A1A6070475C2A002060
:10587000B4580000014B1868704700BF5C2A002034
:1058800010B50D2140F6FF70FBF78AFC044607496E
:10589000074818F0E3FB0CB90C2010BD94F86232F5
:1058A000062BF9D00AF01AF80020F6E7F599010066
:1058B000D51E00203957000037990100FD57000020
:1058C0003B990100D1570000A95700004157000043
:1058D00008B50BF04DFA28B9034B1868BDE808402D
:1058E00014F091B908BD00BFE01E0020F7B50446D2
:1058F000052900F20B81DFE811F00600A800AB00DB
:1059000009010901A40090F8623223B903B0BDE88F
:10591000F04011F0EDBA90F86232052B05D10F225C
:105920000021204614F0A2F9F0E74FF40C718068D2
:1059300010F0B2FAA368283B18441AF005FA94F85C
:105940006232032B08D094F86232022B04D040F26A
:1059500047118E20FAF788FF032384F86232D4F8C7
:10596000D4300D21B4F864222046B3F847301344F4
:10597000A381FBF76FFC06460E21FBF711FC69467D
:105980000546304617F02FFD08B18421E1E794F871
:105990005D3240F2712E95F83E710199B5F83821CB
:1059A000C969B5F850014A43B5F83A110EFB00F049
:1059B000B3FBF7F607FB16335643DBB203F1010CDA
:1059C0004B430EFB0363834201D98E21C1E7BC45E3
:1059D000A0EB030300D0F1B93244904202D8042274
:1059E00084F86222D5F84C21934218D2042284F81C
:1059F000622223F07F43D4F85022204663F317023B
:105A0000C4F850220BF006F860B9204603B0BDE898
:105A1000F04014F0F8B80EFB01F18B42DEE722F003
:105A20007F43E8E720460BF011F90028EDD0394814
:105A300011F0A0F9374811F0ABF9374B1C6003B0F7
:105A4000F0BD0BF0ADF903226AE74FF4F17180E786
:105A5000FF2380F8673290F8623203F0FF0213B937
:105A600080F86722EBE790F86232052B07D103221A
:105A7000002114F0FBF8002384F86732F2E73023AA
:105A8000694680F82032B0F86032ADF800300AF094
:105A90006FFBBDF800300228B4F86022A3EB0203CC
:105AA00084F8B030E7D001282CD1042384F8623286
:105AB0000D212046FBF7CEFB0E21FBF771FB94F87E
:105AC0005D3290F83E21B3FBF2F102FB113301335A
:105AD000DBB29A4202D0042384F86232D4F8D43084
:105AE0002046B3F84710B4F86432194489B2A18152
:105AF0000BF078F994F86232042BBCD1204613F0F5
:105B000082FFB8E720460EF0DDFAD1E74FF4F471DA
:105B10001FE700BFD1580000E01E0020014B024AE1
:105B20005A607047E01E0020ED580000024B02460C
:105B3000183059681AF063BAE01E0020024B034A7D
:105B40001A60528B9A807047E81E0020E6110020F0
:105B5000014B1868704700BFE81E002008B50346D7
:105B600010465A1E032A10D84A1E032A0DD8084A86
:105B7000012951700CBF00210A211071937091729C
:105B80001946FBF727FD002008BD6FF01500FBE765
:105B9000E6110020074B5A8A38B142F01002987A79
:105BA0005A82DA8A9A839877704722F01002988393
:105BB0005A82F8E7E611002010B4094C637A60B10C
:105BC00043F004030029637210460CBF002307232F
:105BD00063715DF8044BFFF7DDBF03F0FB03F1E7F2
:105BE000E611002040EA4100014BD870704700BF29
:105BF000E611002014280BD028280BD00A280BD13E
:105C00000323064A0020528B1340054A93807047B5
:105C10000223F6E70023F4E71E207047E611002078
:105C2000E81E0020014B9888704700BFE81E002046
:105C300070B546680D4604460E213088FBF7B0FA71
:105C4000064980F8BD50B43018F008FA002386F8F1
:105C500049312046BDE8704018F033BCE15D0000DA
:105C60002DE9F0414768054688460E213888FBF744
:105C700097FA0D2104463888FBF792FA002680F83F
:105C80006262094904F1B40084F8BD8084F8BE6002
:105C9000A4F8C06018F0E2F987F84A612846BDE828
:105CA000F04118F00EBC00BFE39F01002DE9F04168
:105CB0004668054690F800800F4630880E21FBF7B5
:105CC0006FFA0D2104463088FBF76AFAB8F1000F2D
:105CD00003D096F88E30462B15D0002384F84571FA
:105CE000A4F84831A4F84631A8B994F8453104F134
:105CF000B4000B4984F8BD30002384F8BE30A4F80A
:105D0000C03018F0ABF9002386F84B312846BDE8C7
:105D1000F04118F0D6BB90F86232002BE5D0F2E7E4
:105D2000E39F010038B5436814460D460E211888DC
:105D3000FBF736FAB4B9B0F84831B0F84621A0F80C
:105D400048419B1AA0F846411BB290F8A4205AB9CA
:105D500080F8A5509C30847283810449BDE83840A6
:105D600018F07CB90023F0E738BD00BFE39F0100C5
:105D700010B500880C460E21FBF712FA90F872302D
:105D80005BB980F8734014B9FF2380F8C23003492F
:105D90006A30BDE8104018F061B910BDBDA1010026
:105DA00070B5466804460D460E213088FBF7F8F9B9
:105DB00090F87C304BB980F87D5015B9FF2380F8FE
:105DC000C5300649743018F049F9002386F8483187
:105DD0002046BDE8704018F074BB00BF07A8010062
:105DE000F8B50C460E210646FBF734FA0E2107469D
:105DF000FBF7D6F90546002380F8C6303123A7808B
:105E00002370737AE37090F8163103F03F03A371A7
:105E100090F8F830012BE37155D190F80431002649
:105E2000237290F80831637290F80531A37290F8EC
:105E30000631E37290F80731237390F809316373E8
:105E400090F80C31A37390F80B31E37390F80A319A
:105E5000013BDBB2072B96BF1C4AFF23D35C2374A4
:105E6000D0F8F930C4F81130D0F8FD30C4F815304E
:105E7000B0F80131A4F8193090F80331E37690F8C6
:105E80000D31237790F80E31637790F80F31A377B7
:105E9000E67790F8123184F8203090F8133184F8C6
:105EA000213090F8103184F8223090F8113184F8C4
:105EB000233003F097F803681B0505D595F81531D5
:105EC000012B01D1E377F8BDE677FCE7A60E0400CD
:105ED000502808B51DD018D828280CD8092806D96C
:105EE000A0F10A020C4BD2B2D340DB0707D4322117
:105EF000D620FAF7B9FC322801D03C28F7D10A2382
:105F0000B0FBF3F00138C0B208BD9128EFD10720F3
:105F1000FAE70620F8E700BF010410404B680E21A5
:105F200030B5054689B01888FBF73AF904461B22BC
:105F3000002101A81AF0C8F994F8163194F8F82055
:105F400003F03F0343EA82138DF8043003F0C003EB
:105F5000402B40F0A880D4F8F93094F80B21CDF80C
:105F60000530D4F8FD3002F00F0294F80D11CDF891
:105F70000930B4F80131ADF80D3094F803318DF8E3
:105F80000F3094F804318DF8103094F80831FF2B5D
:105F90008DF811301FBF94F805318DF8123094F848
:105FA00006318DF8133094F807318DF8143094F8D9
:105FB00009318DF8153094F80A318DF8163094F8BF
:105FC0000C311B0103F0300313439DF8172022F01E
:105FD0003F0213438DF817309DF8183061F3030327
:105FE000DAB28DF8183003F00F03012B0AD11346F3
:105FF00094F80E2162F307138DF8183094F80F31DE
:106000008DF8193094F81201FFF762FF8DF81A002D
:1060100094F81301FFF75CFF94F810318DF81B0022
:10602000642B2CD025D8502B2BD03C2B05D81D2BE6
:1060300007D80F2B0CD0142B0AD05D21D620FAF7ED
:1060400013FCA3F11E011D4AC9B2CA40D107F4D501
:106050000A22B3FBF2F3013BDBB28DF81C3094F85B
:106060001131142B11D0282B24D00A2B24D04321FA
:10607000E4E7782B07D0962BDFD10923EDE7072340
:10608000EBE70623E9E70823E7E701238DF81D3056
:1060900094F815315A1E534253419DF8172063F36B
:1060A00086128DF81720284601A917F076FD1C20CE
:1060B00009B030BD0223E9E70023E7E701041040FF
:1060C000436810B50C4618880E21FBF769F804499F
:1060D00080F887407E30BDE8104017F0C8BF00BF91
:1060E000E15D00002DE9F04F466889B090F800802E
:1060F00007468A4630880E21FBF752F8044690F88E
:10610000C2B05FFA8BFBB8F1000F08D0D6F8805010
:1061100015F480650DD0012009B0BDE8F08F96F828
:106120008E30002BF7D1302196F88D0013F0ACFFA4
:10613000054602F051FF0A0401F4004940F10781CD
:1061400096F89230002B00F0048196F89330002BE3
:1061500000F0FF80B5B90D213088FBF721F860B958
:10616000BBF1000F0DD0504601A917F04DFD01A85D
:1061700014F04CFC08BB1E2504E090F86232002BA2
:10618000EED00C25B8F1000F03D096F88E30002B1E
:10619000C1D12A463021384618F0C0F9362386F896
:1061A0008E30B9F1000F03D029463846FFF788FF3B
:1061B000384618F08FF90020AEE79DF8043003F060
:1061C000C003402B40F0AF80214601A814F08EFCA4
:1061D000002800F0BA809DF80430C3F3050203F0F4
:1061E0003F0103F0C003402B40F09D8094F817312D
:1061F0001BB994F816319942BDD1012384F81621B8
:1062000084F8F830002384F81731DDF80530C4F83D
:10621000F930DDF80930C4F8FD30BDF80D30A4F8D0
:1062200001319DF80F3084F803319DF8103084F867
:1062300004319DF8113084F808319DF8123084F84B
:1062400005319DF8133084F806319DF8143084F838
:1062500007319DF8153084F809319DF8163084F81F
:106260000A319DF81730C3F3030203F03003B3FA89
:1062700083F384F80B215B0984F80C319DF8183006
:10628000C3F30302C3F3031384F80E319DF81930EE
:1062900084F80D2184F80F319DF81A30052B36D87B
:1062A000013303EB83035B00DBB284F812319DF80A
:1062B0001B30052B30D8013303EB83035B00DBB2CB
:1062C0009DF81C2084F81331082A97BF254B96238C
:1062D0009B181B7A84F810319DF81D300BB3012BED
:1062E0000CBF1423282384F8113102F07BFE0368CD
:1062F0001B0544BF9DF81750C5F3801584F8155150
:10630000B8F1000F27D13B2386F88E3050E7062BDB
:106310000CBF50239123C8E7062B0CBF50239123B9
:10632000CEE70A23DFE79DF8043094F8162103F046
:106330003F0393427FF41FAF0023012284F8F8301B
:1063400084F8172184F81831DAE720251AE71A258E
:1063500018E72F2516E7D6F8803043F48063C6F897
:10636000803025E7A60E04002DE9F041466804467A
:10637000884696F88E707FBB02F02EFE0B040DD47B
:106380001A223921204618F0C9F83623204686F80B
:106390008E3018F09FF83846BDE8F08196F89230BC
:1063A00013B196F893300BB92F22EAE763680E21F8
:1063B0001888FAF7F5FE054600F1E20300F1DA026B
:1063C00000F1CA01404617F0C8FB044905F18800F6
:1063D00017F04AFE3D23D9E70127DCE77BAC01003B
:1063E000436810B50C4618880E21FAF7D9FE044907
:1063F00080F89A409130BDE8104017F02FBE00BFE2
:1064000001AC01002DE9F74F1E461368834615467F
:1064100037680093BB4204D94FF48D71D320FAF74B
:1064200023FAD1F804A09AF87F0003F047FA044653
:106430000AF13C0017F0CCFEDAF83C3061009842DB
:106440001FFA81F838BF1846414600F5E9794846F9
:106450000FF022FD9AF874202D4B00F11004DAF8A9
:106460001C00414653F822304FF47A724C4403F238
:10647000E733B3FBF2F3DBF84C2197332732B62B2B
:10648000024438BFB623B2FBF0F2504301930FF041
:1064900003FD9BF83E218146BBF83A014146019B32
:1064A0005043DBF84C2102F1480B40F2712202FB11
:1064B00000BBDAF81C009B440FF0EEFCDAF81C106D
:1064C000D944484481429CBFB0FBF1F301FB130067
:1064D000009B081A0139814228BF01468C4228BF1F
:1064E0000C46A34238BF2346BB421C4628BF3C464D
:1064F000A1422C6038BF2146B94228BF39468C42A0
:10650000316002D94FF4B27188E703B0BDE8F08F73
:106510007411040070B5441EE5B21F2D0ED8A1F20F
:10652000E2460D4DAE4209D840F27126012806FB25
:1065300002F505D001F19602954203D2002009E050
:10654000002AFBD106FB03F005FB0411884234BF8F
:106550000020012070BD00BF1D043D0073B54668DA
:1065600005460E213088FAF71BFE2F4B4FF4FA72C6
:10657000044690F82C11CDE90023D0F8282114F01E
:1065800002FCC4F84C010EF0C5FD84F83E010EF08B
:10659000C7FD294601AB6A46A4F83A012046FFF739
:1065A00031FF009B019A23F07F43F06994F83E117C
:1065B000C4F8303122F07F435032B4F83A510139F7
:1065C000D4F84C610244C4F83431694340F2712577
:1065D000324405FB0122B4F81C11B2FBF0F2013287
:1065E000A4F85011A4F83821B4F82221012A18D0B7
:1065F0009533034405FB0133B4F82011B3FBF0F3EA
:106600009BB28B4238BF0B46A4F8523194F82C3120
:10661000A4F8542184F856310F2384F85A3102B07B
:1066200070BD0023F0E700BFFF083D002DE9F04FEB
:10663000466897B00F4605460E213088FAF7B0FD40
:106640000D2104463088FAF7ABFD06A9804638468E
:1066500017F072FB2F7896F88D0037BB322113F0BC
:1066600013FD824694F8C83083B303AA04F5AE71D3
:1066700004F1F8000EF0F8FA96F88E90B9F1000FD8
:1066800040F05A8102F0A8FC0B0429D41A223221CE
:10669000284617F043FF362386F88E30284617F039
:1066A00019FF484617B0BDE8F08F34280CBF4FF0F3
:1066B0002A0A4FF0000AB8F1000F05D098F862726C
:1066C0007A1E57425741CDE74746CBE703ABD4F894
:1066D000F900D4F8FD10B4F8012103C31A80CBE708
:1066E00094F8C4300BB92F22D1E7BAF1000F01D0D2
:1066F0005246CCE70DF1180C0DF1340AD5F804E040
:10670000BCE80F00AAE80F009CE807009DF81830CD
:106710008AE8070003F03F0394F81621934213D14F
:1067200094F8F830012B0FD194F8173163B9BDF804
:106730001930BEF886209B1A1BB2002BB8BF5B42F3
:106740009BB2B3F5804F01D31E22A0E7BDF81C30E9
:106750009DF81B207A4942EA032202F18073A3F5D7
:10676000FA7323F07F438B42EED8BDF81E309DF8BC
:10677000201043EA01439A42E6D8DEF81C209A42F0
:10678000E2D90A99BDF82130BDF8262021F07F41D9
:106790009DF82500FFF7BEFE0028D5D0BDF82D20BE
:1067A000BDF82B30012A3ED1002BCDD1BDF82330CE
:1067B000002BC9D09DF84F3003F00F02042A01D9F5
:1067C0000F2AC1D14F2B03D903F0F003F02BBBD11B
:1067D0009DF82FB0BBF1070FB6D89DF831309DF86A
:1067E00030A01846019317F000FE0128ACD1019BA0
:1067F000082BA9D8BAF10F0FA6D8504617F0F5FD0F
:106800008246FFF7A5F9437853459DD394F80C11C0
:1068100058460DF047FF824596D303A80EF0E0FAE4
:1068200020B9482233E7002BC0D18DE7BDF82B20DB
:1068300047F6FE739A421BD89DF831309DF82FB071
:106840000193FFF785F92222824600210DA819F055
:106850003BFD3C4B524659460D930DAB94F80C0151
:1068600014F0A0FC20B10199686814F012FB08B97B
:1068700020220CE7B8F1000F05D098F8623213B16E
:106880000FB90C2203E74023BDF81C20204686F8F0
:106890008E309DF81B3043EA02239DF82020C4F877
:1068A0003031BDF81E3043EA0243C4F83431BDF83C
:1068B0002630A4F83A319DF8253084F83E319DF811
:1068C00024209DF8233043EA0223A4F83831069BA4
:1068D000C3F30F23A4F83C310A9BC3F31703C4F896
:1068E0004C319DF82C209DF82B3043EA0223A4F86C
:1068F00052310B9BC3F30F23A4F85431089BC3F30D
:106900000F23A4F850319DF8313084F857319DF8A9
:10691000323084F858319DF82F3084F856319DF884
:10692000303084F85A31696814F080FA064904F16D
:10693000AA0017F099FBB1E64FF00109B1E600BFDC
:106940000B073D0000040400B9AD01002DE9F04F34
:10695000466889B005460F4696F88D0014F007FA90
:10696000002800F002810E213088FAF719FC02A9F4
:106970000446384617F052FA9DF8083094F816216C
:1069800003F03F03934214D194F8F830012B10D157
:1069900094F817316BB96968BDF80920B1F88630F1
:1069A000D31A1BB2002BB8BF5B429BB2B3F5804F2A
:1069B00014D343F21E3300221E21A6F81C313623C5
:1069C000A6F8C62086F88D302846FFF7ABF96B682D
:1069D000002083F84A0109B0BDE8F08FB4F83C31DB
:1069E000D21A1304E5D4BDF80C309DF80B20604892
:1069F00042EA032202F18073A3F5FA7323F07F4386
:106A00008342D6D8BDF80E309DF8100043EA00430B
:106A10009A42CED8C9699942CBD9D4F830118A426A
:106A2000C7D3D4F834219342C3D89DF81830BDF8A9
:106A30001680BDF8149048EA03489DF81300B4F896
:106A400050314A464146FFF765FD0028B1D0BDF8F8
:106A50001130002BADD09DF81930072BA9D894F830
:106A60000C71184694F856B1394601939DF81AA056
:106A70000DF018FE3946009058460DF013FE009AAE
:106A8000019B824295D1B7FA87F718467F093946AC
:106A90000DF008FE3946009058460DF003FE009BAD
:106AA000834286D8504617F0A0FC012881D1BAF164
:106AB000080F3FF67EAFD4F84C3198453FF679AFDA
:106AC000B4F83A314B453FF674AF9DF81A10686838
:106AD00014F0DFF9024650B943F220332021A6F822
:106AE000C600A6F81C31362386F88D306CE7029B71
:106AF0002046BDF80C20C3F30F23A4F83C319DF8C9
:106B00000B3043EA02239DF81020C4F83031BDF861
:106B10000E3043EA02439DF81820C4F83431BDF822
:106B20001430A4F83A319DF8133084F83E31049BB8
:106B3000C3F30F23A4F838319DF81A3084F8573185
:106B40009DF81B3084F858319DF8193084F856317F
:106B5000BDF8163043EA0243C4F84C31422386F8AC
:106B60008D30696814F062F931E7012033E700BF26
:106B70000B073D0043682DE9F04F93F88E2089B054
:106B800005460F46432A40F0AA80002683F88E600F
:106B900017F0B1FC6B680E211888FAF701FB03A906
:106BA0000446384617F090F99DF80C3094F81621F9
:106BB00003F03F03934240F09E8094F8F830012B9D
:106BC00040F0998094F81731002B40F09480696868
:106BD000BDF80D20B1F88630D31A1BB2002BB8BF18
:106BE0005B429BB2B3F5804F80F08580B4F83C31B6
:106BF000D21A13047FD4BDF810209DF80F306248DC
:106C000043EA022303F18072A2F5FA7222F07F4276
:106C1000824270D8CA699A426DD9D4F83021934221
:106C200069D3D4F83421934265D8BDF818309DF863
:106C30001780BDF8159048EA03289DF81400B4F8B1
:106C400050314A464146FFF765FC002853D0BDF855
:106C50001230002B4FD09DF81A30072B4BD894F8E8
:106C60000C71184694F856B1394601939DF81BA053
:106C70000DF018FD3946009058460DF013FD009AAE
:106C8000019B824237D1B7FA87F718467F09394608
:106C90000DF008FD3946009058460DF003FD009BAD
:106CA000834228D8504617F0A0FB012823D1BAF11F
:106CB000080F20D8D4F84C3198451CD8B4F83A3194
:106CC0004B4518D89DF81B70686839469DF91C80A3
:106CD00014F0DFF8C0B976B1002220210DE093F85E
:106CE0008D303F2B4DD117F0ECFB6B68002283F801
:106CF0004A2101264EE700221E212846FFF712F8FE
:106D0000002009B0BDE8F08F3EB994F85731BB427E
:106D1000F1D194F958314345EDD1BDF81020284602
:106D20009DF80F30002143EA0223BDF81820C4E982
:106D30004C33059BC3F30F23A4F83A319DF814306C
:106D400084F83E31BDF81230A4F83831039BC3F308
:106D50000F23A4F83C319DF8173043EA0223BDF815
:106D60001A20C4F84C319DF91C30A4F85621012298
:106D700084F85831FEF7D6FF6968204614F056F8BB
:106D8000BEE70120BDE700BF0B073D0010B504467C
:106D900014F0EDFC08B9002010BDE04314F0E7FC4E
:106DA0000028F8D0E31683EAA4635A1E1A42F2D0F0
:106DB000E3B25A1E13405A1E1342ECD0A0B217F091
:106DC00029FB0B28E7D8204617F020FB1828E2D82B
:106DD000A3B2B3EB144F04D184EA142313F0FF1FC2
:106DE000D9D0044B6340581E1840003818BF01200A
:106DF000D2E700BFD6BE898EF0B5070C164BA7F5BB
:106E0000AA4203EA9023543A012A20D927F40040E9
:106E100042F6AA22801A18BF0120002216211F2440
:106E2000164687EA060562EA0505013511D0DD033D
:106E300001394FEA5303ADB245EA56064FEAC4356D
:106E40004FEA5404ADB245EA5202EAD1F0BD002047
:106E5000E3E70020FAE700BFE0FF3F00F8B50D468A
:106E6000074640F67A4CBDF81860A81FBDF81C1004
:106E700080B2604515D8941FA4B264458CBF002031
:106E8000012087B9194C247984B188B96FF450670F
:106E9000EC19062C04D86FF450641419062C07D989
:106EA000F8BD0020EDE797F87D40EDE70028F7D02A
:106EB000954218D803FB0111B1F5FA7F13DCA6F156
:106EC0000A0340F676409BB283420CD8104614F079
:106ED00039FD42F2107341435E43B6EB410F8CBF64
:106EE00001200020DCE70020DAE700BFF01E0020D0
:106EF000304BF0B5B0F868700C4611461A88B0F8FF
:106F0000666085B097425D8828BF1746964228BFC5
:106F100016461B2E2ED0B5F5A47F2DD040F6480383
:106F200001AA9D4228BF1D4614F05FFDBDF80A303E
:106F3000BB4228BF3B46E380BDF80C30AB4228BFC4
:106F40002B462381BDF80630B34228BF3346638009
:106F5000BDF80830AB4228BF2B46A380FF23237027
:106F6000E3881B3B9BB2E02B08D940F2E761392054
:106F7000F9F77AFC1B2FCED105B0F0BD63881B3B1F
:106F80009BB2E02B02D940F2E961F0E7238940F699
:106F90004812A3F5A4739BB2934202D940F2EB616D
:106FA000E5E7A388A3F5A4739BB29342E4D940F22A
:106FB000ED61DCE7F01E0020F7B5002304460E4625
:106FC0001746CDE900336846FAF724F908B10020E6
:106FD00016E0009DA542F6D03046EB1C14F0ACFC48
:106FE0003946AA7816F0F8F80028ECD005F10A0323
:106FF0006A7A04F10A01607A16F0EEF80028E2D00D
:1070000003B0F0BD054A516A02F11D03127F11F869
:10701000030BC0F3801016F0DFB800BF702400200F
:1070200001281ED8022B0DD1A2F57A700F4B984281
:1070300019D8A1F57A70984215D88A428CBF1220CF
:10704000002070470A4882420DD8012B0CBF40F245
:10705000527340F6C3139A4205D9A1F6C410054BEA
:10706000E9E7122070473020704700BFA7F970028F
:107070008FFD7002CBF3700210B504460A4811F080
:1070800074FE0A492046FDF7E3FD204611F094FD09
:1070900038B12046FDF796F8204611F063FE002037
:1070A00010BD1220FCE700BF0C1F0020141F0020A1
:1070B0002DE9F04F9A4685B0754B04460DF108094D
:1070C000744F186888461B791646029089F8043078
:1070D00097F8563013B1484602F0A6FC6E4D0021D9
:1070E000204602F063FCAB68A4F80080E36396F8E6
:1070F0004A2006EB4202B2F82AB0584614F022FCAD
:1071000001466FF4506000238344BBF1060F6BD936
:10711000908C4FF0961284F87E302387626340F2A1
:10712000E24214F00FFC04F055F940F2E24301464C
:10713000A4F8E4312046E161C4F8E01117F09AFFA9
:10714000834601F049FF8306297C53BF1B236B88CC
:10715000AA881A46A4F86630504BA4F868201B6829
:1071600084F84410A4F846B01BB194F97C10404652
:1071700098473B79003B18BF012384F87D30484B8A
:107180001B6813B147492088984701236386464B03
:107190001B6813B1454920889847454B1B6813B1BC
:1071A000444920889847444B1B680BB12088984776
:1071B000424B1B680BB120889847AB8804F1140040
:1071C0006A8869780333033201919BB2297892B2BD
:1071D000009104F11801FAF77DF8636973B941F27F
:1071E000C4113920F9F740FB4FF04D1223870123DA
:1071F000626384F87E304FF47A7399E7A36913B918
:1072000041F2C511EDE714F077FB2062BAF1000FEF
:1072100004D002F09BFF20F07F40A06296F84A3035
:107220002046E96806EB4306338EA384F38EE3849D
:1072300017F01DFF494604F1960016F03AF997F849
:10724000563013B9FF2384F83532BB6D23B10122C8
:1072500004F59571204698471949204616F07DF8A7
:1072600002F074FF0C230121B0FBF3F202FB1300C8
:10727000C0B2431DDBB2082B9CBF0D30C3B2204609
:1072800084F8A23002F092FB05B0BDE8F08F00BF99
:10729000CA7C0400F01E0020AC2300206C2A0020D1
:1072A000642A0020F81E0020842A00202A1F0020C3
:1072B000742A0020341F0020782A00207C2A002015
:1072C000CA23002010B503210020F9F769FF044606
:1072D00070B90321F9F728FF044620B94FF459711A
:1072E0003920F9F7C1FA034B93F95C1017F0E5FD6B
:1072F000204610BDF01E00202DE9F04F87B0074654
:107300008846008804A916F06EF8064600287CD14D
:10731000059D95F87D31002B6DD0B8F1020918BF9D
:107320004FF0010995F88E30272B95F8E13043EAAC
:10733000D3030CBF89F0010A4FF0000AD90702D429
:10734000BAF1000F63D0B8789DF8104008B901F089
:107350004DFE8DF80B00F87808B901F047FE2E4B72
:107360008DF80C00D3F800B0BBF1000F0BD00AF081
:10737000010320460DF10B022946009303ABD847C9
:10738000044600283AD19DF80B20B2B39DF80C308A
:107390009BB3164695F87D2032B1B20703F0020385
:1073A00037D5B3B302231E46FF2285F83521B9F144
:1073B000000F28D195F8342102F0FF041ABB85F89C
:1073C000348103A985F83661284685F83731BB88B2
:1073D000A5F83831BA78ADF80E308DF80C20FA786F
:1073E0008DF80D2015F0B9FF002385F835312046C2
:1073F00007B0BDE8F08F814694E70924BAF1000F89
:10740000F5D00023C6E73A24EEE70446EFE71A2456
:10741000EDE70924EBE700BF802A0020034B93F837
:107420002200C04300F00100704700BFAC230020E1
:10743000044B93F82200C0F3400080F0010000F0FC
:1074400001007047AC23002038B515F0C4FE0025BC
:1074500002F044F8224C01F0D7FD16F0E0FD03F0F5
:10746000FFFD02F001FB06F03DFB012001F070FD85
:107470001C4B1D4A29461D601C4BA4F854501A6031
:107480001B22DD839A80F9221D8483F822501D7708
:10749000174B22835868174A1B8922601422E06127
:1074A00004F124002384A576A580A57518F00CFFAF
:1074B000012342F2107204F13A0084F8243084F877
:1074C0003930C4E90A2218F08CFA04F1440018F0AB
:1074D000ADFA0022002384F86850C4E9182338BDAF
:1074E000F01E0020602A002003021B00AC230020B5
:1074F000B70E04001B004801064B41F64C521B21FD
:107500005A611974C3E9022241F288329A61FFF785
:107510009BBF00BFAC230020024B1B6803B1184780
:107520000C207047602A0020014B93F95C007047E3
:10753000F01E0020B0F9002011B292B2F8B502F5A9
:10754000A0639BB2B3F5206F37D8B0F902301DB2FB
:107550009BB203F5A06080B2B0F5206F2DD802F287
:10756000F64040F2BE5480B2A04228D803F2F64062
:1075700080B2A04223D800294FF00A04C4BF0932C8
:1075800011B2002DC8BF093391FBF4F4C8BF1DB27E
:1075900006F0B0FA0A2367B2064695FBF3F13846C7
:1075A00049B206F099FA074B1B6813B1A01B40B211
:1075B00008B90020F8BD9847FBE73020FAE7112012
:1075C000F8E700BF682A0020034B5A8802801B7826
:1075D00083700020704700BFAC2300207FB5837804
:1075E00006461A2B08D8042B04D9334A22FA03F38F
:1075F000DB0705D412251AE0292B01D03B2BF9D14A
:107600003088B0F5706FF5D2694615F0ECFE88B998
:10761000019B93F8282102F0FF05C2B9B27883F8E4
:107620002921FF2283F82821684614F060FB2846B0
:1076300004B070BD09213088F9F7B2FD0446002876
:1076400037D002A9B0F8AC0115F0CDFE08B10C2579
:10765000EDE70821B4F8AE01F9F7A2FD20B940F634
:107660001E213920F9F700F903781BB994F8C831C5
:10767000032BECD1039B93F83E21002AE7D194F829
:10768000F02102F0FF05002AE1D1B4F8B021A3F8FF
:10769000402194F8B82183F84221027D83F84321E8
:1076A000B27883F8442184F8F021FF2283F83E2148
:1076B000BDE70225BBE700BF200038040188A1F127
:1076C0001B039BB2E02B0CD8428844F24810A2F571
:1076D000A4739BB2834204D8034B002019805A80C4
:1076E00070471220704700BFF01E0020034B1A881D
:1076F0005B88028043800020704700BFF01E00209E
:1077000038B50278447802F0010302F0020254EA2C
:10771000030101D1112038BDBAB98578002DF9D007
:10772000002B18BF002400E01D46204614F050F93D
:107730000028EFD0284614F04BF90028EAD0054B7A
:1077400000209C77DD771884E5E7002BECD000243F
:107750002546EAE7AC23002013B50088694615F0FA
:1077600067FE044620B9019890F83A311BB13A24DB
:10777000204602B010BD90F8DA3003F0FF04002B71
:10778000F5D190F8D1309B0706D1FF2380F83A312C
:10779000684614F0ACFAEBE70249D23016F067FC09
:1077A000E6E700BFBDEA01002DE9F84F0378044683
:1077B000032B03D912252846BDE8F88F4378032B05
:1077C000F8D8437E8578002B50D1012DF2D101F0FD
:1077D0000DFC854340F09D8094F8029019F001055E
:1077E00006D001232269A168E078FFF719FC05465D
:1077F00019F0020F07D002232269A168E078FFF791
:107800000FFC2843C5B219F0040F00F0868094F8ED
:1078100003B00423D4F808A0226958465146FFF764
:10782000FFFB284310F0FF05C5D1B9F1050F0ED1BC
:1078300094F804900423E16862694846FFF7F0FB7E
:1078400005460028B7D1CB4563D18A4561D1237E57
:10785000013B062BAED801210020F9F7A1FC05461B
:1078600090B940F618613920F8F7FEFF072DA1D82E
:10787000A90706D5022D9DD1294B5B79002BA6D1F6
:1078800098E7002D96D0A2E7A83011F0BFFD18B1FF
:1078900095F854309A073ED1657EE278003DA17894
:1078A000A06818BF0125012AB4F800E014BFB2FA9D
:1078B00082F2022294F818C018BF5209CB071FD5D4
:1078C0004B0726690BD56769F319984207D243081D
:1078D0009E4228BF1E46831B9F4228BF1F46104B57
:1078E00083F82150002519775A77A3F81EE083F812
:1078F00020C083F82410C3E90A06C3E90C875AE7BD
:10790000022902D1D4F81080E9E74B0748BF276964
:10791000E5E711254FE70C254DE7002D97D04AE705
:10792000F01E002000B589B0437940F271218DF836
:10793000043083798DF8053001238DF80630037803
:107940008DF80730B0F801304B430393B0F80320B3
:107950004A430D4991F820100592A2F6C4128DF801
:107960001C1000218DF81D1008498A4209D8A3F681
:10797000C4138B4205D801A8FFF716FF09B05DF8C4
:1079800004FB3020FAE700BFF01E00203C369C00CC
:107990002DE9FF4106460078012813D17378012BA9
:1079A00003D9022B0CD1B38853B17288B2B1B3881A
:1079B000A3B10A214A434FF4A0614B439A420DDB25
:1079C00012247AE00028FBD10121F9F7E9FB0546F2
:1079D000002840F08E8040F6727107E001210020FF
:1079E000F9F7DEFB054620B940F617713920F8F7A4
:1079F0003BFFB388002B76D111F07DF8002874D1BD
:107A000095F81431002B72D12846FFF735FB044658
:107A10000028D5D10121DFF830810846F9F7C0FBF5
:107A200098F83810074619B110B940F63371DDE700
:107A300098F81C200023CDE9023312F001031CBF8B
:107A4000D8F82C000290520741BF04AA02EB83032E
:107A5000D8F8342043F8082C002941D097F8143185
:107A6000002B3DD07388DBBB98F81C303846009360
:107A700002ABD8F8282098F81E1011F01DF978B341
:107A8000384611F0C9FC07F14003064605F14002F3
:107A9000683753F8041BBB4242F8041BF9D128464F
:107AA000FFF7EAFA024610B140F65A719EE70C2E33
:107AB00007D10146284611F072FE204604B0BDE809
:107AC000F08116B140F6637190E798F81D302846B2
:107AD000296D43F0040385F8543011F03EFEECE7C5
:107AE000B2887188E6E71124E7E73A24E5E70C2439
:107AF000E3E711F039FC04460028DED195F8543054
:107B000095F8A62022B195F8A720134385F8A60082
:107B1000053B012BD1D82B6D13B940F6827165E777
:107B200001210846F9F73CFB4FF4C072294606468E
:107B30000FF0C2FE002386F894300423316D3046E6
:107B400086F85430C9E700BFF01E00202DE9F04F41
:107B5000457A8BB00446A90706D46A070AD11224D5
:107B600020460BB0BDE8F08FAB4B1B7913B945F045
:107B700001054572072DF2D801F038FA35EA000008
:107B800040F08E8094F8483053B9012DE7D1A369B5
:107B9000A24AA3F25373934200F25381012602E0FA
:107BA00015F00106F3D1AB0745BF731CB1464FF08A
:107BB000FF09DEB26F070AD5B31D994A54F8233086
:107BC000A3F6C413934200F23C810136F6B204F1ED
:107BD000080704F122054FF000085FFA88F39E427F
:107BE0002BD823789A1E022A5AD9012BB7D813B959
:107BF000A378012BB3D86378032BB0D894F849301D
:107C0000013B062BABD8844F01210020F9F7C8FABD
:107C100097F838300546002B5BD101210846F9F76B
:107C2000BFFA002818BF054605F1A80011F0EEFBC9
:107C30000646002867D00C2492E7994532D0D7F841
:107C400004A03B6953458AD86A8B2B8C9A4286D80C
:107C50000120B5F814B06988EB892A89CDE900B014
:107C60000020CDE90213FFF7F9F8002800F0E980C1
:107C7000B8F1000F28D02888029988427FF46FAFAE
:107C8000E98891427FF46BAFAA89039B9A427FF403
:107C900066AF6B8A5B457FF462AF3B689A4513D051
:107CA00011245DE7012E0FD13A695E49A2F57A737E
:107CB0008B4200F2C6807B68A3F57A70884200F29E
:107CC000C0809A423FF64BAF08F1010804370235F5
:107CD00083E7A83011F09AFB00289ED06FF0004394
:107CE000D5E92A129A4208BFB1F1FF3F95D1637AD4
:107CF0002846009304F11803E268617810F0DCFF75
:107D00000646002889D0284610F0FBFE08B13A2428
:107D100026E7284610F0EFFE0028F8D1BB7E53B9C5
:107D200005AF05937B6006238DF81A303846F9F7C6
:107D300071FA002865D000210DF11200F9F7BCF9A5
:107D4000074600287BD001232246BDF81210FFF71A
:107D5000AFF9384604F022FA1EB96178284610F0CF
:107D600062FF04F10309A278217828464B4610F0FF
:107D700002FF002861D016B92846FCF723FA4B46CB
:107D8000A2782178284610F05BFF94F80980B8F1BA
:107D9000020F05D001F02AF908EA000808F00508EA
:107DA0004146284610F0CDFE16B9042385F854301C
:107DB0002F654A46A07813F0BFFD0146284610F013
:107DC0005AFF237883B30121284610F06FFF012169
:107DD000284610F06EFF002E35D00421284610F002
:107DE000F4FE002840F082800C2400213888F9F746
:107DF000EDF900283FF4B4AE41F296413920F8F78E
:107E000033FD059B93F8CD20802A8FD093F8E53081
:107E1000002B8BD00FE700BFF01E00203CF6700255
:107E2000CBF37002A7F970024A46A1783846FFF7F3
:107E3000C3F80028C7D00B24D7E71224D5E70D24B8
:107E40008EE630248CE6637AE16813F001028DF847
:107E50001460069104D0A069079001208DF81400E9
:107E60009E070DD5022B09D1901D54F820000890D3
:107E70009DF8140040F002008DF814000132D2B2D7
:107E800058071BD59DF81400063203F0050354F87B
:107E9000222040F00400052B09928DF814000DD12A
:107EA00007981318994209D24B08834228BF03460A
:107EB0000793CB1A934294BF0993099205A92846C8
:107EC000FCF7C6FE94F848102846003918BF012177
:107ED00010F04EFE94F84910284610F02FFE284668
:107EE00010F040FF3946284611F037FC002437E6F1
:107EF00010B5437994B0032B57D823F002030279CD
:107F000040F271218DF80630D0F806308DF804204B
:107F1000CDF807304389027BADF80B3001238DF893
:107F200005208DF80D3003884B43049342884A4363
:107F30000792A2F6C412847B417B41EA0421ADF88A
:107F40002810047CC17B41EA0421ADF82E10847C0A
:107F5000417C41EA0421ADF83410047DC17C41EA42
:107F60000421ADF83A10417D847D41EA0421ADF849
:107F70004010C17D007E41EA00210E48ADF8461058
:107F800000218DF84C108DF84E100B4990F8200010
:107F90008A428DF84D000AD8A3F6C4138B4206D846
:107FA00001A8FFF7D3FD14B010BD1220FBE730206D
:107FB000F9E700BFF01E00203C369C0073B5062395
:107FC0000025CDE900558DF806306846F9F722F90D
:107FD00008B1002610E0009D95F8CD30802BF4D03C
:107FE00095F8E560002EF0D095F83131002BECD1FA
:107FF00095F8CC30002BE8D101210020F9F7D0F81A
:10800000044620B941F2C9413920F8F72DFCA830C7
:1080100011F0FCF9224B93F8383073B3E0B194F8C7
:108020005430053B012B17D8204611F0F5F90546D1
:1080300010B141F2D441E7E72046FCF741F894F84B
:1080400054302A46294623F00403204684F854304D
:1080500011F0A5FB00250DE001210846F9F7A0F875
:10806000044610B94FF4A751CEE7A83011F0CEF96D
:1080700060B90C25284602B070BD28B9002EF8D092
:10808000FF2385F8CC30E5E7002EF9D1204611F02A
:10809000C3F905460028EDD12046FCF711F8E9E7C1
:1080A000F01E00200278034672B1427862B1428825
:1080B0001A2A09D982881A2A06D90068034A106048
:1080C00000209B889380704712207047AC230020CB
:1080D00002680020014B9A60704700BFAC2300206B
:1080E00002680020014BDA60704700BFAC2300201B
:1080F0000378A3F10A02112A9BBF024A0020122032
:1081000013747047AC2300200378FF2B15D14378FC
:10811000FF2B12D18378FF2B0FD1C378FF2B0CD10B
:10812000037923F0E0021F2A07D11F2B05D05B093A
:10813000034A002082F8203070471220704700BFA9
:10814000F01E0020014B187600207047F01E002022
:10815000014B587600207047F01E0020024B1B6830
:1081600003B1184711207047882A002008B5052060
:1081700000F0FAFE17F07EF8014B024A9A6508BD3E
:10818000F01E0020F16E000008B5212000F0ECFE8A
:10819000222000F0E9FE05F0CBFA054B054A1A60F3
:1081A000054B064A1A60064B064A1A6008BD00BF16
:1081B000682A0020D3F701006C2A0020F5D80000BF
:1081C000702A002001F7010037B5044600F004FFD3
:1081D000090403D40C24204603B030BD2588694629
:1081E000284615F025F904460028F4D1019B93F8A0
:1081F000922082B393F893206AB393F8E320120796
:10820000E8D593F8E530DB09E4D00E212846F8F7ED
:10821000C7FF054690F8C230002BDBD0B0F85A30CB
:108220009B0713D590F87C30002BD4D11123482222
:10823000214680F87D3018F047F8FF2385F8C530D7
:10824000064905F1740015F009FFC4E7019BFF2200
:1082500083F84821BFE72F24BDE700BF07A801002E
:108260002DE9F04FB0F8008091B004460EA94046C9
:1082700015F0DEF8064620BB1D229DF838100F9839
:1082800001F00AFF002840F086810E214046F8F7F1
:1082900087FF054690F8C63003F0FF06002B40F03C
:1082A0007C810F9B93F89220002A00F0788193F84C
:1082B0009320002A00F0738193F8E330180704D468
:1082C0000C26304611B0BDE8F08F95F8C230002B77
:1082D000F6D0617904F10D07A0780D91217BE27D44
:1082E0000139237994F806E0C9B294F8079094F81C
:1082F00008A0022994F809B097BFDFF8ACC2FF21AB
:108300008C449CF8211094F81AC0CDF828C094F839
:1083100019C0CDF824C094F818C0CDF820C094F846
:108320000AC0CDF81CC094F80BC0CDE9051C0D990E
:10833000CDE903AB00913946CDE901E912F00AFB22
:10834000002800F02E81E378012B00F22A81A37A25
:10835000A3B995F8F23013F0010F00F02281FDF778
:10836000F7FB237E81460193237B0093E37A6279B6
:10837000217912F08BFB40B91126A2E7012BEED137
:1083800095F8F23013F0020FE7E7237E05F148007D
:108390000193237B0093E37A6279217912F076FBD3
:1083A0000028E9D0A27A002A40F0818095F84B306D
:1083B00013F0020FE0D005F1F80013F0D0FA20B16D
:1083C00095F81611A3789942D6D1E37ED90705D541
:1083D000012A73D1B9F81230DB06CDD50D21404604
:1083E000F8F7DEFE13F0C4FA00287FF469AFA37833
:1083F00085F81631D4F80D30C5F8F9307B68C5F82A
:10840000FD303B89A5F80131E37D85F803312379FF
:1084100085F804316379FF2B85F8083117BFA379FC
:1084200085F8050185F80531E07985F80601237A9C
:1084300085F80731637A85F80931237B013BDBB28C
:10844000022B97BF584AFF239B1893F8213085F8D9
:108450000A31E37A85F80B31A37A85F80C31237E53
:1084600085F80D31637E85F80E31A37E85F80F31D6
:1084700000F0B8FD03680722B5F85C1013F4006340
:108480001CBFE37E03F0010385F81531B9F8140031
:1084900011F09AFF95F815318046002B5ED0A37A33
:1084A000072283B9B5F86410B9F816000FE0012A65
:1084B00081D195F84B3013F0010F7BE7002A8DD165
:1084C000B5F85A3088E7B5F85E10B9F81C0011F01D
:1084D0007BFF0922B5F860100746B9F8180011F0C3
:1084E00073FF8146FDF79EFB0222B5F8621011F082
:1084F0006BFFB8F1050F35D808F1010808EB8808C3
:108500004FEA48085FFA88F8052F85F8128131D8BC
:10851000013707EB87077F00FFB2B9F1080F85F835
:10852000137197BF204B96234B4493F8243085F862
:10853000103120B301280CBF1423282385F81131F2
:10854000FF2285F8C620E378012B1AD185F8F83090
:1085500085F817310F9B83F84921B2E60722B5F859
:108560005E10A1E7B8F1060F0CBF4FF050084FF0B6
:108570009108C9E7062F0CBF50279127CDE70A23A2
:10858000DCE7012300210EA885F8F83085F81711E3
:10859000FDF796FD95E6452693E63A2691E62F26C9
:1085A0008FE612268DE600BFB70E040073B50446B1
:1085B0000CF016FC00285FD017F0C4FB304A92F88C
:1085C000683053B12F4ED2E91835C31A61EB050557
:1085D0009E424FF00003AB4150D2012382F8683035
:1085E0000023C2E91801CDE900336846F8F712FE0E
:1085F000D0B100204FF40033CDE900036846F8F70E
:1086000009FEC8B10023CDE900336846F8F702FE41
:10861000C0B100224FF40033CDE900236846F8F7DB
:10862000F9FDE0B1002005E0009B93F84C31002BF0
:10863000DBD03A2002B070BD009B93F84C31002B88
:10864000DCD0F6E7009890F8E5305906DDD500F566
:108650009472234630F8801B13F067FAD5E7009830
:1086600090F8E5305B06D9D500F59472234630F8D2
:10867000801B13F05AFAD1E71220DBE70C20D9E770
:10868000F01E00203F420F0003882DE9F7439FB200
:1086900004460B80B7F5706F04D31226304603B042
:1086A000BDE8F0836946384614F0C2FE064600284D
:1086B000F4D10E213846F8F773FDA37890F816210F
:1086C00005469A42E9D1F83013F049F90028E4D080
:1086D000032AE2D8B4F80330002BDED0B4F8093016
:1086E000012B09D0B4F80520002AD6D0B4F8073001
:1086F000002BD2D09A42D0D8227BE37A43EA0223DD
:10870000627B43EA0243614A03F18073A3F2E243CE
:1087100023F07F439342C0D8E17BA37B43EA01234C
:10872000217C43EA014303F18073A3F2E24323F087
:108730007F439342B1D8637C072BAED8A37C013B27
:10874000032BAAD8207D0F28A7D895F80C9115F0F7
:108750004CFE8046607CB9FA89F149090BF0A2FF12
:1087600080459AD3637D053BDBB2F92B95D9A37D78
:10877000053BDBB2F92B90D90D213846F8F710FDF7
:1087800013F0F6F800287FD1FDF7E2F90746207DC7
:1087900015F02BFE95F84930834201D20D267DE776
:1087A00005F148033A46617C95F80C0112F0FAFC99
:1087B0000028F3D0B4F8037040F27123B4F8090034
:1087C000BAB25A4383B2012B5BD0019BB4F805C007
:1087D000D3F81CE0BCF57A7F61460EF1FF3328BF69
:1087E0004FF47A711344B3FBFEF30133B4F807E09E
:1087F000B3F57A7F28BF4FF47A739BB2734528BFD5
:108800007346634538BF634694F80CC094F80BE098
:1088100094F80F804EEA0C2E94F80DC04EEA0C4EE0
:1088200094F80EC04CEA082C94F81080A5F81E119C
:1088300047F6FE714CEA084CA5F81C718B42A5F86E
:10884000220128BF0B46964594BFC5F824E1C5F820
:108850002421944594BFC5F828C1C5F82821A5F85E
:108860002031637C85F82C31A37C85F82D31E37CA5
:1088700085F82E31237D85F82F31FF2385F81831B7
:108880000CE700210B46BFE70C2607E71E043D005E
:108890002DE9F84F0D21044640F6FF70F8F780FCF3
:1088A000002840F08C822278531E022B02D912201D
:1088B000BDE8F88F6378FF2B06D1B4F81B104D0785
:1088C000F5D4022A0CD10FE0002BF0D0191FC9B249
:1088D000FA29ECD9022A05D003F0FD010129E6D0DE
:1088E000032A01D0022BE2D0A378032BDFD8E37850
:1088F000013B022BDBD82679012ED8D86379062BD1
:10890000D5D8A379013B022BD1D8E379013B032BC6
:10891000CDD8627A237A43EA0223A27A43EA024359
:1089200040F2E1429342C2D9B4F80B20617BD2B14C
:1089300040F2712042439A4215DA0129B7D894F9DE
:108940000E2002F17F03DBB2932B01D97D2AAEDD2D
:10895000E37B502B1BD8312B07D80A3BDBB21E2BF5
:10896000A5D8864A04E02029E8E7323B844ADBB2F6
:1089700022FA03F3D8079AD5237C502B1CD8312B2D
:1089800008D80A3BDBB21E2B91D87C4A05E0912B1C
:10899000F2D08CE7323B7A4ADBB222FA03F3D907F2
:1089A00085D5637C3C2B00F2C4801D2B07D80F2B90
:1089B0000DD0142B0BD07AE7912BF2D077E71E3B2A
:1089C0006E4ADBB222FA03F3DA077FF570AFA37CBD
:1089D0000A3BDBB21E2B3FF66AAF694A22FA03F369
:1089E000DB077FF564AFE27C0A2A3FF660AF40F216
:1089F0001743D340DF077FF55AAF94F814A0BAF1BC
:108A0000070F3FF654AFA37D053BDBB2F92B7FF692
:108A10004EAFE37D053BDBB2F92B7FF648AFA37E7B
:108A2000002B3FF444AFB4F81B90564B19EA030FE8
:108A30007FF43DAF94F81D80B8F1680F3FF637AF73
:108A400019F0010F04F11E077ED0A57F6B1E472B86
:108A50003FF62DAF3A46002312F8011F01334E298D
:108A6000DBB23FF624AF9D42F6D10135EDB219F0ED
:108A7000040F05D07B5D002B3FF419AF0135EDB23B
:108A800019F0080F05D07B5D042B3FF610AF0135C0
:108A9000EDB219F0100F10D0504617F805B00BF0DA
:108AA000F5FD0BF017FE0138C0B2834503D9BBF1C9
:108AB000FF0F7FF4FCAE0135EDB219F0200F1CBFA3
:108AC0000835EDB219F0400F0CD07A5D6B1C402ACE
:108AD0003FF6EDAEFB5C1BB1443B4A2B3FF6E7AEE5
:108AE0000235EDB219F0800F05D07B5D022B3FF609
:108AF000DEAE0135EDB219F4807F07D07B5D072B28
:108B000002D9802B7FF4D3AE1135EDB219F4806F0A
:108B100002D0012E3FF4CBAEA8457FF4C8AEFDF7DE
:108B200017F82279C37805461341DE072CD41120AB
:108B3000BEE6782B3FF44BAF04D8502B3FF447AF41
:108B4000642B37E7962B35E738460CF049F90028B7
:108B50003FF4ADAE94F82830012B3FF6A8AE0AD111
:108B600094F82930012B3FF6A2AE94F82A30023B4C
:108B7000062B3FF69CAE0D2579E700BF010410409F
:108B80000104004002FAFFFF2378032B02D0637830
:108B9000032B02D12B79D807C9D56379002B49D192
:108BA000AB79002BC3D0A379012B05D06A7A013BA6
:108BB00042FA03F3D907BAD5E2796B789A42B6D86C
:108BC000A98AE07B12F0DBFE0028B0D0E98A207C85
:108BD00012F0D5FE0028AAD0627C2B8B322A4FD00F
:108BE00033D81E2A49D02BD80F2A3DD0142A3FD083
:108BF000A27C6B8B0A2A4CD0142A4ED0207DE37CB9
:108C000000284DD1002B92D10BF040FDAB78834270
:108C10008DD32179207D0BF045FD6B78834286D37F
:108C20002379002B40D0012B47D043F275513920D6
:108C3000F7F71AFE013B012B94BFEB792B7AB0E7D3
:108C4000282AD5D1C3F3C00314E0642A1ED006D865
:108C50003C2A18D0502ACBD113F0400F06E0782AD6
:108C6000C6D1C3F3002305E013F0010FC0D15EE7C6
:108C7000C3F34003002BBBD159E7C3F38003F9E7EB
:108C8000C3F30013F6E7C3F34013F3E7C3F3C013D2
:108C9000F0E713F0010FB1D149E713F0020FFAE743
:108CA000AA7A9A42B0D942E7A27DFF2A08D00123CE
:108CB0009340EA7A134203D139E7E27DFF2AF7D1E4
:108CC000B4F81B3013F0C20F7FF431AFDA0707D4CA
:108CD00094F82830012B03D16B8A5B077FF527AF0F
:108CE00040F6FF7011F011F90E21054640F6FF70B5
:108CF000F8F756FA064648B90E2140F6FF70F8F725
:108D000013FA48220021064617F0DEFA15B943F29D
:108D10009B518CE7B4F81B3006F1F90813F0010FF2
:108D20000DD1D4F81E3031462846C6F8F9307B689C
:108D3000C8F804303B89A8F808300BF0E7FF00239F
:108D4000C5F8D480A5F8183286F8163185F85D325A
:108D50002D64032385F862322946204607F0B8FACD
:108D600005F1400616F09EFFB4F80B3040F2712278
:108D70001BB353430027A5F89C20C5F89830A5F8ED
:108D80007A70FCF777FD2867304602F07BF9B4F87B
:108D90001B3013F480630BBF217A3A46627A40F6A7
:108DA000340101BFA07A41EA02211A4641EA00419A
:108DB0003046BDE8F84F02F075B91346DAE70C20EB
:108DC00076E500BF08B50378012B08D0022B0BD045
:108DD0007BB9D0F80120084B9A61002008BD40788B
:108DE000BDE80840FCF706BFB0F901000CF072F9CD
:108DF000F3E71E20F2E700BFAC23002010B50A4CB9
:108E0000072000F0B1F8094904F1080013F068FFE9
:108E100004F10C00064913F063FF04F1100005494A
:108E2000BDE8104013F05CBF5C1F002090110020D3
:108E300098110020A011002010B507200B4C00F065
:108E400093F80C2000F090F804F10800084913F0A2
:108E500047FF04F10C00074913F042FF04F1100032
:108E60000549BDE8104013F03BBF00BF5C1F002068
:108E7000A8110020B0110020A011002010B5064C50
:108E8000064904F1080013F02BFF04F10C0004491B
:108E9000BDE8104013F024BF5C1F0020B811002073
:108EA000C011002010B52E20084C00F05DF83020D5
:108EB00000F05AF804F10800054913F011FF04F11D
:108EC00010000449BDE8104013F00ABF5C1F0020E9
:108ED000C8110020D011002038B5074C0D4600F015
:108EE000EDFEA068256013F0F3FEFEF705FB01F030
:108EF00045F90123237538BD5C1F0020014B187D07
:108F0000704700BF5C1F002010B50C4CE06813F0E8
:108F1000DFFE206913F0DCFEFEF796FA202000F059
:108F200037F82F2000F034F8262000F031F82920FF
:108F300000F02EF80023237510BD00BF5C1F002039
:108F400000487047711F00200048704773200020C0
:108F5000014B83F8190270475C1F0020014B93F806
:108F6000190270475C1F0020C208074900F0070083
:108F700001238340885C03438B5404490B7893425C
:108F800038BF13460B70704738110020762100203F
:108F90000F4B012110B503EBD002C40800F007000D
:108FA00001FA00F0195D21EA0001195509490B7811
:108FB000A34205D1002012F8014914B100B10B7091
:108FC00010BD002BFAD0013B0120DBB2F3E700BF5C
:108FD0003811002076210020014BD3E900017047B1
:108FE000381100200048704740110020054B1868D8
:108FF000C0F3C022C0F30020400040EA820040F0ED
:10900000010070473811002008B50CF091FF0023D3
:10901000074A32F82310814205D302EB830293788A
:10902000044A137008BD01330C2BF2D10023F7E77B
:10903000E80E040077210020024B1878072828BF8B
:10904000072070477721002010B54468238884F8F2
:109050008B11A4F88C3194F87400FCF7F9FA84F8B9
:109060008E0194F87500FCF7F3FA054984F88F0136
:1090700004F5C17014F0FBFF002384F8343110BDF7
:109080006BCE010030B5C1F30723CCB21E4985B0C9
:10909000C5B2C0F307220978019049B919462046A4
:1090A00013F0EEFE20B91146284613F0E9FE10B386
:1090B0002A40224003EA02010B46880720D411F01F
:1090C000010203D1C1F380018900CAB2990719D402
:1090D00013F0010003D1C3F380039B00D8B2042A2C
:1090E00004D1BDF80630012B08BF0322D2B242EAF8
:1090F000002005B030BD05EA030102EA0403DCE705
:109100000222E3E70220EAE77821002040680749CD
:109110000388A0F87E3190F86C3080F8803190F8A8
:109120006D3000F27510037314F09BBFA5CE0100E3
:10913000034B002283F85020A3F85220704700BF51
:109140007A210020044B93F85020012A1ABF0360B3
:1091500001200020704700BF7A210020064B024604
:1091600093F8501001291BBF0120A3F852200020C2
:1091700083F85000704700BF7A210020054B02465B
:1091800093F8500028B1136011B1B3F852300B803E
:10919000012070477A210020054B002293F85000EF
:1091A000A3F8522010B1012083F85020704700BF6F
:1091B0007A210020034B93F85000B0FA80F0400968
:1091C000704700BF7A21002050B90A4A0120134697
:1091D00003F8010B0868C2F801008A889A8070477A
:1091E000012805D1034B0A68D8719A608A889A8150
:1091F000704700BFCE21002050B90B4B187888B1C2
:10920000D3F80120B3F805300A6001208B80704745
:10921000012806D1044BD87920B19A689B890A604D
:10922000F3E70020704700BFCE21002010B9044BA7
:1092300018787047012806BF014BD8790020704785
:10924000CE210020F7B58A8800238DF80600ADF8FE
:10925000042008680B4A8DF807300146147802F59F
:10926000A872019DD8B2844201D8082007E052F8C4
:10927000087F01335668AE4208BF8F42F2D103B077
:10928000F0BD00BFE0210020084B0146002230B5B0
:109290005C7803F20113D0B2844201D8082004E0C4
:1092A00013F8015F01328D42F5D130BDE02100207D
:1092B000F8B52D4C63782218013B92F80251DBB2CD
:1092C0008342637030D01A010101961C8F1C264422
:1092D000274406F1100C56F804EB664547F804EBFA
:1092E000F9D1823282312244214402F1100652F82F
:1092F000047BB24241F8047BF9D1E118221891F8BD
:10930000026182F8026106267343704303F5857398
:1093100000F58570E618E35827182350B388BB8002
:1093200091F83A3182F83A312846FFF7ADFF082824
:1093300018D12378013BDBB29D42237012D02B332E
:1093400005F12B0204EBC30304EBC20293E8030014
:1093500082E803002078FFF797FF08281CBF241835
:1093600084F80251F8BD00BFE0210020F0B5254D82
:1093700089B095F8984105F29911684622460EF099
:109380009BFA2146684613F045FF0446B8B300EB4C
:10939000400102A8C9B2F7F7DDFC631E95F8A16190
:1093A0000124DBB295F8981105E0721CB2FBF1F0D4
:1093B00001FB1022D6B206F120020DEB020010F8DC
:1093C000202C002AF1D103EB430100F8204C06EBDE
:1093D000460220312A44694411F8187C82F8A271AF
:1093E00011F8177C11F8161C82F8A37182F8A411E9
:1093F000013BAA19DBB282F89941FF2BD2D109B007
:10940000F0BD00BFE021002070B5064688B00C46D4
:10941000002A4ED0294A92F8A131D01890F899111B
:1094200019B9FF212820F7F71FFA03EB4301013395
:10943000114491F8A251E57091F8A35191F8A4114B
:1094400025716171002180F8991192F89811B3FB90
:10945000F1F001FB103382F8A13192F8C23123B947
:10946000174902F5DD7014F0FFFD65790D2200212A
:10947000684605F03F0545F04005657116F024FF8C
:10948000E37804AA69468DF80F30304623798DF8C9
:109490000D508DF80E30042316F096FE9DF81F3007
:1094A00023709DF81E3063709DF81D30A37008B0C6
:1094B00070BD03216018F7F74DFCD6E7E0210020CE
:1094C0006D930000044B5A78824286BF1B1893F8B4
:1094D00042010020704700BFE0210020064B00221F
:1094E0004FF461711A8083F8C32183F8C421A3F873
:1094F000C61183F8C2217047E0210020014B93F888
:10950000C4017047E021002010B51446FFF79AFE11
:10951000082813D0FFF7B8FE094B5A7882420DD9BC
:1095200004B12070184490F83A3190F84A01012BA8
:1095300008BF40F0010000F0010010BD0120FAE773
:10954000E02100202DE9F0478246894617469846DB
:10955000FFF778FE08280546064603D0FFF794FE7D
:10956000082860D1324C6378072B5ED8082D15D1BE
:109570002678731C072E237003D96C212820F7F757
:1095800073F906F12B02D9F8000004EBC20344F88A
:109590003200B9F8042083F806A09A80657807F1B4
:1095A00010026B1C290163704B1C234412F8010D3F
:1095B000BA4203F8010FF9D1813108F110032144B7
:1095C00013F8012D984501F8012FF9D125441021F8
:1095D000404613F067FE102185F84201384613F02B
:1095E00061FE85F802616678002385F84A013146FC
:1095F000104885F83A3113F00DFE0128054607D8CA
:1096000031460D4813F006FE002818BF0135EDB2B3
:1096100084F898510025284684F8A151FFF7A6FE4A
:109620002846BDE8F0871220FBE70720F9E700BFD6
:10963000E0210020222300202A230020064B10B521
:109640005878013840B2002800DA10BDC4B2204674
:10965000FFF72EFE601EF5E7E0210020014B83F8A6
:10966000C3017047E0210020014B93F8C30170470C
:10967000E0210020431E4AF2B7129BB293429DBFE5
:10968000024BA3F8C601012000207047E021002012
:10969000014BB3F8C6017047E02100200A4B30B5FA
:1096A0005C7884420ED9184490F802012B3003EB09
:1096B000C004A5790D7053F8300010600120A38814
:1096C000938030BD0020FCE7E021002070B5064605
:1096D0000D4605F08FF904F091FA0A4890F8C3415D
:1096E00064B1417861B100F1820302303246002D4D
:1096F00008BF184604F02AFA04F0B2FA204670BDFA
:109700000C46FBE7E021002008B5064B024603EBC0
:109710000113012103F1820004F018FABDE80840AA
:1097200004F09EBAE02100200246074810B590F8E8
:10973000C34124B1417821B1023004F007FA204638
:1097400010BD0C46FBE700BFE0210020F8B506463F
:10975000174C48B3617804F5A17013F05BFD94F8E1
:109760009851074604F29910294613F053FD2D1A1B
:10977000EDB2AF421AD800256278EBB29A4201D816
:109780000120F8BDE21892F842215AB9062132466A
:1097900001FB034104EB031301F5857103F1820022
:1097A000FFF732FE0135E7E70546E5E70020E8E789
:1097B000E0210020F0B51B4E89B007460D467378B6
:1097C00083422CD9331893F8424144BB0D222146E1
:1097D000684616F079FDEB7806EB071004AA8DF8C1
:1097E0000F3069462B7982308DF80E306B798DF809
:1097F0000D30042316F0E8FC2A789DF81F309A42B9
:109800000AD16A789DF81E309A4205D1AC789DF84D
:109810001D30E31A5C425C41204609B0F0BD0020D7
:10982000FBE700BFE0210020074B5A78824209D9AC
:109830001A1892F842212AB9062202FB003000F5DC
:109840008570704700207047E0210020F8B50E4673
:10985000074606211546304613F024FD044670B134
:109860000C4B0022587803F23913D1B2884202D847
:1098700001242046F8BD013203F8015FF5E73146C7
:10988000384613F0E3FC0828F3D0024B034483F876
:109890003A51EDE7E0210020034B80F87C101B6873
:1098A0000BB10088184770478C2A0020014B024AF0
:1098B0001A6070478C2A0020BFF401000B2808B5FD
:1098C00004D940F20D112920F6F7CEFF014B33F8F1
:1098D000100008BD200F040030B5002442F21075BE
:1098E000A0F84040B0F844404C43B4FBF2F4A0F878
:1098F0004440541E05FB0343B3FBF2F3A0F842308F
:10990000084BB3FBF2F30133A0F84830838F05FB1B
:109910000344436B5943B4FBF2F4B1FBF2F18463AB
:10992000416330BD005A620270B504460D46F9B974
:109930004FF4407216F0C8FCFE22012384F8E65072
:1099400084F81E217F2284F8963084F88B20164AF2
:1099500084F8E830C4F8E0206F2284F8E4206FF047
:109960003C0284F8E5206FF07F0284F8E72070BDA8
:10997000012911D10023A0F8E43180F8DB3140F651
:10998000B833C269A0F8BC301146C38C04F1800022
:10999000BDE87040FFF7A0BF0229E8D1B0F8D63289
:1099A000D0F8D022C169F1E72BC904C470B50446D0
:1099B0000D46F9B94FF4247216F086FCFE220123FD
:1099C00084F8E65084F81E217F2284F8963084F8CB
:1099D0008B20144A84F8E830C4F8E0206F2284F821
:1099E000E4206FF03C0284F8E5206FF07F0284F8F9
:1099F000E72070BD01290CD140F6B833C269A0F848
:109A0000BC301146C38C04F18000BDE87040FFF704
:109A100063BF0229EDD1B0F84A32D0F84422C169BF
:109A2000F1E700BF2BC904C4054B1B7833B9054BC4
:109A30001A681B790260037101207047002070478B
:109A4000A823002048110020054BFF221A70054A68
:109A5000016811600179117100221A70704700BF0E
:109A6000A82300204811002007B5064A1068127983
:109A7000009068468DF80420FFF7E6FF03B05DF81C
:109A800004FB00BFCA7C04000346084671B13F2BAB
:109A90000BD8074AD35C03F07F02914205D08CBFFC
:109AA0000120002000EAD31070470120704700BF5A
:109AB000380F04002DE9F04F85B08B4615469846C7
:109AC00002A99DF8384013F08EFC824620B9039E0F
:109AD00035B9012386F89430012005B0BDE8F08F38
:109AE0007769294638460EF071FC01460028F4D00B
:109AF000224B5B88AB423FD3019038460EF0A2FD6B
:109B000096F8943001998146002BA0F801A018BF67
:109B10004FF0020B80F800B008460EF09BFD824625
:109B2000E4B1748FD4B116F00DF940F271235C43A7
:109B3000241841F10001CAF804102A46414609F1EF
:109B40000300CAF800400DF0B7FE294638460EF073
:109B500078FC28B98B212B20F6F786FE2146EAE710
:109B60009DF8083033B102A812F0C1F8039B00221F
:109B7000A3F8D2210023ADE75046AEE7AC23002086
:109B8000FF230B7002234B7083238B70014B1B78D8
:109B9000CB707047D02300202DE9F84FD0F8048017
:109BA0000C46D8F8186030460EF03EFD054620B948
:109BB00040F253111020F6F757FE014630460EF0E2
:109BC00041FDB5F800B082461FFA8BF717B940F295
:109BD0005711EFE7224B00F103091B68D3B998F83E
:109BE000003098F801202370637802F00F02A4F887
:109BF00002B023F00F03134323F0C00363709AF8FD
:109C0000003003F00303012B0FD0022B0DD040F2E4
:109C10007511CFE73A464946B8F80000984705461F
:109C20000028DCD12846BDE8F88F6278304663F31F
:109C3000051262700EF010FD054610B940F27F115A
:109C4000B8E7FB2F02D94FF4C771B3E73A4649464C
:109C5000201D0DF031FE30460EF055FCE2E700BF4E
:109C6000902A002038B5134C10220021201D16F038
:109C70002BFB0125257404F108031022002104F1B7
:109C80001400C4E9013316F01FFB84F8205004F1DE
:109C90001803094AC4E9053300236362A36284F808
:109CA0002C30C4F82D30C4F8313084F835301360CE
:109CB000A36338BDD0230020902A002010B5084CA3
:109CC0002378FF2B04D04FF4CC711020F6F7CCFD95
:109CD0000DF05EFD2070BDE81040FFF7C3BF00BF70
:109CE0004D11002010B5034C20780DF06BFDFF23C3
:109CF000237010BD4D110020014B18780DF072BD7E
:109D00004D110020014B024A1A607047982A00202A
:109D1000999B00002DE9F341DFF89481054608F195
:109D20001407D8F80830D8F81840227A012A22D12E
:109D3000D8F8382052B1137A1BB9BF211020F6F79A
:109D400093FDD8F83840C4B9002093E01A7A012A6C
:109D5000FAD01C46534AEFF3108172B6506800687F
:109D6000506001B962B6A34208BFC8F83840237AF0
:109D70001BB9EE21E2E73A46EDE7267AF6B2052373
:109D80002372731E0B2B7ED8DFE803F07A0623368E
:109D9000773F4E3F3F3F3F6B636813B940F20B2163
:109DA000CCE72046294698470420EFF3108272B68C
:109DB000237A052BD9B24FF0000369D12372D8F86A
:109DC0003810A14201D1C8F83830002A45D162B616
:109DD00043E0636813B94FF40571AFE729462046A5
:109DE00098470346ADF80400C0B2C3F30723012B24
:109DF0003ED0022BD9D129E0636813B94FF4077123
:109E00009CE7204698470020CFE7274B1B68002B94
:109E1000F9D03246606829469847A6F10A02042024
:109E2000534253415B00E4E763680BB9FE2185E7C9
:109E30000D222A7001221988AA706A7100225869BD
:109E4000A5F80310AA710EF05EFB0420D8F8383094
:109E5000A34202D10023C8F8383000283FF461AF94
:109E600008E0124B294620461B689847034668B90C
:109E7000267298B102B0BDE8F08140F253215DE74F
:109E800040F256215AE740F2592157E70220DDE718
:109E900011B940F27A2151E7184696E7002B7FF47A
:109EA00040AF51E7D4230020942A0020982A0020B4
:109EB000D0230020134610B5027A22B140F20131BE
:109EC0001020F6F7D1FC0A4601460248BDE81040D2
:109ED00014F0A7B8D4230020044890F82C301BB904
:109EE0000349243014F0BAB8704700BFD0230020D3
:109EF00015E001000346064890F83C203AB190F87E
:109F0000352022B9034900F82D3B14F0A7B870475B
:109F1000D0230020819B00000A4610B5037A23B1AC
:109F200040F209311020F6F79FFC01460723024852
:109F3000BDE8104014F075B8E42300201346027AFF
:109F40000AB1037270470A460146014814F069B825
:109F5000D423002003460846F0B4B3F86020B3F8D9
:109F6000544093F875509442B3F85810A5F1030586
:109F7000B3F84A7028BF1446B3F86220EDB2B3F8C4
:109F80004E608A42A3F84A4028BF0A46012DB3F822
:109F9000501087BFB3F852C015464FF4296C4FF4E8
:109FA0002965A142A3F84E5038BF2146624538BF0B
:109FB0006246A742A3F85010A3F8522026D1741B82
:109FC00018BF0124B3F85C20B3F85610B3F848600A
:109FD0009142B3F84C5028BF114693F87420033ACD
:109FE000012A15D9B3F85A20B3F85E70BA4228BFD7
:109FF0003A468E42A3F84810A3F84C2002D195426D
:10A0000000D144B10549F0BC14F031B80124D9E7BE
:10A010004FF42962EDE7F0BC704700BF8BE0010010
:10A020000B8BA2F809001046A2F80B304B8BA2F85C
:10A030000D308B8BA2F80F30CB8B0249A2F8113078
:10A0400014F00FB839E1010008B50B4A0B460B4973
:10A0500070B1492B04D940F207312C20F6F704FCEB
:10A06000012008701178994238BF1946117008BD57
:10A0700008701B21FAE700BF4E1100200D240020BC
:10A08000014B1878704700BF0D240020014B187851
:10A09000704700BF4E1100202DE9F04704461746D7
:10A0A00090F874908A4690F87580058F59BBC68EDB
:10A0B000043613212088B6B2F7F772F840B3BAF12C
:10A0C000000F22D194F8741014F010F8B0F804A026
:10A0D0004946384613F0F2FF0F4B0746B4F85000DC
:10A0E0001B78063541469842354438BF18465544DA
:10A0F00013F0E4FF38440544E069A8422CBF002077
:10A100000120BDE8F087868ED2E794F87510DBE772
:10A110004FF0960ADCE700BF4E110020094AD2E951
:10A120000003434083EAB01181EA43214FEAF3433D
:10A1300011605360044B58434FEAF06000EB80001D
:10A14000704700BF10240020BB79379E094AD2E92E
:10A150000003434083EAB01181EA43214FEAF3430D
:10A1600011605360044B58434FEAF06000EB8000ED
:10A17000704700BF50110020BB79379E10B50A4CC4
:10A1800008210948F6F7E6FDD4E900321343F7D079
:10A19000064CFFF7DBFF2060FFF7D8FF2368606005
:10A1A0001843F6D010BD00BF50110020102400202D
:10A1B00038B5A0F10C0314460D46DBB22046432B04
:10A1C00096BF0C4AFE21D15C14F03BF988B985B1E9
:10A1D0002978342909D03F2909D0272908BF262109
:10A1E0002046BDE8384014F02CB93221F8E73E2172
:10A1F000F6E738BD780F0400174B184A9A60184AE2
:10A20000DA62184A1A61184A5A61184A9A61184A59
:10A210001A63184A5A62184ADA64184A9A64184A41
:10A220009A63184B184A9A60184A1A62184A5A6078
:10A23000184A1A60184A9A62184ADA62184ADA60AA
:10A24000184A9A61184A1A63184A9A64184ADA64D2
:10A25000184A5A62704700BF9C2A0020B7E50100E7
:10A26000E1E80100AFE8010073E80100F9AA00008D
:10A27000D5AC0000C1AB000005EA01002DEA0100E9
:10A280005DAB00009C2B0020D3E50100ABE9010091
:10A29000E7E50100EBE601003FE90100FDE8010010
:10A2A00061E9010021E90100DBEA01007BEA01002C
:10A2B00065EA0100C5E90100054B064A1A65064A30
:10A2C0005A65064B064A1A65064A5A65704700BF2A
:10A2D0009C2A002099E701006BE701009C2B0020DD
:10A2E00051E7010031E80100054B064A9A65064A2C
:10A2F000DA65064B064A9A65064A1A66704700BF39
:10A300009C2A002013D0010011D101009C2B0020B9
:10A310000DCF010067D10100114B124A12481349B9
:10A3200070B5134E134D144C1A60144B144AC3F8F5
:10A330008C60C3F89050C3F89440124BC3F88C0063
:10A34000C3F89010C3F894200F4BC3E92365C3F8FA
:10A3500094400E4BC3E92301C3F8942070BD00BFA5
:10A36000AC2E0020D3F401008BF801001BF9010092
:10A37000BBF8010089D900005DD800009C2A0020AC
:10A38000BBF901009C2B00209C2C00209C2D002060
:10A39000574B584A58495948DFF818C22DE9F04F31
:10A3A0001A60574B574A584C1A60584B584A594DE7
:10A3B0001A60594B594A5A4E1A605A4B5A4A5B4FC7
:10A3C0001A605B4B5B4ADFF8F0911A605A4B5B4AAC
:10A3D000DFF8E8811A605A4B5A4ADFF8E4E11A6064
:10A3E000594B5A4ADFF8DCB11A60594B594ADFF829
:10A3F000D8A11A60584B594A1A60594B594A1A60E9
:10A40000594A5A4BC2F8E410C2F8D0305849594B57
:10A41000C2F8E000C3F8B41057495848C2F8C81051
:10A420005749C2F8D440C3F8CC105649564CC3F82B
:10A43000E850C2F8BC60554DC3F8B810C3F8D80056
:10A44000534E54485449C2F8C070C2F8B890C3F88B
:10A45000BC80C2F8D8E0C3F8DCC0C3F8C4B0C2F80E
:10A46000C460C3F8C050C3F8C840C3F8E0A0C2F845
:10A47000E800C3F8D410494A494BC3F8D020494AF0
:10A48000C3F8C050C2F8C0703B4F474DC2F8C87007
:10A490001A4FC3F8E450C2F8E0701B4F434DC2F8A6
:10A4A000D4701C4FC3F8C840C3F8E8701C4F404C30
:10A4B000C2F8BC70334FC3F8E0A0C3F8B8702F4F98
:10A4C000C2F8B890C3F8BC80C2F8D8E0C3F8DCC0CA
:10A4D000C3F8C4B0C3F8D870C2F8C460C2F8B450AE
:10A4E000C2F8CC40C2F8E800C3F8D410BDE8F08F41
:10A4F000B02E002073A60100EDAC0100B5B601003E
:10A50000B42E0020D1A601007BB30100B82E00209C
:10A510001D5F00004DB50100BC2E0020CFA801003A
:10A5200017A70100C02E0020A5AC0100FBA8010068
:10A53000C42E0020C9AC0100C82E0020D9AE0100F5
:10A54000CC2E002093B00100D02E0020F1B10100EC
:10A55000D42E002047B60100D82E002019B30100E8
:10A56000DC2E002093B401009C2B0020D3B201000C
:10A5700007AD01009C2A0020DFAF010037A80100D1
:10A580004D69000015A601002D660000E560000081
:10A5900015A90100F5B40100A9B30100756B000015
:10A5A0009C2C00209C2D00206963000043AD01001D
:10A5B00085B1010097A80100A1A601007DA70100B7
:10A5C0007DA8010083AB0100C9B601003F2A70B528
:10A5D00005460C4643D83F2A44D8DFE812F046002F
:10A5E0009600B100BD00D800BC01BC01E800EA0043
:10A5F000F000BC01BC01F300FF00EA00430043008F
:10A600000301BC01BC01170117012E012E01350108
:10A6100043004300BC013A0146014A014E01570183
:10A6200059015B015D0166016F019C019E014300C0
:10A6300043007601A601A4018E01840186018801F0
:10A640008A019001940192019801BC014300960196
:10A650008C019A01A801AA014300A001A201FF2ACE
:10A6600000F06D814FF4A1610DE1456841F2707316
:10A67000D5F84412B5F83E22A1F57A7098420BD86D
:10A680004FF47A73B1FBF3F303F550639BB264208C
:10A690000126B2FBF0F20CE040F2E2406FF45066AB
:10A6A000B1FBF0F39BB29E19062EF0D90026B2FB47
:10A6B000F0F223711B0A62706371B5F84832A3711E
:10A6C0001B0AE371B5F84A3223721B0A637295F8CC
:10A6D0001F3133B905F50F7305F51072284613F0D5
:10A6E0008FFFB5F83C32A3721B0AE372D5F84032F3
:10A6F00046B164220C20B3FBF2F3A370C3F307232B
:10A70000E37070BD40F2E242F4E74668D6F83032BA
:10A71000C1F8013096F834324B71406890F81F311F
:10A720003BB913F038FF6B68B3F886301844A6F8CD
:10A730003602B6F836320820A3711B0AE371E0E74F
:10A740000378012B436802D193F8203101E093F89C
:10A75000293102206370D4E743681720D3F87822A8
:10A76000C1F80120D3F87C22C1F80520B3F880227B
:10A77000A1F80920D3F85822C1F80B20D3F85C22A5
:10A78000C1F80F20D3F81031C1F81330B9E742688F
:10A79000D2F8EE31C1F80130D2F8F231C1F805300B
:10A7A00043680D20D3F81431C1F80930A9E7436894
:10A7B000CAE7084600F042FA0028A2D161E000F0A2
:10A7C0004FFAF9E7102306204B7059238B700023B2
:10A7D000CB70A3230B7130234B7192E7436893F83E
:10A7E0001A31B6E70278436852B993F820213AB19A
:10A7F00093F81D214A7093F81C310320A37080E761
:10A8000093F81B21627093F81A31F6E74368092028
:10A81000B3F860204A70120A8A70B3F82221CA7015
:10A82000120A0A71B3F85C204A71120A8A71B3F8ED
:10A830002031CB711B0A0B7263E7436893F8362112
:10A840004A7093F83731D8E70146204612F0A3FB4F
:10A85000B2E7436811211888F6F7A2FC00F15B010A
:10A86000204613F019F923204BE7084615F0A7F806
:10A87000A2E7084615F0ACF89EE7384B1B68002BA2
:10A8800059D140F20D515120F5F7EEFF344BF5E769
:10A89000344BF3E7344BF1E7344B1B68002BF0D01B
:10A8A00002462320984704202BE7304B1B68002BDF
:10A8B000E7D0024624209847052022E72B4B1B684F
:10A8C000002BDED002462520F5E7436811211888C9
:10A8D000F6F766FC00F17D0200F15B01204613F003
:10A8E000E7F82B200DE7224BC8E7224BC6E7224BA7
:10A8F000C4E7224BC2E7224BC0E7224BBEE7224B04
:10A90000BCE7224BBAE7224BB8E7224BB6E7224B13
:10A91000B4E7224BB2E7224BB0E7224BAEE7224B23
:10A92000ACE7224BAAE7224BA8E7224BA6E7224B33
:10A93000A4E7224BA2E72946204698473CE7436814
:10A94000204693F8BF22D3F8C01213F099F86B6831
:10A9500093F8BF0230E70120D3E600BF9C2E002011
:10A96000A42E0020A02E0020A82E0020AC2E002017
:10A97000B02E0020B42E0020B82E0020BC2E0020C7
:10A98000C02E0020C42E0020C82E0020D02E002073
:10A99000CC2E0020D42E0020D82E0020DC2E00202B
:10A9A000E82E0020EC2E0020F02E0020F42E0020B7
:10A9B000E02E0020E42E0020F82E0020FC2E0020A7
:10A9C0003F289ABF024B53F820000020704700BF79
:10A9D0009C2A00203F289ABF024B53F820000020F9
:10A9E000704700BF9C2B002030F8023CF7B50446AE
:10A9F0000E4630F8A85C73B101226846ADF80150EC
:10AA00008DF80020ADF80330FCF786FD18B19521D4
:10AA10006320F5F729FF1C4B1B6813B1A4F1280034
:10AA200098471A4B1B680BB128469847184B1B6870
:10AA30000BB1284698470A230027A6F80350337025
:10AA4000B770637A54F8900C73710DF066FD08B915
:10AA5000BA21DDE739462846F6F7B8FB0221284639
:10AA6000F6F7B4FB18B90B4B1B6803B198474FF4CA
:10AA70000173002003F004021B0A62F3070063F372
:10AA80000F2003B0F0BD00BF002F0020042F0020D6
:10AA90000C2F0020082F0020014B024A1A6070473B
:10AAA0000C2F0020AB9F0100F7B5456804464FF618
:10AAB000FF776E690DF102010DF101023046ADF82C
:10AAC00002700DF0D9FC01A930460DF0F7FC40B141
:10AAD00001980DF0BFFD616800220272FFF71CFAB9
:10AAE000E8E7044905F1A80003B0BDE8F04013F021
:10AAF000B8BA00BFE9A9000038B54368044693F826
:10AB00008D20202A24D1002283F8CF2083F8CA2068
:10AB100083F88222436893F8D01003F5DB701D8818
:10AB200069B10C4983F8D020A3F8C05183F8BF2144
:10AB300013F094FA6368002083F88D0038BD012279
:10AB400083F8BF11A3F8C051034983F8C221EFE78E
:10AB50000220F3E75FE8010051E8010038B505780D
:10AB6000446825B994F88E302BB101201CE0D4F84C
:10AB70008030DB07F9D4D1F801200F4BD1F8051054
:10AB800013400E4AC4F8E030C3F307630A4043F0B1
:10AB90000803C4F8E42084F8E33013F09BFC25B9E3
:10ABA000042384F88E30002038BDD4F8803043F080
:10ABB0000103C4F88030F6E72FC904F76FDB00808B
:10ABC00038B5436893F88D20042A32D1D1F801209A
:10ABD0004C1CD1F80550C3F8E020C2F30762C3F85B
:10ABE000E45042F0080283F8E320002283F8CA20F0
:10ABF00083F88D2002780AB983F83B2193F83C2131
:10AC0000AAB993F8982102F0FF0082B91A8883F854
:10AC1000990103F5C870A3F89A21D1F801200649DB
:10AC2000C3F89C216268C3F8A02113F017FA002032
:10AC300038BD0120FCE700BF89E9010010B50446DA
:10AC4000FEF7CAF9044A054B024009200B40C4F83C
:10AC50000120C4F8053010BD2FC904F76FDB008058
:10AC600037B50C464568FEF7B7F90A4B0A4A034068
:10AC70000A4095F8E01000930B4001928DF80030E7
:10AC80006B4603CBC4F801000920C4F8051003B0DB
:10AC900030BD00BF2FC904F76FDB008038B5DB047F
:10ACA000154604D5C37C13B10023436338BD446B00
:10ACB0000134446313F0F2FE836B9C42F6D300230D
:10ACC000034943632846BDE8384013F0D0B900BFBC
:10ACD000F7E9010070B544680546067894F88D30B0
:10ACE000012B09D026B994F88E302BB101203DE01C
:10ACF000D4F880309807F9D494F8D1309A0713D457
:10AD00004A78D80784F8DB204A88A4F8DC208A88AF
:10AD1000A4F8DE2043F0020284F8D12010D51949AE
:10AD200004F1D20013F0A3F994F8D130D90712D46A
:10AD3000EEB994F88E3043B153214020F5F794FDDD
:10AD400094F83A31002BEAD1EEE7012384F88E30F3
:10AD5000284613F0BFFB94F88D300020012B4FF0F4
:10AD6000000304BF84F88D3084F8CA3070BDD4F875
:10AD700080309A0701D55821DFE743F00203C4F879
:10AD80008030E5E7BDEA010000F50060104A0313DA
:10AD900092F9001040F3073081420BDD92F9010077
:10ADA0005B425BB218447F280DDC10F1800F0CDB96
:10ADB00040B2704792F90210814202DA92F9030020
:10ADC000EEE7002070477F2070476FF07F007047EC
:10ADD0002824002070B5044650F84F0CFFF7D4FF2C
:10ADE000064640B354F8571C6FF0004354F8532CF8
:10ADF000A4F157059A4208BFB1F1FF3F1BD014F0F0
:10AE0000A1FF54F8572C54F8533C9042994112D367
:10AE1000022332462021284614F09DFC58B9064BE7
:10AE20009E8814F08FFF4FF47A73E6FB030144F819
:10AE3000570C44F8531C70BD2824002070B5456899
:10AE4000044602F027FE054B014685F88B001B687F
:10AE50001BB12046BDE87040184770BD142F00207C
:10AE6000044B9B685843C3F580534B4303EB20309E
:10AE7000704700BF2824002038B543680D460F21D5
:10AE80001888F6F78DF9044603F074FA7F2DE07305
:10AE900021D0A0682946FFF7E3FF0F4BA0601B7B82
:10AEA000CBB1FFF771FFB0B16FF00043D4E90012EE
:10AEB0009A4208BFB1F1FF3F0DD014F043FFD4E92F
:10AEC00000239042994106D304F157000349BDE89D
:10AED000384013F0D2B838BD28240020D5AD00008A
:10AEE000F8B547880346B7F5805F23D20689B2B22A
:10AEF00002B30578012D1DD890F9042090F90510B2
:10AF0000104613F017FEA8B193F90640A24211DAD9
:10AF1000A1420FDD93F9070082420BDA814209DD7D
:10AF2000054BD87000201A7099709F605C709E80ED
:10AF30001D73F8BD1220FCE7282400200B4B00F500
:10AF400000601B7840F307305B425BB218447F28F7
:10AF500007DC10F1800F06DB40B220EAE070C0B2DF
:10AF600070477F20F9E76FF07F00F6E72824002084
:10AF7000024B1B6803B11847704700BF102F002019
:10AF8000014B024A1A607047142F002079AE00006E
:10AF9000084BBA221A70E2229A704FF400629A604B
:10AFA000BF225A70DD22DA7041F288329A80002284
:10AFB0001A73704728240020F0B51F4D00242B7809
:10AFC00014709BB1013B6D68DBB21E1B012E0FDCC0
:10AFD00005EBC40655F8347076688E4208BF874288
:10AFE00027D0B84271EB060612D214700020F0BDD3
:10AFF0001E197710C6F3470655F837C005EBC70E84
:10B000008445DEF804708F412CBF33463446DCE7BC
:10B0100005EBC30455F8335064688C4208BF854281
:10B0200006D0A84271EB040428BF01331370DDE79A
:10B030001C4601201470DAE73824002010F00702C3
:10B0400008B503D063214820F5F70EFC18B1034B77
:10B05000197258601A70C80008BD00BF382400205B
:10B06000014B00221A7070473824002008B50022D6
:10B07000034B1A6003F0A4FBBDE808400BF038BF97
:10B080004424002010B5044690F838303BB90246FD
:10B090000349083014F0B3FF012384F8383010BDA1
:10B0A000F7EC01002DE9F043044689B00F469146C4
:10B0B00090F83830012B7AD13E4B836214F042FE77
:10B0C00005460E4600F074F949463846276500F0FB
:10B0D00033F90146804604F1480000F0F5F840F6E7
:10B0E000B833ED1846F10006B9F1010F4ED100F06A
:10B0F00013F98269002A54D0A16D7B1E90460B443F
:10B10000B3FBF1F34B43DB1BD2E9000761EB010119
:10B11000181841EB0701CDE90056A26D13F073FE3C
:10B120000746B8F924000221A4F86C0013F01EF9B8
:10B13000B4F86C303F18A3EB0003A4F86C304FEA6E
:10B14000E07343F100037F193D4646EB030600F030
:10B1500035F9204613F016FD0027236B03905B683A
:10B1600020688DF80870984704238DF810008DF83A
:10B170001130CDE90656022384F83830204602A962
:10B1800013F031FD384609B0BDE8F083B8F1000F87
:10B19000DDD0D8F80830D8E90021981841F1000135
:10B1A000B9E7B8F1000FD2D028463146B3E70C20FA
:10B1B000E9E700BFF7EC0100024610B5052924D8E5
:10B1C000DFE801F0032623121720438F0133438762
:10B1D00013F082FD0146136B106819B9DB68BDE8F6
:10B1E000104018479B68FAE7036B5B69BDE81040A5
:10B1F0001847084B1B68002BF8D140F251110B2067
:10B20000F5F732FB036B1B69F0E74FF4B171F6E71A
:10B2100010BD00BF44240020024B0022C3E90022DD
:10B22000704700BF4824002008B5044B186810B9C7
:10B23000FFF7F2FF08BD0C20FCE700BF4824002008
:10B24000024B187A003818BF0120704748240020AC
:10B2500013B5CDE90012054BFF225A7200F110031D
:10B26000DDE9000183E8030002B010BD482400209E
:10B27000C3693BB983692BB9034B1B681B1A58423E
:10B2800058417047012070474824002030B50D4ACE
:10B29000FF231372D0E9065373B1D0E902149D6104
:10B2A0000C44D9682144D960816939B1CB6100234C
:10B2B000C0E90633137230BD1560F5E7002BF6D0F8
:10B2C000D960F4E74824002010B5124AFF23137216
:10B2D000C16189B91368836103B1D861106000232B
:10B2E000C169C36099B1CB687BB18468A3420AD2BB
:10B2F00030213720F5F7B8FA8B6988618361002B1C
:10B30000EDD0D861EBE71B1BC3600023CB600023AB
:10B31000137210BD48240020014B1868704700BF0D
:10B3200048240020034B00201B6803B970471846CF
:10B330009B69FAE7482400200B4B002230B51B68BC
:10B3400004464FF0FF35104623B911B9002808BF55
:10B35000104630BDDA68A24203D3AA423CBF15466C
:10B3600018461A469B69EFE74824002070B50F4C39
:10B37000FF232372036A1BB181689D68A94203D22F
:10B38000E5213720F5F770FAC2698669DA619E61B6
:10B3900052B193619A691AB1D361C26811444A1BD0
:10B3A000DA600023237270BD2360F3E74824002095
:10B3B000014B01221A71704748240020014B0022E2
:10B3C0001A71704748240020014B1879704700BF5C
:10B3D00048240020F8B54FF0000C0446284E0846DB
:10B3E00086F809C0002135680B4685B9757A002DAD
:10B3F000F6D15BB1984225D3013CB0FBF3F11C447C
:10B4000003FB01F5B4FBF3F48C420ED9F8BD2F69B0
:10B410000BB19F4207D23B4627B94FF4A3713720A7
:10B42000F5F722FAA98AAD69DFE7B5FBF3F603FB6E
:10B43000165626B9B5FBF2F602FB1656DEB10139F7
:10B44000ED1AE1E7451E1D44B3FBF4F4B5FBF0F53E
:10B45000AC42DBD3B3FBF5F605FB16374FB9B6FBB1
:10B46000F2F702FB176727B9B6FBF1F701FB176785
:10B470001FB10135ECE72846C8E73046C6E700BFF4
:10B4800048240020FF23084A0B700D234B708223B1
:10B490008B701368C1F803305368C1F807309368A4
:10B4A000C1F80B30704700BF522400201622002143
:10B4B000014814F009BF00BF52240020F7B51E4C0C
:10B4C00002AB03E90300637DA3B39DF800300D4692
:10B4D0002BBBD1E9747613F088FC95F87420174BD8
:10B4E000463053F822304FF47A7203F2E733B3FB5D
:10B4F000F2F3DB192A8846F100061B18228046F178
:10B5000000066360A660B5F8863002220C4904F19B
:10B510000C00638003B0BDE8F040FEF70FBD53069A
:10B5200008D50B882380D1F870326360D1F874326B
:10B53000A360E8E703B0F0BD5224002074110400BA
:10B5400085B40000094B53F8203003F5224370B551
:10B55000B13316464FF47A720C46B3FBF2F534441D
:10B5600003F0A8FB2C44204470BD00BF6011040010
:10B570002DE9F04F99468BB00023044688461746C4
:10B58000069390F875B011F06EFC054694F87F00B4
:10B59000FEF794F9054413F028FC94F88E3000F17E
:10B5A0003C06ADB2482B3BD00E2B39D094F88DA081
:10B5B000AAF14802D2F1000A4AEB020A002F5FD139
:10B5C00094F88C30032B5BD1BAF1000F58D0B4F84B
:10B5D000C832434554D1D4F810322046B4F8E4219F
:10B5E000C4F80032E369C4F80432B4F88232134478
:10B5F000C4F8083200F034FB41F64B53D4F8D022A3
:10B6000094F8DC129A428CBF0023012359B9E169F6
:10B610008A421ED02088049314F0F0F9049B18E0AD
:10B620004FF0010ACAE7208814F0E5F920B940F28A
:10B630004A713020F5F718F9B4F8D8326386B4F8B7
:10B64000DA328381B4F8C832C7814381013B038277
:10B650003B4694F87E20002A39D1002B38D1D4F80B
:10B66000CC2284F87E300223E262B4F8CA2284F845
:10B670008C302286D4F8D022E261D4F8D4226262DF
:10B6800004F51473B4F886C00493A8EB0C0CB4F85A
:10B6900080320FFA8CFCA8EB03031BB2002BB8BF5F
:10B6A000D4E99A2394F88C10AFBF4A46C4E99E238C
:10B6B00000230122BCBF84F823326346032900F231
:10B6C000BD81DFE811F010002401690045012BB1B4
:10B6D0004FF04D12626300222287C0E74FF09612AE
:10B6E00023876263BBE794F8751094F8DE0111F0CC
:10B6F00049FE8346E06A294658440AF0CDFB2946B4
:10B70000C4F80C02E0690AF0C7FB94F87E3007A980
:10B710005B00DBB2034408A8C4F8103203F0BEF9A2
:10B72000079B0093DDE90823D4E99E0114F012FB86
:10B730000546204613F099FBD4F88432E26A94F867
:10B7400075000693049203F0BDFA069B00F52240B3
:10B75000049A203BD4F80C12B13013444FF47A729F
:10B760005B1A30319B1BB0FBF2F05B4432465B1B33
:10B770001B1A94F875000693238E03EB4101FFF723
:10B78000E1FED4F88422069BC4F814029B1ACC2B49
:10B790005DD840F2C7414CE7E36A2946D4F8040279
:10B7A00018440AF079FB2946C4F80C02E0690AF053
:10B7B00073FB94F87E305B00DBB203442046C4F890
:10B7C000103213F052FBE36AD4F804521D44B4F86B
:10B7D000E431002B40F09780B9F1000F00F0938026
:10B7E00094F8750003F06EFAD4F80C12D4F87032A5
:10B7F00000F522406D1A94F87520B130203D1D44AB
:10B80000A84B53F822204FF47A7302F2E732D4E9BE
:10B810009ABCB2FBF3F2A5EB0B05B0FBF3F01544B9
:10B82000AD1B2D1AD4F80032D4F8082294F8750014
:10B8300002FB0311238E32460695303103EB4101A2
:10B84000FFF780FE0123C4F8140284F88C30E56908
:10B8500004F13C00D4F81032A93D0699ED1AD4F851
:10B860001432AD1B9D4228BF1D46002384F8503280
:10B87000C4F8E051D4E99E325B1842F10002C4E9F9
:10B88000983212F0A5FC04232844A4F8808284F89E
:10B890005932C4F85402D4E99823C4E99E2300F035
:10B8A000D7F920B1D4F854321E33C4F85432B4F866
:10B8B000D031A3EB08031BB2002BD4BF002201221E
:10B8C000520084F85822BAF1000F40F0BA80B9F162
:10B8D000000F40F0B98094F88C30002B00F0D0803D
:10B8E000E16904F51470D4F81032C91A11F0E6FCBD
:10B8F00080B2002800F0C480149B03B1188001209E
:10B900000BB0BDE8F08FD4F80C126D1A8AE7D4F8AA
:10B910001002E269D4F80812121AD4F800525A43FD
:10B92000D4F80C3206923033B4F8E42105FB01332D
:10B930006244521A218E013A00FB0233324694F8D7
:10B94000750001EB4301FFF7FDFDC4F814027EE72B
:10B95000E16959430691B9F1000F2DD0B4F8E40123
:10B9600050BB84F82302D4F8100200FB131E94F895
:10B970008D3004902A2BCDF818E003D094F88E3047
:10B980002A2B0AD1B4F8C832A8EB03031B0404D451
:10B9900094F8CB32002B18BF9B46B4F8E4017AB37D
:10B9A00070BBD4E99C51D4E99A23AA4273EB0101FC
:10B9B00008D340F21B513CE694F8230200287FF4A0
:10B9C00046AFD0E794F87520203D364B53F822302F
:10B9D000D4E99A12CDE9021203F2E7324FF47A71F8
:10B9E00003F52243B2FBF1F2B1330592029AB3FBA5
:10B9F000F1F3AD1A059A1544ED1AAD1B7544069581
:10BA000000EB0C05049B324658465D4330356D0013
:10BA10002946FFF797FD41F64B53C4F81402E0693D
:10BA200098423FF614AF06AB32462946009304F520
:10BA3000057311F0C3FC84F8230208E740F2335188
:10BA4000F7E5B9F1000F1BD0B4F8F80110B3B4F862
:10BA5000FA1194F8FC214D1CA4F8FA1101FB022202
:10BA600090420DDD002B0BDD0023A4F8FA5184F881
:10BA70005832FEF753FB00F00700013084F8FC0158
:10BA800004F5147104F50A700BF046FA20B940F27F
:10BA90007D51CEE50146DCE787F0010784F820728E
:10BAA00000202DE760110400D0E99C2373B5D0E994
:10BAB0009A45944275EB030104D240F6010130200F
:10BAC000F4F7D2FED0E99A45C66900F18001A41AC4
:10BAD000B4FBF6F4CDE90001013410461946E4FB4D
:10BAE00006010EF0DEF802B070BD000073B504462A
:10BAF000D0E9746513F079F994F874200C4B463052
:10BB000004F1800153F822204FF47A7302F2E732F5
:10BB1000B2FBF3F2921945F10003121843F100034E
:10BB20001046CDE9004119460EF0BBF802B070BDD9
:10BB300074110400014BD870704700BF68240020C6
:10BB4000F0B5044685B090F8DB3103F0FF05002B1B
:10BB50006AD190F88C30032B66D114F0F3F8D4E955
:10BB60009A23801A61EB0301012871F100035BDB6A
:10BB70006FF00103834275EB010104DA40F2B15129
:10BB80003020F4F771FEE269B4F886300AB1B0FBF8
:10BB9000F2F2013313449BB2A4F81C32B4F8D4314E
:10BBA000B4F81C229B1A1BB2002B3DDD04F50A7071
:10BBB0000BF012FA002837D0FF2384F82132B4F8B2
:10BBC000C2300DF10E07B4F88650184E1D44B4F87B
:10BBD000C030013DED1AADB2336863B1B4F81C1248
:10BBE00000222046013989B29847B4F81C32184423
:10BBF00080B2A4F81C02B4F81C32EB1A1B0413D454
:10BC0000B4F81C1200230122204689B20097FFF7E6
:10BC1000AFFC012808D1B4F81C32BDF80E20134443
:10BC20009BB2A4F81C32D7E705B0F0BD202F00204E
:10BC3000034B044A1A60044B044A1A60704700BF61
:10BC4000182F0020A9BA00001C2F0020B99D010068
:10BC5000024B9869003818BF01207047A0240020CB
:10BC6000D0F8D032C269934273B5044612D1D0F8ED
:10BC7000D462426AB61A18BF012694F8DC22002A60
:10BC800042D0208813F0B7FE30B940F6E9413120A8
:10BC9000F4F7EAFD0126F0E7B4F8D822638E9A4261
:10BCA0001CD1B4F8DA3282899B1A18BF012394F8A8
:10BCB0008D50482D16D094F88E20482A10D000259B
:10BCC00002212046FDF730FE002D44D0002384F8E9
:10BCD0008D30032384F8913002B070BD0123E6E774
:10BCE0003343ECD01D4B1B6813B940F6F441CEE74B
:10BCF000A5F14802002168460194554255410122B0
:10BD00008DF800209847DBE7002ED8D02288A3F5D5
:10BD10007A7104F5D270A4F8AE2141F270729142AA
:10BD20000F4995BF4FF47A7240F2E242B3FBF2F34F
:10BD3000B3FBF2F398BF03F550639BB2A4F8B031A4
:10BD4000B4F8D432A4F8B231B4F8D632A4F8B4318D
:10BD500012F08DF9B3E784F88E50BAE73C2F00203B
:10BD6000CBE6010008B5FEF713FB094B094A1A6040
:10BD7000094B0A4A1A600A4B0A4A1A600A4B0B4AD4
:10BD80001A600B4B0B4A1A600B4B0C4A1A6008BD29
:10BD9000242F0020CDA00100282F00204DA101005C
:10BDA0002C2F00205DA70100302F002051EF010053
:10BDB000342F00205D650000382F0020FBAF01000C
:10BDC000F7B50123104E33700023CDE900336846E8
:10BDD000F5F720FA044618B10023337003B0F0BD24
:10BDE000009D95F88C30002BF1D005F5FC77384696
:10BDF0000BF0F2F8384614F028F905F5E87085F8EC
:10BE00008C40FFF743FAE2E7C424002038B50D4B1D
:10BE10000D4653F82040084602F054FF4FF47A7361
:10BE200004F58564033D0444012DB4FBF3F404F1EF
:10BE3000C8048CBF0025282512F0D7FF20442844D1
:10BE400038BD00BF741104002DE9F84F91F88DB092
:10BE50009A4605460C46ABF148031646012B1BD902
:10BE600091F88E90A9F14809B9F1010F8CBF4FF0FC
:10BE700000094FF00109BAF1000F04D0002201219E
:10BE8000204601F003FC94F88C30032B00F29280E2
:10BE9000DFE803F0058D848D4FF00109EBE726B94B
:10BEA00040F219213520F4F7DFFC4FF000080123A0
:10BEB0002046474684F88C3013F0ADF8634B1B687E
:10BEC00023B151462046984708FB0077FFF77CFADC
:10BED000002872D10221B4F9F40112F047FAB4F843
:10BEE000F4311B1AA4F8F4310026D4E97432FB189B
:10BEF00042F100021B1842EBE072C4E97432C5E95A
:10BF000004322E7094F88D20A2F10C03DBB21E2BAC
:10BF100055D84F4EDE4006F0010694F88E30482B7F
:10BF200008BF46F00106204613F0A8F930B1002EF4
:10BF300049D194F88C00012818BF022004232872EC
:10BF400004F13C006B7212F043F96860BAF1000F23
:10BF500079D0ABF10E0BBBF1010F8CBF4B4649F012
:10BF60000103002B6FD14146284611F0A7F91FFAB3
:10BF700080F9204613F082F982466EBB81452BD3AF
:10BF800007FB00F12E72D4E974325B1842F1000213
:10BF9000C5E90432CFB940F2A12183E7D4F8288261
:10BFA0000323D4F8407284F88C30474486E7E7696D
:10BFB000B84683E740F2522174E7002094E7482A0C
:10BFC000ABD10126AFE70020B8E74146284611F083
:10BFD00075F982441FFA8AF901224946204601F088
:10BFE00055FB1A4B1B687BB101212046984708FB83
:10BFF00000F84844D5E904321FFA80F913EB08032E
:10C0000042F10002C5E90432FFF7DEF9B8B94FEAA0
:10C010004901B4F9F401B1F5803FB4BF89B24FF6DC
:10C02000FF7112F0A3F9B4F8F4311B1AA4F8F4313B
:10C03000D5E904321B1842EBE072C5E90432D5E9B8
:10C040000423C4E97423BDE8F88F00BF402F00200B
:10C05000050000402DE9F0410D46044618B9EA21DB
:10C060003520F4F701FC052900F28180DFE801F0BA
:10C0700003786E6A7F7490F88C300BB9F221EFE789
:10C0800001F042FA002875D03B4B1B680BB12046EB
:10C09000984713212088F5F783F8034694F8740035
:10C0A000002B4DD0022849D004D8012807D0DC212C
:10C0B000B420D6E7C21E012AF9D81E3300E00A33A5
:10C0C0009F8894F87510CB1E012B98BF2825FFF789
:10C0D0009DFE2B30523D8742EEB2E56988BF3B1A88
:10C0E000264F98BF00237A78ED1A1AB9E36B9D4268
:10C0F00028BF1D4604F13C0012F06AF800F12B083D
:10C100000220A5EB080513F080FE022125EAE57563
:10C11000854228BF0546284613F0A1FE10B1A84469
:10C1200013F014FE324641462046002312F0FBF87D
:10C130007860E069BDE8F04113F006BE1433BFE754
:10C140009627BEE7BDE8F04102F0B4BC0122002111
:10C15000BDE8F04112F06EBFBDE8F0410CF0C9BB84
:10C1600090F88C30042B05D04FF4887178E74FF4A9
:10C170008A7175E7BDE8F081442F0020C4240020B7
:10C18000024B0022C3E90022FFF71ABEC42400209C
:10C19000014B5870704700BFC4240020024608B508
:10C1A00020B940F27D113520F4F75EFB90F88C3019
:10C1B00013B14FF4BF71F6E7034900F5FC70BDE819
:10C1C000084013F01CBF00BF55C0000008B502F0C6
:10C1D000F5F8044B5A6882422ABF1878002080F094
:10C1E000010008BDC424002037B50446042900F22C
:10C1F0008480DFE801F00316121B7D00404B1B78A2
:10C2000003F0FF024BB9012112F014FF02F0D8FA3B
:10C2100003B0BDE830400AF06BBE042384F88C30D4
:10C22000F4E7032384F88C3003B030BD41F64B555E
:10C2300040F2E241D0F84432C269AB42ADF804109A
:10C2400090F850128CBF00250125C0F8282229B98A
:10C250009A421CD0008813F0D1FB18E0008813F03C
:10C26000CAFB20B94FF441713520F4F7FDFAB4F858
:10C270004C3200256386B4F84E328381B4F83C32E8
:10C28000C5814381013B03827D23ADF8043094F8DE
:10C290007E30EBB9EDB9D4F8403204F5E870D4F84B
:10C2A0004422E362B4F83E32E2612386D4F8483295
:10C2B00084F87E506362638E5343009302AB13E9AC
:10C2C0000600FEF7C5FF204612F0A5FE0223A9E7EF
:10C2D0004DB14FF04D136363002323874FF47A73FE
:10C2E000ADF80430D7E74FF0961325876363D2E7A4
:10C2F00003B0BDE8304012F08EBE40F25931B3E7D2
:10C30000C4240020014B024A1A607047442F0020C9
:10C31000EDBA00000D4A0146107898B901299368DA
:10C3200007D1B3F86420B3F848309A420DD8FFF72C
:10C330004DBF9289520707D593F88F00073818BF71
:10C34000012070470020704701207047CC24002056
:10C3500038B5184B9C899A6804439C8100F003040B
:10C36000032C04D14FF427613620F4F77DFAC5077A
:10C3700048BF1961840706D5096809780629197527
:10C3800006D00B2910D0820644BF08221A7038BD8F
:10C3900092F88D101E29F6D1002400250121C2E952
:10C3A0003E4582F89310EEE792F88D101429EAD1F9
:10C3B0000021F6E7CC24002037B590F88D20044604
:10C3C000A2F14803012B1DD990F88E300E3A483B5C
:10C3D000012ADBB214D8012B8CBF00230123B4F84F
:10C3E0008620B4F83C12013292B291422FD194F8D7
:10C3F000502272B343B94FF40E713620F4F734FA79
:10C40000012B24D80123EAE72B4B1B6813B940F218
:10C410003921F2E70021684601948DF80010984711
:10C42000002584F8525202212046FDF7BFFA03216D
:10C430002046FFF7D9FE94F88D30A3F14802012A77
:10C4400002D90E3B012B2ED8002384F88D3003B087
:10C4500030BD238841F2707204F5D270A4F8AE3179
:10C46000D4F84432A3F57A719142144995BF4FF440
:10C470007A7240F2E242B3FBF2F3B3FBF2F398BFFD
:10C4800003F550639BB2A4F8B031B4F84832A4F875
:10C49000B231B4F84A32A4F8B431002384F8AD3193
:10C4A00011F0E5FDBCE794F88E30483B012B98BFB6
:10C4B00084F88E50CBE700BF942F0020CBE601001C
:10C4C000234B70B59C6894F83A520DB994F87450A7
:10C4D00094F83B620EB994F8756084F8745084F84F
:10C4E0007560FF2384F876301A4B1B6813B1294618
:10C4F00020469847184B1B681BB12A4631461748FF
:10C50000984704F13C0600211448FCF79DFD304695
:10C5100011F05EFE04F2591105462046FDF71AFDA2
:10C5200020460421FFF760FE304611F051FE85429F
:10C5300004460BD213F0CCFC0146601B192838BF0F
:10C54000192013F08CFC10B113F000FC012070BD19
:10C55000CC240020542F0020A02F0020D024002025
:10C5600000231E2980F81E1180F81F310ED92439AE
:10C57000C9B21B2903D8104BCB40DB0705D40023DD
:10C58000A0F8C630012380F8CA30704701220B4B57
:10C590008A401340002BF8D115290AD01129EED179
:10C5A00090F8202112B1A0F8C6307047A0F8CC2036
:10C5B0007047A0F8CC30704709294909871208490B
:10C5C00010B54C784268162C92F88D300FD8112C8B
:10C5D00001D8002010BD4FF4A803E340DB07F8D5D5
:10C5E000024601212046BDE8104012F0BABD1D3CB4
:10C5F000E1B22229EDD8222CEBD801A151F824F088
:10C6000099C60000D3C50000A1C60000D3C5000034
:10C61000D3C50000D3C500008DC60000D3C50000FF
:10C62000D3C50000D3C50000D3C50000D3C50000AA
:10C63000D3C50000D3C500002FC70000D3C500003C
:10C64000D3C50000B3C60000D3C50000DBC60000A0
:10C65000D3C5000003C70000D3C50000D3C5000048
:10C6600017C70000C9C60000D3C50000D3C500002D
:10C67000EFC60000D3C5000033C70000D3C50000DB
:10C68000D3C50000D3C500002BC700002D2BA0D1BF
:10C69000294B1B685BB99CE7372B9AD1274BF8E7EE
:10C6A000312B96D1264B1B68002B92D01046984711
:10C6B0008FE7392B01D0502B8BD1224B1B68002BDD
:10C6C00087D02E21984784E73A2B82D11D4B1B68D7
:10C6D000002B3FF47EAF3621F4E73B2B7FF479AF9C
:10C6E000184B1B68002B3FF474AF3021EAE73C2B5A
:10C6F0007FF46FAF134B1B68002B3FF46AAF3921F7
:10C70000E0E73F2B7FF465AF0E4B1B68002B3FF437
:10C7100060AF3221D6E7452B7FF45BAF094B1B6836
:10C72000002B3FF456AF3521CCE7074BB1E7074B61
:10C73000AFE7074BADE700BF502F0020602F002070
:10C74000682F0020842F0020982F00209C2F00208D
:10C75000B02F0020034610460A1E08BF1F221F2BC1
:10C7600070B529D8112B03D8032B4AD0002040E004
:10C77000A3F112010D29F9D801A454F821F000BF4A
:10C78000F5C700006DC70000F5C700006DC70000C9
:10C79000F5C700006DC700006DC700006DC7000041
:10C7A0006DC700006DC700006DC7000065C80000C0
:10C7B0006DC7000077C800003B2B15D8222BD5D9B8
:10C7C000A3F123040121E4B2A140314C21425AD10A
:10C7D000490740D13B2BC9D12E4B1B68002BC5D03C
:10C7E0001146BDE870401847A3F1FE025342534181
:10C7F000580070BD024600211846BDE8704012F096
:10C80000B0BC446894F88D301B2B01D0152B3CD163
:10C8100094F8D030002B38D184F8CF3084F8CA3067
:10C8200094F8BE3103F0FF0523B140F2D531362034
:10C83000F4F71AF8238884F8BF21A4F8C03184F8EB
:10C84000C25184F88252144904F5DB7011F006FCE1
:10C8500084F88D508AE711490C68002C86D019465F
:10C86000234605E00E4B1B68002B3FF47FAF1D21D4
:10C87000BDE8704018470B4B1B68002B3FF476AFA8
:10C880001F214068F4E70849E6E70220B1E700BF4E
:10C8900000A84C00AC2F002051E801004C2F0020D4
:10C8A0005C2F0020642F0020802F00204368024668
:10C8B000497893F88D30053BDBB24B2B96BF02488D
:10C8C000FE20C05CFFF746BF1C1004002DE9F347B3
:10C8D000A44F0E468046B989BC688D0504F18005D9
:10C8E00054BFB4F8C020002228465CBF013292B287
:10C8F000A4F8C02012F053FB30B10B4604F5A87227
:10C9000021462846FEF7CAF9BB8903F4C06343B148
:10C9100094F891302BB90121204684F89110FFF74B
:10C9200063FCB8F1000F40F0EC81002E40F0E9818B
:10C93000BB89BD685C0707D595F88F20072A02BF21
:10C94000012285F88F607A75980713D5387D012309
:10C95000072885F81F310AD0112824D0FEF73AF8AD
:10C96000034628B940F2CF513620F3F77DFF7E4BC6
:10C970007E489847BB89190740F1BE80BC6894F88F
:10C980001E312A2B36D81B2B0FD8012B5AD0032B44
:10C9900063D0002B44D094F81E31FE2B40F09080E1
:10C9A00040F2DC51E0E7724BE2E71C3B0E2BF2D881
:10C9B00001A252F823F000BF7BCA000097C9000013
:10C9C00097C9000097C9000097C9000083CA0000FA
:10C9D00091CA000097C9000097C9000097C90000DC
:10C9E00097C90000AFCA000097C9000097C90000AE
:10C9F0007BCA00003C2B61D03F2BCCD1B4F88630F1
:10CA0000B4F83C229B1A1B0402D4002384F852324F
:10CA100094F88D30482B0DD1002384F8CA30BAE742
:10CA2000B4F88620B4F83C12521A1204B3D484F835
:10CA30005232B0E794F88E30482BACD14B4811F00D
:10CA40005AFDA8E7B4F88630B4F836229B1A1804C9
:10CA5000A1D4002384F88D309DE794F88D30153BE8
:10CA6000DBB2092B05D840F2412222FA03F3D907A1
:10CA700091D4002384F88232DBE7002384F83D312F
:10CA8000CBE73C4B1B68002B85D02046984782E7BC
:10CA9000002384F83E31384B1B6823B104F59F71A5
:10CAA00004F592709847314811F00BFD73E7334B52
:10CAB0001B68002B3FF46FAF2C48E7E7304BF7E7DC
:10CAC000FE2384F81E3194F88D302A2B40D033D8C1
:10CAD0000C2B37D00E2B39D094F88E30482B04BF56
:10CAE000492384F88E3094F88F30082B01BF02233D
:10CAF0007B75002384F88F30BB89DA0756D53A69F5
:10CB0000BB68166893F88D1093F8D000347812F053
:10CB100015FB28B1112C76D81A4BE340DB0772D5F0
:10CB200011792046FCF7B0FF70BB3B6931460F48D6
:10CB30001A7911F01FFD38E0442B0BD0482BCBD1D4
:10CB4000492300E00D2384F88D30C5E70F23FAE771
:10CB50002B23F8E7002384F84C31044811F0B1FC92
:10CB6000BAE700BFCC240020FDF00100D024002053
:10CB7000E1F001006C2F0020702F0020742F0020A6
:10CB8000A42F0020742802000D2C36D0112C36D092
:10CB9000072C36D02046FDF713FF03460028C4D0EB
:10CBA0003A693146C0481279984706463B781C07D7
:10CBB00008D595F88D1095F8D00012F0BFFA00282E
:10CBC00018BF08262846FFF7F7FBBD6895F81E3109
:10CBD000FE2B40F0968095F88F30073B012B40F2FA
:10CBE000908095F8283103F0FF0473B10023A5F875
:10CBF000C4300223A5F81E3183E0AC4BD0E7AC4B28
:10CC0000CEE7AC4BCCE70826D0E795F88D3043B99A
:10CC100095F8BE2022B31222A5F81E21A5F8C63031
:10CC20006CE0292B00F0AC8010D8142B61D009D80F
:10CC3000032B00F09F80132B00F09380113B102BEF
:10CC40005FD90DE01E2BF9D1062353E0362B00F0FF
:10CC50009F8046D8322B00F09980352B00F0A280BF
:10CC600095F88E30372B00F2E380222B00F29C8067
:10CC7000013BDAB2052A40F2C98095F81E31FE2B3D
:10CC80003FD1BC6894F81E31FE2B00F0B18195F8BD
:10CC90008D30B3BB95F835329BB395F88E0011F00B
:10CCA00043FC044668BBB5F886300A2B29D9684690
:10CCB000FCF7BAFE28B3052205F19701684613F088
:10CCC000DCFA002800F0AE839DF80430009885F867
:10CCD00034320123C5F83002A5F81E3185F83542FB
:10CCE0000FE0422BBCD1744B6F481B68984734232C
:10CCF00080E70B23A5F81E31A5F8C640012385F86F
:10CD0000CA30BC6894F8283123B994F88F30073BB7
:10CD1000012B04D8B4F8C4300133A4F8C43094F81B
:10CD2000CA1021B1B4F8C6300133A4F8C63094F962
:10CD3000CE2022B1B4F8CC300133A4F8CC30B8F115
:10CD4000000F40F0C9837B7D022B00F0C183012BD3
:10CD500040F06B8394F89030002B40F07B830021EF
:10CD600085E3D5F85432C5F810310323A5F81E31F8
:10CD7000002353E795F8193185F82031072339E767
:10CD80001823A5F8C640A5F81E31BAE72123B1E75C
:10CD900001231121284685F82031FFF7E1FB85F8B2
:10CDA0008D40AEE7272325E7233B142B3FF665AFE5
:10CDB00001A252F823F000BFFFCE0000FFCE00001A
:10CDC0007BCC00007BCC000075CF00007BCC00004A
:10CDD0007BCC00007BCC00007BCC00007BCC000037
:10CDE000C1CF00007BCC00007BCC00007BCC0000DE
:10CDF0007BCC00007BCC00007BCC00007BCC000017
:10CE0000E1CF0000A5CF0000C5CF0000052B3FF605
:10CE100034AF01A252F823F0CFCE0000EDCE0000D7
:10CE2000BDCE0000B9CF00007BCC0000BDCF00001C
:10CE3000393BDAB2172A3FF620AF172B3FF61DAF6A
:10CE400001A252F823F000BFC9CF00007BCC000044
:10CE5000CDCF00007BCC00007BCC00007BCC000061
:10CE60007BCC00007BCC0000D1CF00007BCC00004D
:10CE70007BCC00007BCC00007BCC0000DDCF000031
:10CE80007BCC0000E5CF00007BCC00007BCC000019
:10CE90007BCC0000E9CF00007BCC00007BCC000005
:10CEA000EDCF0000C9CF0000D0240020ADC80000A5
:10CEB000E9F10100C1C50000902F002095F818315C
:10CEC00085F820310723A5F81E31002314E00C2338
:10CED0000022A5F81E3195F8D130A5F8CC2043F0FA
:10CEE000010385F88E2085F8D130C6E61323A5F816
:10CEF0001E310023A5F8CC3085F88E30BDE695F8BC
:10CF00002B31002B7FF4B9AE95F82A31BBB195F8DF
:10CF10008E3005F5957105F23A222A2B28D095F826
:10CF20008D302A3B012B8CBF00230123284611F0B2
:10CF300058F9242385F88E30002385F82A3195F896
:10CF40008E30242B7FF499AE05F259112846FDF757
:10CF500001F8B5F85E30A5F82031B5F86230A5F8D3
:10CF600022311523A5F81E310023A5F8CC3084E624
:10CF70000123DBE795F83431012B0ED095F83431DD
:10CF8000022B7FF47AAEEA6ED5F83611A9480FF07D
:10CF9000E6FF1823A5F81E316FE695F83531002B12
:10CFA000ECD1F0E700241121284685F82041FFF755
:10CFB000D7FA85F88E4060E60923EBE71B2382E76A
:10CFC0002423E7E71E237EE72F237CE731237AE73C
:10CFD000994B98481B6898473423DBE73A23D9E7F5
:10CFE0002723D7E73F23D5E72C23D3E73C23D1E7FB
:10CFF00094F88D30002B7FF44AAE94F852323BB354
:10D0000094F8503203BB94F88E0011F08DFA8246EA
:10D01000F0B994F88E30352B1AD094F8503283B191
:10D0200012212088F4F7BCF8036913F400791DD0AD
:10D030004823A4F8C6A084F88D30012384F8CA30B0
:10D040003F23A4F81E3177E094F83C31002BDAD06E
:10D0500094F8823203F0FF0133B394F89230B3B105
:10D0600094F8933073B940F2CE617DE4734B1B6842
:10D0700013B940F2BF6177E41A216E48984784F8EB
:10D08000529259E00A23A4F81E31002306E0D4F896
:10D090005422C4F810210322A4F81E21A4F8C6309B
:10D0A000012384F8CA3047E094F83B3103F0FF02D3
:10D0B0002BB10823A4F81E31A4F8C610F0E794F8A9
:10D0C0003C3103F0FF0173B194F8E730DB0905D080
:10D0D0002B23A4F81E31A4F8C620E1E7584B1B68A7
:10D0E00053B3544831E0D4F8843283B31F2294F808
:10D0F0008E00FDF75DF850BBD4F8843233B113F8DD
:10D10000512C012A05D040F2FE612DE440F2FA6173
:10D110002AE413F8283C03F0FF0113B140F2FF6149
:10D1200022E494F8E33098060CD51F23A4F8C61027
:10D1300084F8CA20A4F81E3195F81E31FE2B7FF426
:10D14000E0ADA4E53F4B20461B689847F4E794F810
:10D150003A3173B194F8D13013F00302ECD10C21C1
:10D1600043F00103A4F81E1184F8D13084F83A2169
:10D1700087E794F82A311BB394F82B3103BB94F85A
:10D180008E3004F5957104F23A222A2B16D094F8C9
:10D190008D302A3B012B8CBF00230123204611F048
:10D1A00020F8002384F82A31B4F85E20A4F8202166
:10D1B000B4F86220A4F8222114226DE70123EDE7E0
:10D1C00094F83431012B69D194F83531002B65D1B5
:10D1D00094F88E0011F0A8F900285FD194F874102B
:10D1E0004B1EDBB2032B09D81748034493F84CC0FD
:10D1F00094F87530013BDBB2032B04D940F21131B6
:10D200000620FFF7B2BBBCF1020F94F836210CD018
:10D21000BCF1030F0BD0BCF1010F04D1012A14BFE4
:10D220000022012292B916232DE7022AF7E7042AE9
:10D23000F5E700BFD0240020902F0020942F00207D
:10D240009C2F0020682F00201C100400034493F83A
:10D250004C2094F83731022A17D0032A17D0012A1C
:10D26000E1D1012B14BF00230123002BDBD0B4F844
:10D27000863004F50E72B4F838010FF054FE014602
:10D2800040B99848FBF7E0FE56E7022BEAE7042B8B
:10D29000EDD0C8E72C2384F88D304DE794F83D316C
:10D2A00003F0FF025BB1904B1B688E489847FE2845
:10D2B00001463FF441AF2046FFF752F93CE794F8AE
:10D2C000463103F0FF090BB11D2302E794F83E310C
:10D2D00003F0FF026BB30921B4F84001F3F760FFDC
:10D2E00010B984F83E01CCE690F8F03103F0FF026B
:10D2F00013B984F83E21C4E690F8C831032B14D842
:10D30000DFE803F00202050D84F83E91B9E694F8D7
:10D31000443180F8F131002384F83E31B1E6222314
:10D32000A4F81E31A4F8C690BAE640F29261FFF765
:10D330001BBB94F8473103F0FF0163B194F8E5306B
:10D34000DB0901D02E23C4E6684B01220C2165487D
:10D350001B689847F0E694F8483103F0FF020BB1E0
:10D360003623A7E694F849310BB13023B1E694F89F
:10D370008C3253B10D212088F3F712FF08B93923FD
:10D3800081E690F86232002BF9D094F84C3103F02A
:10D39000FF090BB1382376E694F84A3103F0FF0217
:10D3A0002BB1534B4F481B6898473223B8E794F88A
:10D3B0004B310BB135238CE694F84D318BB194F899
:10D3C000523273B994F8E4305A0608D5494B1B68B9
:10D3D000002B3FF4B1AE43489847272331E6464B34
:10D3E0007DE694F84E31BBB13B22002194F88E00CB
:10D3F000FCF7DEFE814678B912212088F3F7D0FED3
:10D4000003699B0705D53D4B36481B6898473B236E
:10D4100086E73B4B1B6864E63A4B1B68002B7FF4A6
:10D4200044AF89E685F835025AE45EB1F00651D47E
:10D43000310751D4B20751D1B30651D440F6F4218B
:10D44000FFF792BAD9B1B4F8C610B4F8C83099420F
:10D4500015D9222384F8B1302248FDF725FB00239B
:10D46000022184F88D3084F88E3084F89130204683
:10D47000FEF7BAFE02B0BDE8F047FBF78DBE2AB159
:10D48000B4F8CC20B4F8C8309A42E2D8B4F8C4203A
:10D49000B4F8C2309A420FD2B4F8C420B4F8C830FD
:10D4A0009A42D6D294F89120B4F8C0304AB9052BEC
:10D4B0007FF655AC3E23CDE794F82831002BC8D138
:10D4C000EAE7B4F8C2209A423FF649AC0823C1E724
:10D4D0001623BFE71E23BDE73D23BBE72A23B9E799
:10D4E0002323B7E7D0240020482F0020882F0020D6
:10D4F0008C2F0020782F00207C2F0020A82F0020C8
:10D50000B02F0020582F002030B590F88E20002337
:10D51000584D85B02A2A04462B71A860AB812B7028
:10D520006B7512D1B0F83812B0F88620521A110477
:10D530000BD480F88E30FEF7C3FFB0B90021084647
:10D54000FFF7C4F9002005B030BD94F88D302A3BB8
:10D55000022B0AD8B4F83822B4F886309B1A1A0481
:10D5600003D4002384F88D30E5E794F88D300C3B2C
:10D57000012B16D8B4F88630B4F836229B1A1B0457
:10D580000FD404F50C7104F196000FF092FF94F89B
:10D590008D300D2B04BF002384F88D30FF2384F8D9
:10D5A000CB30B4F82022214604F18000013292B23F
:10D5B0000FF0C6FF0023A4F8203294F8CA302BB134
:10D5C000B4F8C620B4F8C8309A42B7D294F9CE3035
:10D5D0002BB1B4F8CC20B4F8C8309A42AED2B4F82B
:10D5E000C220B4F8C4309342A8D294F89110B4F891
:10D5F000C03071B9052BA1D894F81E41FE2C1DD066
:10D6000003A8FBF79FFD38B940F626113620F3F743
:10D610002BF99A42F0D891E750220021039812F09A
:10D6200053FE03992246144801F8034FFCF7CEFF3E
:10D63000FBF794FD58B940F62F11E7E70F4B1C6834
:10D640002CB112F041FC02460B460B48A047AB68D8
:10D650000B4A93F88D1093F8D00011F06FFD094B31
:10D66000054900930190084B03C9F4F78BFD012095
:10D6700069E700BFCC240020D0240020B42F002074
:10D6800051C30000CDC8000015C30000F8B5B0F8C4
:10D69000203200F1800704460D460B441646A0F8E0
:10D6A0002032B0F8C0300B44A0F8C030384611F03A
:10D6B00076FCA0B1D4F8B43038460B442146C4F807
:10D6C000B43011F0EBF9D4E92D239A4207D30023AB
:10D6D000164904F5A870C4F8B43010F0C8FC94F8EA
:10D6E000CA3023B1B4F8C6302B44A4F8C63094F93C
:10D6F000CE3023B1B4F8CC302B44A4F8CC3094F81D
:10D70000283123B994F88F30073B012B04D8B4F8A3
:10D71000C4302B44A4F8C4302046FEF74DFE26B199
:10D72000B4F886301D44A4F88650F8BDF7E901002E
:10D7300008B5FCF7F1FD064B064A1A60064B074A8E
:10D740001A60074B074A1A60074B084A1A6008BD5F
:10D750004C2F002029F10100502F002017F101006B
:10D76000542F0020DFF60100582F002061F901003E
:10D7700008B5FCF70DFE084B084A1A60084B094A29
:10D780001A60094B094A1A60094B0A4A1A600A4B87
:10D790000A4A1A6008BD00BF802F0020CDA00100FA
:10D7A000842F00204DA10100882F00205DA70100DB
:10D7B0008C2F00205D650000902F0020EDB101004E
:10D7C000014B1873704700BF58250020F8B5034679
:10D7D00016464ABB91F82C20E2B391F93020CAB327
:10D7E00001F12F0291F82F0001F1180501F1460413
:10D7F000374678B3B1F86E10637261816073537805
:10D80000237411F089FD05EB400595F901000EB96F
:10D8100000F02EF9A07320462B780F49E37327738D
:10D82000BDE8F84010F026BC01F1320291F8320058
:10D8300001F1200501F1350491F83470012F07D072
:10D8400091F82D7037B191F933701FB10127D0E7EE
:10D850000227CEE7F8BD00BF37F30100F8B54668F0
:10D860000D460F213088F3F79BFC90F82E300446CC
:10D87000DB073AD56F7811F042FD384035D0AA78F1
:10D8800095F9037002F0030295F9045094F83410EE
:10D8900001F0FF0379B9214640FA03FC013302315C
:10D8A0001CF0010F1CBFCD778A77042BF4D184F8CC
:10D8B000337084F8320094F82D30B3B1AFB13388AF
:10D8C0000B49A4F83F30002384F8420004F13500EE
:10D8D00084F83E30012384F8457084F8435084F87E
:10D8E000442084F8413010F0C5FB0020F8BD00BF93
:10D8F00037F3010070B50D460F210646F3F714FC0F
:10D90000044620B940F2A621AC20F2F7ADFF702208
:10D91000002112F0D9FC7F232946204684F82130CB
:10D9200084F8233084F8253084F82730A4F86E601A
:10D9300011F04DFD4FF0FF330022A362024BA360B4
:10D940000023C4E9002370BD00E0FCFF08B5FDF72B
:10D9500017FBFBF7ABFFFDF71BFB024B00221A7016
:10D9600008BD00BFC82500200138C0B2032808B593
:10D9700004D940F2EB21AC20F2F776FF014B185CA2
:10D9800008BD00BFBF1004002DE9F341D0F80480AA
:10D9900007460E4698F88D302D2B54D10F21B8F83C
:10D9A0000000F3F7FDFB044690F8320011F0B4FCE0
:10D9B000737804EB4002054603F0030382F820303D
:10D9C000B37884F83330F37882F821302318327931
:10D9D00083F828201D4B197831B35B789A4223D9FC
:10D9E000FF2A21D0D11A090604F1180154BF9B1A4D
:10D9F00080230246404658BFDBB28DF807300DF158
:10DA0000070311F0C8FD9DF907306BB1022284F8BD
:10DA1000312084F83030012300222146AB401046EB
:10DA200084F82F30FFF7D2FE012221460020FFF7B5
:10DA3000CDFE002584F83450384610F042FD2846CB
:10DA400002B0BDE8F0810120FAE700BFC825002040
:10DA5000012808D8054B10B9187000207047012222
:10DA600059701A70F9E71220704700BFC8250020CE
:10DA7000074B93F900301844142804DC10F17F0F91
:10DA800003DB40B27047142070476FF07E00704790
:10DA9000CA2500207F2307B50DF107008DF8073058
:10DAA00000F0B6FF03469DF9070053B1094B5B78C0
:10DAB0005B425BB21844142806DC10F17F0F05DBD3
:10DAC00040B203B05DF804FB1420FAE76FF07E006B
:10DAD000F7E700BFCA250020014B18705970704746
:10DAE000CA250020024B00221A705A70704700BFEE
:10DAF000CA250020014B93F900007047CA25002079
:10DB0000014B93F901007047CA250020014B1870A2
:10DB1000704700BFCC250020064BD3F8000138B178
:10DB2000D3F8040120B1D3F80801B0FA80F040091D
:10DB3000704700BF00600450034B00221A705A70F7
:10DB400010229A70704700BFD0250020F8B5064615
:10DB5000022014460D4600F0E1F8114B114A01274E
:10DB60005C60191D9A6002F1807203342D011F70F0
:10DB7000DC601D83C3E904260022243303F80A2C49
:10DB80000D2203F8092C084AC2F83015074903C9C9
:10DB900083E80300C2F80875C2F83835F8BD00BF45
:10DBA000D02500200300000B00600450C4100400C6
:10DBB00008B5022000F0B2F80D4B01221A700022C5
:10DBC0000C4BC3F80021C3F80421C3F808210A4A0A
:10DBD000C3F8802003F57433C3F88C20A3F58023A9
:10DBE000C3F88C21A3F580530822C3F8042508BD8F
:10DBF000D02500200060045003000080154A08B5BD
:10DC00001378FBB100231449C1F8803001F5743159
:10DC1000C1F88C30A1F58021C1F88C3108210F4B5F
:10DC2000C3F80815FFF778FF88B101235370938E6E
:10DC3000FF2B03D9BC213B20F2F716FEDBB2937019
:10DC4000002313700020BDE8084000F067B81023DF
:10DC50005070F4E7D02500200060045000200450EC
:10DC600008B5022000F05AF80121064B0022197075
:10DC7000054BC3F80021C3F80421C3F8082119603B
:10DC800008BD00BFD025002000600450094B1A7861
:10DC900062B1094BD3F8002152B1D3F8040140B16D
:10DCA000D3F80801B0FA80F04009704758787047FF
:10DCB00002207047D025002000600450064A08B5B5
:10DCC00013782BB1FFF728FF20B192F8340008BD7C
:10DCD0009078FCE71020FAE7D025002038B5084CF2
:10DCE0000025D4F80035032B04BF01236360C4F87A
:10DCF0000055C4F8005501F02DFAC4F8805038BD25
:10DD000000600450044B4022C3F88820BFF34F8FBB
:10DD1000BFF36F8FFFF7E2BF00E100E010B50446EC
:10DD2000FFF7DCFF012C06D0022C09D03CB18C217E
:10DD30003D20F2F799FD074B0222C3F8002510BDE4
:10DD4000044B0322C3F8002502F10042C3F88020EF
:10DD5000F5E700BF00600450024BD3F8A00300F0C9
:10DD60000100704700C0FF00084BD3F8A423D3F88C
:10DD7000A833511C9BB203D14FF6FF718B4203D0E5
:10DD800002608380012070470020704700C0FF00C0
:10DD90000B4B30B5D3F89053D3F89443D3F8981382
:10DDA000D3F89C2305EA04030B401340013317BF4B
:10DDB00005600020446081601CBFC260012030BD4E
:10DDC00000C0FF000B4B30B5D3F88053D3F8844329
:10DDD000D3F88813D3F88C2305EA04030B401340CF
:10DDE000013317BF05600020446081601CBFC26022
:10DDF000012030BD00C0FF00074B0022C3F8002205
:10DE0000C3F81822C3F82022C3F80C22C3F8142246
:10DE1000C3F81C22704700BF00A0085010B50D4C7D
:10DE200001F03F01D4F8203E41F40C3123F470237B
:10DE300041F4207143EA0243074AC4F8203ED36804
:10DE400023F003031843D060C4F8000DC4F8101D7C
:10DE500010BD00BF00A0085008260020064B10B5DA
:10DE60000024C3F87043224621462046FFF7D6FF20
:10DE7000024B83F8444010BD00A008500826002043
:10DE8000EFF3108272B60D4B93F8451021B15B7819
:10DE9000012B04D0022B0ED002B962B6704710F0ED
:10DEA000040FF9D1064B0021C3F8401503F5A04338
:10DEB00001211961F0E710F0020FF2E708260020B7
:10DEC0000050085008B5104B187401380F4B072844
:10DED00015D8DFE800F004080A0C140E1012032213
:10DEE000C3F8002508BD0422FAE70622F8E7052258
:10DEF000F6E70022F4E70122F2E70F22F0E74FF401
:10DF000074613E20F2F7B0FC0826002000A0085003
:10DF1000002814BF0223042307B58DF80430002322
:10DF20008DF8063011F0D4FF01284FF0FF3088BF84
:10DF300000208DF8050001A809F044FD20B140F64D
:10DF4000DC413E20F2F790FC09F054FD58B1572314
:10DF5000ADF80230BDF802309BB25A1E92B2ADF855
:10DF60000220002BF6D1034B012283F8452003B099
:10DF70005DF804FB0826002070B5144D03460846E2
:10DF800095F8256026B940F634213E20F2F76CFC66
:10DF90006BB9012E2C6A95F8241005D100F030FFE2
:10DFA0002044AB69C01A70BD11F080FDF8E7012B69
:10DFB0000AD1012E2C6A95F8241002D100F00AFF34
:10DFC000EEE711F07EFDEBE70020EAE708260020EF
:10DFD000124B93F83100F8B193F83020EAB193F87E
:10DFE00032200F4B52B10F4AC3F80821A3F5A043CA
:10DFF000D3F84001B0FA80F040097047D3F800240C
:10E0000042F00102C3F80024D3F8200500F0F60026
:10E01000023818BF012070470120704708260020F1
:10E0200000A008500B00008007B50B4A01AB92F925
:10E03000112001F0E9FD9DF8050007F09DFA20B1DF
:10E0400040F2B1713E20F2F70FFC9DF9040000F0A0
:10E050005DFE03B05DF804FB0826002008B5134BF5
:10E06000DB8A952B21D970B9114B28311846D9601C
:10E07000104907F069FA0130012816D940F6BE01AF
:10E080003E20F2F7F1FB01280CD1094B293118464B
:10E09000D960084907F05EFA0130012805D940F639
:10E0A000C801EDE740F6CC01EAE708BD08260020EC
:10E0B00064110020CC10040008B50E4BDA8A952AB2
:10E0C00016D95B78012B09D107F04AFA01300128F3
:10E0D0000ED940F684213E20F2F7C6FB022B07D171
:10E0E00007F044FA0130012802D940F68A21F2E70C
:10E0F00008BD00BF082600200A4B40F409000A4A68
:10E100009B8A40F04000B3F5166F36BFA3F6381374
:10E11000A3F5166343F48073C2F80837C2F84005CC
:10E12000704700BF0826002000A0085010B50C461C
:10E13000FFF7C8FE2046FFF7DFFF0D4BD3F80024A2
:10E1400042F01002C3F800240A4A127C082A0BBFCE
:10E150004FF4817240F20312C3F8442EC3F8442EE8
:10E1600014BF40F25B62044AC3F8482E10BD00BFE2
:10E1700000A00850082600202110010007B50DF16D
:10E18000070009F02BFC20B140F61F513E20F2F7AA
:10E190006BFB0D4A9DF807305278012A04D0022A01
:10E1A0000ED003B05DF804FB13F0040FF9D1074B58
:10E1B0000022C3F8402503F5A04301221A61F0E7CD
:10E1C00013F0020FF2E700BF0826002000500850AD
:10E1D00038B50C460546FFF775FE20462146FFF789
:10E1E0008BFF2846FFF720FF094B1B7C082B094BB0
:10E1F0000BBF4FF4817240F20312C3F8442EC3F8F0
:10E20000442E14BF40F25B62034AC3F8482E38BD67
:10E210000826002000A00850211001002DE9F0413F
:10E2200006460C461746FFF773FE11F095FD0028D1
:10E23000FBD03B4D002E41D14FF0010895F8303016
:10E2400085F801803BBBA97C3846FFF7C1FF95F8F4
:10E25000323023B3334BC3F80080334B4FF47A7220
:10E2600033F8173003F5FA73B3FBF2F3E41AA96934
:10E2700001272E4B214485F830702D4DC5F84015EF
:10E28000C5F8C031FFF7A4FE044600283DD10024A4
:10E290002046BDE8F08195F83230002BDDD1254BCA
:10E2A0004FF47A7253F8273003F5FA73B3FBF2F3A5
:10E2B0001E4AE41A1B4BC3F80021D8E7012E1FD1D8
:10E2C00002236B7095F8303083B9A97C3846FFF78C
:10E2D0002DFF95F832306BB1124B5E60114AD2F8C7
:10E2E000003443F01003C2F80034C0E795F8323030
:10E2F000002BF3D10B4B293C0C4AC3F80421B6E7A1
:10E300004FF41B613E20F2F7AFFAEF64D5F84C35BD
:10E310008B42BCDA3046FFF7A1FEFFF72FFFB7E7CD
:10E320000826002000A00850981104000B0000806F
:10E33000005008507411040048220021014811F0D7
:10E34000C3BF00BF08260020014BD882704700BF22
:10E3500008260020024B012283F83220704700BFBC
:10E3600008260020024B0344187D00F51660704714
:10E37000CC100400014B93F82400704708260020BD
:10E380000B4B0C4A93F82410D3E9073002EB8102BF
:10E39000C01AD36B126D1844074B53F8213003F2A7
:10E3A000E7339B1A4FF47A72B3FBF2F318447047C9
:10E3B00008260020CC10040060110400024B186AEB
:10E3C0009B69C01A704700BF082600200A4B93F8CB
:10E3D0002420D3E90630C01A084B03EB8203DB6B21
:10E3E000C01A074B53F822304FF47A7203F2F3133A
:10E3F000B3FBF2F3C01A704708260020CC100400CB
:10E400006011040013B511F05FFD084B9C691A6C94
:10E41000001B009261EBE471D3E90E2311F09AFC2A
:10E420000146FFF7D3FF401A02B010BD08260020B6
:10E43000FF2810B504D940F20D313E20F2F714FA4E
:10E44000013907292AD8DFE801F02C310404292CEE
:10E450002C220024032201214FF0C743234340EA2A
:10E46000024043EA015340F0007043EA012313499C
:10E4700043F00803C1F8203EC1F8280ED1F820353A
:10E4800003F0F703032B17D140F29731D5E70022B1
:10E490004FF080644FF000731146DFE740F27D31AA
:10E4A000CBE70024032201212346D7E700240322DF
:10E4B00001214FF08073D1E710BD00BF00A00850CC
:10E4C00008B50A4603460C490C48C1F87003187891
:10E4D000032804D04FF47B713E20F2F7C5F9012ADE
:10E4E00059780CBF08220022FFF798FC044B012248
:10E4F00083F8442008BD00BF00A00850060000803B
:10E5000008260020F8B52A4E4FF48067C6F89070B0
:10E51000BFF34F8FBFF36F8F11F01AFC0546254CE8
:10E5200011F0D2FC0121401B234DA061C5F8A410BD
:10E53000FFF762FC0323C5F8401E2174C5F80035BF
:10E540004FF40023C5F800341C4B187C07F026F864
:10E5500009F088F91A4B1B4AC5F838331A4BC3F82F
:10E56000C820013AC3F8C42040F6FE72174BC5F824
:10E570001433174BC3F8042500239622A384236287
:10E58000238684F83230E282D5F8002D84F84430B6
:10E590004FF48073E260C6F89071C5F88834A36CBC
:10E5A000376103B19847BDE8F84006F0C1BF00BF2E
:10E5B00000E100E00826002000A0085064110020BF
:10E5C0000300008006000080005008500100008019
:10E5D00000200850014B5874704700BF08260020E7
:10E5E000020E034B0002C3F8342EC3F82C0E704702
:10E5F00000A00850044B054A034490741B7D03F5AA
:10E6000016639382704700BFCC10040008260020D8
:10E61000F8B52F4C06460F4694F8313023B940F632
:10E6200006113E20F2F720F9FFF772FC0123294A78
:10E6300084F83030D2F8003443F00103C2F80034DB
:10E64000002384F8323011F087FB0028FBD03EBB5A
:10E650000123A17C38466370FFF7BAFD6378012B74
:10E6600002D040F61F11DCE71B4AD36402F5A0423A
:10E670001360194B3046D3F84C552946FFF7EEFC92
:10E68000FFF77CFDA369ED1AF6B9144B4FF47A72CB
:10E6900053F8273003F5FA73B3FBF2F35819F8BDBA
:10E6A000012EE6D10223A17C38466370FFF73EFDC0
:10E6B0006378022B02D040F62811B2E7064BDE64E5
:10E6C00003F5A0435E60D4E705F12900E7E700BF4A
:10E6D0000826002000A008500050085074110400C3
:10E6E00008B5FFF79BFD58B9064B0122C3F840055A
:10E6F00003F5A04302201A61BDE80840FBF7FABB0E
:10E7000008BD00BF0050085073B5294B4FF480611D
:10E71000284A4FF0FF30D3F88854C3F89004C2F869
:10E7200090114FF40022244C05F48075C3F80024A6
:10E7300000222249228684F83220C1F84025C3F8FD
:10E740000821C3F80021C3F80421D3F82015C9B269
:10E75000D1B18DF80700C3F8202201221A619DF87B
:10E76000072012B1D3F820223AB19DF807305BB9E7
:10E7700040F672213E20F2F777F89DF80720013A23
:10E78000D2B28DF80720EAE7FFF796FC084E002387
:10E79000C6F82032238094F844300BB1FFF75EFBBB
:10E7A0001DB14FF48073C6F8883402B070BD00BF4D
:10E7B00000A0085000E100E00826002000500850AA
:10E7C000F8B50022304B314FC3F84825C3F8442533
:10E7D000C3F84025C3F84C25FFF796FF06F0AEFEC0
:10E7E00097F845304BB109F0F3F820B140F24161A0
:10E7F0003E20F2F739F887F84500002009F0F4F8D8
:10E80000044610B140F24461F2E71F4D204EC5F8B6
:10E81000C401C6F80801C6F80001C6F80401C5F82D
:10E82000C800C5F8C400C6F80401C6F8000109F024
:10E8300031F8184B40F6FE72C6F83843C6F8144358
:10E84000C5F8C041C3F808254FF48062124B3C71F3
:10E85000C7E90744C5F84845C5F84445C5F84045EB
:10E86000C5F84C45C5F84841C5F84441C5F8404194
:10E87000C5F84C41C3F89020BFF34F8FBFF36F8FA3
:10E88000C3F89021F8BD00BF0050085008260020B2
:10E8900000A008500020085000E100E0014BC3F840
:10E8A0004C0E704700A0085038B50446074809F0E0
:10E8B0009BF820B140F6DB213E20F1F7D5FF044D57
:10E8C00094E80F0085E80F0038BD00BF81DE00002E
:10E8D000542600200A490B4B10B50124C1F8D00E74
:10E8E000D86283F83140FFF773FB40B9064BC3F899
:10E8F000400503200C61BDE81040FBF7FBBA10BDDA
:10E9000000A008500826002000500850084B0122A3
:10E9100010B5C3F8D00E074B83F83120D862FFF74B
:10E9200057FB044608B9FFF7EFFE204610BD00BFB5
:10E9300000A0085008260020144B9A6910441A6A57
:10E94000824210B5124C09D30220FBF7D3FA002300
:10E950000122C4F840350F4B1A610DE00122986086
:10E960001A716264D4F844350533834205D3094BE8
:10E97000D3F80C120029EFD010BD0023C4F84431A5
:10E98000054BC4F84405C4F8C431F5E70826002057
:10E990000050085000A008500900008038B50D4C08
:10E9A0000222034694F825502271012D94F8241078
:10E9B000227CE08A0BD100F031FA074A0023A060E4
:10E9C000C2F84431236A0344C2F8443538BD00F02C
:10E9D0003FFAF2E70826002000500850044BC3F825
:10E9E000940ED3F8002442F04002C3F8002470478C
:10E9F00000A00850054BD3F8002422F04002C3F8D1
:10EA000000240022C3F8942E704700BF00A00850D5
:10EA1000044BD3F8183703F07F035B4203700120E7
:10EA2000704700BF00A00850021E114B14BF022007
:10EA3000012010B5187093F83200997068B1187CF5
:10EA4000884204D040F654413E20F1F70DFF012AE0
:10EA50000849094C02D1C1F8044110BDC1F8004178
:10EA6000002AFAD1997CBDE81040FFF7DDBA00BF5B
:10EA70000826002000A0085007000080054B002257
:10EA8000C3F84025044AD2F82035DBB20BB101238C
:10EA9000136170470050085000A00850044B30B577
:10EAA000D3E90E451B6CC0E900450B6030BD00BFCB
:10EAB000082600202DE9F04111F044F9794C7A4DF7
:10EAC0000123C4E90E01EB64D5F84C352364FFF74C
:10EAD000F3FA764B0022C3F80821C3F80021C3F8EB
:10EAE0000421C3F80421C3F80021D3F8001421F055
:10EAF0001D01C3F8001484F83120227922B1D5F821
:10EB00004421003A18BF0122617801290AD1D3F8C3
:10EB10001852002D3AD1654BD3F82032ABB145F0F5
:10EB2000100512E002292FD1604BD3F81852D3F808
:10EB30000C3E003D18BF0125D8074FEA450558BFD8
:10EB400045F00405E2B145F00105FFF755F9E90686
:10EB5000627803D5012A08BF45F02005524B022AEE
:10EB6000D3F848152162D3F8443584F82520E361B1
:10EB7000237C19D163B940F28F213E20F1F774FE56
:10EB800015F00B0FE1D1C6E70025C4E70825DCE747
:10EB9000DA1E012A08D8454BD3F81C3E13F00603B1
:10EBA00017D0022B17D103230127267884F82430AD
:10EBB000A6B966702671268684F8326094F84430CF
:10EBC0000BB1FFF74BF915F0010126D0E36C984724
:10EBD0003AE00423E8E704230027E6E715F01108EC
:10EBE00010D1013EE18AA27818BF01263046FFF716
:10EBF000C3F994F832300146A4F800802BB984F8A8
:10EC0000303005E0FFF780FDD8E7274BC3F840819F
:10EC1000A2783046FFF764FDD0E715F0020026D059
:10EC2000224BD3F81C0E00F0010045EA80001FB90A
:10EC300040F004000121C0B2C0F38000236D80F0D9
:10EC4000010000F0010098476378022B0DD1237971
:10EC50005BB1022B144A18D1236AA1680B44C2F895
:10EC60004435114B124AC3F8C421BDE8F08115F0B8
:10EC7000280F05F0200104D0B1FA81F1636D490934
:10EC8000E1E7EB06E0D5A36DA1E7012B02D040F64A
:10EC9000196172E7A368216A8B42E0D840F61A61D5
:10ECA0006BE700BF082600200050085000A0085065
:10ECB00009000080024B03EB8003D86B704700BF54
:10ECC000CC100400024B03EB8003186D704700BFAB
:10ECD000CC100400F8B50D46012347780146437077
:10ECE00004462846164600F051F9074AD2F8043186
:10ECF000002BFBD0677016B9EB78A370AB707B1E4E
:10ED000058425841F8BD00BF006004502E3008B58D
:10ED1000362854D8DFE800F05053535353534D5323
:10ED2000535353535353535353534B5353535353BB
:10ED3000585358534953475345534353413F3D3B21
:10ED400039373533312F2D2B29272523215A1C0004
:10ED50003F231F4AC2F8103708BD3323F9E72D239C
:10ED6000F7E72823F5E72323F3E71F23F1E71B2326
:10ED7000EFE71823EDE71523EBE71323E9E711236A
:10ED8000E7E70F23E5E70D23E3E70B23E1E70A239A
:10ED9000DFE70923DDE70823DBE70723D9E70623BD
:10EDA000D7E70523D5E70423D3E70323D1E70123DE
:10EDB000CFE74FF49873CCE74FF48873C9E740F27C
:10EDC0000D113F20F1F750FD0223C2E73923C0E7C0
:10EDD00000A008504FF47A73033A5843012A10B543
:10EDE000064C00F2E73034F911100844B0FBF3F0A0
:10EDF0008CBF02230A23C01A10BD00BF4C110400AF
:10EE00004FF47A73044A00FB033032F911201044A6
:10EE1000B0FBF3F0704700BF4C11040038B51D463D
:10EE20000A4B33F9114003EB820305355B691C443F
:10EE30004FF47A7304F6B73403FB00441046B4FB76
:10EE4000F3F42544FFF736FF284438BD4C11040085
:10EE500070B5064608461546FFF734FF094B03EB2D
:10EE600085035C694FF47A7304F6B73403FB0644F8
:10EE7000241A2846B4FBF3F4FFF71CFF05302044A6
:10EE800070BD00BF4C110400024B00221A705A7072
:10EE90009A707047642600202DE9F047074601204C
:10EEA0000E4615469DF834409846DDF824A09DF89E
:10EEB0003090FEF733FF9DF82C1007F003032F4A24
:10EEC00043EA01430021D47043EA04632C4CC4F8A4
:10EED00004352C4BC4F88010C3F88410A3F58023AC
:10EEE000C3F88411A3F580530221C3F80815BDF8B7
:10EEF000283031689380F36809BA93FA83FCB368C9
:10EF000018BA7368C4F810C51BBAC4F81405C4F85D
:10EF100018352B0AC4F81C152D069DF8206043EA0D
:10EF20000863DAF804102DBA003E23F00043DAF843
:10EF3000000009BA18BF0126B9F1020F00BAC4F8DF
:10EF4000201543EAC673C4F824051BBAC4F8283553
:10EF5000C4F82C550CD80C4B022F13F80930C4F808
:10EF600048354FF00103537000D11370BDE8F087AE
:10EF70004FF495716C20F1F777FC00BF64260020F8
:10EF80000060045000300850AC1104002DE9F84F27
:10EF90002E4B04460D465A7822B940F241116C209E
:10EFA000F1F762FC2A4A03F1080E4F7803F11006CC
:10EFB00093F8038003F1380CDFF8A0A04FF00E099E
:10EFC000B8F10008DF809F8403F1480B18BF4FF0B1
:10EFD00001089D61C3F81CA007EB880783F8279000
:10EFE00092E80300C3E9144A8EE80300D2E9020163
:10EFF00086E80300E91C0026196283F82660D2E93E
:10F000000401C3E90A668CE80300611C1964114914
:10F010005964D2E90601E21C8BE803009A650121DC
:10F02000A3F85C7083F85E6083F85F90C3E91866AC
:10F03000AA78A270084AC2F830E5C2F838C59970BB
:10F040001970C2F804611160BDE8F88F64260020D1
:10F05000B01104000100000C006004500100000D1C
:10F06000334B5A782DE9F04105460E4622B940F25D
:10F0700061116C20F1F7F8FB2E4A03F1380C03F113
:10F08000480403F10807DFF8C480DFF8C4E0C3F8E0
:10F0900044801E65C3F854E092E80300C3E9085EAB
:10F0A0008CE80300711C1964D2E9080184E80300AC
:10F0B000F11C0024996520495C6683F82E40C3E961
:10F0C0001714D2E9040187E80300691CC3E9041896
:10F0D000D2E90601EA1C03F118089A629A889A8517
:10F0E0000E2288E8030083F82F200121C3E90C4495
:10F0F000B278AA70114AC2F830C5C2F83875997052
:10F100001B780BB9A321B4E70D4BC2F80441C2F838
:10F110000841C2F880300B4AC2F88430A2F5802240
:10F12000C2F884310222084BC3F80425BDE8F081FF
:10F1300064260020B0110400E803000E00600450B3
:10F140000100008000300850002004500100000C35
:10F150000100000D0C4B1A788AB100220B490220E5
:10F16000C1F8802001F57431C1F88420A1F5802117
:10F17000C1F88421A1F58051C1F808051A70002258
:10F180005A709A70704700BF6426002000600450D7
:10F1900008B50B4BD3F8082122B10420FAF7AAFED8
:10F1A000022008BDD3F8042122B90520FAF7A2FEF7
:10F1B0000320F6E7D3F80004003818BF0120F0E779
:10F1C00000600450014B01225A60704700600450F7
:10F1D000014B1860704700BFD0260020014BC3F8D8
:10F1E0000405704700200850014BC3F8080570471C
:10F1F00000200850164840F62E731649C0F808350E
:10F200000023154AC1F8C031C2F80031C1F8C43139
:10F21000C2F80431C1F8C831C2F80831C1F8CC31A4
:10F22000C2F81031C1F8D031C1F8D431C2F8A031E0
:10F23000C2F8BC33C1F88C30C1F8C430C2F85833BE
:10F24000C2F814314FF47C73C0F8083508F022BBC3
:10F25000002008500050085000A00850064BD3F87A
:10F260002C283AB940F04070C3F800080120C3F8D8
:10F270007C0870470020704700A00850054BD3F869
:10F28000002420B142F00102C3F80024704722F0AC
:10F290000102F9E700A00850054BD3F8002420B183
:10F2A00042F40022C3F80024704722F40022F9E758
:10F2B00000A00850024B0022C3F80024704700BF92
:10F2C00000A00850034BD3F82002003818BF0120DB
:10F2D000704700BF00A00850024B0022C3F8202254
:10F2E000704700BF00A00850024B0022C3F8BC22A8
:10F2F000704700BF00A00850034BD3F8BC02003891
:10F3000018BF0120704700BF00A00850024B002228
:10F31000C3F80022704700BF00A00850034BD3F889
:10F320000002003818BF0120704700BF00A008503D
:10F33000024B0022C3F81C22704700BF00A00850F7
:10F34000034BD3F81C02003818BF0120704700BFE0
:10F3500000A00850034B01225A600022C3F800228B
:10F36000704700BF0050085000F5A870014B43F8EB
:10F370002010704700500850024B00F5A87053F859
:10F380002000704700500850034B80001858003888
:10F3900018BF0120704700BF405108508000024B49
:10F3A00000221A50704700BF40510850024B4FF4E2
:10F3B0008002C3F80423704700500850024B4FF4FA
:10F3C0008002C3F80823704700500850024B002207
:10F3D000C3F8C822704700BF00A00850024B0022AB
:10F3E000C3F80422704700BF00A00850024B02225D
:10F3F000C3F88824704700BF00A00850024B0222C7
:10F40000C3F89024704700BF00A00850034BD3F806
:10F410000402003818BF0120704700BF00A0085048
:10F42000024B0022C3F80822704700BF00A008501A
:10F43000024B0422C3F88824704700BF00A0085084
:10F44000024B0422C3F89024704700BF00A008506C
:10F45000034BD3F80802003818BF0120704700BFE3
:10F4600000A00850034BD3F8C802003818BF012091
:10F47000704700BF00A00850012804D1094B0322A7
:10F48000C3F800257047022802D1064B0422F7E793
:10F49000082806D1034B0422C3F800250322C3F831
:10F4A0001028704700A008500230024BC3F808072C
:10F4B000704700BF00A00850064B020E0002C3F8C0
:10F4C000342E0A0E0902C3F82C0EC3F8382EC3F8E6
:10F4D000301E704700A008500138074B074A18BF7C
:10F4E000012043EA0123000640F48020C2F8200EE8
:10F4F000C2F8283E704700BF1000030000A008506B
:10F50000014BC3F8D00E704700A00850034BD3F84E
:10F51000180700F07F004042704700BF00A008506D
:10F52000014B01221A61704700A00850024B034AA8
:10F53000C3F80421704700BF00A0085008000080F5
:10F54000024B034AC3F80421704700BF00A00850D3
:10F5500002000080034B044AC3F8C420C3F88C2087
:10F56000704700BF0050085005000080034B002288
:10F57000C3F8C420C3F88C20704700BF0050085067
:10F58000064B0022C3F80022C3F80C22C3F818224D
:10F59000C3F82022C3F81C22704700BF00A0085007
:10F5A00008B510F0A5FA014B185C08BDEA05020089
:10F5B00008B510F09DFA024B034493F82B0008BDE8
:10F5C000EA050200084AD2F8D43723F0875323F41F
:10F5D000F013C2F8D437D2F8D43743EA404343F0AB
:10F5E0008053C2F8D437704700A008501C4B00224B
:10F5F000C3F8202201221A61D3F82022002AFBD06E
:10F60000002240F22141C3F82022C3F8181501F16D
:10F61000004101F5911101F6A241C3F8D417114937
:10F62000C3F80428C3F80819D3F8401B21F0FF01E0
:10F63000C3F8401BD3F8401B41F09001C3F8401BB6
:10F640000221C3F810180121C3F8A410C3F84825FB
:10F65000C3F85425C3F85025C3F85825704700BF98
:10F6600000A0085005008010024A136D23F001032A
:10F670001365704700B00850024A136D43F0010350
:10F680001365704700B00850064B1A6D42F0010236
:10F690001A6502221A609C225A6041F64222DA61FF
:10F6A000704700BF00B0085008B5134B2629186DED
:10F6B00040F0010018654FF0030018604FEA410068
:10F6C000586015D008D808290AD012290DD040F268
:10F6D0009B418920F1F7C8F8A229F8D1002101E067
:10F6E0004FF6FF71D9619A6108BD47F2C711F9E77A
:10F6F00043F2E551F6E700BF00B008500128034B84
:10F7000016BF032298639A63704700BF00B0085089
:10F71000014B01229A63704700B00850014B586AB0
:10F7200080B2704700B00850014B586A000C704717
:10F7300000B00850024B1B6A1A0C0A800380704705
:10F7400000B00850064B586B7D23000100B2002822
:10F75000B8BF0F300011584300EBD0704010704715
:10F7600000B0085008B50E4BDA6AFFF7EBFF00282F
:10F77000C2F30B12B8BF40420B2A05D843F69823B8
:10F78000984203DC002007E0162A06D847F23053DF
:10F790009842D4BF0120022008BD0220FCE700BF30
:10F7A00000B0085001F662114BF6BC6348430028D4
:10F7B000CBBF00F5BE42A0F5BE425E325E3ACCBF82
:10F7C000B2FBF3F392FBF3F3064AC3F30C01C2F866
:10F7D0000418054A02FB0300642390FBF3F000B217
:10F7E000704700BF00A008504441FFFF024B4FF498
:10F7F0000042C3F88C24704700A00850024B4FF41D
:10F800000042C3F89424704700A00850024B4FF404
:10F810008072C3F88824704700A00850024B4FF450
:10F820008072C3F89024704700A00850024B8022D9
:10F83000C3F88824704700BF00A00850024B802204
:10F84000C3F89024704700BF00A00850024B01226B
:10F85000C3F88824704700BF00A00850024B012263
:10F86000C3F89024704700BF00A00850034B4FF42A
:10F8700080220120C3F88C24704700BF00A00850EC
:10F88000024B4FF48022C3F89424704700A0085024
:10F89000054B4FF0FF32C3F890244FF48062034BC6
:10F8A000C3F890211A61704700A0085000E100E001
:10F8B000084B4FF0FF32C3F890244FF48062064BA0
:10F8C000C3F89020BFF34F8FBFF36F8FC3F8902121
:10F8D000704700BF00A0085000E100E0014BFF228C
:10F8E0001A717047D0260020014B00221A71704710
:10F8F000D0260020024B1879003818BF012070472D
:10F90000D026002010B50C4CD4F8483543F007033E
:10F91000C4F848350123C4F8503500F0FE03C4F89C
:10F92000541503EB50030933012A08BF0133DBB23E
:10F93000C4F8583510BD00BF00A00850014B01228B
:10F940009A63704700A00850024B034AC3F8082985
:10F95000704700BF00A008500500901000384FEA23
:10F960008203094A18BF0120012903F0780314BF5C
:10F9700040214FF4807143EA012343EA800343F0BE
:10F9800002031365704700BF00B008502DE9F0472F
:10F99000474D4FF0010A17460C46C5F8A4A09846FB
:10F9A000814610F070F804230021C5F840AE2046CF
:10F9B000C5F83C3E0E46FFF78FFD4FF48073484676
:10F9C000C5F8443EC5F8481E514605F071FE05F0E5
:10F9D0005FFE3A4680B2C5F810074046C5F8186584
:10F9E000C5F800640899FFF78DFF42462146384666
:10F9F000FFF7B4FF2F4C07F035FF2F4A4FF47C730D
:10FA00000127C2F804352D4BC4F8C031C5F80031C8
:10FA10000133C4F8C431C5F804310133C4F8C83126
:10FA2000C5F808310633C4F8CC31C5F810310133BC
:10FA3000C4F8D031C4F8D431C5F8A031053BC5F8BD
:10FA4000BC330633C5F85833C5F8143140F62E736D
:10FA5000C2F804352022D4F8043523F00303C4F897
:10FA600004356760D4F8083543F00303C4F808355B
:10FA70004FF0FF33C4F81065E760C4F80833104B4B
:10FA8000C4F84065C4F84465C4F84865C4F84C65DA
:10FA9000C4F85065C4F85465C4F858651A6110F08C
:10FAA00051F90546276010F00FFA281ABDE8F087D3
:10FAB00000A00850005008500020085001000080AD
:10FAC00000E100E0064BD3F8402B22F0FF02C3F820
:10FAD000402BD3F8402B42F08802C3F8402B7047EC
:10FAE00000A00850032912D902680729084B12BA4E
:10FAF0005A650CD942680B2912BA9A6507D98268EF
:10FB00000F2912BADA6582BFC26812BA1A66704744
:10FB100000B00850034BD3F8C002003818BF0120D2
:10FB2000704700BF00A00850024B0022C3F8C0225B
:10FB3000704700BF00A00850024BD3F8000BC0F381
:10FB40000030704700A00850024B1B6803B11847F3
:10FB5000704700BFD0260020014B5871FFF7F4BF5B
:10FB6000D0260020024B1868003818BF01207047CB
:10FB7000D0260020014B5879FFF7E6BFD0260020A1
:10FB8000014B5861704700BF00B00850014B002284
:10FB90005A61704700B0085038B5194B0C460546FD
:10FBA00011461B7E33B1174B1B681BB1204698478B
:10FBB00043001BB2012C9BB207D11DB903F5F350D2
:10FBC0000C3007E003F5F750FAE7022C08D11DB915
:10FBD00003F6EE7080B238BD03F583500830F9E7C4
:10FBE000082C07D115B903F58050E9E703F58450D7
:10FBF0000630EFE740F26921B620F0F735FE00BF8E
:10FC0000D8260020B82F00202DE9F04F254C85B0D4
:10FC1000054698460F46164605F0FEFC23788146B9
:10FC2000AB4211D16378BB420ED194F90230B3429A
:10FC30000AD1E378834207D1A388A8F8003094F969
:10FC4000060005B0BDE8F08F082D1CD18DF80F60BF
:10FC500028469DF90FB00FF062FF82463846FEF746
:10FC600081FB00220346414600925846524605F069
:10FC700089FCB8F80030A071A38025706770A67069
:10FC800084F80390DBE728460FF049FF0DF10F03DE
:10FC90003246394605F0C6FC0028D9D04121A920BA
:10FCA000F0F7E2FD7A110020014B1860998070474F
:10FCB000F4260020024BD86019745A82704700BFA6
:10FCC000202700202DE9F843089D1C4606461B8886
:10FCD000407817468846E854238801339BB2238036
:10FCE0003078E854B4F8009009F101091FFA89F955
:10FCF000A4F8009070780FF029FF05F80900238818
:10FD000001339BB223807278032A00F2D180DFE8AE
:10FD100002F0022E507DB279EA54238801339BB25F
:10FD20002380F279EA54238801339BB22380327A0C
:10FD3000EA54B8F1000F39D122885F49013292B2FA
:10FD40002280B6F904308B42B8BF0B4642F21071E4
:10FD50008B42A8BF0B46C3F30E03AB541B0A228889
:10FD60002A445370238802332380BDE8F883B27994
:10FD7000EA54238801339BB22380F279EA54238822
:10FD800001339BB22380327AEA54238801339BB239
:10FD90002380B288EA54238896F905202B445A70B0
:10FDA000238802339BB22380727AEA54238801337A
:10FDB000DAE73279EA540022238801339BB22380A8
:10FDC00006EB8201013248799742E854238888790A
:10FDD0002B4458702388C8792B449870238803F1EA
:10FDE00003039BB22380087AC0F30300E8540B7A24
:10FDF000208803F0F003295C43EA01032B54238895
:10FE000003F101039BB22380DADAAEE7B279EA5458
:10FE1000238801339BB22380F279EA54238801338B
:10FE20009BB22380327AEA54238801339BB2238029
:10FE3000B288EA54238896F905202B445A70238807
:10FE400002339BB22380727AEA54238801339BB237
:10FE50002380B27AEA540022238801339BB22380A4
:10FE600006EB82010132C87A9742E85423888889D8
:10FE70002B44587088892388C0F30F202B44987036
:10FE8000238803F103039BB22380887BC0F3030024
:10FE9000E8548B7B208803F0F003295C43EA0103DC
:10FEA0002B54238803F101039BB22380D8DA5CE74B
:10FEB000CA218720F0F7D8FCF0D8FFFF2DE9F04FDA
:10FEC000002387B004460D46174690F8978200F24B
:10FED000B226DFF8B490ADF81630B4F8A232FF2B9A
:10FEE00007D899F8000003FB006042780AB98278CD
:10FEF00022B904F2B229DFF890A02BE0D4F8D43074
:10FF00004246D97C0DF116030097FFF7DBFEB4F8EB
:10FF1000A2320133A4F8A232DFE7D4F8D43042464B
:10FF2000D97C03910FF012FECBF1FF0303305B1B72
:10FF300000B21BB283421ADB0DF11603424603994D
:10FF400030460097FFF7BEFEB4F8A23201339BB2F1
:10FF5000A4F8A232FF2BBDF816B008D89AF80060BA
:10FF600003FB0696707810B1B378002BD5D15D44B1
:10FF7000FF2D04DD40F205118720F0F775FC58468F
:10FF800007B0BDE8F08F00BF781D00202DE9F347D2
:10FF90000C46054620B940F2C9118720F0F764FCF1
:10FFA0000D21DFF8C881F1F755F90D21F1F7F8F8C7
:10FFB00098F8002000F2B227B0F8A23206460D21D0
:10FFC00002FB037393F80190B9F1000F40F08580B4
:10FFD000F1F740F9D6F8D430A4F803005A7F6271E3
:10FFE000DA7A012A14BF96F897124946012A217439
:10FFF0006989E180A989218103D19A7C013A012A8A
:020000040001F9
:1000000035D895F90E202273DB7C93BBB5F91030FF
:10001000544A9342B8BF134642F210729342A8BFAB
:100020001346C3F30E0304F112021021638130461C
:10003000B6F8A2A2FFF742FFB6F8A212A1EB0A039C
:100040006374AA7C0F2A2ED8B1F5807F05D098F86A
:10005000003001FB0373597869B900231107A373BA
:1000600035D00F236373002395F812900EE07F22A2
:10007000C9E73D4BD7E79B7813B940F22D118CE7C8
:100080000123A3736373A27B0F2AEDD010303322B8
:1000900084F80F90C0B260700420227040EA032000
:1000A00002B0BDE8F0873F2A4FEA121304D8012BB3
:1000B00004D84FF4AE7170E70F2BFAD1EB7C5344A8
:1000C000A6F8A2320F23A373AA7C1207CAD12B7DF4
:1000D00083F0010363730023D5E7F1F7BBF8D6F88B
:1000E000D430A4F8030009215A7F3046627104F12C
:1000F0000B02DB7A012B14BF96F897320023637250
:10010000B6F8A292FFF7DAFEB6F8A232A3EB09091D
:10011000B3F5807F84F80A9005D098F8002003FB9F
:1001200002777B78BBB9AA7C002312F00F01E37140
:1001300009D12A7D0B4682F00102A271E2790F2AD1
:1001400003D0002202E00F22A271AA7C09302272A1
:100150003422C0B29FE7BB78002B8ED00122134619
:10016000E271EAE7F0D8FFFF00C0FFFF781D002032
:100170002DE9F84F00F51576D0F8D43004460D4639
:10018000D87A314604F030FBD4F8D430314680467A
:10019000D87B04F029FBD4F8D4C094F8A03281466F
:1001A0009CF80E209CF810709A42DFF820A128BF1E
:1001B0001A462B889AF80010F818FF2826DD01FB54
:1001C00003440022FF2B02D90220BDE8F88F01333F
:1001D00084F8B3220C449BB2F4E7B4F85402013320
:1001E0000644288801FB004B01308BF8B3E22880DD
:1001F000D8B28742F1D80020C3B293420AD3174441
:100200004FF0FE0B9F2F20D90020DEE700231E4673
:100210009E46EDE7D4F850324644C3F31703B34289
:1002200003D2EC218820F0F71FFB2B8801309CF8CB
:100230000BB001FB034E01339BB28EF8B3B2B3F5A2
:10024000807F2B80D8D10120BFE7D4F8503294F8BA
:100250005C02C3F31703C0B94E449E42B5D89AF866
:10026000002084F85CB22B8802FB0343D4F8D4202E
:10027000D27B83F8B3222B8801339BB2B3F5807F06
:100280002B80E0D00137BFB2BCE746449E42BBD8CA
:10029000D4F8D4C09CF80F30FF2B0DD0FE2808D125
:1002A00004F1DA032A889CF80D109CF80C0003F086
:1002B00041FD013884F85C029AF800202B8802FB8B
:1002C0000343D4F8D420D27AD3E700BF781D0020AE
:1002D0002DE9F04F05468FB008460C4604F000FEAD
:1002E000B5F81B305E0500F149822B78287D8DF82A
:1002F00023306B7894F82F618DF82730AB79013B70
:10030000DBB2022B96BFCF4AFF23D35C8DF8293096
:100310006B7C8DF82F30EB7B8DF831302B7C8DF89A
:100320003230AB7C8DF83030EB7C8DF833306B792C
:100330008DF82A3004F0AAF902AA014606A804F0B2
:1003400009FA9DF82330022B00F0F781032B00F00F
:10035000F781012B40F0F781BDF80AA0B5F81BB07A
:100360001BF0040300F0FB819DF82720022A00F017
:10037000EE81032A00F0EE81012A40F0EE81BDF803
:100380000A90BDF8082095F803802F7A02FB08F147
:100390000091697A47EA0127A97A47EA014702FBF7
:1003A00008F1B94280F0E6811BF0010FAA7E18BF68
:1003B000AE7F5643002B00F0D5819DF82720012AFF
:1003C00040F0D08105F11E02697F584601930FF07D
:1003D000D6FB019BB6FBF0F04644B5F80B20064473
:1003E000B6B2A02E28BFA026F6B21AB3009ABF1A42
:1003F000002B00F0B98105F11E02697F58460FF00D
:10040000BEFB00FB0A99B7FBF9F300FB033009FBC5
:1004100013734044B3FBFAF3DBB203441FFA83F8CF
:10042000B8F1A00F28BF4FF0A0085FFA88F8464542
:1004300028BF4646002195F81A90D4F8D470A4F845
:100440006012B5F80B20D4F85032002A40F09881A1
:100450007D4A62F31703C4F85032012384F85E32F8
:1004600004F2B2234FF00008102204F1DA00C4F8BD
:10047000B4304146C4F8B880A4F8CE800FF024FF11
:1004800041464FF0FF38102204F1EA000FF01CFF44
:100490001222FF21C4F81C81C4F8208104F5857064
:1004A00084F82481C4F82581C4F8298184F82D8139
:1004B0000FF00AFF2B8B84F82E8184F8EA301B0A98
:1004C00084F8B06084F8EB3087F80A9084F8B09232
:1004D00004F515796B7C95F800806E78FB75EB7BE5
:1004E0007B762B7CBB76594BC4F8C4302B79FB74DC
:1004F000AB79013BDBB2022B96BF524AFF23D35CA0
:100500007B746B79BB7495F90E307E2B08BF6FF04E
:100510007F0384F8D930287D84F89502EB7984F83C
:100520009832002384F8993204F0B0F884F89702E6
:1005300094F89502F97C04F0B5F884F89602B87C3A
:1005400004F042FCC00884F87102F8F74BFD036820
:1005500013F400631CBF6B7D03F001033B773C4B3E
:10056000C4F89C32B5F81B3013F4806F00F01E8184
:10057000012394F897124A4638463B74A423FF2679
:100580003B76FB7604F0E6F8B4F85822B4F854321F
:100590001344D4F8502263F31702C4F850224A4699
:1005A00094F89712384604F0D5F80023022287F811
:1005B0000B80BB757A75FE73B5F81B3013F0010321
:1005C00000F0FB80AE7F04F5BE703A7505F11F07A1
:1005D000324684F87A61394684F8C46184F87B61D4
:1005E00084F8C56107F068F932460136394604F5EA
:1005F000E370F6B207F060F9B5F81B70780740F1C8
:10060000E9800136697F05F11E0238460FF0B7FA1E
:10061000D4F8D430F6B218735873FE23390784F82F
:100620005C324FF0FF0384F8943213D57A0558BF3B
:10063000AB1906F101064CBF01239B7FF6B284F88B
:10064000943207E0D811040000093D00000E27078E
:1006500000010203022384F89A32FB0611D5AB197C
:10066000987FFF2840F0BD80012394F8970284F81A
:100670009A3204F02FF80138C0B2013684F89B0298
:10068000F6B2B5F81B2012F0200300F0AE80A919D5
:1006900091F8203091F821001B0443EA0063887F21
:1006A000C97F034343EA0123311D0836C9B2C4F8A8
:1006B0006832F6B2294491F8203091F821001B04E9
:1006C00043EA0063887FC97F034343EA012312F4AE
:1006D0008072C4F86C3200F00481834B02AF03F1E6
:1006E000100E3A461868083353F8041CBC4673458C
:1006F000ACE803006746F5D17C4F0DF1180C07F10B
:10070000100863463868083757F8041CE646474522
:10071000AEE80300F446F5D1A91904F2732004F5FC
:100720002177897F072963D80139062965D8DFE851
:1007300001F0808A91AAB1B8BF00BDF80CA00DE607
:10074000BDF80EA00AE672218820F0F78DF8BDF8FA
:100750000C9016E6BDF80E9013E68321F4E74FF6F1
:10076000FF790EE6002037E6B7FBFAF7B8441FFA28
:1007700088F855E6B7FBF2F7FEB25BE6022659E6CB
:10078000687A2A7A42EA0022A87A42EA004262F3B0
:100790001703C4F850326B7B002B08BF202384F86A
:1007A0005E32AB78BB7384F8A01259E6EB783B74E9
:1007B000AB7C3B76EB7CFB76F1E63B750D2694F843
:1007C0002F3184F87A3184F87B3184F8C43184F88D
:1007D000C53111E7D4F8D43006221A730A225A73AD
:1007E0001BE7002384F89A3247E7C4F868326EE7C3
:1007F000802964D040F24A21A6E794460646654621
:10080000083603CD9D4246F8080C46F8041CAC4659
:10081000F5D11546083703CD9D4247F8080C47F837
:10082000041C2A46F5D1012384F870320FB0BDE8CC
:10083000F08F10220F210FF047FD10220F213846B4
:100840000FF042FDEFE7102255210FF03DFD102281
:100850005521F4E71E4605460DF1280C32460835B1
:1008600003CA624545F8080C45F8041C1646F5D144
:100870001A46083703CA624547F8080C47F8041CB3
:100880001346F5D1CFE71022FF210FF01DFD1022F6
:10089000FF21D4E7102200210FF016FD10220021C5
:1008A000CDE71022F0210FF00FFD1022F021C6E756
:1008B0001022AA210FF008FD1022AA21BFE71F363F
:1008C00035442B4605F1100253F8041B934240F8BF
:1008D000041BF9D155F8043B954247F8043BF9D184
:1008E000A1E784F87022A1E7D07C0400DB110400AA
:1008F00038B500F52975044628460DF0C1FB48B906
:10090000B4F8643228460449A4F8AE32BDE8384051
:100910000DF0AABB38BD00BF3BFC010090F8C5310B
:1009200090F8C41199420BD003F1010C5FFA8CFCD2
:10093000034480F8C5C1012093F8C6311370704795
:10094000002390F8B01280F8C53129B101394FF079
:10095000010C80F8B012EBE70846704790F87B3145
:1009600090F87A219A4207D05A1C0344D2B280F8F8
:100970007B2193F87C01704700230122034480F817
:100980007B2193F87C01704738B5044690F8C53157
:1009900090F8C4011546984208D05A1C23440120FF
:1009A00084F8C52193F8C6312B7038BD94F8B00295
:1009B0000028FAD0013804F1DA0284F8B00204F514
:1009C000E27002F0C7FE94F8C531E6E710B590F882
:1009D0007B31044690F87A219A4206D05A1C23446F
:1009E00084F87B2193F87C0110BD00F1DA0200F558
:1009F000BD7002F0C1FD94F87B315A1C234484F889
:100A00007B2193F87C0110BD5E21A62008B5EFF78D
:100A10002BFF00BF2DE9F04F0023054687B000F5FE
:100A20000670B5F81842C5F8C830C5F8C030A5F84A
:100A3000CC30C5F8D03004F047FBB5F86032A5F8EB
:100A400018420DF116012846ADF81630FFF790FB5D
:100A5000B5F86042BDF816800228A8EB04085FFADA
:100A600088F800F0D980012804D1042385F8623287
:100A7000B5F86042D5F8D49099F81430022B00F004
:100A8000C6806D4BDFF8BCA1009399F81030002BA5
:100A900000F0CB8005F2B226684F334656469A46A0
:100AA00097F800B02146284604FB0BFBB047013401
:100AB0000AF80B00B5F86002A4B299F81030844629
:100AC00003449C42ECDB99F80EA0002295F8A0327A
:100AD00085F8A0229A4528BF9A46431E54449BB2EB
:100AE000A4B2BAF1000F1AD0D5F8D41005F2B2268C
:100AF000524FC97ACDE902800191397803F1FF3B69
:100B0000019801FB03FE06EB0E0898F80180804572
:100B10003AD092451FFA8BF3EFD8DDE9028008EB5B
:100B20000C03A34240F3848005F2B226434F12E047
:100B3000009B9847002858D0D34504D095F8A032A0
:100B4000013385F8A0320134B5F86032A4B203EB6A
:100B50000802944229DA97F800C0214699F80FA0BC
:100B6000284604FB0CFC06EB0C0292F801B0D345BE
:100B7000DED1BAF1010FDBD195F8C5312B4493F8E2
:100B8000C53106F80C30DEE7013216F80EE01FFA28
:100B90008BF3D2B2A4EB020892451FFA88F801FB4E
:100BA00008F106F801E0A8D8B7E7E41AE4B295F82E
:100BB000C52195F8C4319A4232D0D5F8D43085F8A1
:100BC000B0401B7CA3421ED2B5F860321C44A4B2D4
:100BD000FF2C06D8194A0023127804FB025585F829
:100BE000B332012007B0BDE8F08FB5F86032E31AE8
:100BF000DCB2042385F86232D5F8D43085F8B040F1
:100C00001B7CA342E0D3002007B0BDE8F08F0C4B63
:100C1000DFF834A0009338E7002085F8B080F3E7D0
:100C200095F8B032002BC8D1E3E7A44620464AE746
:100C3000201AC4B2BBE700BF89090100781D00205B
:100C40001D090100CD0901005D090100D0F8D43073
:100C50002DE9F04190F8B02084B01B7C9A4271D904
:100C60000446414806F0C0FE002866D106238DF8F0
:100C70000E0003A8ADF80C3006F0A4FE002866D1E3
:100C8000D4F8D4300121394A5E7CDF7C94F9D95004
:100C900094F87182117004F01FFC434600903A46AC
:100CA00031462846FEF772FEB0F5D57F0DDB94F88D
:100CB0002032032262F3071384F82032042384F8DD
:100CC0006232002004B0BDE8F08140F2A9131B1A83
:100CD0005B01C4F8BC30FEF7DBFD03A806F07EFE26
:100CE000C8BB9DF80C3003F00603062B0ED094F819
:100CF0002032032262F3071384F8203294F8623220
:100D0000042BDED0204603F0A1FCDAE7204601F0F8
:100D1000F7FF28B1012822D1012004B0BDE8F081FD
:100D200002F026F80028FBD00128F5D00228C8D010
:100D30004FF4CE71A620EFF797FD4FF4AB71A620CC
:100D4000EFF792FD4FF4A971A620EFF78DFD552125
:100D5000A620EFF789FD6421A620EFF785FD40F27C
:100D60008511A620EFF780FD090A01003D2700202C
:100D700008B501F0FDFF0028FBD0012802D00228B1
:100D800001D1002008BD4FF4CE71A620EFF76CFD15
:100D900008B501F0EDFF4FF4D371A620EFF764FD25
:100DA00010B50F4CFEF7D6FAFEF724FAFEF71EFC3C
:100DB000FEF77EFDFEF7DEFE23781BB106F008FE8F
:100DC00028B92070002006F00FFE20B910BD6C215C
:100DD000A620EFF749FD6F21A620EFF745FD00BFE4
:100DE0003D2700202DE9F04390F85D3283B090F864
:100DF0005E22044601330D46DBB29A4280F85D3232
:100E000002D8042380F86232B4F860220D2194F8ED
:100E1000B03020461344A4F86032F0F71BFA0E21DC
:100E20000746F0F7BDF9D4F8D4300646B4F860228E
:100E30001B7C1344FF2B00F3928040F6FF739F420C
:100E400065D0694638460CF0CEFA002840F0B880EC
:100E500096F83E314FF0000E94F85D22B6F83A1144
:100E6000B6F85081B2FBF3FC03FB1C22019B5FFA36
:100E70008CFCD2B2DF69A2FB012193009B1841EBED
:100E80000E0EDB004FEACE0E9B1A6EEB010E4FEA00
:100E90000E1E4EEA137E1B019B18B6F83821B4F8DB
:100EA000546241EB0E0ED4F8D41002FB07F7D4F8CD
:100EB000C42091F81090C9FB0620ECFB0720D7183E
:100EC00040F271234FF0000903FB08F840EB0E06D7
:100ED000474576EB090342D2C87BFF280BD091F837
:100EE0000EC094F8A02294F85C32944594BF43EA73
:100EF0000C03134303B1C87A04F5157103F074FCB5
:100F0000C01946F10006804579EB060627D394F810
:100F1000B030A4F81A5284F8213294F86232DBB26D
:100F200094F86622042BD2B21DD004F50975284628
:100F30000DF0A6F888B304F23A2528460DF0A0F883
:100F400050B3302384F82032042384F862321F49DE
:100F500004F20E2003B0BDE8F0430DF08BB804237B
:100F600084F86232D3E7012384F82232002ADCD0ED
:100F7000D4F8D42092F84B20162A04D0282A09D07D
:100F8000132A18BF0F2394F8202263F3030284F876
:100F90002022CAE70323F6E70120162204F5067390
:100FA00002FB004407CBC4F82E022846C4F83212D4
:100FB0000649C4F8362203B0BDE8F0430DF051B83D
:100FC0004FF4F271A620EFF74FFC00BF8DFF000039
:100FD0002DE9F047DFF81C81154604460F46FEF761
:100FE000C1FB0646D8F80000D0F8D430DA7C012ADC
:100FF0001ED11B7FE3B1002F58D0FEF795FB63781D
:10100000C0F30F10022B00F400623FD0002A5CD125
:10101000C0F30A0006F00F0604EB8505020A002360
:1010200046EA0716E8722A73AE736B73BDE8F08761
:10103000B0F9CC2006F00F06217807F00F0704F076
:101040009BF8637820F07F40022B0FD004EB8504DF
:10105000C0F307232373A37BE072000C66F3030342
:10106000607367F30713A373BDE8F08704EB85058E
:10107000C0F30723AB712B7A6871000C66F303038E
:10108000E87167F307132B72BDE8F08702B340F2F3
:10109000FF7006F00F0604EB8505020A002346EAFE
:1010A00007166871AA712E72EB71DDE7FEF736FB49
:1010B000814685B1B8F80430A8F8040008EB45086B
:1010C000A0EB0309A8F8089097E740F2FF70A1E7AA
:1010D000C0F30A00DDE794F800A004F015F8C0F1B1
:1010E0002A00A8F8049000FB0AFA09EB4A09A8F8BC
:1010F000089082E74027002070B5174E346894F8B6
:101100009A32022B0BD0012B94F89B5217D0D4F8B3
:10111000B4305A78022A0CBF1D719D7270BDB4F8AC
:10112000CE1004F1DA02B4F86032194489B202F048
:101130007DFC84F89B02346894F89B52E7E7013504
:1011400003F0C8FA3468B5FBF0F303FB1055EDB2B9
:1011500084F89B52DBE700BF40270020F8B5FEF77C
:10116000EFF8002834D01D4EFEF7EAF93268D2F8C5
:10117000D43092F871525A7C012A24D0AD00232732
:101180001A22EDB2DC7D02205B7E144431692C44CE
:101190003D441C44033401EB44112544FEF7E4F8BC
:1011A0003169032001EB4511FEF7DEF80C48FEF72C
:1011B000A7F9FEF743FBFEF78FF8FEF727FB094B75
:1011C0000120B362F8BDED0038272C22EDB2D9E73B
:1011D00040F271518320EFF747FB00BF402700200A
:1011E00054270020992B010070B51D4E346894F8E7
:1011F000703223BB94F8710208B3B4F86032C000B7
:10120000B4F8CE10C5B21944D4F8D430DB7C89B21E
:10121000B3B104F5217304F1DA02284602F008FFA5
:101220003268B4F8CE102846B2F8604202F2732356
:101230002144DA3289B2BDE8704002F0F9BE70BDD7
:1012400004F2732304F1DA02284602F0F1FE326858
:10125000B4F8CE102846B2F8604202F52173E7E7F1
:1012600040270020F8B5294E3568D5F8D420B5F8C8
:101270006032147C1C449C4245DD2549D27C91F8A7
:1012800000C0F2B1012A39D16FF07F0203FB0C518B
:1012900091F9B9128A4202DA7F2918BF0A4601334E
:1012A0009BB29C42F2DC5242D4B22046FEF778F95F
:1012B0003368C5F8D000D3F8D000FEF783F9204694
:1012C000F8BD6FF07F0205F2B22E124F0CFB03E067
:1012D00090F9071091420CDD7F290AD0B0F9040083
:1012E00020B100EB8002520097FBF2F00A46C5F8ED
:1012F000C80001339BB29C42E8DCD4E74FF496610E
:101300008320EFF7B1FA8024CFE700BF4027002009
:10131000781D002000CA9A3B10B5FEF777F8E0B1BF
:10132000104CFEF76BF80EF0E1FB236884F83100F7
:1013300093F89632012B08D90620FEF72FF8FEF716
:1013400035F8094B0120A36210BDFEF769F8FEF7DE
:101350006FF8064B0120A36210BD40F25B61832051
:10136000EFF782FA4027002009240100B923010089
:1013700010B5FEF76DF868B1094CFEF761F80EF094
:10138000B5FB84F83000FEF721F8FEF76FFA054B45
:10139000A36210BD40F239718320EFF765FA00BFF8
:1013A00040270020B528010010B5FEF72FF8E0B166
:1013B000104CFEF723F80EF099FB236884F83100F7
:1013C00093F89632012B08D90620FDF7E7FFFDF7C9
:1013D000EDFF094B0120A36210BDFDF77DFFFEF775
:1013E00015FA064B0120A36210BD40F29B718320C9
:1013F000EFF73AFA4027002091240100391D01003F
:1014000038B5FDF79DFF50B3174CFEF717FAFEF7FE
:1014100097F802202368D3F8D420557CD37D012D82
:10142000527E14BF1A212C210B442169134403332B
:1014300001EB4311FDF798FF2846FEF725F904F16B
:101440001400FEF75DF8FDF74FFFFDF7BFFFFEF755
:10145000CDF9FEF70BFA054B0120A36238BD40F22F
:10146000F3218320EFF700FA40270020FD2101003F
:1014700010B5FDF7EDFF80B10A4CFDF7E1FF2068E4
:1014800000F27220FEF73CF80020FDF7F7FEFEF7B1
:10149000BDF9054B0120A36210BD40F2AB318320A2
:1014A000EFF7E2F9402700204D22010010B5FDF7CB
:1014B00035FF90B10B4CFEF7D1F9206800F2722095
:1014C000FEF71EF80020FDF7D9FEFDF705FFFEF739
:1014D0009DF9054B0120A36210BD40F2C951832044
:1014E000EFF7C2F940270020312A010030B5314C16
:1014F00083B02368D3F86C12D3F8685293F899221A
:1015000093F89802CDE9005122BB0138C0B2FEF732
:101510001BFBDDE9003213432CD02368D3F8D43011
:10152000DB7C002B38D0012B3ED1DDE90001FDF73B
:10153000C3FF01992368009A0029B4BF0A2105213D
:10154000002A83F87212B4BF0A22052283F883228C
:1015500003B030BD93F89622B0FBF2F102FB11000C
:10156000C0B2421C83F89822FEF7EEFADDE90032A1
:101570001343D2D1216801AB6A46B1F8CE00DA310B
:10158000B1F886C1604480B202F0C4F92368D3F890
:10159000D430DB7C002BC6D1DDE90010FDF78CFFD9
:1015A00000992368019AC7E74FF420718320EFF771
:1015B0005BF900BF402700202DE9F047334CD4F8F9
:1015C0000090D9F8D460707C012857D0DFF8C4802F
:1015D0004FF0200A18251A27FDF74EFFD9F8B4302E
:1015E0001878FDF761FFF37D2269002002EB4312BA
:1015F00002EB08014FEA4318FDF7B6FE236902200B
:1016000008EB0301A1EB0A01FDF7AEFE206800F232
:101610007220FDF775FFFFF769FFFDF765FEFDF727
:101620005BFEFDF785FEFEF71FF80D212068EFF742
:1016300011FE0E21EFF7B4FDD9F8B4301B78192B49
:101640008CBF053B023BDBB2C056FEF799FAF37D37
:10165000727E04203B442169053301F5087113446F
:101660002B4401EB4311FDF77FFEFDF75FFFFEF713
:10167000DDF8074B0120A362BDE8F087DFF8188092
:101680004FF0340A2A252C27A6E700BF4027002068
:1016900001140100C0FAFFFFACFAFFFF2DE9F0478B
:1016A0002A4D2C68D4F8D460707C012846D04FF0C5
:1016B0007408274F4FF020094FF01A0AFDF7DCFE9F
:1016C000D4F8B4301878FDF7EFFE2969F37D0120D6
:1016D000A1F5AC6101EB4311FDF746FE1D48FDF796
:1016E0000FFFFFF703FF0120FDF7C8FDFDF798FE90
:1016F000FDF7FAFDFDF7F0FDF47D737E0020544404
:1017000005341C442B69F918660101EB441144446B
:10171000FDF72AFE29690220A1EB09013144FDF7FA
:1017200023FE2969032001EB4411FDF71DFEFDF79F
:101730007FFE094B0120AB62BDE8F0874FF08608C1
:10174000064F4FF034094FF02C0AB7E7402700202E
:10175000E0FDFFFF5427002071140100CCFDFFFFC6
:1017600070B5224C2668D6F8D450687CFDF784FE0C
:10177000D6F8B4301878FDF797FE2369E97D01208B
:10178000A3F5AC6303EB4111FDF7EEFDFDF7E2FEBF
:101790000A20FDF729FD04F11400FDF7B1FEFDF765
:1017A000A3FDFDF799FD0120FDF768FDFFF79EFE03
:1017B0002268D6F8C400D2F8D420EB7D527C03EB2B
:1017C00040032169012A4FF0030014BF1C2231227B
:1017D000134401EB4311FDF7C7FD054BA362FEF770
:1017E00015F8FEF703F8012070BD00BF4027002068
:1017F000651E01002DE9F041294C2368D3F8D4502F
:101800006E7C012E48D0DFF8A08020273046FDF7FF
:1018100033FE2368D3F8B4301878FDF745FEEB7D2E
:10182000226900205D0102EB431202EB0801FDF783
:101830009BFDFDF721FF23690220E918C91BFDF775
:1018400093FDFDF773FEFFF751FE206800F2722052
:10185000FDF756FE2368304693F87112FDF73CFE03
:10186000FFF7C2FC2568FEF76FF8FEF72BF905F5C8
:10187000217095F87112FEF735F9FEF755F9FEF76C
:101880005DF8FDF731FDFDF753FDFDF7CFFF054B8B
:101890000120A362BDE8F081DFF810803427B5E7AE
:1018A000402700205D110100C0FAFFFFACFAFFFFE6
:1018B0002DE9F84F3C4D2B68D3F8D44093F8717262
:1018C00094F81180B8F1010F65D0BF00DFF8E49003
:1018D0004FF0200A1A26FFB24046FDF7CDFD2B68D7
:1018E000D3F8B4301878FDF7DFFD94F817B0296904
:1018F0000120ABF1020BA1F5A46101EB4B11FDF747
:1019000033FDFDF7B9FE0120FDF7B8FC647E2B69BD
:101910000020073409EB03015C4434443E443C445A
:1019200001EB44112644FDF71FFD29694FEA4419D4
:101930000220A1EB0A014944FDF716FD29690320A5
:1019400001EB4611FDF710FDFFF7D0FD1748FDF73D
:10195000D7FD2B68404693F87112FDF7BDFDFFF7E8
:1019600043FC2C68FDF7F0FFFEF7ACF804F521709E
:1019700094F87112FEF7B6F8FEF7D6F8FDF7DEFF21
:10198000FDF7C4FCFDF7B0FCFDF760FF084B01203C
:10199000AB62BDE8F88FFF00DFF81C904FF0340A0F
:1019A0002C26FFB298E700BF4027002054270020D4
:1019B000AD140100E0FDFFFFCCFDFFFFF0B51E4FB1
:1019C00083B0FDF799FC0646FEF7A4F805463846B5
:1019D00050F8144B94F8712204F2832101320EF076
:1019E0004CFC97F82E20B0FA80F30020023A66F300
:1019F00007005B09012AD4F8B42065F30F208CBFDF
:101A00000121022163F317405378012B61F31F601A
:101A100007D0032B05D04BB994F89832137203B05A
:101A2000F0BD94F89832537203B0F0BD4FF40B71CF
:101A30008320EEF719FF00BF402700202DE9F04179
:101A40005F4D01232C68D4F8B4209370B4F8CE30E5
:101A5000C4F8B82001339BB2A4F8CE3078BB94F818
:101A6000B0209A4226D994F82062FDF743FF0F2E4A
:101A700020D8F8B92968B4F8CE30B1F8600201F284
:101A8000B222D1F8D41003444E489BB2007800FB38
:101A90000323C4F8B430CF7C5E78FDF70BFC002F35
:101AA00055D0012F7BD1032E00F28380DFE806F0B2
:101AB00047413B3500230220AB62BDE8F0815278FC
:101AC000032A7BD8DFE802F025211D02B4F85A2250
:101AD0005201D4F8C0100A44D4F8D410C4F8C0207D
:101AE000C87C002831D1097C994205D8D4F8C810A7
:101AF00011B192FBF1F1521AD4F8BC1011442961D2
:101B0000ADE7B4F858225201E3E7B4F85622520187
:101B1000DFE7B4F854225201DBE72B4B1B68BDE82A
:101B2000F0415B681847294B1B68BDE8F041DB6852
:101B30001847264B1B68BDE8F0419B681847234BAC
:101B40001B68BDE8F0415B6818472A6187E72D688C
:101B5000D4F8B430B5F91E021978FDF723FEA5F8C4
:101B6000CC00032E20D8DFE806F0140E0802164B36
:101B70001B68BDE8F0411B681847154B1B68BDE8A2
:101B8000F041DB681847124B1B68BDE8F0419B68C9
:101B900018470F4B1B68BDE8F0415B6818474FF4CE
:101BA00032618320EEF760FE40F603318320EEF7CA
:101BB0005BFE40F619318320EEF756FE002288E7DF
:101BC00040270020781D0020C42F0020C02F0020B7
:101BD000BC2F002070B5FDF745FC002800F0A08068
:101BE000544CFDF74DFE94F82E3094F82C20012B28
:101BF0004AD9023B012B00F2988023680221D3F8D6
:101C0000B400FFF7E5F9FDF78BFC0120FFF716FFA5
:101C100094F8303013B194F83130A3BB2368D3F873
:101C2000B84093F897526278A5F10903022ADBB213
:101C300031D0F52B59D8013504F10B034FF0000CCE
:101C4000EEB2C5F3460519680CF1010C5A68083369
:101C500021F070615FFA8CFE22F0706241F0007139
:101C6000AE4542F0007243F8081C43F8042CEAD356
:101C7000F30708D506F0FE06022204EB8606B37BC6
:101C800062F30303B37370BD23680121D3F8B4007A
:101C9000FFF79EF9B7E7F52B35D80135631D4FF0F7
:101CA000000CEEB2C5F3460519680CF1010C5A6838
:101CB000083321F070615FFA8CFE22F0706241F00F
:101CC0000071AE4542F0007243F8081C43F8042C42
:101CD000EAD3F207D7D506F0FE06022204EB860609
:101CE000337A62F30303337270BD00220226134677
:101CF00004EB83030132997B66F303019973D3B23A
:101D00009D42F5D270BD00210B4604EB83030131E7
:101D10001E7A62F303061E72CBB29D42F5D270BDED
:101D200040F2D2618320EEF79FFD40F2E361832011
:101D3000EEF79AFD4027002070B5FDF7C3FA0028A2
:101D400000F08980FDF76AFD0120FFF777FE444B24
:101D500093F83020AABB1B68D3F8B84093F8975289
:101D60006278A5F10903022ADBB22FD0F52B57D8F0
:101D7000013504F10B034FF0000CEEB2C5F346053C
:101D800019680CF1010C5A68083321F070615FFA90
:101D90008CFE22F0706241F00071AE4542F000729C
:101DA00043F8081C43F8042CEAD3F30708D506F0DF
:101DB000FE06022204EB8606B37B62F30303B373D1
:101DC00070BD93F83120002AFAD1C4E7F52B35D83D
:101DD0000135631D4FF0000CEEB2C5F346051968DE
:101DE0000CF1010C5A68083321F070615FFA8CFE27
:101DF00022F0706241F00071AE4542F0007243F88B
:101E0000081C43F8042CEAD3F207D9D506F0FE06E5
:101E1000022204EB8606337A62F30303337270BD49
:101E200000220226134604EB83030132997B66F3FA
:101E300003019973D3B29D42F5D270BD00210B46C8
:101E400004EB830301311E7A62F303061E72CBB2E8
:101E50009D42F5D270BD40F2D3718320EEF704FDB0
:101E6000402700202DE9F04F85B0FDF7C7FCFDF7B6
:101E700043FA002800F0848000210320FDF774FA63
:101E8000FDF720FA002840F00D818D4C2568D5F82B
:101E9000D49099F81130012B00F0EA806FF43E7372
:101EA0004FF01A086FF05F0B864F019313334046D3
:101EB00003936FF0570302932023009399F819308E
:101EC00003F15F0603F1050A0644FDF735FE2368BA
:101ED000D3F8D43093F811C0002800F0B680BCF1DC
:101EE000010F00F0C280DDF808B007EB4A170020B0
:101EF0004FEA4A1AC4F810B007EB0B01FDF734FAA9
:101F00002369009A02205344991AFDF72DFA21699A
:101F1000032001EB4611FDF727FA99F819302269E1
:101F20000A204344643302EB43122261FDF756F961
:101F3000FDF71CFB0120FDF71FFA034600210120DD
:101F4000C5F8C830FDF710FA206800F27220FDF7DE
:101F5000D7FA0020FDF792F90020FDF79DF9D5F89A
:101F6000B460FDF7D3FA0022F071D5F8B4309A715D
:101F7000FDF7B2F9544B0120A36205B0BDE8F08F24
:101F8000FDF7A0F9002800F088804D4C012047F6AD
:101F900002712368D3F8B42090705078D180012862
:101FA0001FD003281DD0002840F0848093F8981299
:101FB000B3F854521172D3F8C410B5EB410F1AD2D2
:101FC00093F82022022161F3071283F8202293F86C
:101FD0006232042B40D1002005B0BDE8F04FFFF77E
:101FE0002DBD93F898125172D3F8C410B3F854521F
:101FF000B5EB410FE4D3B3F8CE10D3F8D460013180
:10200000367CB142DCDA0328266950D0012841D061
:1020100006EB45152D4889B2C3F8B820256103F2B7
:10202000B222B3F86042A3F8CE1021440078C3F87E
:10203000C05089B200FB012225490968C3F8B420C9
:102040000B6805B0BDE8F04F1847BCF1010F7FF4F5
:102050004CAFDDF804B048E7206802F0F7FA002042
:1020600005B0BDE8F04FFFF7E9BC039B0193F0E733
:102070006FF0B8034FF02C084FF4F07B154F01932D
:102080006FF0A5034046039340F2E7130293342315
:10209000009313E7B3F85652BAE740F27541832034
:1020A000EEF7E2FB40F26E418320EEF7DDFBB3F882
:1020B0005A52ADE74FF40B718320EEF7D5FB00BF0A
:1020C00040270020E0FDFFFF15230100781D0020C0
:1020D000C02F0020CCFDFFFFF8B5444D2E68FDF762
:1020E000C1F900287DD0FDF7CBFBFDF76FF9FDF7B7
:1020F00029FB0446FDF714FAD6F8B42092F907300C
:102100007F2B2DD03A49E31781FB04140021C3EB48
:10211000A4031BB22C6893809171B4F8CE30D4F82C
:10212000D4200133127C93421DD0D4F8B4305A78B5
:10213000012A0CD0032A0AD0002A4DD12A68012096
:1021400092F898221A72BDE8F840FFF777BC2A6827
:10215000012092F898225A72BDE8F840FFF76EBC51
:10216000244B0221D6E7FFF77DF82E6807460DF0D5
:10217000CBFC296886F81C02D1F8D400B1F8603293
:1021800090F810C09C449C450FDD1B4A167803E074
:1021900001339BB29C4508DD03FB0612B2F9B6225F
:1021A00012F5804FF4D0A1F81E22802F02D0FDF747
:1021B000EDFCBAE7037EA42BF9D091F8203202227D
:1021C00062F3071381F8203291F86232042BEED0CB
:1021D000286802F03BFAEAE74FF40B718320EEF730
:1021E00043FB40F23D318320EEF73EFB40270020C9
:1021F0006766666600C0FFFF781D002070B5114C51
:102200002368D3F8D430587CFDF778FAFDF7F6FA56
:10221000FDF772F840B923687F22D3F8B430BDE8E7
:102220007040DA71FFF758BFFDF720FB23680546C1
:10223000D3F8B460FDF76AF9034BF0712846A36246
:1022400070BD00BF40270020D9200100F8B5FDF780
:1022500039F8002856D02E4CFDF7E0FA2368D3F861
:10226000B450FDF749F850BB236847F60272D3F823
:10227000B430DA80FDF784F92568B5F8CE30D5F8AA
:10228000D4200133127C934222D0D5F8B4305A784E
:10229000012A0BD0032A09D07ABB2268012092F8C8
:1022A00098221A72BDE8F840FFF7C8BB22680120E7
:1022B00092F898225A72BDE8F840FFF7BFBBFDF7CD
:1022C00025F92368E8710022D3F8B4309A71D1E778
:1022D000FEF7C8FF064627680DF016FC802E87F82B
:1022E0001C02D2D12068022290F8203262F3071338
:1022F00080F8203202F0AAF9C7E74FF40B7183206F
:10230000EEF7B2FA4FF46F718320EEF7ADFA00BF2B
:1023100040270020F8B5FCF7D5FF002844D0254D14
:10232000FDF77CFAFDF72CF92C682969B4F8CE305A
:10233000D4F8D4200133C4F8C010127C934219D0D1
:10234000D4F8B4305A78012A0BD0032A09D032BB12
:102350002A68002092F898221A72BDE8F840FFF728
:102360006DBB2A68002092F898225A72BDE8F840A6
:10237000FFF764BBFEF776FF06462F680DF0C4FB3F
:10238000802E87F81C02DBD12868022290F82032C8
:1023900062F3071380F8203202F058F9D0E74FF4C7
:1023A0000B718320EEF760FA40F27E418320EEF756
:1023B0005BFA00BF4027002010B5114C00212068B7
:1023C00084F82D1002F098F9FDF7BEFB94F82D303B
:1023D000013384F82D30FDF73BF860B1FDF730F89C
:1023E0000DF084FB84F83000FCF7F0FFFDF73EFAB7
:1023F000044BA36210BD40F293618320EEF734FAE0
:10240000402700206D29010010B51E4C94F82D10B6
:10241000206802F071F9FDF797FB94F82D30062043
:10242000013384F82D30FCF7AFFF28B3226894F80D
:102430002D3092F89712994214D0D2F8D420D17E40
:10244000107ED27D0844216903FB0023062001EBA6
:102450004311FCF789FF0620FCF7A0FF0A4B01207F
:10246000A36210BDFCF7AAFFFCF7DAFFFCF7E0FF60
:10247000064B0120A36210BD4FF4CF618320EEF71D
:10248000F3F900BF4027002009240100B92301000F
:1024900038B52B4D95F82D10286802F02DF9FDF771
:1024A00053FB95F82D300620013385F82D30FCF7CD
:1024B0006BFF002839D00620FCF770FF2B6895F8D9
:1024C0002DC093F89742A44525D0D3F8D420137F8C
:1024D0005BB105EB4C0CBCF80600FCF7BFFE48B343
:1024E0002B6895F82DC0D3F8D420137ED07ED17DF3
:1024F0001844927E04FB00030B44296905331344FE
:1025000000FB0C33062001EB4311FCF72DFF0D4BB4
:102510000120AB6238BDFCF751FFFCF7DDFEFDF793
:1025200075F9094B0120AB6238BD40F2B7718320C9
:10253000EEF79AF940F2C6718320EEF795F900BFE5
:102540004027002091240100391D010010B5FCF73F
:1025500089FF00283AD0254CFDF792F994F82E30E7
:1025600094F82C20032B3BD8DFE803F02902290242
:1025700023680221D3F8B400FEF72AFD0021206869
:1025800084F82D1002F0B8F8FDF7DEFA94F82D303B
:1025900022680133D2F8D420DBB2127F84F82D30C8
:1025A0002AB104EB4303D888FCF758FE98B1FCF736
:1025B00015FFFCF71BFF0E4B0120A36210BD236823
:1025C0000121D3F8B400FEF703FDD7E740F276719E
:1025D0008320EEF749F94FF4F2618320EEF744F9D6
:1025E00040F287718320EEF73FF900BF40270020BB
:1025F000A91301002DE9F843514C4FF000080120C8
:10260000236884F82C80D3F8B420D3F8D4501778FA
:10261000B3F9CC9093F89762FCF72EFF3846FCF79D
:1026200043FF2169404695F81780A1F5A46101EBAD
:102630004811FCF799FEFDF76BF839462F7E4A46A4
:102640002068023F02F072FD02460120FFB23946C7
:10265000FDF72AF83046FEF74FFD206890F89432D7
:10266000FF2B5FD0042B55D084F82E30002184F846
:102670002D1002F041F8FDF767FA94F82D30013380
:1026800084F82D30236893F89632012B09D92B7EDC
:102690000620EA7E43442169134401EB4311FCF711
:1026A00063FE2A7EEB7E21691344EA7D06FB033636
:1026B000B71894F82E2012F0FD0F25D1FB1A012037
:1026C00001EB4311FCF750FEEB7E0420AE7E216946
:1026D0001E44403106363E4401EB4611FCF744FEF1
:1026E0002A7EEB7E0520216913444031334401EBFF
:1026F0004311FCF739FE134BA362FCF76FFEFCF7A6
:1027000075FE0120BDE8F88301EB47110120FCF7BD
:102710002BFED9E794F82E30013303F0030384F83D
:102720002E30A3E7B0F8CE3000F1DA01B0F8602225
:10273000134498B201F0D4FB84F82E00206895E78A
:1027400040270020191301002DE9F843574C0120C0
:1027500000252368D3F8B420D3F8D4601778FCF7A9
:102760008BFE3846FCF7A0FE236884F82C5093F8C3
:102770009782FCF7CDFF2068D0F8D4301A7F002A6A
:1027800000F085802A46317E012008F101070239D8
:10279000C9B2FCF789FF216996F817900120A1F5CD
:1027A000A46101EB4911FCF7DFFDF57E21690420EE
:1027B0004D444031013501EB4511FCF7D5FD327E2A
:1027C000F37E05202169134440312B4401EB431172
:1027D000FCF7CAFD337EF57E002021691D44B37EDF
:1027E000A1F500714B4408FB055505331D4401EB71
:1027F0004511FCF7B9FD4046FEF77EFC002120683C
:1028000084F82D1001F078FFFDF79EF994F82D3033
:102810002168013384F82D3091F89632012B0AD9C2
:10282000F37E0620327E216913442B4401EB4311D1
:10283000FCF79AFD216891F89402FF282CD0042817
:1028400004D194F82E00013000F0030084F82E002B
:102850000238F37EC0B2327E21691344012803FBA3
:1028600007550ED9ED1A032001EB4511FCF77CFD4D
:10287000FCF7D6FDFCF7DCFD0D4B0120A362BDE8A3
:10288000F88301EB45110320FCF76EFDF0E73946B4
:1028900002F04CFC024676E7B1F8CE00DA31B1F82E
:1028A0008631184480B201F01BFBCFE7402700209F
:1028B00071130100F8B52A4C94F82C3020680133CC
:1028C00090F89772DBB2BB4284F82C3003D290F8B8
:1028D0009632012B33D8FCF7C5FD00283BD0FCF71E
:1028E00075FD94F82C50FCF7C1FF94F82C20013DA5
:1028F0000646BA42EDB20AD31A4923682A46A162B3
:102900000021D3F8B400FEF763FB3046F8BD23681E
:102910002169D3F8D4004031C77E037EC07D3B449B
:10292000013002FB03333844034401EB4311D30766
:1029300054BF05200420FCF717FD0B49DDE794F890
:102940002D1001F0D9FEFDF7FFF894F82D3001337A
:1029500084F82D30BFE740F251718320EDF784FFFA
:10296000402700204D250100B5280100F8B52D4C69
:1029700094F82C302068013390F89762DBB2B342B0
:1029800084F82C3003D290F89632012B39D8FCF71A
:1029900069FD002841D0FCF719FDFCF767FF94F8AA
:1029A0002C200546B2420BD31F4BA3622368013A89
:1029B0000021D3F8B400D2B2FEF70AFB2846F8BDD6
:1029C00023682169D3F8D470403197F81BC03B7E4F
:1029D000634402FB033006FB0336FB7DBF7E3B44B2
:1029E000063333446344034401EB4311D30754BF1C
:1029F00005200420FCF7B8FC0C4B94F82C20A362B3
:102A0000D4E794F82D1001F077FEFDF79DF894F8C7
:102A10002D30013384F82D30B9E740F2AD618320C9
:102A2000EDF722FF40270020D51B01006D29010092
:102A30002DE9F04383B0FCF745FC002800F0A380AB
:102A4000FCF7ECFE524FFEF7B9FF0346012000935E
:102A5000FEF7F4FF3E6805464FF602717F20D6F878
:102A6000D4404FF400429DF8003094F81190D6F80D
:102A7000B8409DF801C09DF802E09DF803802072E7
:102A8000E180A280002B4DD0BCF1000F4AD0BEF1F6
:102A9000000F47D0FDF750F8002843D03A68D2F82D
:102AA000D430DB7C002B45D1B9F1010F96F871329F
:102AB0005FD09B001A21DBB20B44D2F8C890DEB283
:102AC00002F01EFD01A9036838689847012829D043
:102AD00061783B680129D3F8D42027D093F8971266
:102AE00006F11907D37E107E08EB4101927E034464
:102AF000174401FB0377274B019803FB070602F0FD
:102B0000FFFC0346494638465B689847304400F569
:102B10000043B3F5803F05D2A080FCF7F7FC00230B
:102B20002072A371284603B0BDE8F083731D527E66
:102B30009F18E0E702F0EAFC01A9036838689847AB
:102B40000128EFD061783B6801290198D3F8D4209F
:102B500013D093F89732117E08EB4308D37E927E10
:102B60000B4408FB03F3193313440A4A02FB030026
:102B7000CDE7DB002C21DBB29EE7537E054A05330F
:102B800002FB0300C3E740F2D9518320EDF76CFE4E
:102B90004027002030F8FFFF2DE9F04383B0FCF719
:102BA00091FB002800F0A380FCF738FE524FFEF79F
:102BB00005FF034601200093FEF740FF3E680546EF
:102BC0004FF602717F20D6F8D4404FF400429DF8B2
:102BD000003094F81190D6F8B8409DF801C09DF8E7
:102BE00002E09DF803802072E180A280002B4DD08E
:102BF000BCF1000F4AD0BEF1000F47D0FCF79CFF9C
:102C0000002843D03A68D2F8D430DB7C002B45D181
:102C1000B9F1010F96F871325FD09B001A21DBB237
:102C20000B44D2F8C890DEB202F06AFC01A9036836
:102C300038689847012829D061783B680129D3F882
:102C4000D42027D093F8971206F11907D37E107E6F
:102C500008EB4101927E0344174401FB0377274BA5
:102C6000019803FB070602F04BFC03464946384631
:102C70005B689847304400F50043B3F5803F05D2C8
:102C8000A080FCF743FC00232072A371284603B008
:102C9000BDE8F083731D527E9F18E0E702F036FC1A
:102CA00001A90368386898470128EFD061783B682C
:102CB00001290198D3F8D42013D093F89732117ECC
:102CC00008EB4308D37E927E0B4408FB03F31933D1
:102CD00013440A4A02FB0300CDE7DB002C21DBB2E0
:102CE0009EE7537E054A053302FB0300C3E740F22B
:102CF0008E518320EDF7B8FD4027002030F8FFFF0C
:102D000010B5174A002317494FF0070CD0F8BC4004
:102D1000A0F8CE30C0F8B83000F2B22314610978C0
:102D2000106082F82EC0B0F8602201FB0233D0F8A8
:102D3000D420C0F8B430D37C3BB1012B0BD10A4B6B
:102D40001B68BDE810401B681847084B1B68BDE8AE
:102D500010405B68184740F63C318320EDF784FD56
:102D600040270020781D0020C02F0020BC2F00200D
:102D7000044B9B6A03B1184740F64931832010B5D4
:102D8000EDF772FD40270020014B024A1A607047A0
:102D9000BC2F0020A82D0100014B024A1A60704789
:102DA000C02F0020B82D010000000000B91501005F
:102DB000F5170100F5250100611701009D160100BE
:102DC000B11801004927010040F223318C2008B5D9
:102DD000EDF74AFDF0B504468DB0006961696D46B6
:102DE000A269E3690FC59DF80E202B4621460020FD
:102DF00009328DF80E206A4606F022FDAE4608AD77
:102E00004FF0FF3CBEE80F004FF0000E2060616005
:102E1000A260E360C4F84BE0C4F84FE084F853E0EC
:102E2000C4F842C0C4F846C084F84AC0C4F830C0F0
:102E3000C4F834C0C4F838C0C4F83CC0A4F840C0DA
:102E400084F854C00FCD20616161A261E3610DB0CF
:102E5000F0BD00BF2DE9F04F5F181C46944687B0C7
:102E600097F842300E4605461A18802A00F28380F1
:102E70005FFA82F994F854208A4238D001F118039D
:102E80000DF10808616934F813C0C646A269E36908
:102E90002069AEE80F0097F84B309DF817109DF8A9
:102EA00015200B445FFA8CF18DF817309DF8163021
:102EB00033448DF816309DF8143003EB1C239444F2
:102EC0000A44DBB28DF815C0FF2A01D90133DBB209
:102ED0008DF8143041464E4B04F1200220460193F8
:102EE0000433009304230DF020F997F8423084F85E
:102EF0005460DE0813F0070313D00122C3F1080366
:102F00002644AA405B1B96F82010013A9A400A40DA
:102F100042FA03F3109A137087F8429007B0BDE8A5
:102F2000F08F4FEAD50805F00705B8F1010F1AD167
:102F3000A319109A93F820301370002DECD00123C0
:102F40004444AB403444C5F10805013B94F82020CB
:102F5000AB401340109A2B4102F8083087F842909A
:102F600007B0BDE8F08F06F12001424610982144D9
:102F700004F0A2FCE1E797F84BE00DF1080804EB40
:102F8000410B4FF0000A0EF1010EC1465FFA8EFEB2
:102F900087F84BE0E36920696169A26987F842A07C
:102FA000A9E80F00BBF83030634504D0D64687F857
:102FB0004BA0ABF830C09DF817305FFA8CF19DF84C
:102FC00015209E449DF8163033448DF817E08DF897
:102FD00016309DF8143003EB1C2394440A44DBB2F2
:102FE0008DF815C0FF2A01D90133DBB28DF81430FA
:102FF0004146074B04F120022046A94601930433C1
:10300000009304230DF091F897F842306FE700BF6A
:10301000841100202DE9F04F8BB0BDF85040039291
:103020000594159C002800F0E480984601F1FF3BD0
:1030300001250027049074E004EB080696F842305E
:1030400003F10802802A77D85FFA82F994F85420B5
:10305000424538D008F118030DF1180A616934F8B7
:1030600013E0D446A269E3692069ACE80F0096F842
:103070004B309DF827109DF825200B445FFA8EF108
:103080008DF827309DF8263043448DF826309DF882
:10309000243003EB1E2396440A44DBB28DF825E06E
:1030A000FF2A01D90133DBB28DF824305146524B4F
:1030B00004F12002204601930433009304230DF011
:1030C00034F896F842305A0784F8548030D104EB33
:1030D000D30393F8203005FB03F21FFA82FAD2B231
:1030E0008DF818304FF4807386F84290B3FBF5F3F7
:1030F00005FB03F3C3F58073934269DC4FEA1A2A98
:10310000FBB203999A4501EB0A0202D011F80A308A
:10311000CB55029B013713706B1C049A954268D003
:103120001D461BF8013F012D029385D1039AF0E75C
:10313000002292461346D3E796F84BC00DF1180AC9
:103140004FF000090CF1010CD6465FFA8CFC86F8B2
:103150004BC06169A269E369206986F84290AEE8D4
:103160000F0004EB48020599138E8B4203D0CC4626
:1031700086F84B9011869DF8273005989C449DF861
:1031800026309DF82520C1B243448DF827C0114454
:1031900002448DF826309DF82430FF298DF8252033
:1031A00003EB1023DBB201D90133DBB28DF82430FD
:1031B0005146114B04F1200220464FF008090193BB
:1031C0000433009304230CF0B0FF96F842307AE702
:1031D00006AB059A4146082000932346FFF73AFEC6
:1031E0009DF8183005FB03F30AEB0323C3F3074AEA
:1031F00086E70BB0BDE8F08F841100202DE9F04F79
:1032000090F8C431002690F8C5C189B090F8B0227A
:1032100000F2B22AA3EB0C0C0E70D0F8D4505FFA77
:103220008CFC834F2C7C03FB02C8B0F860321C443A
:103230003B78A4B204FB03A35B78002B00F0ED8085
:10324000B4F5807F48D8013400F1DA028146059157
:10325000A4B2039235E09A4203D1059A1378013360
:1032600013701FFA84FB0136BBF5807FF6B232D0B3
:10327000464530D23B7804FB03A35B78022B77D022
:10328000D9F8D420032B04922AD0012B11D1917CA0
:10329000022940F2B28003290BD107AD039B5A46A5
:1032A000082120200095FFF7D5FD3B7804FB03A300
:1032B0005B78013483B140F201118B450CD0D9F811
:1032C000D450EA7B012AC6D1012BCAD11FFA84FB54
:1032D000BBF5807FCCD1FF26304609B0BDE8F08F2A
:1032E00099F89732013B032B00F29C80DFE803F052
:1032F0003E24130207AD039B5A4604210820009583
:10330000FFF7A8FD9DF81C3003EB4303DB0013F02F
:10331000F00F19D111E007AD039B5A460421082094
:103320000095FFF797FD9DF81C3003EB43035B000E
:1033300013F0FC0F08D100E007AD039B5A460421AF
:1033400008200095FFF786FD4FF000035A46032141
:1033500002208DF81C300095039BFFF77BFD049B3A
:103360009B7C022B51D9032B98D09EE707ADEBE74E
:1033700099F89732013B032B54D8DFE803F03C2443
:10338000130207AD039B5A46042108200095FFF75E
:1033900061FD9DF81C3003EB4303DB0013F0F00FDD
:1033A00019D111E007AD039B5A460421082000956E
:1033B000FFF750FD9DF81C3003EB43035B0013F057
:1033C000FC0F08D100E007AD039B5A4604210820FA
:1033D0000095FFF73FFD4FF000035A4603210220FE
:1033E0008DF81C300095039BFFF734FD3B7804FB00
:1033F00003A35B785DE707ADEDE700293FF459AF24
:103400004FF4A1718C20EDF72FFA002B3FF44DAF54
:1034100040F25D118C20EDF727FA4FF4BE718C203D
:10342000EDF722FA40F2E6218C20EDF71DFA00BFFD
:10343000781D002010B51C4692B0C37B90F801C0E7
:103440008DF80830837B8DF80930437B8DF80A3086
:10345000037B8DF80B30C37A8DF80C30837A8DF8AE
:103460000D30437A8DF80E30037A8DF80F30C37922
:103470008DF8103083798DF8113043798DF8123042
:1034800003798DF81330C3788DF8143083788DF874
:10349000153003788DF816C08DF81730CB798DF87C
:1034A00000308B798DF801304B798DF802300B7933
:1034B0008DF80330CB788DF804308B788DF805309B
:1034C0004B7809788DF80630D37B8DF807108DF88E
:1034D0001830917B537B8DF819108DF81A30117BC1
:1034E000D37A8DF81B108DF81C30917A537A8DF8B1
:1034F0001D108DF81E300AAB117A50788DF81F1010
:10350000D1798DF8260002A88DF8201091798DF8D8
:10351000211051798DF8221011798DF82310D1786E
:103520008DF8241091788DF82510117806AA8DF861
:103530002710694606F0C6F90DF1280CBCE80F000B
:1035400020606160A260E360BCE80F0020614FF082
:10355000FF306161A261E36120636063A063E063A7
:10356000A4F84000C4F84200C4F8460084F84A00B9
:1035700084F8540012B010BD00232DE9F04F14461A
:1035800089B0437092F85520002A00F083808B4662
:1035900000F1020A04F156080125CDE902206EE08F
:1035A00094F8433003F10807802F7AD894F8542018
:1035B000FFB2012A35D00DF1100E6169A269E369ED
:1035C00076462069B4F832C00FC694F84C309DF8A6
:1035D0001F109DF81D200B445FFA8CF18DF81F30F1
:1035E0009DF81E3001338DF81E309DF81C3003EB22
:1035F0001C2394440A44DBB28DF81DC0FF2A01D974
:103600000133DBB28DF81C307146514B04F12002BE
:10361000204601930433009304230CF086FD94F8B4
:103620004330012284F854205A0736D104EBD303E7
:1036300093F8203005FB03F296B2D2B28DF8103029
:103640004FF4807384F84370B3FBF5F305FB03F389
:10365000C3F58073934269DC360A6B1E0AEB0602DF
:10366000DBB29E4204D0039B1AF806100133595571
:1036700082F800906B1C029A95420BD01D46012DDA
:1036800018F8019F8CD152466B1C82F80090029A68
:103690009542F3D109B0BDE8F08F002216461346DB
:1036A000CCE70DF1100E94F84C60A269E3697746FF
:1036B000206901366169F6B20FC7628E002384F873
:1036C0004C605A4584F8433004D01E4684F84C3090
:1036D000A4F832B09DF81F305FFA8BF19DF81D20E1
:1036E0001E449DF81E3011445A4401338DF81F606A
:1036F000FF298DF81D208DF81E309DF81C3003EB3E
:103700001B23DBB201D90133DBB28DF81C307146CB
:103710000F4B04F120022046082701930433009345
:1037200004230CF002FD94F843307AE704AB5A46C8
:103730000121082000932346FFF78CFB9DF81030F1
:1037400005FB03F306EB0323C3F3074685E700BF3E
:103750008411002000232DE9F04F144689B04370F6
:1037600092F85520002A7CD08B4600F1020A04F121
:1037700056080125CDE9022068E094F8423003F1B3
:103780000807802F73D894F85420FFB282B30DF14C
:10379000100E6169A269E36976462069B4F830C009
:1037A0000FC694F84B309DF81F109DF81D200B4458
:1037B0005FFA8CF18DF81F309DF81C3003EB1C2351
:1037C00094440A44DBB28DF81DC0FF2A01D90133AD
:1037D000DBB28DF81C3071464D4B04F120022046BF
:1037E00001930433009304230CF09FFC94F84230BF
:1037F0000022590784F8542036D104EBD30393F800
:10380000203005FB03F296B2D2B28DF810304FF49F
:10381000807384F84270B3FBF5F305FB03F3C3F543
:103820008073934263DC360A6B1E0AEB0602DBB23E
:103830009E4204D0039B1AF806100133595582F8B2
:1038400000906B1C029A95420BD01D46012D18F872
:10385000019F92D152466B1C82F80090029A9542C9
:10386000F3D109B0BDE8F08F16461346CDE70DF150
:10387000100E94F84B60A269E3697746206901361F
:103880006169F6B20FC7228E002384F84B605A4557
:1038900084F8423004D01E4684F84B30A4F830B08F
:1038A0009DF81D205FFA8BF19DF81F3011445A449A
:1038B0001E449DF81C30FF298DF81D2003EB1B23AF
:1038C0008DF81F60DBB201D90133DBB28DF81C30FB
:1038D00071460F4B04F12002204608270193043360
:1038E000009304230CF021FC94F8423080E704ABF1
:1038F0005A460021082000932346FFF7ABFA9DF8B3
:10390000103005FB03F306EB0323C3F307468BE7F5
:10391000841100202DE9F0411E4691F8473086B011
:103920000C461746002B48D191F85430052B42D055
:1039300002ADB1F83AE00869A269AC464969E369A9
:10394000ACE80F0094F850305FFA8EF09DF8172025
:103950009DF81510134401EB0E0201448DF8173049
:103960009DF81630FF298DF8152003F105038DF819
:1039700016309DF8143003EB1E23DBB201D901335E
:10398000DBB22946284D8DF8143004F120022B1D9E
:1039900020460195009304230CF0C7FB052384F80F
:1039A0005430802384F847306B683B602B68336069
:1039B00006B0BDE8F0811C4DF0E791F850E002AD93
:1039C000844608690EF1010EA8465FFA8EFE81F862
:1039D00050E04969A269E369A8E80F00628F0023FB
:1039E000624584F8473004D09E4684F85030A4F8ED
:1039F0003AC09DF817305FFA8CF19DF815209E446F
:103A00009DF8163005338DF817E08DF816309DF8C7
:103A1000143003EB1C2394440A44DBB28DF815C028
:103A2000FF2AAED9ABE700BF841100200138F0B502
:103A30000E4687B01446032800F27581DFE800F0D7
:103A400002791905002007B0F0BD02AF1346082027
:103A50000A4600970421FFF7FDF99DF8085005EB91
:103A60004505ED0015F0F00F00F0F680280A07B0CC
:103A7000F0BD92F8463003F10802802A174600F2A2
:103A8000FA8094F85420FFB2042A35D002AD61695F
:103A9000A269E369AC462069B4F838E0ACE80F00ED
:103AA00094F84F309DF817109DF815200B445FFADD
:103AB0008EF18DF817309DF8163004338DF81630DE
:103AC0009DF8143003EB1E2396440A44DBB28DF8B4
:103AD00015E0FF2A01D90133DBB28DF814302946F5
:103AE000934B04F1200220460193043300930423F6
:103AF0000CF01BFB94F84630042284F854205A073B
:103B000000F0FC80002384F846701D468DF80830D4
:103B100002A823463246042100900820FFF79AF9B4
:103B20009DF8083003EB430305EB4320C0F3074047
:103B300089E792F8463003F10802802A114648D8F6
:103B400094F85420CEB2042A34D002AD6169A2693F
:103B5000E3692F462069B4F838C00FC794F84F3096
:103B60009DF817109DF815200B445FFA8CF18DF825
:103B700017309DF8163004338DF816309DF8143048
:103B800003EB1C2394440A44DBB28DF815C0FF2AD2
:103B900001D90133DBB2664A29468DF8143020463C
:103BA000019204320423009204F120020CF0BDFAC9
:103BB00094F846300422590784F8542040F0AF802E
:103BC00004EBD30393F82000C00984F8466007B0E3
:103BD000F0BD02AD94F84F70A269E369AC4620696C
:103BE00001376169FFB2ACE80F00228F002384F82F
:103BF0004F70B24284F8463003D01F4684F84F30ED
:103C000026879DF817309DF815201F449DF8163023
:103C100004338DF817708DF8163093198DF8153020
:103C20009DF8143003EB1623F6B2DBB23244FF2AC0
:103C300001D90133DBB23E4A29468DF81430042302
:103C4000101D0826CDE9000204F1200220460CF0E8
:103C50006CFA94F84630ADE723460820324604213A
:103C60000097FFF7F7F89DF8083003EB430305EBE7
:103C7000C320000CE7E602AD94F84F70A269E36937
:103C8000AC46206901376169FFB2ACE80F00228FB2
:103C9000002384F84F70B24284F8463003D01F46A8
:103CA00084F84F3026879DF81730F1B29DF8152023
:103CB0001F449DF8163004338DF817708DF81630B8
:103CC00093190A448DF815309DF81430FF2A03EB40
:103CD0001623DBB201D90133DBB2154A29468DF830
:103CE000143020460192043204230827009204F184
:103CF00020020CF01AFA94F84630FDE604EBD303E8
:103D000093F8203084F8467003EB43008DF80830B8
:103D1000400010F0FC0F04D0000A07B0F0BD0020F6
:103D200053E70546F4E640F2E6218C20ECF79CFDD3
:103D3000841100202DE9F0430D1A87B006460135A5
:103D4000EDB2012D63D01C4693F84430174603F1C1
:103D50000802802A5ED85FFA82F994F85420022A79
:103D600035D00DF1080C6169A269E369E04620696C
:103D7000B4F834E0A8E80F0094F84D309DF817101F
:103D80009DF815200B445FFA8EF18DF817309DF8E1
:103D9000163002338DF816309DF8143003EB1E23D5
:103DA00096440A44DBB28DF815E0FF2A00F29280B7
:103DB0008DF814306146494B04F1200220460193EE
:103DC0000433009304230CF0B0F994F84430022239
:103DD00084F854205A0768D104EBD30393F82030B9
:103DE00003FB05F85FFA88F28DF808304FF4807312
:103DF00084F84490B3FBF5F305FB03F3C3F580733C
:103E0000934256DC4FEA1828B0445FFA88F007B0B6
:103E1000BDE8F0830DF1080C94F84DE0A269E36968
:103E2000E04620690EF1010E61695FFA8EFEA8E896
:103E30000F00A28E002384F84DE0BA4284F844308B
:103E400003D09E4684F84D30A7869DF81730F9B20E
:103E50009DF815209E449DF8163011443A440233D3
:103E60008DF817E0FF298DF815208DF816309DF894
:103E7000143003EB1723DBB201D90133DBB28DF829
:103E8000143004F12002154B614620464FF008091A
:103E900001930433009304230CF047F9022294F8B1
:103EA000443084F854205A0796D000229046134696
:103EB0009AE702A923463A46082000910221FEF71C
:103EC000C9FF9DF8083005FB03F308EB0323C3F398
:103ED000074899E70133DBB26AE700BF841100208D
:103EE00070B591F8453086B00C469A1C802A56D899
:103EF000154691F85420032AEDB234D00DF1080E86
:103F0000CE8E0869A269F4464969E369ACE80F00FE
:103F100094F84E309DF817109DF815200B44F1B21F
:103F20008DF817309DF8163003338DF816309DF854
:103F3000143003EB162316440A44DBB28DF81560E7
:103F4000FF2A01D90133DBB2384A71468DF81430AB
:103F50002046019204320423009204F120020CF066
:103F6000E4F894F8453004EBD301032213F007037F
:103F700084F8542091F820000FD0C3F106039A4032
:103F800010401841C3B2C0F3460084F8455040EADF
:103F9000430000F0030006B070BD8009F2E791F81D
:103FA0004E500DF1080E8446086901357646EDB293
:103FB00081F84E504969A269E3690FC6E28E002379
:103FC000624584F8453004D01D4684F84E30A4F88C
:103FD00036C09DF817309DF815201D449DF8163009
:103FE00003338DF817508DF8163002EB0C038DF863
:103FF00015309DF8143003EB1C235FFA8CFCDBB208
:104000006244FF2A01D90133DBB2084A71468DF8B8
:1040100014300423101D0225CDE9000204F1200212
:1040200020460CF082F894F845309CE7841100207B
:1040300030B51C4600F0BF0383B00546202B03D0EB
:10404000402801D080283AD1134628460A460094D9
:104050000821FEF7FFFE2078EB082D09591E9A1E55
:10406000022D14F801C084F800C060546178A05C8F
:104070006070A15421D0D91EA0781A1F042D14F805
:1040800001C084F802C06054E178A05CE070A154E3
:1040900013D05A1F2179063B062DA05C2071A15434
:1040A0006279E15C6171E25407D0A179607AE379C9
:1040B000227AA0716172E271237203B030BDFEF703
:1040C00083FE00BF2DE9F04F91B090F86232042BCF
:1040D00000F04B8290F87B3100F1DA0290F87A110F
:1040E000044603928B4200F0E1818B4280F04282D1
:1040F000D4F8D420127C1344DBB28B4200F2B0819E
:1041000084F87B310DF127012046A4F8CE20FFF77B
:1041100075F8FF2800F0C481D4F8D41094F8A032C8
:104120008A7B9A4228BF1A4690429246C0F00E827D
:10413000801A94F8C4B1C3B21A4604939DF827308C
:10414000D31A94F8C52184F8A03293454FF00003A8
:104150000A938DF82C3000F0BD81934540F2F18137
:10416000ABEB0205ADB2AB45C0F0098204998D42BC
:104170005DD30A44D2B2B4F8CE30D4F8D4E053447C
:1041800084F8C521194494F8A032A4F8CE109EF802
:104190000E509EF80F609D4228BF1D46FF2E00F076
:1041A0007D81002D40D0AF1CFFB294F8B03012B228
:1041B000B4F860120B449BB2B7B39DF828109DF879
:1041C0002900014300F0E081DF1B04F2B22CDFF88C
:1041D0003084BFB206E0214491F8C61101701DB3CE
:1041E000BB4221D0013B98F800009BB203FB00C00A
:1041F00090F801904E4500F02D819EF80BA0013AF9
:10420000013DCA4591B2EDB212B240F08B81002A55
:10421000E1DA0531C9B2042900F28981694491F8D3
:1042200028100170002DDBD111B0BDE8F08FB4F87B
:1042300060324A1B534493459BB205EB0307BFB260
:1042400080F26D8194F82F91ABEB03034FF00008DF
:10425000CDF81CA04E460693CDF814B0002E00F009
:10426000BD80012E00F0BA8002254FF4807A18E05C
:1042700004EBD30393F8FA3005FB03F2D2B28DF8C6
:10428000303084F81C91BAFBF5F305FB03F3C3F55A
:104290008073934200F39580AE4240F29D800135D9
:1042A000EDB294F81C3103F10802802A41D85FFA7C
:1042B00082F994F82E21AAB30DF1300BD4F8EE1048
:1042C000D4F8F220D4F8F630DC46D4F8EA00B4F89A
:1042D0000AE1ACE80F0094F825319DF83F109DF8F5
:1042E0003D200B445FFA8EF18DF83F309DF83C3055
:1042F00003EB1E2396440A44DBB28DF83DE0FF2A0F
:1043000001D90133DBB28DF83C305946BB4B04F187
:10431000FA02039801930433009304230BF005FF82
:1043200094F81C315A0784F82E81A1D0002213463C
:10433000A5E70DF1300B94F825C1D4F8F630D4F888
:10434000EA00DE46D4F8EE100CF1010CD4F8F220AD
:104350005FFA8CFC84F81C81AEE80F00B4F80A31D7
:1043600084F825C1BB4205D04FF0000C84F82581AC
:10437000A4F80A719DF83D20F9B29DF83F30114430
:104380003A449C449DF83C30FF298DF83D2003EBD6
:1043900017238DF83FC0DBB201D90133DBB28DF8B2
:1043A0003C305946954B04F1FA0203984FF0080946
:1043B00001930433009304230BF0B7FE94F81C31EF
:1043C000B0E70CAB3A46002108200093039BFEF7B0
:1043D00041FDAE423FF663AF94F82F61069B059A0C
:1043E000FD18049B1744ADB2BFB25B1B93423FF76D
:1043F00035AFDDF81CA09346B146D4F8D42094F82C
:10440000A012937B8B4228BF0B46002B7ED1137CDE
:104410004846039A04F231113B44019204F5E372D9
:104420009BB20093002384F8C531FEF7F3FD94F8A6
:10443000B032002B00F08F80013B84F8B032049B37
:10444000AB42C0F08D8094F8C52119461A44521B26
:10445000D2B290E6012E3FF4C3AE013A12B2BFE6EB
:1044600004F1DA000190B4F8600202440A44591AD7
:10447000D21A0023CDB204F23111D2B284F87B31CA
:104480000123009204F5BE7294F82F01FEF7C2FDDD
:10449000D4F8D43084F87B511A7C33E62F4684E676
:1044A000042384F8623211B0BDE8F08F002100F5DA
:1044B000BE72DA300123019084F87B11009104F27E
:1044C000311194F82F01FEF7A5FD94F87B3194F893
:1044D0007A110AE60A7C04F1DA0184F8C531019107
:1044E000B4F860120A4404F2311192B2009204F559
:1044F000E37294F82F01FEF78DFD94F8B032DBB132
:10450000013B94F8C52184F8B03226E6A344DBF8D9
:10451000C1019BF8C5310A908DF82C3077E794F8EB
:104520002F916AE740F201218C20ECF79DF940F2CF
:104530000E218C20ECF798F940F29D118C20ECF7BD
:1045400093F940F2A1118C20ECF78EF940F2D111D1
:104550008C20ECF789F94FF4DC718C20ECF784F9AE
:1045600040F2BB118C20ECF77FF940F236318C2001
:10457000ECF77AF940F223218C20ECF775F940F240
:10458000A5118C20ECF770F9012E30D0013AD81B20
:1045900004F2B22CDFF8688092B280B20CE0A1186D
:1045A00091F8C6110CF80710002D3FF43DAE013A0A
:1045B000984292B23FF438AE013B98F800709BB23B
:1045C00003FB07F70CEB070149788E42EFD09EF80A
:1045D0000BA0013D0FFA82F98A45EDB2A2D1B9F1E3
:1045E000000FDCDA40F20A218C20ECF73DF9D81BF1
:1045F00004F2B22CDFF8088080B20EE084110020B3
:10460000781D0020214491F8C6110CF80710002DE8
:104610003FF40AAE83423FF407AE013B98F80070C6
:104620009BB203FB07F70CEB07014E78012EF1D08C
:104630009EF80B90013A013DB14591B2EDB212B234
:104640007FF470AF002ADDDACCE700BF10B582B08E
:1046500090F86232042B0DD00DF107010446FEF7ED
:10466000CDFDFF2801D002B010BD042384F86232D2
:1046700002B010BD40F23D318C20ECF7F5F800BFE0
:104680004FF4D2718B2008B5ECF7EEF8072808B587
:1046900002D8034B185C08BD71218B20ECF7E4F8BD
:1046A000EC11040008B529B9072809D8084B0344C0
:1046B000187A08BD072807D8054B0344187C08BDA5
:1046C00089218B20ECF7D0F89E218B20ECF7CCF8D9
:1046D000EC110400431E032B00B583B006D8054B34
:1046E00068440193C07803B05DF804FBAC218B20D3
:1046F000ECF7BAF80102061890F89632012B1BD09D
:10470000134B490090F89BC290F895226344072A06
:104710001B7E43FA01F3D9B203F0030303D018441C
:1047200090F89C027047D0F8D420D27C4AB95B083C
:10473000184490F89C0270470023184490F89C029B
:10474000704701F00103184490F89C02704700BFC5
:10475000EC11040038B5847C062C41D8214B23444D
:10476000447C012C93F8303031D0022C4FEA5303B3
:1047700001D0082C30D14FF03E0E4FF01A0C047EC1
:104780009C44C37E457E5FFA8CFC2344847E01FBFF
:104790000331C37D89B25819234400244D1D0F31C4
:1047A00061440CF1050C03EB450500EB4C0C5A3051
:1047B00003EB41032146864465F30F016EF30F04BA
:1047C00063F31F416CF31F445160146038BD4FF018
:1047D000620E4FF02C0CD2E7E8218B20ECF744F866
:1047E000FFF74EFFEC110400032808B506D8013886
:1047F000022812D8DFE800F00A060800FF2807D1D7
:10480000002008BD888808BDC88808BD488808BD44
:104810004FF486718B20ECF727F8088808BD00BF9D
:10482000F8B5847C062C00F2BC80764B2344447C93
:10483000012C93F8303034D0022C4FEA530302D0CD
:10484000082C40F0A3804FF03E0E4FF01A0C9C4411
:10485000047EC37E857E5FFA8CFC2344447E01FB8C
:10486000033399B2C37D1C442B4401F10F0505317C
:1048700065440CF1050C03EB410104EB4C0C5A347C
:1048800003EB4503057CA644C47A89B2032C9BB292
:104890000CD8013C022C00F29280DFE804F02013D7
:1048A0001E004FF0620E4FF02C0CD0E7FF2C73D19E
:1048B000C47B032C6ED8013C022C76D8DFE804F0D0
:1048C00057555D000C46C67B032E44D8013E022E90
:1048D00071D8DFE806F0361024001C46F3E7C67BEB
:1048E0006446032E31D8013E022E64D8DFE806F07C
:1048F0004803170074468C4214D9954229D2521BA2
:10490000837B467BD01A731CB0FBF3F0131A01FBB8
:1049100000F005FB0E0003FB0400F8BD7446A34243
:104920001946EAD3954214D2521B8C4213463AD20E
:10493000027BD0180132B0FBF2F01B1A01FB00F031
:10494000E7E761466445D8D8ECE7FF2E24D19542CD
:1049500008D30020F8BDFF2E1ED1002CF7D19542C0
:10496000F7D20024531B0020D3E70024DAE7954256
:10497000EFD26146531B0024DAE719460024D1E741
:104980009542E6D26146521B0023BAE7E8218B200C
:10499000EBF76AFFFF2CE2D04FF486718B20EBF728
:1049A00063FFFFF76DFE0023ABE79542D1D2531BA7
:1049B00071460024BCE7A64515D271469DE7C47B2D
:1049C000032C0BD8013C022C14D801A656F824F075
:1049D000EF490100F54801001D490100FF2C08BF07
:1049E0007446B4D0D8E79542B3D271469CE761468D
:1049F0007446A7E79542ACD27446521B7146002319
:104A00007FE700BFEC1104002DE9F84390F8B042B5
:104A100090F8C431D0F8D42090F8C51104FB0333CA
:104A200092F80EC05B1A157C90F8A0129BB2D47B52
:104A3000614594BF6E1805EB0C06012C1E44B6B2FE
:104A400006D1117B0B440131B3FBF1F333449EB229
:104A5000B0F8601290F89702C1F5807189B2A02970
:104A600028BFA021B14228BF3146967C062ECFB286
:104A700000F2C2807B4B3344567C012E93F83030D9
:104A800036D0022E4FEA530302D0082E40F0A98000
:104A90003E264FF01A08984492F818E0D37E92F818
:104AA00017905FFA88F8734492F81AE000FB03331A
:104AB000507E9BB24844F14403F10F0E0533C644C7
:104AC00008F1050809EB430300EB48085A3009EBED
:104AD0004E0E0644D07A9BB203281FFA8EFE0BD8E6
:104AE0000138022800F29B80DFE800F01D111B0056
:104AF00062264FF02C08CEE7FF2878D1032C74D81B
:104B0000013C022C7DD8DFE804F05A576100994639
:104B1000032C45D8013C022C7AD8DFE804F0360F8C
:104B20002400F146F4E7032CC14632D8013C022CA4
:104B30006ED8DFE804F04F031800B1464B4515D29C
:104B4000AF422AD9491B527BA1EB0C000132B0FBCA
:104B5000F2F0091A03FB00F005FB060001FB090057
:104B6000BDE8F883B146CE457346E9D3AF4214D9C8
:104B7000491B99450C4641D2127B10190132B0FBFA
:104B8000F2F0211A03FB00F0E6E74346C145EDD9F8
:104B9000D6E7FF2C2BD1AF420BD80020BDE8F8831D
:104BA000FF2C24D1B9F1000FF5D1AF42F5D94FF068
:104BB0000009491B0020CFE74FF00009D6E7AF42BC
:104BC000EBD943464C1B4FF00009D5E773464FF035
:104BD0000009CBE7AF42E0D94346491B4FF0000C38
:104BE000B1E7E8218B20EBF73FFEFF2CDDD04FF43F
:104BF00086718B20EBF738FEFFF742FD4FF0000C7B
:104C0000A1E7AF42C9D94C1B33464FF00009B3E7C7
:104C10004E4518D2AF42C0D9491B334693E7032C07
:104C20000CD8013C022C15D801A050F824F000BF8C
:104C30004F4C01003B4B0100654B0100FF2C08BFAE
:104C4000B146A8D0D3E7AF42A7D9334690E7434651
:104C5000B1469BE7AF42A0D9B146491B33464FF05E
:104C6000000C70E7EC110400531E5B1A022B1BD9D9
:104C7000931E1B1A022B17D9D0F801C00B6803EA48
:104C80000C031360D0F80530D1F804C003EA0C031C
:104C900053600B7A90F809C003EA0C0313724B7A45
:104CA000817A0B405372704790F801C00B7803EA89
:104CB0000C03137090F802C04B7803EA0C03537096
:104CC00090F803C08B7803EA0C03937090F804C04B
:104CD000CB7803EA0C03D37090F805C00B7903EA94
:104CE0000C03137190F806C04B7903EA0C0353715F
:104CF00090F807C08B7903EA0C039371CB7990F895
:104D000008C003EA0C03D371C3E700BFF0B5054642
:104D100085B00F4690F8D8302BB191F8C73013B159
:104D200001F5B37305E095F8D830002B44D007F1B6
:104D3000F9031A680126D7F8F9101140D7F8FD20B9
:104D4000009159680A40197A5B7A019297F801211B
:104D5000114097F802211A4000238DF808109E4652
:104D60008DF80920C3F3C40C03F00702D8B20EF18A
:104D70000104EC4406FA02F2013305EB0E019CF843
:104D800000C01CEA020F03D05FFA84FE81F83101F3
:104D90004F2BE7D1002285F82FE1134685F830210B
:104DA0006EF307036EF30F23A5F87A31A5F8C4312B
:104DB00087F8722105B0F0BD97F8C830002BB6D047
:104DC00007F5AE73B5E700BF062808B504D8034B56
:104DD000034493F8300008BDFFF752FCEC110400C7
:104DE000037813F0030301D00020704790F90220EC
:104DF000002AF9DBC27812F00302F5D170B5437ACC
:104E000013F0600401D0104670BD1B060FD4461E7F
:104E100000F1090516F8010F09F0E7FA2044B54240
:104E2000C4B2F7D10E2C94BF0020012070BD2046E3
:104E300070BD00BF2DE9F041C77C04461546E7B1BF
:104E4000072945D8254B0B441E7A93F81080F0F7BC
:104E50007FFE217F0346B8F1010F18BF012EA87A0B
:104E600014BF01220022012936D19B7F12B3984240
:104E700038BF1846C0B2BDE8F081072921D8174BCA
:104E80000B441E7C93F80880F0F762FE227F0346F5
:104E9000012A1AD1A87F012E9B7A04D0B8F1010F04
:104EA000E5D1012EE7D1B8F1010F08D0002ADED1FB
:104EB0001846E0E7012EDAD1B8F1010FF8D1002051
:104EC000D9E79E218B20EBF7CFFCA87A3A46E2E7A0
:104ED00089218B20EBF7C8FC0022DCE7EC110400F1
:104EE000064A4FF4807300211278013B80F8B41217
:104EF00010449BB2002BF8D1704700BF781D0020F2
:104F00002DE9F0430546B9B000F1DA09A0222C469C
:104F10000E4610A8494602F0CFFC6F460FCC0FC7D3
:104F20000FCC0FC70FCC0FC794E80F0087E80F0016
:104F30004FF42E720021284695F8D8800BF0C4F962
:104F400010A94846A02202F0B7FCEE46AC465FFA34
:104F500088F8BEE80F00ACE80F00BEE80F00ACE830
:104F60000F00BEE80F00ACE80F0097E80F0084E8E0
:104F70000F0085F8D880022385F86232B6F83C31FC
:104F800006F1F907EB81C5F8D47096F80321D5F83E
:104F9000503285F8B022D6F84C2162F31703202254
:104FA000C5F85032002385F85E2285F8A03296F8C5
:104FB000593185F8D93096F85611072985F8951298
:104FC00079D83F4C14F8018085F8978296F80C3117
:104FD000002B65D063181A7C002385F8962285F88B
:104FE000993296F8F330FE2B5DD0FF2B08BF0123DA
:104FF00085F89832022306F14802384685F89A323D
:10500000FFF718FF96F80B3186F81401062B50D8DD
:105010001C44414605F51572384694F830304FF47B
:105020008074DB0885F87132FFF794FB00220023BF
:10503000FF21C5E99A23FE23224A85F8941292F8AB
:1050400000C0002285F85C322B46013C83F8B42274
:105050006344A4B2002CF8D128463146FFF756FE2F
:1050600096F85A2112F0010318BF85F89C42900768
:1050700005D5E91801330120DBB281F89C02510704
:1050800005D5E91801330220DBB281F89C02120732
:1050900003D51D44032385F89C3239B0BDE8F08365
:1050A00063181A7A98E7012385F8982285F89932CF
:1050B000A0E7FFF7E5FA71218B20EBF7D5FB00BFE6
:1050C000EC110400781D002000230360436083601E
:1050D000704700BF80EAE073094A0028A3EBE07341
:1050E0009BB24FEA033303F2A933A2FB0323054A21
:1050F000C3F34E23C8BF5B421BB21380704700BF8F
:1051000073B2E74572270020014BB3F900007047E6
:1051100072270020014B1878704700BF8C110020C7
:10512000014B5888704700BF7227002038B50D46E4
:10513000D0F8D41090F8970252420B7ECC7E897E34
:10514000234400FB033041F2C7030530084402FB4F
:1051500000F003FB00F0002802DA00F57F40FF308A
:105160000414FFF7D1FFC0F12A0000FB05F504EBA2
:10517000450000B238BD00BF00B583B001A80DF1F5
:105180000601FAF7D7FABDF90620054BBDF8040071
:1051900003EA022343EA101003B05DF804FB00BFEA
:1051A00000F0FF00D0F8D4302DE9F04F90F87102F4
:1051B00083B05A7C4008012A00F101005BD0554AB7
:1051C00094881389D588A3421A4638BF224695424F
:1051D00040F29880C3EB450501221B1B2D1B0126C5
:1051E0004D4C4FF0000CA6F10207B4F800E0013678
:1051F000B7FA87F77F0901EB871101F58071AEEBF4
:10520000010E8EEAEE77A7EBEE77022F17DCB4F8EB
:10521000088002F10109B4F804A0E788C245D3462A
:1052200038BFC3465F45C8EB4707A8EB0A08A7EBA2
:105230000A0704D9F44443443D445FFA89F2B0427A
:1052400004F10C04CFDA002D5ADD4FEA450B4FF480
:105250007A704FEACB0103FB00F090FBF1F03AB11A
:105260004FF4FA63520103FB0CF393FBF2F318447F
:1052700003B0BDE8F08F274C2389A5881E46E4883B
:10528000AB4238BF2E46B44240D9C3EB44045B1B4B
:10529000A4EB050B4FF0010E1F4C4FF0000CAEF1CC
:1052A00002050EF1010EB5FA85F56D0901EBC51188
:1052B000258801F500716D1A85EAE576A6EBE5769D
:1052C000042E16DC571C2689B4F806900197B246C6
:1052D000A788C6EB4908BE42A8EB0708A6EB07065D
:1052E00038BFBA46D14504D9AC44C34433449DF8D1
:1052F0000420704504F10C04D1DABBF1000FA6DCE8
:105300000020ACE700231D461A4668E700239B46B1
:105310001A46BFE77827002084270020D0E93423ED
:105320002DE9F0410C46597C0646002001294BF638
:10533000803518BF4FF4FA45FAF72EFCD6F8D43072
:105340000746587C144B0128B3F800809B89A3EBD7
:10535000080309D0A3F58073002BB8BF5B42022B72
:1053600009DD0120BDE8F081A3F50073002BB8BF73
:105370005B42042B0DDC41463046FFF713FF4FF430
:10538000FA6303FB08F800EB58130020DB1B5B1BE0
:105390002360BDE8F08100BF782700202DE9F843A5
:1053A000D0F8D4200C4690F871320646517C002B80
:1053B00060D1012914BF4FF47A654FF4FA55D6F83D
:1053C000D0200120FAF7E8FBD6F8D430384A074657
:1053D000597C938901294FD0A3F58073002BB8BF66
:1053E0005B42022BD4BF00230123002B3FD196F850
:1053F00071325B080133B3F1010C03EB43004FEA58
:10540000031318BF4FF0010CC0B2012903EB8C034A
:1054100032F820803AD01B019BB2A8EB030888EA3F
:10542000E873A3EBE873022BD4BF00230123F3B985
:10543000C31CDBB252F823901E4B09EA0303B3F1FD
:10544000004F30D0B9F5803F11D230460021FFF730
:10545000A9FEC1444FF4FA6203467F1B002002FB01
:1054600009F9C3EB59133B442360BDE8F8830120DD
:10547000BDE8F8830025A2E7A3F50073002BB8BFB1
:105480005B42042BD4BF00230123AEE75B019BB238
:10549000A8EB030888EAE873A3EBE873042BD4BFF6
:1054A00000230123C3E70630C0B252F82090C9E7B9
:1054B000782700200000FFFF0346081E07D007DD05
:1054C00042104FF4FA6101FB032393FBF0F07047A5
:1054D00042425210F5E700BF00487047782700208D
:1054E000014B024A1A607047C82F0020185501006E
:1054F000014B024A1A607047CC2F00202055010052
:10550000014B1868704700BFC82F0020014B186876
:10551000704700BFCC2F00201D530100B95401007B
:105520009D530100014B1B681B681847D8110020D0
:10553000014B1B685B681847D8110020014B1B68A2
:105540009B681847D8110020014B1B681B6918473E
:10555000D8110020014B1B685B691847D811002047
:10556000014B1B689B691847D8110020014B1B6831
:10557000DB691847D8110020014B1B689B6A18474C
:10558000D811002030B4044C9DF8085024680295CE
:10559000E468A44630BC6047D811002000220D49C1
:1055A000134610B540FA02F4E40744BFCA545C1C29
:1055B00002F1010248BFE3B2042AF3D1054AFF24F5
:1055C000D118032B01D9107110BD013301F8014B23
:1055D000DBB2F6E7DC2F0020CDFC0100D3FC01009C
:1055E000D5FC0100FBFC0100D9FC010005FD010018
:1055F000DFFC01000FFD0100E5FC01001BFD0100C7
:10560000F1FC0100F5FC0100E7FC0100EDFC0100EC
:105610000BFD010015FD0100014B187D704700BF17
:1056200008280020042810B511D883B104280CBF25
:1056300010242824A1420AD2064C54F8200018B1A4
:1056400041568A42A8BF0A4600201A7010BD6FF06A
:105650001500FBE7082800200728034611DC10F19D
:105660002D0F10DB094A101890F82E0002EBC00233
:1056700092F93C209A4207D0002918BF0130C0B2ED
:1056800070471B2070470020704700BF381204008D
:10569000072808B507DC0021FFF7DEFF034B03EB0B
:1056A000C003986B08BD3F20FCE700BF3812040020
:1056B000072808B507DCFFF7CFFF044B03EBC00357
:1056C00093F93C0008BD0820FCE700BF3812040035
:1056D000C0B208B520B9044B01229A601A6008BD17
:1056E0004D21B52001F0FEFE00E0105010F0FF004B
:1056F00008B513D10B4B01225A60DA600A4AC3F88D
:1057000000011070D3F8082412F0010205D1C3F88B
:105710001021C3F81821C3F8142108BD7C21B5203D
:1057200001F0E0FE00E010501D280020014B012296
:105730001A7070471D28002008B540B9064BD3F8F1
:10574000103113B9054B187808BD0120FCE7C221C0
:10575000B52001F0C7FE00BF00E010501D2800205A
:10576000024BD3F8080400F00100704700E010502D
:10577000024BD3F8480400F00100704700E01050DD
:10578000024BD3F84004C0B2704700BF00E0105095
:1057900007490246D1F84C04D1F84C1410F480307B
:1057A00005D0D0B201F003031B1A5842584170478C
:1057B00000E0105038B51A4BD3F80C34DA0304D497
:1057C00040F27D116D2001F08DFE164A0124164B2A
:1057D000106A536620F03F0094645464136CDB033A
:1057E000FCD4136A116C03F03F03C1F30A01C1F545
:1057F000806181EAE1750B29A5EBE17509DD3F2B9D
:1058000004D0013303431362172DE6DC00239364B5
:1058100038BD0B31F8DA002BF8D0013BF2E700BFBE
:1058200000E01050000812500100008038B50B4C09
:1058300023781BB100232370FFF7BCFFEFF3108523
:1058400072B6637803F0FF000BB9FFF74FFF05B99D
:1058500062B6034B00225A6638BD00BF20280020E4
:1058600000081250F8B5104E012704460D463318B3
:10587000DF700AF054FA60B934B90C4B1122777119
:10588000B560C3F80423F8BD40F229116D2001F082
:1058900029FE002DF7D01CB90220A847B460F2E71A
:1058A0004FF4A271F2E700BF2028002000E0105062
:1058B000044B0022191803EB80034A719A60CA70E6
:1058C000704700BF20280020014B1882704700BF9E
:1058D00020280020014B588A704700BF2028002054
:1058E000014B188A704700BF2028002010B5EFF345
:1058F000108472B6064B03445A780132D2B25A7001
:105900005B78012B01D1FFF7E3FE04B962B610BD4D
:1059100020280020034610B5EFF3108472B6114919
:105920000B445A7822B940F25B216D2001F0DAFD78
:105930005A78013AD2B25A705B7883B90B7D43B181
:10594000094BD3F80C34DB0306D44B7803F0FF008B
:105950002BB9FFF7CBFE02E0487D01F043FF04B90D
:1059600062B610BD2028002000E0105010B50AF0EB
:10597000D9F90C4C0AF0D3F960B1A37D3BB90A4BBD
:1059800001229A610423E3750023237610BD0AF0F7
:10599000CCF9F9E703230122E375034BC3F8042391
:1059A000F2E700BF2028002000E01050014B012248
:1059B0001A62704700E01050044B587E28B1044B27
:1059C000D3F81001B0FA80F0400970472028002079
:1059D00000E0105038B50C4B5D7E5DB901245C765B
:1059E0000AF0A0F9094B1022C3F81051C3F80423A0
:1059F000DC6138BDFFF7E0FF0028FAD040F29721C4
:105A00006D2001F06FFD00BF2028002000E0105045
:105A1000024BD87D003818BF012070472028002095
:105A200038B5174C237D23B940F20A316D2001F0BF
:105A300059FD01232370A37DC3B9A37EB3B1227E98
:105A4000013B9A4212DA0AF06AF9054601F064FE57
:105A5000A37E012B82BF237E0133237655B1E369F8
:105A6000C31A0133022B09D935B1E061BDE83840D2
:105A7000FFF77CBF236AF3E72062F7E738BD00BF7A
:105A80002028002037B5184CA37D63B9606A00F068
:105A90000300FFF77DFE30B1EFF3108372B6E27DB5
:105AA0001AB103B962B603B030BD0122E27503B981
:105AB00062B608230D4DC5F808334FF42073ADF8D6
:105AC0000630BDF806309BB25A1E92B2ADF80620E1
:105AD000002BF6D1C5F80C3184F82830FFF746FFCB
:105AE0000823C5F80433DEE72028002000E010502A
:105AF0002DE9F74F4E4C237D002B00F096800323B9
:105B0000ADF804304B4BD3F80051D3F80891D3F8DB
:105B1000142112B9D3F818216AB10026C3F8146110
:105B2000C3F81861C3F81061637E0BB10AF0FDF889
:105B300066760AF090FA3F4BD3F81031002B59D01B
:105B4000637E1BB10AF0F1F800236376637913B129
:105B500002238DF80430003D18BF012545F01005E3
:105B6000354E0DF1040A334B4FF00008F71EC3F811
:105B700008531AF8010B03280AD03B7843B14FF0C1
:105B8000000B336887F800B013B19847C6F800B02F
:105B900008F10103043601374FF00108022BE8D168
:105BA000B9F1000F08D0234B0022C3F808210422CA
:105BB000C3F80823FFF766FF94F82860EA071D4B37
:105BC000F6B2D3F80C7108D5E27D032A05D1A27D87
:105BD000A2B90422E27501229A61C7B1154B0022D5
:105BE000C3F80C21E37D042B0DD040F26D316D2004
:105BF00001F078FC002DD3D00125B1E70AF095F82B
:105C00000223E375E9E70223E3750AF08EF866B133
:105C1000002384F82830E37D022B01D1FFF7A6FE94
:105C200003B0BDE8F04F0AF080B803B0BDE8F08FD4
:105C30002028002000E010502828002010B5054C36
:105C4000606A00F00300FFF7A3FD0028F8D00020F1
:105C500010BD00BF20280020F8B5054650B10278DD
:105C6000022A07D8437842B9013B1F2B02D8837818
:105C7000212B07D96FF0150088E0002BFAD183782B
:105C8000002BF7D1634B2022C3F8A020BFF34F8F26
:105C9000BFF36F8F604EC3F8A0217D235F4CC6F821
:105CA00008330023C6F80031C6F80831C6F80C31B5
:105CB0006370A370AB886382FFF752FD10B10123BC
:105CC000E3706370D6F80C0440F2563310F4803061
:105CD00023821BD0FFF72AFD514801F059FD4E4E9B
:105CE000602360750022C6F804332B78A978012B55
:105CF00062766262A375A176227620D0022B17D03D
:105D0000F3B140F222516D2001F0ECFBC6F8100116
:105D1000FFF7DEFC404AD2F81031002BFBD0FFF732
:105D200049FD0020FFF7E2FC3E4B00225A66D3E714
:105D300009F0F8FFD6F80C34D903FBD502236362CF
:105D4000FFF716FD40B3FFF71BFD636A03F0030383
:105D5000984221D1AB79D3B9FFF770FFA37E63B12D
:105D60002B7853B909F0DBFF054601F0D5FC6FF045
:105D70000043002D4BD0C4E907030123202200205B
:105D80002375244BE075C3F8A0211A62F8BD224B9D
:105D90000422C3F80423E1E71F4B012200215A61CA
:105DA000C3F8081194F82410C3F840141A610422AF
:105DB000C3F80423AA79002AD0D1D3F804235207C8
:105DC00002D440F2D5419EE7174A1769116907F0DE
:105DD000100741F010011161D3F808310BB90AF036
:105DE000FFF90D4ED6F8083173B1FFF727FF27B939
:105DF0000D4A136923F0100313610423C6F8083316
:105E00000023C6F80831A9E70AF0E8F9EAE7C4E98F
:105E10000730B2E700E100E000E010502028002049
:105E20002D5801000008125000ED00E038B50C4B71
:105E30000C46197919B183216F2001F053FB60B929
:105E40005D790DB1002038BD01225A71FFF74EFD7A
:105E500021462846FFF706FDF4E76FF01500F2E74C
:105E60004C28002038B50B4D04462B791BB19A21E4
:105E70006F2001F037FB50B96B790BB9002038BDAA
:105E8000FFF716FD20466C71FFF744FDF6E76FF053
:105E90001500F4E74C28002010B501B3F0B14FF025
:105EA000FF33104A1C46E0FB0134944203D9DB2146
:105EB0006F2001F017FB1A0DC3F30F100A4B42EAD3
:105EC00004324FF22444B2FBF4F100EB024003FB36
:105ED0001100B0FBF4F040EA0140013010BD08466B
:105EE000FCE700BF3F420F00000024F4014B9B6819
:105EF000184700BF4C280020014BDB68184700BF43
:105F00004C280020014B1B69184700BF4C2800207B
:105F100008B5064B1B7923B140F237116F2001F011
:105F2000E1FABDE80840FFF77BBD00BF4C28002028
:105F3000034B1A790AB9FFF7CDBC988D704700BFA3
:105F40004C280020034B1A790AB9FFF7C9BC988A7C
:105F5000704700BF4C280020024B1B790BB9FFF79C
:105F600091BD70474C280020014B9B69184700BF2A
:105F70004C28002038B51D4C237933B3FFF7C2FFFE
:105F800050B91B4DC5F81001FFF7B0FFD5F810311F
:105F9000002BFBD0FFF7B0FF154B6022C3F80423A2
:105FA000636A9847002806DB94F82E3023B101235A
:105FB000002084F8303038BDFFF7D6FF0028F6DA2D
:105FC00040F28D116F2001F08DFA0A4BA3610A4B4C
:105FD000E3610A4B23620A4BA3600A4BE3600A4B5E
:105FE0002361FFF739FE0028E1D0E4E74C280020C8
:105FF00000E010503D5C010037FD0100115A010026
:1060000025FD01002BFD010031FD010038B5084BD5
:1060100004461D7925B140F2E1116F2001F062FACA
:1060200000F05EFE2046FFF74FFC284638BD00BF5B
:106030004C28002008B5074800F040FE054800F055
:1060400019F801F059F901F07BF800F035FA012058
:1060500008BD00BF8028002008B5054B1A781AB18A
:106060002721032001F03EFA5860197008BD00BFD7
:1060700088280020024B986000221A705A607047EE
:1060800088280020F7B51E4C2378012BDAB204D003
:10609000022A2ED0012003B0F0BD0DF10701606887
:1060A00000F026FA65686B7DDB071CD5AB7F042BFF
:1060B00019D000F097FE0646A8B100F099FE2B69B2
:1060C000D5E900279A18B36847F100070A332CBFB7
:1060D000012500251B1845EB01059342BD4102D364
:1060E000606800F0D5FA0023636023709DF8070014
:1060F000D1E70DF10701606800F006FAF3E700BF91
:106100008828002073B505460C4600F06BFE064655
:10611000AB7F012B1AD021462B4604F1180251F80F
:10612000040B914243F8040BF9D101230DF107014F
:106130002846AB7700F0DCF916B1012002B070BD43
:10614000034B0421986809F0ABFFF6E70020F5E760
:1061500088280020024B0621986809F0A1BF00BFE3
:1061600088280020042300F1180283770023037697
:1061700043768376C376044B196811B91A605A6066
:10618000704759680A60FAE7942800202DE9F8431F
:10619000174E002407468846B368204633B928B313
:1061A000144B1878BDE8F84301F01CBB53E9061501
:1061B00053F8082CD3F80090521845F10005BA4264
:1061C00075EB080510D24CB1226812682260A3F169
:1061D0001800FFF7C7FF01204B46DFE7B268002A2F
:1061E000F5D01268B260F2E71C46F5E7BDE8F88327
:1061F00094280020DC11002000232DE9F0471360D3
:106200000646324B986800285DD0A0F1180550E989
:10621000063CB3427CEB01040AD250F8084CE31868
:106220004CF1000C9E4271EB0C043CBF33468C4693
:1062300050F8104C00270A3447F10000E3184CEBEB
:10624000000C2846D5F81890B9F1000F3BD059E959
:1062500006E89E4578EB0C0435D290F814A019F8A6
:10626000044CA24526D08CBF01240024F4B105F1D2
:106270001803B645136078EB01030CD259F8083CBB
:1062800013EB0E0348F100089E429E4671EB080393
:106290003CBFB646884659F8103CA9F118000A33AD
:1062A00047F1000C13EB0E0348EB0C0CAD6955B134
:1062B000183DC7E7B9F80440B0F81CA0A4EB0A04E5
:1062C000C4F3C034D2E7BDE8F08700BF94280020B3
:1062D0002DE9F04F85B082834F4A04460091D2F8F1
:1062E00008C094F81580D0E90030BCF1000F40D010
:1062F000ACF11801002708F00109D1E9002693420A
:1063000070EB06056ED3B9F1000F2CD0277D0D7D03
:10631000AF4228D38D68AD1846F1000615F10A0A80
:1063200046F1000E534570EB0E0219D22269D218C5
:1063300040F1000792457EEB070B01D252467746AB
:10634000AA42B7410FD220460024FFF70BFF334B80
:10635000187801F047FA009B1C7005B0BDE8F08F7B
:106360001A460746ECE78A690F4622B1A2F11801E6
:10637000C3E76246674618F0010F38D0A168C91814
:1063800040F1000B019192B3019DD2E9001615F185
:106390000A0E4BF10005714576EB050527D294F8FE
:1063A00014E0157DAE4519D395686D1846F10006C9
:1063B00015F10A0946F100084B4570EB080113D2AC
:1063C0002169C91840F1000E894578EB0E0A01D207
:1063D0004946C646A9427EEB060EB4D3926932B155
:1063E000183AD1E70A46C6E719468646F2E704F1AD
:1063F00018035FB1BA69A261BB6103AA0020002142
:10640000FFF7FAFE231A5C425C41A4E7024AC4F893
:1064100018C09360F1E700BF94280020DC11002031
:10642000F8B5244C0023E360EFF3108272B62168C4
:106430006360E160236002B962B60026E36803B9D5
:10644000F8BD9A79A3F11800032A07D11A6801212F
:106450009E7153F80C3CE2609847EFE7196851B120
:10646000A1F11803074600229D7F042D09D09B7FD0
:10647000032B02D1B2B9E16017E063219F2001F044
:1064800031F8B0F81CC09D8BA5EB0C052D049D695F
:1064900044BF07F118021846002DEBD01F46A5F1A6
:1064A0001803E1E713681B681360C368022186774D
:1064B000D2E700BF9428002010B50A4C2378FF2BA8
:1064C00004D04FF483719F2001F00CF8064801F0CE
:1064D0005FF9064B002220709A601A605A601A8297
:1064E00010BD00BFDC1100202164010094280020B1
:1064F000044B1A8A10B4541C1C825DF8044BFFF73D
:10650000E7BE00BF9428002037B504460D4601AA17
:1065100000210020FFF770FE231A04F118015842F1
:1065200058412870044809F0E1FD10B10023012012
:10653000A37703B030BD00BF9C28002038B5114BB5
:10654000044600F118011A68B2B11A6800209AB125
:1065500091420ED108B1A56905601D68A94204BF2A
:1065600012681A605A68914200D158600023A377DC
:1065700007E010461268EAE7034809F0B7FD002873
:10658000F4D138BD94280020A028002037B5054656
:106590000C46FFF7FBFD01AA28462146FFF72CFE1B
:1065A00028B100F11803034A536103B030BD03461C
:1065B000F9E700BF9428002010B5064C616904F18A
:1065C000080009F093FD18B1606900231838636171
:1065D00010BD00BF942800209C46144BF0B59D6868
:1065E000FDB115F8043C183D834218D812F10A0495
:1065F000D5E900364CF10001A34276EB01070BD23E
:106600002F69FF1846F10006A7428E4107D3B4F167
:106610000A0041F1FF31F0BD1C463146F7E7AD6994
:10662000DEE74FF0FF300146F5E700BF9428002079
:1066300008B5837F022B1CD1437D13F0020302D0E7
:106640000023837708BD0322037643768376C376DF
:106650000D4B827700F11802196839B91A605A6037
:106660000A4B1878BDE8084001F0BCB859680A60C8
:10667000F5E7837F012BE5D0837F042BE2D04FF435
:10668000FA719F2000F02EFF94280020DC110020DA
:1066900010B500F118010446084809F027FD20B99B
:1066A0004FF4FF719F2000F01DFF2046FFF75AFDB9
:1066B000034BBDE81040187801F094B89C280020E6
:1066C000DC1100202DE9F74FD0F810E0BEF1000FEB
:1066D00004D040F21D219F2000F004FF836890F851
:1066E00014800193D0E90014EFF3108972B6274BA0
:1066F000B3F810C09B686BB1019D183B0A35D3E914
:1067000000264EF1000A6D1844EB0A0A95427AEB16
:10671000060707D2B9F1000F35D0C0E9001403B065
:10672000BDE8F08F8A4276EB04070CD31F69BF18CF
:1067300046F1000BAF427BEB0A0B34BF012500256D
:1067400075B99B69D7E712F10A0A9D6846F10007FF
:1067500015EB0A0547F10007A94274EB0707ECE7C0
:106760001D7DA84509D0ECD912F10A019D6846F1BA
:106770000004691844F10004E3E79D8BA5EB0C05C8
:106780002D04DED5F0E762B6C7E700BF94280020ED
:10679000034B187800F0FD00431E584258417047E3
:1067A000B0280020024B0521586809F079BC00BFD1
:1067B000B028002038B5FFF7FFFE002580B1094C56
:1067C000C4E90205256100F0D9FCA068022329462E
:1067D0008377C3689847D4E9060109F0D9FB012003
:1067E00038BD00BFB0280020064B986810B520B90E
:1067F0004FF42471B02000F075FEC3680521BDE898
:1068000010401847B02800202DE9F74F2F4C814643
:1068100094F82430266A002B3AD1FFF7B9FF80465E
:1068200018B1E38C9E4238BF1E4600F0A3FD8319C9
:106830000F46054641F100011846CDE90013FFF768
:10684000A5FE40B3019B0099D0E900AB534571EB25
:106850000B0205D2BAEB0605534659466BF1000709
:1068600028461B4AC4E9063100233946C4E90A57C1
:10687000236300F053FD5046594609F0E8FBB8F198
:10688000000F02D0E38C9E421DD00223114A13E078
:106890004FF00008C9E794F8243033B12378023B65
:1068A000012B02D8636B01209847002584F82450FF
:1068B00009F0CEFB2B46084A84F83830C9F800208E
:1068C00003B0BDE8F08F0123E0E700BFB02800204F
:1068D000A5670100096A0100D1FF01002DE9F04719
:1068E00080460F469146444C002B6FD04FF0000A73
:1068F000D3E90065C4F830A0864275EB01033CBFC4
:106900000D46064629463046C4E9066509F09FFB58
:10691000E38CB6EB080803F1640365EB0707434516
:106920005346BB410FDA94F824304BB12378023B35
:10693000012B02D8636B01209847002384F8243090
:10694000FFF726FF8246236A03F5E173984577F146
:1069500000071CDABAF1000F10D0E08C274A301A79
:1069600065F10001C4E90A0100F0D8FC0623244ABD
:1069700084F83830C9F80020BDE8F0871F4A304657
:106980002946C4E90A6500F0C9FC0523EFE709F0D0
:1069900061FBFFF7B1FAE08C236ABAF1000F0BD06C
:1069A000984209D9301A154A65F10001C4E90A0173
:1069B00000F0B4FC0123DAE7F01A104A65F1000197
:1069C000C4E90A0100F0AAFC0223D0E794F82430BD
:1069D00033B12378023B012B02D8636B0120984727
:1069E000002584F8245009F035FBFFF785FA09F0FB
:1069F0002FFB2B46034ABBE7B0280020A567010008
:106A0000096A0100D1FF0100023970B5054603296A
:106A100000F20D81DFE801F006020840854B0022FC
:106A200083F83920002024E0824C94F83830042B7D
:106A300009D8022B28D8013B012B1BD940F2791130
:106A4000B02000F04FFD053B012BF7D8FFF71AFBF4
:106A50000028E7D000F07EFC00F08CFC06460C46D7
:106A6000FFF794FD2A46034621463046FFF736FFDE
:106A7000022070BDFFF706FB0028D3D000F06AFCAF
:106A80002846FFF7C1FEF3E7FFF7FCFA0028C9D05C
:106A9000012384F83930C5E7664C94F83830013B5F
:106AA000052B00F2C180DFE803F0032956788097B8
:106AB000FFF76EFE10B194F8240010B140F283117C
:106AC000BEE7636B9847012384F8243000F052FC42
:106AD000A36A594AC01A236B9842ACBF2063236350
:106AE00004F118000BC8C01A61F10001C4E90A01E1
:106AF00000F014FC022384F8383093E709F0A9FA77
:106B0000FFF7F4F900F036FCA36AC21A236B9A422D
:106B1000B8BF1A462263FFF73BFED4E9063168B1DD
:106B200094F8240050B9E28C981A434A61F10001AC
:106B3000C4E90A0100F0F2FB0323DCE7323B41F138
:106B4000FF31981841EBE2713B4AC4E90A0100F0B9
:106B5000E5FB0423CFE7FFF71BFE10B194F82450A8
:106B600015B14FF4DA716BE700F004FCA36AC01AA8
:106B7000236B9842ACBF206323632846636B98471E
:106B80000123D4E9060184F824303238236B41F123
:106B9000FF31C01841EBE371D6E700F01FFB78B17D
:106BA00094F83930002B7FF457AFFFF703FE00282D
:106BB0003FF452AF002384F83830204B2B6057E766
:106BC00000200021FFF7E2FC08B1FFF761FD09F0AA
:106BD00041FAFFF791F953E7FFF7DAFD10B194F8A6
:106BE000245015B14FF4FD712AE700F0C3FBA36AEE
:106BF000C01A236B9842ACBF206323632846636BA3
:106C0000984701230C4A84F82430236BD4E9060109
:106C1000323841F1FF31C01841EBE371C4E90A0198
:106C200000F07CFB052366E74FF4047108E740F2AF
:106C3000152105E7B0280020A5670100416C01007F
:106C400002392DE9F041064604292FD8DFE801F08A
:106C5000030A0C2E0F00184A1378003B18BF0123BB
:106C600082F8243000201FE0FFF70CFAFAE7DFF883
:106C7000488000F093FA00F07DFB0C460546FFF7D4
:106C800085FC0746D8F80800FFF7D2FC0023002255
:106C90002846C8F8083000232146C8E906233B46A9
:106CA0003246FFF71BFE0220BDE8F08140F23B2197
:106CB000B02000F017FC00BFB0280020064A0023D7
:106CC00010B5064C0260606084F838302370FFF71E
:106CD00039F93230206210BDD1FF0100B028002008
:106CE00008B5074B5A681168064A914204D040F231
:106CF0007521B02000F0F6FB3230186208BD00BFED
:106D0000B0280020D1FF010010B5EFF3108472B657
:106D1000034B0421586809F0C3F904B962B610BDE9
:106D2000B028002008B5094B9A6822B940F2962194
:106D3000B02000F0D7FBD3E90621BDE80840801859
:106D4000034A41F1000100F0E9BA00BFB028002079
:106D5000E967010008B5064B9B6823B94FF427711A
:106D6000B02000F0BFFBBDE8084000F0F3BA00BF60
:106D7000B028002008B5054B9A6822B940F2A2213C
:106D8000B02000F0AFFBD86008BD00BFB0280020E5
:106D900008B5054B9A6822B94FF42A71B02000F06B
:106DA000A1FB186108BD00BFB0280020054B1B697E
:106DB00010B523B940F2AE21B02000F093FBBDE83E
:106DC00010401847B0280020054BDB6810B523B9E8
:106DD0004FF42D71B02000F085FBBDE8104018473E
:106DE000B0280020014B9868704700BFB0280020F1
:106DF00008B5054B9A6822B940F2BF21B02000F0D7
:106E000071FBD3E9060108BDB028002008B5FFF7E3
:106E1000BFFC08B1014BD88C08BD00BFB0280020D2
:106E20000028ADBF00F1604000F00F00044B00F5FA
:106E30006140B4BF185C90F800034009704700BF80
:106E400014ED00E02DE9F04105460E46E1B9114F81
:106E50003B681BB18621452000F044FB38600E489A
:106E6000FFF788FF0D48FFF793FF09F02DF86B7DC2
:106E700004465B0708D508F06BFF0A34241A7C60CF
:106E800000F08AFA0028FBD02B6A3146686ABDE818
:106E9000F0411847F0280020C16E0100A16E0100EA
:106EA000064B1B6810B51BB97221452000F01AFB78
:106EB0001A6A0421586ABDE810401047F0280020E3
:106EC000064B1B6810B51BB96C21452000F00AFB6E
:106ED0001A6A0321586ABDE810401047F0280020C4
:106EE000024B00221A601A81704700BFF028002070
:106EF00008B5074B1A681AB9B921452000F0F2FA13
:106F00000449D16000221A60BDE80840FFF722B9A9
:106F1000F0280020456E010030B587B00C461822DD
:106F200000210546684609F0CFF9637A4FF0000268
:106F30006168C3F38003029183F0010363F382026B
:106F4000237A8DF81430224B8DF815200393237883
:106F50005BBB9DF81500D4E904324007CDE900324F
:106F600007D50A3B01F10A0142F1FF320291CDE956
:106F70000032637A69469DF81520C3F3400322F07E
:106F800003025B0043F0010313438DF81530114BEE
:106F90005868C0F30800B8B11038FFF741FF98B93E
:106FA0002846FFF7AFF807B030BD2369049308F017
:106FB000C9FE9DF815305B0744BF029B0A33CDE93B
:106FC000000148BF0293D4E7284608F0C7FEEAE76D
:106FD000456E010000ED00E008B50A4B0246586816
:106FE000C0F3080040B11038FFF71AFF20B910466F
:106FF000BDE8084008F0F8BE1046BDE8084008F0BB
:10700000C4BE00BF00ED00E0174B10B50446586841
:1070100086B0C0F3080010B9002006B010BD1038CB
:10702000FFF7FEFE0028F7D1D1E90423CDE90400E3
:10703000CDE900234B6802930B7A8DF814300B4B8B
:1070400003934B7A6946C3F340035B0043F00102AC
:10705000C0F30723204623F0030313438DF81530B4
:1070600008F02BFFD9E700BF00ED00E0456E0100FE
:107070007FB508F067FE002305930B4B039340F2A6
:107080001E2302934FF0FF33CDE900016946074804
:107090000493FFF737F818B9B021432000F022FA23
:1070A00007B05DF804FB00BFD5700100282900205F
:1070B00010B5074C94F820304BB9FEF723FF30B9D8
:1070C000012384F82030BDE81040FFF7D1BF10BD88
:1070D0002829002008B505292DD8DFE801F0032E66
:1070E000282C2C0D08F02AFE144808F0EFFE1E385C
:1070F000BDE8084008F028BEFEF704FF38B10F4B8A
:10710000002283F82020BDE80840FFF723B808F0EC
:1071100017FE08B908F012FE00214FF4007008F0C5
:107120009EFE0028E0D1CE21432000F0DBF9BDE82F
:107130000840FFF79DBFDA21F6E708BD28290020A7
:107140004FF000430B4A0021C2F88030A2F58022A4
:10715000C2F88031012302F57832C2F80435A2F575
:107160008022C2F804352022034B184683F82010F1
:1071700009F0AAB800400C502829002008B51AF0E0
:10718000ADFF054AD2F8583743F00103C2F858372B
:10719000BDE80840FFF78CBF00200E5008B51AF07C
:1071A000ADFF0B4AD2F8583723F00103C2F8583725
:1071B0000122084B5A604FF0FF32C3F80823202207
:1071C000054BC3F89021BDE8084000F0C3B800BFEC
:1071D00000200E500050085000E100E008B5FEF716
:1071E00091FEB0B90D4BD3F800314BB90C4A536A3C
:1071F0000133312B53620BD98121432000F072F906
:1072000008F09EFD08B18521F7E708F095FD012003
:1072100008BD034B00225A62F9E700BF00E010509E
:107220002829002040F20251014808B500F050F929
:10723000E17C04001848202208B5C0F89020BFF374
:107240004F8FBFF36F8F154BC0F89021D3F8041503
:1072500021F00301C3F80415D3F8081541F0030128
:10726000C3F8081592FAA2F1B1FA81F1092904DDF7
:1072700040F29F310A4800F02BF9C3F810150121A4
:107280005960D9604FF00041C3F880104FF0FF31D2
:10729000C3F80813026108BD00E100E00050085087
:1072A000E17C0400124B4FF4E062C3F83823002263
:1072B000C3F8AC25C3F8BC25C3F8CC25C3F82021FE
:1072C000C3F82421C3F8282120220A4BC3F89C21AB
:1072D000C3F89C20BFF34F8FBFF36F8FC3F890208C
:1072E000BFF34F8FBFF36F8FC3F89021704700BF7C
:1072F00000200E5000E100E008B5FFF7D3FF054B7A
:107300004FF4A062C3F834232022034BC3F89C211E
:10731000DA6108BD00200E5000E100E00B4B10B513
:107320001C681CB14B21042000F0DCF8B1F5801F73
:107330001A6001D3FFF776FF054B0122C3F8A005C1
:10734000C3F8A415C3F8AC2510BD00BF5029002018
:1073500000200E50054A136833B100230449C1F8D8
:10736000AC35C1F820311360704700BF50290020B0
:1073700000200E5030B54FF0FF30064C6FF040410A
:10738000D4E90023904271EB0305F9D31046C3F30F
:10739000130130BD40270E5008B5FFF7EBFF044B3B
:1073A000D3E90223904299412CBF0120002008BD5F
:1073B0005029002010B5FFF73DFF0F4C0023C4F803
:1073C000BC35C4F82431FFF7D5FF0A3041F1000184
:1073D000B1F5801F01D1FFF725FF4FF00043C4F83E
:1073E000B005C4F8B415C4F8A4310123C4F8BC3501
:1073F000024BC3E9020110BD00200E5050290020AD
:10740000144BD3F8342312F4A06F10B503D1FA2132
:10741000042000F067F8D3F8202162B100220E4961
:10742000C3F8AC25C3F820210B6813B94FF4817160
:10743000EEE70A609847074BD3F828214AB10022AB
:10744000C3F8CC25C3F82821034BBDE810401B69C5
:10745000184710BD00200E5050290020014B18790C
:10746000704700BF68290020044B1A79824283BF0D
:107470001B68602202FB0030002070476829002052
:10748000BFF34F8F0549064BCA6802F4E06213430D
:10749000CB60BFF34F8F00BFFDE700BF00ED00E002
:1074A0000400FA05084B01225A604FF0FF32C3F87E
:1074B00008238022054BC3F88820BFF34F8FBFF30A
:1074C0006F8FC3F8882170470070045000E100E01E
:1074D00008B572B6024B5B6803B19847FFF7D0FF5F
:1074E000702900201FB572B6144B5C6894B9FFF781
:1074F000C7FFB2FBF6F22B465D1C002AF9D1DBB2C6
:1075000003F110056D4405F80C2C0A2233B901A8CB
:10751000A047ECE7024600230A26EDE7013BDBB279
:1075200003F110050DEB0506B0FBF2F502FB1500AB
:10753000303006F80C0C2846E8E700BF7029002020
:10754000F8B5234F05460C4616463B78002B3CD138
:1075500008F0E4FB7E601F4B01263C814FF4806203
:10756000C3F8A4601C4BC3F89020BFF34F8FBFF348
:107570006F8FC3F89021FFF795FF184B002D14BFB4
:1075800028461846FEF7F6FC0546E0B9FFF7A8FCCA
:10759000FEF7E2FC08F073FDFEF74CFD18B9B821C8
:1075A0001120FFF79FFF002C0BDB04F01F03640981
:1075B000A4009E4004F1604404F56144C4F8806175
:1075C000266001233B702846F8BD4FF0FF35FAE7EF
:1075D0007029002000A0085000E100E050130400D2
:1075E000074BB3F90830002B09DB5A09012103F0DE
:1075F0001F03994002F14003024A42F823107047EA
:107600007029002000E100E0014B1878704700BFAE
:10761000702900202DE9F84F074689469346984681
:10762000374CDFF8F0A0374D2E780136F6B2D5E8AA
:107630004F3F0133DBB2C5E8403F0028F7D10121BD
:107640006160C4F80001C4F80401EFF3108072B661
:107650002D4BC5F80490AB60C5E905B33B68C4F891
:1076600010357B68C4F81435BB68C4F81835FB685E
:10767000C4F81C35254BC4F830351033C4F8383500
:10768000216000B962B6D4F800312BB9D4F80431C6
:1076900013B92B789E421CD0B8F1000F09D00A9B79
:1076A0003BB1D4F840350A9AC8F80030D4F83C35DC
:1076B0001360D4F80431002BB5D12978B142B2D18E
:1076C000C4F80031C4F804310323C4F80833BDE81A
:1076D000F88FDAF81030DB06D5D503238021C4F803
:1076E00004330B4BC3F88811D4F80031002BCAD1F6
:1076F000D4F80431002BC6D108F070FDC3E700BFF9
:10770000007004507C2900201000000B802900200C
:1077100000E100E000ED00E01A4B4FF4000270B50C
:10772000C3F89820BFF34F8FBFF36F8F164C002123
:10773000164DC4F80011C3F898212E692B6906F084
:10774000100643F010032B610123C4F804332360B7
:10775000D4F800319BB11EB92B6923F010032B61C3
:107760000123D4F808054FF400026360C4F808331D
:107770000023C4F80031034BC3F8982170BD08F012
:107780002DFDE5E700E100E000700D5000ED00E0A8
:1077900038B50B49042301EBC302157905F0FF044A
:1077A0002DB1013BF7D240216920FFF79BFE41F844
:1077B000330001215471D8B29471117138BD00BFEA
:1077C000A0290020042808B503D947216920FFF724
:1077D00089FE034B002203EBC0031A7108BD00BFF2
:1077E000A0290020042808B503D950216920FFF7FB
:1077F00079FE094B03EBC0000379012B01D0512125
:10780000F4E7437982790133DBB29A4218BF4371BE
:10781000BDE80840FFF7E4BEA029002038B50524E4
:107820000F4D95F8281005EBC1031A79012A09D1EB
:1078300058799A79904205D05A79D2B29A7155F80E
:107840003130984795F82830013C0133DBB2052BE5
:1078500028BF002314F0FF0485F82830E1D138BD9B
:10786000A0290020094B0A4AC3F800230132C3F8BB
:107870000C230132C3F818230132C3F8202301324C
:10788000C3F81C230132C3F81021704700A0085030
:1078900004000080074B0022C3F80023C3F80C2328
:1078A000C3F81823C3F82023C3F81C23C3F81021FE
:1078B000704700BF00A00850844641EA000313F05F
:1078C000030359D1403A33D3F0B4F0C9F0C0F0C942
:1078D000F0C0F0C9F0C0F0C9F0C0403AF5D2F0BC39
:1078E00026E0403A24D300BF0B6803604B68436036
:1078F0008B688360CB68C3600B6903614B6943612C
:107900008B698361CB69C3610B6A03624B6A436213
:107910008B6A8362CB6AC3620B6B03634B6B4363FB
:107920008B6B8363CB6BC36340304031403ADBD217
:1079300030320BD30B6803604B6843608B68836005
:10794000CB68C36010301031103AF3D20C3205D33B
:1079500051F8043B40F8043B043AF9D2043208D011
:10796000D2071CBF11F8013B00F8013B01D30B8883
:1079700003806046704700BF082A13D38B07B0D03E
:1079800010F00303ADD0C3F10403D21ADB071CBF10
:1079900011F8013B00F8013BA3D331F8023B20F87A
:1079A000023B9EE7043AD9D3013A11F8013B00F8B3
:1079B000013BF9D20B7803704B7843708B7883705E
:1079C00060467047014B1B681B681847E011002098
:1079D000014B1B685B681847E0110020014B1B68D6
:1079E0009B681847E0110020014B1B681B69184772
:1079F000E0110020034B1868034BC01A18BF012088
:107A0000704700BFE01100200C7A01000F03020054
:107A10001B0302001F030200270302002B030200C6
:107A200081F0004102E000BF83F0004330B54FEA2F
:107A300041044FEA430594EA050F08BF90EA020F9C
:107A40001FBF54EA000C55EA020C7FEA645C7FEA2F
:107A5000655C00F0E2804FEA5454D4EB5555B8BF52
:107A60006D420CDD2C4480EA020281EA030382EAC3
:107A7000000083EA010180EA020281EA0303362D55
:107A800088BF30BD11F0004F4FEA01314FF4801C28
:107A90004CEA113102D0404261EB410113F0004F3A
:107AA0004FEA03334CEA133302D0524263EB4303F1
:107AB00094EA050F00F0A780A4F10104D5F1200E8F
:107AC0000DDB02FA0EFC22FA05F2801841F10001EA
:107AD00003FA0EF2801843FA05F359410EE0A5F1BE
:107AE00020050EF1200E012A03FA0EFC28BF4CF0EF
:107AF000020C43FA05F3C01851EBE37101F00045A5
:107B000007D54FF0000EDCF1000C7EEB00006EEBB1
:107B10000101B1F5801F1BD3B1F5001F0CD349083B
:107B20005FEA30004FEA3C0C04F101044FEA445292
:107B300012F5800F80F09A80BCF1004F08BF5FEA19
:107B4000500C50F1000041EB045141EA050130BDF9
:107B50005FEA4C0C404141EB0101013C28BFB1F50B
:107B6000801FE9D291F0000F04BF01460020B1FA56
:107B700081F308BF2033A3F10B03B3F120020CDA29
:107B80000C3208DD02F1140CC2F10C0201FA0CF007
:107B900021FA02F10CE002F11402D8BFC2F1200C6C
:107BA00001FA02F120FA0CFCDCBF41EA0C01904022
:107BB000E41AA2BF01EB0451294330BD6FEA04046B
:107BC0001F3C1CDA0C340EDC04F11404C4F1200256
:107BD00020FA04F001FA02F340EA030021FA04F368
:107BE00045EA030130BDC4F10C04C4F1200220FABF
:107BF00002F001FA04F340EA0300294630BD21FAFD
:107C000004F0294630BD94F0000F83F4801306BFC2
:107C100081F480110134013D4EE77FEA645C18BFB6
:107C20007FEA655C29D094EA050F08BF90EA020F4D
:107C300005D054EA000C04BF1946104630BD91EA45
:107C4000030F1EBF0021002030BD5FEA545C05D148
:107C50004000494128BF41F0004130BD14F5800487
:107C60003CBF01F5801130BD01F0004545F0FE41FB
:107C700041F470014FF0000030BD7FEA645C1ABF30
:107C8000194610467FEA655C1CBF0B46024650EA67
:107C9000013406BF52EA033591EA030F41F4002193
:107CA00030BD00BF90F0000F04BF0021704730B519
:107CB0004FF4806404F132044FF000054FF00001EE
:107CC00050E700BF90F0000F04BF0021704730B5AF
:107CD0004FF4806404F1320410F0004548BF404284
:107CE0004FF000013EE700BF42004FEAE2014FEAD9
:107CF00031014FEA02701FBF12F07F4393F07F4FB4
:107D000081F06051704732F07F4208BF704793F0B6
:107D10007F4F04BF41F40021704730B54FF46074C9
:107D200001F0004521F000411CE700BF50EA0102CC
:107D300008BF704730B54FF000050AE050EA010275
:107D400008BF704730B511F0004502D5404261EBE5
:107D500041014FF4806404F132045FEA915C3FF426
:107D6000D8AE4FF003025FEADC0C18BF03325FEAC3
:107D7000DC0C18BF033202EBDC02C2F1200300FA74
:107D800003FC20FA02F001FA03FE40EA0E0021FA99
:107D900002F11444BDE600BF53B94AB9002908BF37
:107DA00000281CBF4FF0FF314FF0FF3000F00CB83F
:107DB000ADF1080C6DE904CE08F0C9FADDF804E075
:107DC000DDE9022304B07047704700BF08B5E8F74B
:107DD000CFFFF1F799F8E8F783FD002008BDF0F731
:107DE000C5B904F06BBC04F06CBC04F064BC04F0D6
:107DF0006BBF0346022200201A70052258709A7049
:107E00002722D8705A71032218719A717D22DA7173
:107E100053221A7204225A726FF072029A726FF031
:107E20000102DA72704704F050B870B50446F5F7F5
:107E300093FF012805461AD1601CF5F795FFB0B1F4
:107E4000A3790020E61D63F03F03A371F1F7EEF97B
:107E500038B110220021304608F036FA0020257093
:107E600070BD3046F5F794FF0028F2D0F6E7002504
:107E7000F4E710B504461022002108F025FA04F1B9
:107E8000100310220021184608F01EFAF5F79AFF99
:107E90000020F1F7CBF920B12046F5F779FF00205B
:107EA00010BDF5F759FF0028F6D0F8E710B50446E5
:107EB000FFF732FCB0F5007F09DA10F5007F08DD2E
:107EC000031EB8BF03339B100020237010BD7F2317
:107ED000FAE76FF07E03F7E70078003818BF01205B
:107EE00003F0D0BF37B505460C4600880DF10601FA
:107EF00004F0FBF82B882380BDF80630638003B0C4
:107F000030BD38B505460C46E8F746FF30B13E2D8A
:107F100004D12046BDE83840E8F782BF38BD37B508
:107F200004462046F1F7F6FE022805460FD0042845
:107F30000DD12378092B0DD0262B21D0204600F01F
:107F400038F8A1782078FFF7DCFF0028E9D0284630
:107F500003B030BD05213E20FFF7D3FF0028EDD14F
:107F6000E37801A92279684643EA0223ADF800309C
:107F700004F018FA0028D4D053210820E8F774FC44
:107F80001A213E20FFF7BDFF0028D7D1637969464B
:107F9000A27901A843EA0223ADF8043011238DF839
:107FA0000630F0F7DBF80028BBD06621E5E705F0E6
:107FB000FDBF10B5037804463D2B43D8002B43D0BA
:107FC000013B3C2B40D8DFE813F05100550059002D
:107FD000C0003F0088008E0094009A00A000A4001A
:107FE000A600B600BC0042003F005E003F006200F9
:107FF000AA00B000CA00D000C4003F00D6003F0075
:10800000E400FE0004010A013F0010011B012101F0
:108010003F00250133018F016D0181018901730149
:108020007B0139013F0047014D01530159015F01B7
:1080300063016701AD01B301B901BF0195019B0166
:10804000A701A101FF2B47D04FF4ED7108E00E23EB
:10805000B0F80320037042F283039A4203D0322126
:10806000C720E8F701FC0623637035E00C2303709A
:108070000823F9E71A2303700123F5E73E23037071
:108080000223A37028E03E2303700B23F9E7292085
:10809000E8F7C6FE28B13E2323702223637029230C
:1080A000EFE70A20E8F7BCFE3E23237018B11F2338
:1080B00063700A23E5E70123A3701F236370E3794C
:1080C00003F00103E371D4F81A30C4F80E30E38BE7
:1080D000638294F82030237510BD3E23037004237F
:1080E00043701423CDE73E2303700C234370042315
:1080F000C7E73E2303700A2343700323C1E73E23EF
:1081000003700D2343700523BBE70523237004236D
:10811000AAE70823FAE7302303700323A4E73E23EA
:1081200003700B2343700723ABE73E230370062342
:1081300043700C23A5E71323037083789B0001335E
:1081400092E75723037002238EE73E2303700D232B
:1081500097E73E23037001234370112391E73E23E9
:1081600003700623437012238BE73E230370092319
:108170004370132385E73E2303702420E8F750FE65
:1081800018B12423A37014236EE70E23A3701023C9
:108190006AE73E2303702520E8F742FE227B20B1E8
:1081A00025230B32A370627096E70F2304F10B01B5
:1081B00004F10800A37002F1080302326370BDE805
:1081C000104008F06AB83E23037003234370102365
:1081D00057E73E23037005234370202351E73E23D6
:1081E00003700923437021234BE73E2303702620AD
:1081F000E8F716FE18230028C4D02622A27033E721
:108200003E2303700423437027233AE73E23037081
:10821000282336E73E2303702A20E8F701FE18B131
:108220002B2363702A232CE71D236370192328E76F
:108230003E230370072343701A2322E73E23037073
:108240003820E8F7EDFD18B13823A37026230BE79B
:108250002C23A370202307E73E2303704C23437095
:108260002D230EE73E230370042343702E2308E7DB
:108270003E230370222343702F2302E73E23037023
:10828000162343703023FCE63E2303703123F8E6C7
:108290003E2303703223F4E63E230370022343702F
:1082A0003323EEE63E230370142343702223E8E6D3
:1082B0003E230370037C5B000F3343701D23E0E615
:1082C0003E230370032343701E23DAE63E2303702C
:1082D000037D5B00133343701B23D2E63E23037000
:1082E000032343701C23CCE63E2303700523437015
:1082F0001F23C6E6FF2303700B234370A223C0E6AF
:10830000FF23037005234370A323BAE6FF23037002
:108310000D2343708023B4E6FF23037029234370A9
:108320008123AEE63E2303700C2343702323A8E68B
:108330003E2303700E2343703723A2E63E230370CF
:108340000A23437035239CE63E230370FE234370CB
:108350002B2396E608B510B96FF0150008BDFFF79E
:1083600026FE0028F8D00020F8E710B50C4648B1EA
:1083700041B1FFF7D4FD002820700CBF6FF0220040
:10838000002010BD6FF01500FBE7F8B5941C0E46F9
:10839000054617460C446343B3F5004FA8BF4FF0A2
:1083A000FF3310F003019CB203D0B0211420E8F792
:1083B0005BFAB4F5004F01D9B121F7E7142204307C
:1083C00007F082FFEF746C802E80F8BD38B503880B
:1083D000C4888B420589C4F30E0203D2D121142034
:1083E000E8F742FA84EA0503C3F30E030BB9AC4283
:1083F00006D102F118030122C1528274184438BD1B
:108400001846FCE7023101444A43B2F5004FA8BFC9
:108410004FF0FF3290B21B3020F00300B0F5004F58
:1084200034BF00B24FF0FF30704740881B3020F05F
:108430000300B0F5004F34BF00B24FF0FF3080B200
:10844000704738B503888B4203D2F7211420E8F730
:108450000BFA857C65B1C388C3F30E031833C25A87
:108460008A4207D3C152811DE8F7F4FC00238374CC
:10847000284638BD0025FBE703461830F0B59E8836
:10848000DD88B4B2C6F30E06A54214D05F89DD7C48
:10849000845B3D44E41B0235A4B2354428440D8876
:1084A000A54284BF0C8025465989B1FA81F149095A
:1084B0001170DD81F0BD00252846FAE7F8B5828805
:1084C0000026C38904460D4692B20E60CBB14189A5
:1084D000C2F30E020B4418329BB28718825A4381B2
:1084E000934204D94FF4A2711420E8F7BDF904D1E6
:1084F000011DE8F7AFFC46812F6000230120E381D6
:10850000F8BD1846FCE78388014602899BB29A426F
:1085100002D00831E8F79EBC70478388C0889BB2C0
:10852000C31A584258417047828873B595B2C488BF
:10853000C2F30E02AC4202F1180212D04189C68980
:10854000835A314499420EDB0DF10601ADF8065015
:10855000E8F780FCBDF80600001B18BF012002B040
:1085600070BD0020FBE70120F9E770B5C488034621
:1085700006891830C4F30E0584EA0602C2F30E021F
:108580000AB9B4420FD19C891A880CB1465B921B80
:10859000914207DCDA7C2C440232224410440A4621
:1085A0001A8270BD00221046FAE7F8B5038A002B44
:1085B00038D08B4236D3C48800F118038589C4F3C0
:1085C0000E041E1995B91D55757085891E5B0D44E5
:1085D0003144ADB285811953D2B1811DE8F73AFC1F
:1085E00000238381002303820120F8BD1E5BAE427D
:1085F00004D04FF4F6711420E8F736F9C57C264410
:10860000878A023535445E195F53857DB570DCE796
:10861000C27C254402322A4499189B5A83828B7863
:108620008375DFE70020E0E78388C2889BB29A4227
:1086300006D0428922B9C3F30E0318331844704799
:1086400000207047C37C0233C8187047C37C0233D4
:10865000C81A70470230704738B58388C2889BB209
:108660009A4207D045892DB9011DE8F7F3FBC58172
:10867000012038BD0020FCE703881380C388C3F3C2
:108680000E031833034480890B607047036800228F
:1086900023B9C0E90132031D0360704759681B68A4
:1086A0000A44F5E70729034670B504D84FF4EC7186
:1086B0001520E8F7D9F80068C0B1446806461A6882
:1086C0008C4210D0106860B901F10805AC420DD39E
:1086D000546850501868651A541800686560505006
:1086E00002E01346E9E7146830461C6070BD0023C1
:1086F000C1E9003203680B600160704730B590B18A
:108700008478B1FBF4F304FB131300EB43025289AA
:108710008A4201D1D8B230BDC27822B900F1080333
:10872000D0B2844201D8FF20F5E733F8025F01326E
:108730008D42F5D1EFE78278038805324B4303EB96
:10874000420318447047002307B5CDE900338DF884
:1087500006006846E8F75EFDB0FA80F0400903B015
:108760005DF804FB37B500240546CDE900448DF8DB
:1087700006006846ADF80440E8F74CFDBDF804403B
:1087800008B103B030BD29462046E8F71FFD002898
:10879000EFD040F235211720E8F766F870B51E4695
:1087A0000D460921FFF72EFE0446324609212846D0
:1087B000FFF728FE40EA04031B0454BF00194FF0E2
:1087C000FF3070BDD31D23F0070370B5083390B19F
:1087D00010F0070403D058212220E8F745F8046080
:1087E0004FF6FF75C28000F108040A468180013A05
:1087F00092B2AA4203D103FB01F0083070BD0668B3
:10880000266004601C44F2E718B1C2888188FFF733
:10881000D9BF70470346EFF3108272B6006830B1DB
:10882000016819600023037043708370C37002B93C
:1088300062B67047EFF3108372B602680A60016097
:1088400003B962B6704781F00101490010B5C9B2A1
:10885000FF23837043181C7D012C07D10C3120F8B5
:10886000112002221A750023837010BD0131C9B294
:1088700043181C7D012CF1D04FF499710920E7F7C2
:10888000F3FF2DE9F0410646069898460D4643074A
:1088900011469DF81C7002D010F0030003D0252172
:1088A0004C20E7F7E1FF4FF48B72FFF78BFF002FAF
:1088B00006AB044600FB08F114BF00201846E8F799
:1088C000EBFA17B9069B33602C60BDE8F081E8F73E
:1088D00097BE69B1C31E012B09D9CB1E012B06D946
:1088E000012805D001290CBF012002207047042077
:1088F0007047E8F701BF012807D1487900F0C000B0
:10890000A0F14003584258417047002070470B4681
:10891000062203F8032BB0F80920A1F80320C27A3D
:108920009A70704740F2BD21322008B5E7F79CFFEE
:1089300013B503460C4690F8DE2002F0FF0032B17A
:10894000A3F1360000F010FD18230420237002B0BC
:1089500010BDF8B50E46044620B940F2063132206B
:10896000E7F782FF437A4789002B45D1036DD0F8A2
:108970000E20C3F80320428AA3F80720437B026D30
:1089800003F0FD03003B18BF0123937094F854508B
:1089900094F8A6302BB194F8A7301D43002384F837
:1089A000A630204600F0E0FCAA0708D025F0040518
:1089B00000222046114684F8545000F0F0FE1322A5
:1089C000334604F1290103F8032B04F1090252F89C
:1089D000040B8A4243F8040BF9D112781A70002371
:1089E000B371637ACBB9F0F7F7FA4B0415D5384673
:1089F000BDE8F84001F0B2BA00213846E8F7D0FBF4
:108A000010B940F21231AAE700210088E8F7DEFB36
:108A10000028BBD040F21531A1E7F8BD38B50446B7
:108A20000D4600F0E8FC94F87030012B03D094F868
:108A30007030002BF7D13F220021204607F044FC84
:108A40000722002384F8585084F84B2040F201128A
:108A500084F8543084F8A530A4F84C20636684F878
:108A60009430C4F8903084F8A63038BD0023A0F8C4
:108A7000793180F87B3180F87030704708B5E9F7BC
:108A8000DBFC012008BD08B5E9F7D6FCBDE80840CD
:108A9000E9F738BF08B5E9F7CFFCF5F735FEBDE8D3
:108AA0000840E9F799BF08B5E9F7C6FCE9F70EFFFA
:108AB000F5F72AFEBDE80840E9F78EBF08B5E9F7EB
:108AC000BBFCEAF76BFB012008BD08B5E9F7B4FC75
:108AD000F5F71AFE032008BD08B5E9F7ADFCE9F784
:108AE000F5FEF5F711FE032008BD0321EBF784B96D
:108AF0000121EBF781B990F83E00003818BF012042
:108B00007047007A003818BF0120704710B5012166
:108B100004460020E8F744FB10B12146FFF77EFF32
:108B200001210846E8F73CFB10B12146FFF776FF2C
:108B3000BDE81040EBF776BEEBF738BB80F84B1082
:108B4000704711F0010318BF012210B518BF80F85B
:108B50007C218C0705D55A1C0224034483F87C41F0
:108B6000D3B24A0742BFC018042380F87C3110BD3D
:108B700080F85710704710B504460846194694F817
:108B80004030023B012B0AD994F8400000F0FD0070
:108B90000038BDE8104018BF0120F0F747BB00289F
:108BA000F2D102F0FD02101E18BF012004F04EFBAE
:108BB0000828E9D0012010BD90F8400000F0FD0029
:108BC000003818BF0120F0F731BB38B504460D4618
:108BD00090F8A63003F0FF001BBB94F85430013B23
:108BE000012B1DD804291BD1D4F8103123B14FF427
:108BF00020613220E7F738FE236D13B940F60121DA
:108C0000F7E7F2F7D5FB216D04F1E80000F052FC24
:108C1000F2F7D4FB84F8A750FF2384F8A630012094
:108C200038BD0020FCE780F84010704701F0FD03DC
:108C300080F85510B3FA83F35B0980F84C30704725
:108C400010B504460846194600280CBF012300232E
:108C500084F8560084F84D304FF0080384F84E3005
:108C600008D102F0FD02101E18BF012004F0EEFA38
:108C700084F84E0010BD08B522B940F647213220D5
:108C8000E7F7F2FD80F85A101368C0F85B3093885C
:108C900090F84120A0F85F30036D5A72D0F842205E
:108CA000C3F80A20B0F84620DA8108BD80F84910E0
:108CB000704780F84A1070472DE9F041D0F8C8504D
:108CC0009DF81840954233D190F840208A422FD128
:108CD000002690F845C104F0020E32463146F5B246
:108CE000AC4506D204F00500431A58425841BDE88D
:108CF000F081471997F87C71A7F10308B8F1010FCB
:108D000011D841F00401BEF1000F0ED100EB850532
:108D100053F822700136D5F8CC502B35BD4207D11F
:108D20000132D2B2DBE73943F0E70132D2B2EDE7EC
:108D30000020DCE7012938B5044601D1E9F7C6FD7A
:108D400094F8543004F16C0513F0030F02D0284658
:108D5000EBF710FE2846EBF7BBFD2046BDE8384098
:108D6000FFF784BEA03004F078B838B5012104467E
:108D70000020E8F715FA20B94FF42E613220E7F70A
:108D800073FD637880F85430227812F001031CBF21
:108D9000012180F87C11910705D5C1180133022506
:108DA000DBB281F87C51520742BF1B18042283F8C2
:108DB0007C21A37880F84030E178FFF737FF2379F2
:108DC00080F84B30637980F8573038BD10B50446D1
:108DD0006C30EBF7CFFD2046BDE81040FFF746BEF4
:108DE00008B501210020E8F7DBF920B940F65F3132
:108DF0003220E7F739FD90F89400003818BF0120C1
:108E000008BD082970B50646154608461C460CD014
:108E10001946F0F743FC18B9C1213320E7F724FDC8
:108E2000237843F00203237070BD737C2370736852
:108E30001A682A609B88AB80F6E7036863B1EFF39A
:108E4000108272B603681968016002B962B6002226
:108E50001A705A709A70DA707047333070471FB5C5
:108E6000002403949DF9204002949DF81C40019435
:108E70009DF818400094EBF7B5FA04B010BD1FB58B
:108E800003939DF91830CDE90123FF2304220093B9
:108E90000023EBF7A7FA05B05DF804FB18B1407B9F
:108EA000FF3818BF0120704708B520B940F299413A
:108EB0003320E7F7D9FCC07EFF3818BF012008BD7A
:108EC00008B520B940F2A1413320E7F7CDFC807D01
:108ED000FF3818BF012008BD70B50C460546164680
:108EE00004F070FC6074284604F077FC062EA07431
:108EF00007D8012303FA06F212F0550F06D19E425D
:108F000012D000236370C4E9013313E06370EB1CDB
:108F100063600023A3606B78063B13F0FF030AD065
:108F200009352374E56070BD03236370EB180935C0
:108F30006360A56000231D46F3E738B50D46C17890
:108F4000044611F03F0105D128462822BDE83840EB
:108F500007F0BAB904F036FC6874204604F03DFC12
:108F6000A87423796B70E078830900F03F002B70C0
:108F7000227912F001011ABF611D0B2305236960DC
:108F800012F002011CBFE1180633A96018BFDBB262
:108F9000510744BF0133DBB212F008011CBFE118D6
:108FA0000233696118BFDBB212F010011CBFE11877
:108FB0000333A96118BFDBB212F020011EBFE11814
:108FC0001233DBB212F04002E96100F104011EBF6E
:108FD000E2180133DBB22A62C91A11F0FF0114BF93
:108FE000E2180A466A626278013A121AD2B22A7408
:108FF0001AB10B441C44EC6038BDEA60FCE702780F
:1090000002F00F02072A01D1FFF797BFFFF764BFF5
:109010000378012B1ED0022B14D053B3033901293E
:1090200007D84378DA0641BF23F04003437000239A
:109030000362437823F0200343700023C361037469
:10904000C36070474378002223F0030342608260CC
:109050004370E3E74378022923F0020343704FF0A3
:1090600000038360E5D04278436063F300024270FE
:10907000D4E7CA1E012A0FD8427812F0100F06D189
:10908000437823F00803437000234361C6E722F0CE
:1090900003024360836042704378DB06F0D5BDE78E
:1090A000012381F00101037043700371002381707B
:1090B000C3704371704730B501250024AB42847002
:1090C0000571C570447107D0022B01D063B130BD6A
:1090D000047044704571FAE79DF80C309A1E5342B3
:1090E000534103704370F2E7017042700371C37023
:1090F000EDE703782BB14B7823F001034B7000238D
:109100004B6043782BB14B7823F002034B70002364
:109110008B6003792BB14B7823F020034B70002335
:10912000CB6183782BB14B7823F008034B7000237D
:109130004B61C3782BB14B7823F010034B700023A5
:109140008B61437913B100230B74CB607047437874
:10915000002223F022038260C2614370704708B589
:10916000D0F8E830D21A04D540F28A312120E7F74E
:109170007BFBD0F8C800B2FBF0F008BD022808B5B0
:1091800011D006D8012810D040F217119E20E7F721
:109190006BFBC31E012BF7D8042840F2BE2008BF8A
:1091A0004FF4D26008BD6020FCE74FF4BC70F9E7D3
:1091B00070B50D4606460846FFF7E0FF0446284610
:1091C000F5F780FD00F522434FF47A728C34B13309
:1091D000A4B2B3FBF2F31819D6F8103113B1012D74
:1091E00008BF400070BD38B50D46044620B940F2B6
:1091F0003B712120E7F738FB91B1F2F7E5F810B9A0
:1092000040F24171F5E7D5E90032A9685B1842F1F7
:109210000002C4E97432B5F92430A4F8F43138BD41
:1092200000220023C0E97423F9E7002110B50B46A2
:1092300090F84541CAB2944205D2D0F8C800C31A8A
:109240005842584110BD00EB82022B330131D2F855
:10925000CC201344EEE72DE9F0411E46D0F8103142
:10926000804617462BB1FFF7E0FF0130C0B2BDE8E2
:10927000F081D0F8C8400725A4FB0545FFF7D5FFCE
:1092800050B1D8E92C23A41845EB0303A74276EB91
:1092900003030AD20320EAE7D8E93032E41845EBA9
:1092A0000205A74276EB050501D20220DFE7012087
:1092B000DDE72DE9F041044606F044FD0746884607
:1092C0002046D4E92C23FFF7C6FF064606F09DFD95
:1092D0001828034603D800263046BDE8F081421C1A
:1092E000D4E9361513D04218AA42D4E92A2028BF5F
:1092F0006B1AD21B60EB0800012A70F100054FF0D9
:1093000000052FDB9342854100DB13465D186D1A83
:1093100041F288339D4228BF1D4606F013FDC7F178
:10932000320303449D42D6D33146284606F097FDCA
:1093300006460028CFD006F009FDD4F8E020D4F886
:10934000D830A818D4F8DC202B44C4F8E0009342AD
:10935000C4F8D83004BFD4E93A23C4E9302306F076
:10936000F3FCB9E72B46D1E738B5044690F8143141
:1093700003F0FF0083B3FF2384F8153104F58C75E7
:109380002846FDF729FE284604F5A47506F05DFE83
:109390002846FDF721FE284606F057FE002120460C
:1093A000FFF7C8FC94F8163104F1E805ABB1D4F826
:1093B0000831E3B12846F1F7D9FF002384F81531CD
:1093C00094F8160110F0FF0018BF0C2084F8163135
:1093D000C4F8103184F8143138BDD4F8100130B11C
:1093E000D4F808311BB900F5E870F1F74FFF2846B3
:1093F000F1F74CFFE1E710B5044690F814310BB1DA
:10940000FFF7B2FF0023A4F80C3110BD90F86C00F8
:10941000003818BF01207047D0F810310BB1FFF7AA
:10942000A3BF0C207047F8B506460F4690F81531DB
:1094300003F0FF04002B39D106F084FC054696F8B2
:109440007801062F2AD8DFE807F0043333222E33C1
:109450003300FFF793FE00F19804A4B2D6F8B020D1
:10946000D6F8D830AD1A8C3B2544AB428CBF0124D2
:1094700000240AD83046FFF71CFF30B1D6F8D84098
:109480008C3CA5422CBF002401242046F8BD0338A3
:10949000012898BF282404F55774DFE74FF44B7177
:1094A0002120E7F7E1F940F20124D7E70024ECE7B7
:1094B0000124EAE7F8B50C46054601F5E8770021F6
:1094C000D4F8D801F1F738FFA842064606D18268E1
:1094D000D4F8D8319A420DD2816959B13146384613
:1094E000F1F7F2FE002331462B622046BDE8F8403A
:1094F000FFF779BEE9692F629A422CBFAA60AB6080
:10950000F3E710B504460020EBF702FE2046BDE865
:109510001040FFF770BF034690F8142102F0FF00DF
:1095200022B1B3F90C01003818BF012070472DE9B2
:10953000F041044688B0052900F2C980DFE801F057
:10954000035B716CC79090F8153103F0FF064BB1C7
:109550000121FFF7EFFBF5F733F908B0BDE8F04163
:10956000FDF7C6BC06F0B0FC02460B46074688462F
:10957000C4E92C012046FFF7F2FD94F8451102944E
:109580000596E1B1D4F8E850D4F8C8207B1BB3FBB2
:10959000F2F302FB035533467D1BDAB2013304EBD1
:1095A0008202D2F8CC2002F12B0CAC459EBF2B3DA1
:1095B0000136AD1ADAB298BFF6B29142EDD2B4F8E4
:1095C0007A3184F84461C3F30C038DF81860ABB1B1
:1095D000D4F840310020039303238DF810308DF828
:1095E000190002A8EAF7CEFDD4F8D8008238C4F8F2
:1095F000E00006F0A9FB08B0BDE8F081B0FA80F009
:109600003A46434640098DF810002046FFF7A7FD73
:10961000003818BF0120E2E708B0BDE8F041F5F7D7
:1096200049BAB0F87A31C3F30C030BB1FFF7CEFBA4
:109630000022012302A920460092EBF783FD58B1D6
:1096400002A904F58C70FDF767FC0028D3D140F225
:1096500075712120E7F708F92046EAF7E7FDCAE728
:1096600090F8153123B108B0BDE8F041EAF79EBD8E
:10967000B0F87A31C3F30C0323B390F87831033B8D
:10968000012BF0D890F87031002BECD1012180F83B
:10969000701144F2365006F0E2FB0028E3D006F0E9
:1096A00055FBD4F8D83044F236500344C4F8D830CF
:1096B000D4F8E0301844C4F8E00008B0BDE8F04148
:1096C00006F042BBFFF7F5FD002894D1CBE74FF43D
:1096D000E571BEE730B5044689B00D4690F8142117
:1096E00002F0FF0322B140F267212120E7F7BCF826
:1096F000FF2280F8142180F8153180F84431A0F859
:109700000C31FFF792FDD0B994F845110346C2B26F
:1097100091420CD2C4F8F0300122002302A9204665
:109720000095EBF70FFD68B94FF41F71DDE704EB0F
:1097300082022B330130D2F8CC201344E7E741F208
:109740008833E7E702A904F58C70FDF7E5FB10B953
:1097500040F27D21C9E709B030BD38B504460D4659
:1097600090F8143123B14FF423712120E7F77CF8EE
:1097700011B940F28D21F8E7EBF714FAC4F8105153
:1097800095F88C3003F0FF0113B140F29321ECE720
:1097900084F816112046BDE83840FFF79BBF38B566
:1097A00004460D46EBF7FEF929462046BDE8384051
:1097B000FFF790BF10B5044688B090F8152102F06D
:1097C000FF039AB91A4602A90093EBF7BBFC50B10C
:1097D00002A904F58C70FDF79FFB38B940F25C716B
:1097E0002120E7F741F82046EAF720FDF4F7E8FFEB
:1097F00008B0BDE81040FDF77BBB2DE9F0411446F1
:10980000002507460E4604F10F08102200212046CD
:1098100006F05AFD631E711913F8010F11F8012BA0
:10982000434582EA00021A70F6D11035042322461D
:109830002146384606F0C8FC502DEBD1BDE8F0813A
:109840002DE9F0411D46D37B88B01446884601338C
:1098500007462146D373404604236A4606F0B4FC0B
:10986000E37B04AE2146013340463246E3730423D2
:1098700006F0AAFC57B17B1E6A461F37117813F811
:10988000010F4140BB4202F8011BF7D16B462C4649
:109890001A46083403CAB24244F8080C44F8041CBF
:1098A0001346F5D105F110033246083303CA43F8D5
:1098B000041C08A943F8080C16468A42F4D108B0E3
:1098C000BDE8F081F0B59BB004460E461546002178
:1098D000102268461F4606F0F7FC102200210DEB0F
:1098E000020006F0F1FC10AA04F1100C2068083404
:1098F00054F8041C1346644503C31A46F6D114AA4F
:109900003068716816AB03C22A46103510680832F9
:1099100052F8041C1C46AA4203C42346F6D108A9E7
:1099200010A8EBF7B5FE3B4604AA694608A8FFF766
:1099300087FF1BB0F0BD0220704738B50446F7F72B
:109940002FFAF5F7D7FF0146A0BB2046F7F74AFAF2
:10995000D4F8D430DB7C012B26D14FF47A71D4F8C3
:109960009800FCF799FAD4F8D410D4F8C820103035
:109970004B7C012BD4F8BC3014BF10252025002AC5
:109980004FEA5313B8BF1F32C3EB6213CA7DC4F84A
:10999000C400083B9B1A1B1AD4E922215B1BD21876
:1099A00041EBE371C4E9222104F14000BDE83840F5
:1099B00005F0C7B9042384F86232F5E708B50D2134
:1099C00040F6FF70E7F7ECFB88B10D2140F6FF7021
:1099D000E7F7FCFB18B1ED218520E6F745FF0E21E6
:1099E00040F6FF70E7F7F2FB08B1EE21F4E708BD9F
:1099F000FFF7E4BF10B50C46FFF7E0FF0023E3706C
:109A00003523237010BD10B50D210446E7F722FC65
:109A10000E21E7F7C5FBB4F86422B0F854310132E7
:109A200094F8201292B2A4F864221BB193428CBF26
:109A30000023012394F86622D2B21BB901F00F0370
:109A40001A4307D0062384F862322046BDE810404E
:109A5000F6F74EBF052384F86232B0F85211B0F821
:109A60003C31B4F8642201FB0233E381EDE72DE9D8
:109A7000F04F924690F85D7291F83E2188468BB087
:109A80004FF0000B044640F271268DF81830062383
:109A90008DF810B08DF81930B7FBF2F102FB117799
:109AA000B8F83A210D21FFB25743E7F7D3FB0E2157
:109AB0000190E7F775FBD4F8D43006FB07F5814633
:109AC000DB7C012B40F0918002A9019803F08BFC14
:109AD00018B14A218E20E6F7C7FE039B019303F0DD
:109AE000C2F9019B834693F87F00EFF7E7FE94F8F5
:109AF0005D3299F83E21B3FBF2F102FB1133DBB288
:109B0000002B6FD0B9F83A3173430BEB00010AEB2D
:109B1000030089B2FCF7C0F900F11006C4F8C46074
:109B20002046D9F84C917600FAF76EFFD4F8D4307D
:109B3000814594BF4E443618DB7C06F2DB16012BC0
:109B4000059654D1002F52D0D4F8BC3040F2A9155C
:109B5000A5EB531506F0B8F9D4F8C820D4F8D4C052
:109B6000EF17002A9CF81130B8BF1F329CF817C0BD
:109B7000012BB8F83A3140F271284FEA621E14BF47
:109B80001026202608FB03F3D21713EB0E0342F135
:109B90000002083B42F1FF32B3EB0C0362F100021A
:109BA0005B1947EB02071B1841EB07019B1B61F197
:109BB0000001D4F8C4006FF4D472121A34BF6FF0ED
:109BC00001004FF0FF30D218059B41EB0001A3606C
:109BD00004F11800CDE9082104A9FDF79DF978B931
:109BE000EA2177E7D9F830318FE75E4696E7D8F873
:109BF0003031D4E900212B449B1841F10001D8E712
:109C00000BB0BDE8F08F2DE9F0410D210446E7F7D8
:109C100021FB0E21E7F7C4FA94F85D52064690F84E
:109C20003E71F7F7BDF896F83F3103F0FF0853B9DE
:109C3000A1892046F7F7D6F894F86232042B06D1B2
:109C40002046FFF7E0FEBDE8F041FDF751B9B5FB56
:109C5000F7F307FB13550135EDB2AF42F3D0012303
:109C6000424631462046FFF702FFECE738B5D0F810
:109C7000D4300446B0F86452B3F847302B448381A3
:109C8000042380F8623201F00F0141EA0212818957
:109C900080F82022F7F7A6F82046BDE83840FFF705
:109CA000B2BE2DE9F14FDDE90A5B074689462888F7
:109CB0000D2192469846E7F773FA04460E2128884C
:109CC000E7F76EFA0646E4B390F83F31CBBB94F861
:109CD0006732B3BB94F86232022B11D190F8723123
:109CE00073B1BBF80630B0F87051ED1A47F6FD734A
:109CF000013DADB29D4203D901462046FBF706F86F
:109D000094F86232032B14D1BBF80630E589AB42DC
:109D100041D194F82F210E2A16D894F86232052BDF
:109D20000FD00F220221204601B0BDE8F04FFFF70F
:109D30009DBF94F86232022BE6D094F86232052B74
:109D4000E2D001B0BDE8F08FB6F83821A4F818329F
:109D50001344B7EB0A02E38169EB080352EA0301FB
:109D600014BF012100215745217479EB0808C4E98B
:109D7000007904D240F229218E20E6F775FD13B157
:109D800040F22A21F8E702233146204601B0BDE81F
:109D9000F04FFFF76CBEED1A47F6FD73013DADB213
:109DA0009D42CED994F86232052BCAD0E3890322B2
:109DB0000021A4F81832B6E72DE9F047914686B0A5
:109DC0000746884610880D21E7F7EAF904460E2178
:109DD000B9F80000E7F7E4F90646002C4DD0237CE3
:109DE000002B4AD00025D4F8D4302574DB7C012B1D
:109DF0000ED103F038F8054699F87F00EFF75EFDC5
:109E00002918D6F8300189B2FCF746F800F11005A0
:109E10006FF4D472D6F83031D6F84C612046BA18B7
:109E200068F1000A9B184AF1000AB3EB05096AF1D0
:109E3000000AFAF7E9FD86424FF00003694628BFA1
:109E400006468DF8003040F2026304F1180006EB7C
:109E50004506ADF8083006F2DB16CDE9049A019606
:109E6000FDF7D2F848B1D4F8D430A660C4E9007840
:109E7000DB7C012B08BFC4F8C45006B0BDE8F087F6
:109E800070B50D210546E7F7E5F90E21E7F788F9EA
:109E90000446FF2380F83F3105F118063046FDF7F0
:109EA0009BF8304606F0D1F8002385F8623284F83A
:109EB0003F3170BDD0F8D42090F86232022B20D10F
:109EC000D0F8D43093F84B30162B16D0282B16D060
:109ED000132B14BF0F23012390F8201263F3030107
:109EE00080F82012002380F86232B2F84730B0F8D0
:109EF00064120B44A2F8473070470123ECE70323B8
:109F0000EAE7FF2380F86632704738B50D21054631
:109F1000E7F746F90446F8B90D212846E7F704F9B2
:109F20000446C8B100214FF42E7206F0CDF90E217F
:109F30002846E7F735F940B100F1E20200F1DA0115
:109F400004F1DA03CA30F9F775FA40F6FF739D425F
:109F500002D02046EBF7EAFD204638BD10B50E21B1
:109F6000E7F7E2F8044618B95E215320E6F77CFCD7
:109F70004FF4BA72002106F0A7F90123142284F8E5
:109F8000F33084F8F42084F8173110BD40F6FF73E5
:109F9000984203D101F1400004F00BBF0846FFF7DF
:109FA0006FBF002381F8C230704710B50446EFF749
:109FB00013F84B0414D50D212046E7F7F1F840B112
:109FC0000D212046E7F702F918B180215320E6F76A
:109FD0004BFC0E212046E7F7F9F808B18321F5E79D
:109FE00010BD2DE9F0410C460E210746E7F732F986
:109FF00080460E21E7F7D4F80D2105464046E7F7E5
:10A00000CFF83223064623707B7AA4F80480E370ED
:10A0100095F81631A37197F80A80B8F1010F84F80A
:10A02000078028D12946FAF76BFF414696F9D900F7
:10A03000FBF73EFB96F8953260722372D6F85032E9
:10A04000C3F30722A372C3F30743E272237395F8A5
:10A050003E316373B5F83A31E381B5F83831238284
:10A06000B5F852316382B5F85431A382B5F8503156
:10A07000E382BDE8F081002380F86232B7F90C106A
:10A08000BDE8F04101F0C9BA37B504460D4601A854
:10A090000021EFF773F8014628B1019B0DF1030190
:10A0A000DB788DF803302A462046F0F781F803B0BC
:10A0B00030BD38B504464568ECF792F9002385F8C1
:10A0C0008C322046BDE8384004F0FBB910B50C4690
:10A0D00011464368A4F12E020B2A35D8DFE802F0BE
:10A0E000063418342634342D1134341F93F88D304F
:10A0F000392B01D0502B27D1012200F02FFB00205B
:10A1000010BD93F88D303A2B1ED1EBF749FEF6E7E0
:10A1100093F88D303B2B17D1EBF78AFDEFE793F8DF
:10A120008D303C2B10D1FFF7C4FFE8E793F88D305A
:10A130003F2B09D1EBF794FDE1E793F88D30452BE8
:10A1400002D1EBF7B3FDDAE70220D9E72E390B296C
:10A150001AD8DFE801F006190D19131919160A1992
:10A16000191001221A2100F0F9BA1A21EBF718BED2
:10A170001A21EBF75DBD1A21FFF79BBF1A21EBF700
:10A180006FBD1A21EBF792BD704737B50C46694693
:10A19000154603F028F978B9019A92F88E30453BBC
:10A1A000012B09D992F88D30453B012B04D92A4661
:10A1B00021466846EBF7B6FD03B030BD70B50C46DE
:10A1C0000E210546E7F746F80E210646E6F7E8FFBA
:10A1D0002D22A68022706A7AE270002A53D190F86C
:10A1E0004820A271B0F85420A4F8072090F8492024
:10A1F000627290F84A20A27290F84B20E27290F8B6
:10A200004C20227390F84D20627390F84E20A27378
:10A2100090F84F20E27390F850202274B0F8562046
:10A22000A4F81120B0F85820A4F8132090F8512079
:10A230006275B0F85A20E282B0F85C202283B0F850
:10A240005E206283B0F86020A283B0F86220E283CF
:10A2500090F8522084F8202090F8532084F8212090
:10A26000B0F86420628490F8662084F8242090F886
:10A27000672084F8252090F8682084F8262090F83C
:10A28000693084F8273070BD2DE9F04F93B0044653
:10A29000EBF75EFC0379C27A00210093437A458A8A
:10A2A0000193437890F805B01193837890F806A055
:10A2B0000293C37890F807900393037890F808808E
:10A2C00004938389C7890593837A068A0693838AD0
:10A2D0000793C38A0893038B0993438B0A9302F075
:10A2E0007F030F220B93838B0C93837F0D93C37F8C
:10A2F0000E9390F820300F9390F8213004F10A006B
:10A30000109305F0E1FF009B2046029A2370019B09
:10A3100084F801B06372119B84F802A003F00F036C
:10A3200084F8039084F8048043EA0213C5F3001212
:10A33000A4F80570A372039BA4F8076003F003035D
:10A3400043EA8203C5F3400243EAC203C5F3800235
:10A35000C5F3C00543EA02130B9A43EA4515049B73
:10A360002373059BE572A4F80D30069BE373079BEE
:10A370002382089B6382099BA3820A9BE3824FF09E
:10A38000000362F3470323760C9BA4F819300D9B5E
:10A39000E3760E9B23770F9B6377109BA37713B015
:10A3A000BDE8F08F10B512210088E6F7F9FE0446EB
:10A3B00048B1EEF717FE036813F4006316BF607C24
:10A3C0001846C0F3C00010BD0140002310B5D8B23C
:10A3D000824201D8104605E041FA03F4013314F03B
:10A3E000010FF4D010BD0138032810B59DF80840C6
:10A3F00010D8481E03280DD8501E03280AD89142B1
:10A4000008D83BB10A2C05D840F21740E04000F0D4
:10A41000010010BD0020FCE773B5817A0446C67ABE
:10A42000C37B0A09057B01F00F01009306F00303CB
:10A430002846FFF7D8FF760705D520B1E07E0090CB
:10A440002846FFF7D0FF02B070BD0B7B10B580F837
:10A4500048308A7B4B7B43EA0223A0F854308B7A46
:10A46000C3F3030380F849308B7AC3F3031380F8F6
:10A470004A30CB7AC3F3010380F84B300B7880F875
:10A480004C304B7880F84D308B7880F84E30CB785C
:10A4900080F84F300B7980F850308A794B7943EA55
:10A4A0000223A0F856300A7ACB7943EA0223A0F8B7
:10A4B00058304B7A80F85130CA7AC2F30013C2F395
:10A4C000C0049B0043EA4403C2F34014C2F3800279
:10A4D00043EAC40343EA0213A0F85A304A7C0B7CD7
:10A4E00043EA0223A0F85C30CA7C8B7C43EA022357
:10A4F000A0F85E304A7D0B7D43EA0223A0F860306D
:10A50000CA7D8B7D43EA0223A0F86230CB7B80F8C2
:10A5100052300B7EC3F3460380F853304B7E8A7E65
:10A5200043EA0223A0F86430CB7E80F866300B7FCC
:10A5300080F867304B7F80F868308B7F80F8693017
:10A5400010BD2DE9F84390F800900546884617465F
:10A550004468B9F1000F07D0D4F8803013F4085FD5
:10A5600006D00120BDE8F88394F88E30002BF8D196
:10A570004046FFF751FF0646EEF72EFD0B0413D4BD
:10A58000B9F1000F03D094F88E30002BE9D11A22D4
:10A590002E21284603F0C2FF362384F88E30284649
:10A5A00003F098FF0020DDE794F8923013B194F89F
:10A5B00093300BB92F22EBE70EB91E22E8E76B6848
:10A5C0000E211888E6F7ECFD064690F8C9304BB12D
:10A5D0006B68FF2283F84721B9F1000F08D12FB132
:10A5E0005023DAE74146FFF730FFF5E73923D4E798
:10A5F000D4F880303FB143F40053C4F88030FF23D7
:10A6000086F8C330CBE743F40073C4F8803086F893
:10A61000C370F7E7202A70B5044688B00D46164689
:10A620000ED14068FFF7BEFE90B16946284603F0A0
:10A6300051FA012269462046FFF783FF08B070BD3A
:10A640001A2A05D16946284603F042FA0022F1E7AA
:10A6500023783BB932462946204608B0BDE8704011
:10A6600003F088BF2978204608B0BDE8704003F0A9
:10A670006EBF30B589B00D4604466846FFF704FE4C
:10A680006868FFF78FFE694628B1204603F01EFA7E
:10A69000202009B030BD204603F016FA1A20F8E752
:10A6A00010B544682046FFF77DFE94F88D3028B140
:10A6B00043B14FF4EB71D520E6F7D6F833B140F251
:10A6C000DB11F8E7502384F88D3010BD3923FAE709
:10A6D00030B589B00D4604466846FFF7D5FD2A78A7
:10A6E0006B6852B993F88E30502B0ED120466946D4
:10A6F00003F007FA202009B030BD0E211888E6F7D4
:10A700004FFD90F8C330002BF0D12046694603F08E
:10A71000F6F91A20EFE738B50378044645683BB9E7
:10A7200095F88E304BB140F28511D520E6F79CF8B4
:10A73000D5F8803013F4085FF5D000212846EBF7F8
:10A7400017FB23782BB1D5F8803023F40853C5F8D4
:10A7500080302046BDE8384003F0CDBE70B5466875
:10A76000154604463046EBF703FB15B1002386F887
:10A7700047312046BDE8704003F0A3BE202A0B46B7
:10A7800030B5044689B01FD16946184603F0BDF9BB
:10A79000656895F88D30392B01D0502B31D1684642
:10A7A000FFF73AFE50B30E212888E6F7F9FC90F83F
:10A7B000C93003F0FF05DBB100223A212046FFF744
:10A7C000CDFF002009B030BD1A2A04D169461846D1
:10A7D00003F099F9DCE7047824B909B0BDE830400A
:10A7E00003F0C8BE097809B0BDE8304003F0AFBE41
:10A7F0006946FFF72AFE01222946DFE701221E21D2
:10A80000DCE70120DEE770B50C460E210546E6F7D1
:10A8100021FD0E210646E6F7C3FC2F23A680014644
:10A8200023706B7AE3702BB9A01D4822BDE87040FD
:10A83000FDF742B870BD70B54568044695F88E6066
:10A84000D6B9EEF7C9FB0B040CD41A2220463621E8
:10A8500003F064FE3623204685F88E3003F03AFE7E
:10A86000304670BD95F8923013B195F893300BB91E
:10A870002F22EBE71122E9E70126F1E708B543684B
:10A8800093F88D201AB18A21D820E5F7EDFF3A22FE
:10A8900083F88D2008BD38B504460846636893F8F0
:10A8A0008D303A2B11D103F045F9636805460E212E
:10A8B0001888E6F775FC48222946FCF7FDFF20467C
:10A8C0000021EBF76DFA002038BD0120FCE74B6852
:10A8D00013B504460E211888E6F762FC4FF000031A
:10A8E00090F8162101A9204662F305038DF8043083
:10A8F00003F048F9022002B010BD08B5436893F890
:10A900008D201AB1E621D620E5F7AEFF3B2283F871
:10A910008D2008BD70B506780446456836B995F8AF
:10A920008E303BB1EE21D620E5F79EFFD5F8803082
:10A930005B05F7D500212046EBF7C2FB2EB1D5F819
:10A94000803023F48063C5F880302046BDE8704035
:10A9500003F0D1BD03282DE9F843154699469DF82B
:10A9600020409DF824809DF834709DF8406002D905
:10A970000020BDE8F8830846FAF732FA0028F7D03D
:10A98000002DF5D009F1FF33022BF1D8002CEFD0C8
:10A99000221FD2B2FA2AEBD9FF2C10D0B9F1010F45
:10A9A000E6D0B9F1020F2FD104F0FD04012CDFD164
:10A9B000B8F1000FDCD09DF828309845D8D89DF824
:10A9C0002C30032BD4D89DF83030013B022BCFD84C
:10A9D0007B1E012B01D9082FCAD19DF83830062BD8
:10A9E000C6D89DF83C303343012BC1D8012EC0D1CD
:10A9F0009DF84430012BBBD89DF84800023806284A
:10AA00008CBF00200120B4E7022CD0E703787F2B15
:10AA100010B504468CB002D900200CB010BD3F2BFD
:10AA200003F03F0004D803288CBF00200120F4E786
:10AA3000637D611C0A93237D1A0903F00F030992B9
:10AA40000893E37CC3F3011203F00F03079206930C
:10AA5000A37C0593637C0493237C0393E37B0293A1
:10AA6000A37B0193637B0093237BE27AFFF772FF62
:10AA70000028D1D0A37D072BCED8E37D072BCBD8E0
:10AA8000237E092BC8D8607E0228CDE7032930B584
:10AA900004469DF80C50184601D0032A03D12379AF
:10AAA00013F001031ED010B9A3793BB930BD0138B2
:10AAB000012894BFE079207A0028F7D0022D0BD12D
:10AAC000637A13F00200F1D09DF81030012B0BD106
:10AAD000A07CC0F38000E9E7082DF5D1637A13F07C
:10AAE0000400F0E71846E1E70120DFE72DE9F34134
:10AAF00004468846EBF72CF80546E67C98F8F230D9
:10AB000006F03007B7FA87F25209134113F0010338
:10AB100035D0237D03F00F030193A37C009306F04F
:10AB20000F03627B217BFFF7B1FF28B3A27D062ACA
:10AB300004D8AB8A134113F0010320D0E27D062A2A
:10AB400004D8EB8A134113F0010318D0227E082A9F
:10AB500004D82B8B134113F0010310D0627E012A1D
:10AB600004D86B8B134113F0010308D0730603D58F
:10AB700017B9A87CC0F3001002B0BDE8F0811846F8
:10AB8000FAE7F7B5466805460F4696F88D303B2B39
:10AB900034D10E213088E6F703FB01A9044638467C
:10ABA00002F0F5FF9DF8042094F8161102F03F0220
:10ABB00094F8F8308A4215D0012283B984F817310D
:10ABC00084F8F8201E212846EBF77AFA002486F84C
:10ABD0004941284603F075FC204603B0F0BD84F8D7
:10ABE0001721EFE733B9012284F8172184F81831CF
:10ABF0000021E8E7002384F81731F9E70120ECE7AA
:10AC000070B50C460E210646E6F724FB30230546B8
:10AC10002370767AA080E670BEB90E21E6F7C0FAFE
:10AC20000D210446A0F840612846E6F7B9FA48B17C
:10AC300000F1DA0304F1E20204F1DA0104F1CA00DE
:10AC4000F8F7F8FBFF2384F8C43070BD7FB50546E4
:10AC50000E4601A80C211446E6F77CF801AB03CBA5
:10AC6000039B696028603360EFF770FA0546EFF7E1
:10AC70006DFA6060256004B070BD10B5A0F1880465
:10AC800000F1620200F156014A30FFF7DFFF0E21AA
:10AC90002046E6F7DFFA0221E6F782FA3E2380F843
:10ACA0008E3010BD4B680E2110B504461888E6F7AB
:10ACB00077FA00F1E20300F1DA0200F1CA0120465E
:10ACC00002F03AFF152010BD4B680E2110B5044666
:10ACD0001888E6F765FA00F1EA0300F1DE0200F1F8
:10ACE000D201204602F04AFF152010BD08B5436886
:10ACF00093F88D201AB15821D420E5F7B5FD3C22F8
:10AD000083F88D2008BD426838B592F88D3004462E
:10AD10000D463C3B022B12D80E211088E6F740FA74
:10AD200000F1EA0300F1DE0200F1D201284602F050
:10AD300027FF20460021FFF7BCF9002038BD012085
:10AD4000FCE738B54568044695F88E303C3B022B4D
:10AD500003D9B721D420E5F787FD03F0CCFB002110
:10AD6000204685F88E10BDE83840EBF739BB3F38F8
:10AD700004288CBF0020012070473F3804288CBF76
:10AD8000002001207047F8B500F1F9070E4604468F
:10AD9000154600F148023846FAF74CF884F81401D9
:10ADA0003046F9F773FCA02201463846F9F738FD22
:10ADB000A84228BF2846F8BD73B50E21AA38E6F789
:10ADC00049FA6946054602F00EFB044660B928467A
:10ADD000019EFFF79AF848B907223221684603F02E
:10ADE0009DFB362386F88E3002B070BD012380F8BB
:10ADF000623280F8D8404123F4E738B50B780C462E
:10AE000015461BB192F90020803209D190F87500E7
:10AE1000F2F7AAFD01238340237000232B7038BD75
:10AE2000013B012202FA03F30B70F8E738B5044640
:10AE300091F874000D46F2F797FD012394F857211D
:10AE40008340934222D028880F21E6F7A9F90546CE
:10AE500020B94FF4C171D320E5F706FD94F85701EE
:10AE600004F05AFA05EB400595F9193094F9582188
:10AE700013446FF07E029342B8BF134694F9F42056
:10AE80009342A8BF134684F8593138BD95F97C30F8
:10AE9000ECE738B5044690F874000D46F2F764FD0F
:10AEA000012303FA00F0A84214D020880F21E6F70E
:10AEB00077F9044608B9002038BD284604F02CFA7A
:10AEC00004EB400494F921307D2BF4DCBDE83840DC
:10AED00004F059BA1846EFE770B54D6888B00646D9
:10AEE0000E212888E6F75CF995F81F31044623B94E
:10AEF000B5F886300633A0F83C3194F82D310DF1C9
:10AF000003020DF1020128468DF8023094F82E312B
:10AF10008DF80330FFF771FF1C22002101A805F016
:10AF2000D3F994F816214FF00003304601A962F3DB
:10AF300005038DF80430B4F83C31ADF8053094F8D1
:10AF400030318DF8073094F831318DF8083094F8AD
:10AF500032318DF8093094F834318DF80A3094F894
:10AF600035318DF80B3094F836318DF80C30B4F85B
:10AF70005031ADF80D30B4F83831ADF80F3094F8E9
:10AF80003E318DF81130B4F83A31ADF81230B4F8E2
:10AF90004C31ADF8143094F84E318DF81630B4F8C9
:10AFA0005231ADF81730B4F85431ADF8193094F887
:10AFB00056318DF81B3094F82F318DF81C309DF8E8
:10AFC00002308DF81D309DF803308DF81E30FF23C0
:10AFD0008DF81F3002F065FE1D2008B070BD08B569
:10AFE000436893F88D2022B14FF4F971D320E5F72F
:10AFF0003BFC3F2283F88D2008BD4368F7B50E2146
:10B0000007461888E6F7CCF80446D0F84C2190F8AB
:10B010005611FFF7B8FE94F83E310546C4F84C01CE
:10B02000012B1CD9B4F83A611EB9E321D320E5F70E
:10B030001BFC40F271235E4301F015FF00F5FA712D
:10B04000304689B2FAF728FF00F20A202B189E42F8
:10B0500005D2351A40F2E2439D4238BF1D46D4F86E
:10B0600030316A46394620460093D4F83431C4F86A
:10B070004C51019301ABEBF7C5F9009B23F07F43E3
:10B08000C4F83031019B23F07F43C4F8343103B05E
:10B09000F0BD70B54D6888B006460E212888E6F7E9
:10B0A0007FF895F81F3104466BB9B5F88620B0F8E3
:10B0B0003C11C2F57F43FA330B441BB2002BDCBFBB
:10B0C0000632A0F83C2194F82D310DF107020DF164
:10B0D000060128468DF8063094F82E318DF8073099
:10B0E000FFF78BFE1522002102A805F0EDF894F879
:10B0F00016214FF00003304602A962F305038DF8D4
:10B100000830B4F83C31ADF8093094F830318DF89E
:10B110000B3094F831318DF80C3094F832318DF8D1
:10B120000D3094F834318DF80E3094F835318DF8B7
:10B130000F3094F836318DF81030B4F83831ADF85E
:10B14000113094F83E318DF81330B4F83A31ADF83F
:10B150001430B4F84C31ADF8163094F84E318DF807
:10B16000183094F856318DF819309DF806308DF866
:10B170001A309DF807308DF81B3002F01DFE1620A6
:10B1800008B070BD08B5436893F88E00FFF7EFFD77
:10B1900020B940F2D621D320E5F766FB432283F89D
:10B1A0008E2008BDF8B517461D46064608460C46D3
:10B1B000F9F76CFAAB78BA78934228BF13469842F5
:10B1C00001D90020F8BD31462046F9F76BFA7B78AB
:10B1D0008342F6D3B6FA86F120464909F9F762FAB6
:10B1E0006B78834234BF00200120EBE7FFF705BFF7
:10B1F00070B54D6886B006460E212888E5F7D0FF69
:10B2000095F81F3104466BB9B5F88620B0F83C11AB
:10B21000C2F57F43FA330B441BB2002BDCBF06326E
:10B22000A0F83C2194F82D310DF103020DF102013B
:10B2300028468DF8023094F82E318DF80330FFF750
:10B24000DCFD1222002101A805F03EF894F8162139
:10B250004FF00003304601A962F305038DF8043076
:10B26000B4F83C31ADF8053094F830318DF8073042
:10B2700094F831318DF8083094F832318DF8093076
:10B28000B4F83831ADF80A3094F83E318DF80C300E
:10B29000B4F83A31ADF80D3094F84C318DF80F30E8
:10B2A00094F84D318DF8103094F84E318DF81130FE
:10B2B00094F856318DF812309DF802308DF8133025
:10B2C0009DF803308DF8143002F0D2FD132006B043
:10B2D00070BD436810B5044693F88E00FFF747FD34
:10B2E00060B10022204683F88E2003F004F9204646
:10B2F00001220021BDE81040EAF714BD93F88D004B
:10B30000FFF735FD18B1204603F0DBF8EFE740F218
:10B31000A641D320E5F7A8FA73B54E6805460E217D
:10B320003088E5F73DFF0D2104463088E5F738FF0A
:10B3300018B93521D220E5F797FA96F88D3001A992
:10B34000D0F8D420452B18BF8389284618BFA4F80D
:10B3500046314FF00003527F62F305038DF804304D
:10B36000B4F84631ADF8053094F844318DF8073023
:10B3700002F0CEFD052002B070BD10B544680D216D
:10B380002088E5F70DFF18B94D21D220E5F76CFABA
:10B3900094F88D300BB14F21F7E7452384F88D30B9
:10B3A000BDE81040FEF786BD2DE9F341466805462D
:10B3B000884696F88E70002F69D10378002B3BD118
:10B3C000352196F88D00FEF75FFE0446EDF704FE8A
:10B3D0000B0456D596F89230002B54D096F8933043
:10B3E000002B50D0CCB9404601A902F09FFDD5F802
:10B3F00004800E21B8F80000E5F7D2FE0D210446C6
:10B40000B8F80000E5F7CCFE9DF8043094F816215A
:10B4100003F03F03934211D00C24224635212846E5
:10B4200003F07CF83623284686F88E3003F052F875
:10B43000384602B0BDE8F0813C46C7E70028EBD0B3
:10B4400090F86232012BE7D090F86632EBB9BDF884
:10B450000520B4F8541193B231B1B4F840C1A3EB54
:10B460000C039BB29942D7D99DF80730A4F8482124
:10B4700084F8443190F862320BB1FEF71BFD46238D
:10B48000D1E71A24C9E72F24C7E73A24C5E70127E3
:10B49000CEE773B54E6805460E213088E5F780FE8D
:10B4A0000D2104463088E5F77BFE18B9D621D2205D
:10B4B000E5F7DAF996F88E3001A9D0F8D420462BBA
:10B4C00008BF8389284608BFA4F846314FF000031F
:10B4D000527F62F305038DF80430B4F84631ADF8BD
:10B4E000053094F844318DF8073002F02AFD05202C
:10B4F00002B070BD70B54568044695F88E30453B86
:10B50000012B03D9EB21D220E5F7AEF90E212888D3
:10B51000E5F746FE0D2106462888E5F741FE0023A3
:10B5200086F8453168B9002296F845112046EAF7B9
:10B53000F9FB0023204685F88E30BDE8704002F00C
:10B54000DABF90F86232002BEDD0F2E7F7B546682B
:10B5500005460F4696F88D30453B012B3CD80E2111
:10B560003088E5F71DFE0D2104463088E5F718FE0A
:10B5700001A90646384602F0F2FC9DF8043094F822
:10B58000162103F03F0393424FF000030BBF84F8F2
:10B5900045311E22019B84F845210DBFC3F30F23C3
:10B5A000A4F84831A4F84631A4F848317EB9002205
:10B5B00094F845112846EAF7B5FB6B68002483F838
:10B5C0004B41284602F07DFF204603B0F0BD96F8BF
:10B5D0006232002BEBD0F0E70120F6E770B552683D
:10B5E0000446B0F8545192F84B0108B13A2070BDAE
:10B5F00091F8666206F0FF00002EF7D1012D0AD007
:10B6000003D9B1F86412A94205D2FF2182F84B1187
:10B6100084F84431EBE70C20E9E70029F8B511DDA7
:10B62000D0F8D4708CB2002600F1DA050136284635
:10B63000F7F7D0FBB3B2A342F8D3B7F847301C44B6
:10B64000A7F84740F8BD7FB54D6806460E2128880B
:10B65000E5F7A6FD04460D212888E5F7A1FDD4F8FD
:10B660006A11034601AAD4F8660103C2B4F86E1148
:10B67000118095F88D20442A11D0B5F88620063225
:10B68000A4F87021442285F88D2043B193F86222FA
:10B690002AB193F8D83013B1012384F87231B4F889
:10B6A0007031304601A9ADF80E3002F063FC0D2078
:10B6B00004B070BD08B543680E211888E5F770FD29
:10B6C000FF2380F8C73008BD2DE9FF4146680F46CB
:10B6D00080460E213088E5F763FD0D210446308851
:10B6E000E5F75EFD01A90546384602F052FC96F8E2
:10B6F0008E709FBB96F8923033B396F893301BB39D
:10B7000001AB03CB1B88C4F85C01C4F86011A4F83A
:10B710006431B5B195F862329BB195F8D83083B9F0
:10B72000BDF80E20B6F88610531E5B1A47F6FD7161
:10B730009BB28B420CD92823424629462046FFF76C
:10B740004DFFFF2384F8C830384604B0BDE8F081CF
:10B750000123A4F8702184F87231F2E70127F3E79E
:10B76000002070470020704701207047704700EAB2
:10B77000400000EA400000EA400000EA400000EA21
:10B78000400000EA4000B0FA80F04009704708B578
:10B79000034610468B4209D03AB183EA010002F019
:10B7A000EFFD01288CBF0020012008BD0120FCE72F
:10B7B00037B5002304460D46CDE900336846E5F76A
:10B7C00029FD30B10023CDE9003302238DF8063086
:10B7D00012E0009B2A462046196AFFF7D8FF00288E
:10B7E000ECD0012003B030BD009B2A462046196AE8
:10B7F000FFF7CDFF0028F4D16846E5F70BFD0028E0
:10B80000F2D00023CDE9003304238DF8063007E0A1
:10B81000009B2A4620461968FFF7B9FF0028E0D1AF
:10B820006846E5F7F7FC0028F2D00023CDE90033A5
:10B8300005238DF8063007E0009B2A46204619684C
:10B84000FFF7A5FF0028CCD16846E5F7E3FC002808
:10B85000F2D00023CDE9003309238DF8063008E04B
:10B86000009B2A462046D3F8BC11FFF790FF002822
:10B87000B7D16846E5F7CEFC0028F1D00023CDE92A
:10B8800000330B238DF8063008E0009B2A46204643
:10B89000D3F8E410FFF77BFF0028A2D16846E5F754
:10B8A000B9FC0028F1D000224FF44023CDE9002359
:10B8B0006846E5F7AFFC58B10023CDE900330A2311
:10B8C0008DF806306846E5F7A5FC58B1002089E7F9
:10B8D000009B2A462046D3F8E410FFF758FF0028C3
:10B8E000E6D07EE7009B2A462046D3F83C11FFF7BE
:10B8F0004EFF0028E6D075E770B523260025EEF749
:10B9000025FC0446EBF742FA20B100212046FFF760
:10B910004FFF50B10020013E01D00028EFD04DB9BB
:10B9200040F215210F20E4F79FFF20462546EBF754
:10B9300063FAF0E7284670BD00F0FD00003818BF3C
:10B94000012070476FF45063C318062B8EBF40F27E
:10B95000E243A0F550604FF47A7358437047037880
:10B96000012B03BFC07FB0FA80F040090020704770
:10B9700020B190F86202003818BF012070472828D3
:10B98000034619D00AD8142810D01E2811D001F06F
:10B9900001000A2B18BF40F0010070473C2811D06D
:10B9A000502812D032280AD001207047C1F340003D
:10B9B0007047C1F380007047C1F3C0007047C1F306
:10B9C00000107047C1F340107047C1F380107047FA
:10B9D00010B5044638B1EDF709FB24EA0000B0FACF
:10B9E00080F0400910BD0120FCE72DE9F04116462A
:10B9F000B0F86670B0F8685071B303F03BFB0446D2
:10BA0000022101F089FC80460221204601F084FCDD
:10BA1000474528BF4746BFB21B2F38BF1B27FB2F08
:10BA200028BFFB27854228BF05467780ADB21B2D76
:10BA300038BF1B25FB2D28BFFB25B4F5A47F38BFDD
:10BA40004FF4A474F580B4F5296F28BF4FF429642E
:10BA5000B4803481BDE8F08103F014FACFE700230D
:10BA600007B5CDE9003303238DF806306846E5F7C6
:10BA7000D1FB08B1002004E0009803F018FA002878
:10BA8000F4D003B05DF804FB13B501210020E5F705
:10BA900087FBC0B901210846E5F782FBF8B9FFF73B
:10BAA000DEFFA0B906236C46019000908DF80630A9
:10BAB0002046E5F7AFFBC0B1002300936360072386
:10BAC0008DF806301FE0A830FDF7A0FC10B1012072
:10BAD00002B010BDFDF784F90028DBD0F7E7A830ED
:10BAE000FDF794FC0028DAD0F1E70098403003F02D
:10BAF000F3F80028DCD0EAE7009B586F503003F0E1
:10BB0000EBF80028E4D12046E5F784FB0028F3D0C9
:10BB10000020DDE71FB5002240F6881303A900923C
:10BB2000F9F730FD05B05DF804FB70B505461C461D
:10BB300008461646AB7C83B1EB7C73B10E21E5F76A
:10BB40002FFB2368C0F866316368C0F86A31238927
:10BB5000A0F86E31FF2386F8243070BDF0B587B0B1
:10BB60000546008801A901F03EFC044600287BD16F
:10BB7000029B93F86A21D11E4A424A418DF8022065
:10BB80009DF80420002A72D193F88E20232A72D1C6
:10BB90009DF8022082F0010293F8E0308DF8032036
:10BBA0009B0603D49DF80330002B68D0EB881B3B29
:10BBB0009BB2E02B65D8298944F24810A1F5A47303
:10BBC0009BB283425DD86B881B3B9BB2E02B58D85D
:10BBD000AA88A2F5A4739BB2834252D8B1F5296F0B
:10BBE00051D8B2F5296F4ED8029EFF2786F82B71E7
:10BBF0009DF80230002B40D19DF8041003AA304676
:10BC0000B1FA81F14909FFF7F0FE6A88BDF81230F8
:10BC100040F64800BDF814109342B5F806C028BF9E
:10BC200013468142AA88A6F8303128BF0146BDF8E4
:10BC30000E30634528BF6346A6F82C31BDF810309E
:10BC4000834228BF03462889834228BF03468A428D
:10BC5000A6F82E31134628BF0B46A6F8323186F8D7
:10BC60002A71002386F82B31204607B0F0BDD3F8A7
:10BC7000802092068CD422468EE73A24F1E71A24DB
:10BC8000F2E71224F0E71124EEE710B50446FFF7BF
:10BC9000E6FE58B901210020E5F782FAD0B901216A
:10BCA0000846E5F77DFAD8B9012009E0EDF756F925
:10BCB00068B1EBF707FB044603F03FF908B1002039
:10BCC00010BD204603F035F90028E3D0F7E7002C3B
:10BCD000E0D1F4E7A830FDF799FB0028DFD0EEE7CC
:10BCE000A830FDF793FB80F00100C0B2E8E70378CD
:10BCF00043B1406890F8DA3123B1002380F8DA319B
:10BD0000EFF71EBF704710B503780446012B01D929
:10BD1000122010BDFFF7B8FE60B92078FFF70CFEC7
:10BD200001280DD004F11703E21D611CBDE810408D
:10BD3000EDF708BCEDF798FC0028EED00C20E8E702
:10BD4000A37903F0C003C02BE2D1EBE710B5037871
:10BD50000446012B0AD8FFF797FE48B9214611F88F
:10BD6000010BFFF7E9FD01F062FA38B9122010BDAE
:10BD7000EDF77AFC0028F1D00C20F8E70020F6E778
:10BD800008B50088EDF776FC00280CBF30200020B5
:10BD900008BD38B50546FFF777FE044638B9287860
:10BDA000003818BF0120EDF759FC204638BD0C20A3
:10BDB000FCE708B5FFF768FE18B9EDF73FFC002077
:10BDC00008BDEDF751FC0028F7D00C20F8E7082358
:10BDD000037000207047102243F2A3030270C27068
:10BDE0005922A0F801308280C380002070470821CA
:10BDF00008B5E4F7AFFF002008BD73B5064600881C
:10BE00000C460880694680B201F0EDFA054640B95B
:10BE1000B3784BB9019B93F97C00A070F1F728FE31
:10BE2000A070284602B070BD7F20FFF773FEF4E7D4
:10BE300010B504466FF07F00FFF76CFEF1F718FEB7
:10BE400020707F20FFF766FEF1F712FE6070002081
:10BE500010BD10B50446F1F74DFE00EB80035B000A
:10BE60002380F1F74DFE00EB800300205B00638030
:10BE700010BD0A4600F1100108B5072304F0A4F92B
:10BE8000002008BD012138B505460846E5F788F9C8
:10BE900020B940F6CD113920E4F7E6FCA830FDF7D3
:10BEA000B5FA044620B92846E9F732F9204638BDEC
:10BEB0000C20FCE710B5014604460020EDF79CF984
:10BEC00008B92060A080002010BD10B50446EDF731
:10BED00015F828B900202146EDF776F9002010BDAD
:10BEE0000020FFF7D2FE0028F4D10C20F7E710B5B0
:10BEF00004460120FFF7C9FE28B101202146EDF7D5
:10BF000063F9002010BD0C20FCE737B500880C4613
:10BF10000D46694624F8020B80B201F064FA70B94C
:10BF2000019B03F1970283F8CB001168216011791E
:10BF3000217193F8CB100029F5D103B030BD002357
:10BF4000C5F802302371F8E7FFF708BE1FB5028875
:10BF50000A8044F2902183888B4215D8B3F5296F6B
:10BF6000ADF80420428801A828BF4FF42963ADF83A
:10BF70000620ADF80830ADF80A20ADF80C30FFF718
:10BF8000EDFD05B05DF804FB1220FAE737B5088037
:10BF90000D46694601F027FA044640B99DF80010A5
:10BFA0002A460198B1FA81F14909FFF71EFD2046A2
:10BFB00003B030BD03466FF06F0100200A2210B5B8
:10BFC0006FF00404587099701C70DA701C7158710D
:10BFD0009971DA7110BD10B50446FFF755FD58B9D7
:10BFE0002078611CFFF7A8FCE279EDF72FFC80F0C8
:10BFF00001004000C0B210BDEDF736FB0028EFD0C5
:10C000000C20F8E773B500880D460880694680B2B9
:10C0100001F0E9F9044680B9019E86F8764096F869
:10C020007400E9F705FBA87096F87500E9F700FBC6
:10C03000E87096F87630002BEFD1204602B070BD44
:10C0400010B583880446022B10D8C078FFF7C0FCD7
:10C0500008B9112010BDA078FFF7BAFC0028F8D06D
:10C0600020460121BDE81040EBF746B91220F1E768
:10C0700037B58378C17803F00104027903F0020335
:10C0800051EA04051DD052EA03051AD0002C18BF4E
:10C090000021002B037818BF00228DF802108DF8C4
:10C0A0000320427843EA0223ADF8003043798279D5
:10C0B000684643EA0223ADF80430FFF7C1FF03B03E
:10C0C00030BD1120FBE707B503788DF800304378C9
:10C0D00068468DF801300023ADF80230ADF8043029
:10C0E000EBF756FC03B05DF804FB13B50C4669464C
:10C0F00001F079F930B9019B9DF80020B3F8863042
:10C1000012B9238002B010BD0133FAE72DE9FF41D7
:10C11000044602A9008801F08BF9064618B99DF87B
:10C12000083023B11126304604B0BDE8F081039DEC
:10C13000A28865B1E9691046FFF704FC884206D180
:10C140006B8E6089A189884203D91226EBE701230F
:10C15000F7E70193284623890093E3886188EAF78B
:10C160007DFE8046002843D095F8523203F0FF064A
:10C17000002B3FD1A088FFF7E5FB074605F13C0007
:10C1800002F026F82B308742CCD30D212888E5F722
:10C1900007F8FFF7EDFB78BBA3886FF450621344F8
:10C1A000062B8ABF40F2E2436423B046BB42CCD2A6
:10C1B000B8F1000F05D0B5F8741040F20222914298
:10C1C0001AD1A5F83E32C5F84472E279A37943EA60
:10C1D0000223A5F84832237A627A43EA0223A5F8BB
:10C1E0004A32002385F85032FF2385F852329AE70D
:10C1F000302698E73A2696E70C2694E713B50446CE
:10C2000001F03AF800284DD02046FF24EDF71CFC41
:10C210000023CDE900336846E4F7FCFF48B300246F
:10C220004FF44033CDE90043FF246846E4F7F2FFC2
:10C2300018B300204FF48023FF24CDE900036846A3
:10C24000E4F7E8FFE8B100214FF4C023FF24CDE973
:10C2500000136846E4F7DEFFB8B100224FF4202354
:10C26000CDE900236846E4F7D5FF90B1002002B085
:10C2700010BD009B83F83542CDE7009B83F88A40D0
:10C28000D3E7009B83F83440D9E7009B83F8344020
:10C29000DFE7009B93F83820032AE3D1FF2283F8DD
:10C2A0002220DFE71220E2E707B50088694601F0A7
:10C2B000BFF830B9019B93F83B2112B9FF2283F8F4
:10C2C0003B2103B05DF804FB10B50446ECF784FE97
:10C2D00020600020616010BD73B504466946008887
:10C2E00001F0A6F8064618B99DF800301BB10C26DF
:10C2F000304602B070BD019D95F8823203F0FF0612
:10C3000063BB95F8E030DB072AD5D5F82431002B44
:10C31000EDD1D4F8023005F51A72C5F87832D4F8A8
:10C320000630C5F87C326389A5F8803204F10C032D
:10C330001C3453F8041BA34242F8041BF9D10C210E
:10C3400005F51570E4F706FD019C6846FFF70CFA49
:10C3500084F8E800FF2385F88232C9E73A26C7E768
:10C360001A26C5E730B589B0034600F118056A46BC
:10C370001868083353F8041C1446AB4203C4224621
:10C38000F6D11868022320606846ADF81C30FFF72C
:10C39000A3FF04461E220021684603F0B6FF204694
:10C3A00009B030BD008808B50880022180B2E4F7EA
:10C3B000F7FE20B10021BDE8084002F001BE0220D6
:10C3C00008BD37B5044600880D460880092180B2B3
:10C3D000E4F7E6FE10B10C2003B030BD0B2120883D
:10C3E000E4F7DEFE0028F6D10C212088E4F7D8FE21
:10C3F0000028F0D16946208800F0F5FF0028EBD135
:10C40000019BB3F8BC306B80E6E737B50446008883
:10C410000880092180B2E4F7C3FE10B10C2003B0FC
:10C4200030BD0B212088E4F7BBFE0028F6D10C219B
:10C430002088E4F7B5FE0028F0D163880BB91220FC
:10C44000EDE76946208800F0CEFF0028E7D1658837
:10C4500042F21072019BA9B2DC6951435A8E6243C9
:10C460009C8C04FB02229142E9D3DA69DC69944294
:10C47000FBD10022A3F8BC50C3F8B420621E0A44CA
:10C48000B2FBF4F2C3F8B820C9E738B50388054613
:10C490000C460B8080780138C0B202F074FFB8B14E
:10C4A0000F212888E4F77CFEA0B1AB785D1EA37055
:10C4B000EDB200EB450090F91900F1F7D9FAE07000
:10C4C000284602F07BFFF1F7D3FA2071002038BD37
:10C4D0001120FCE70220FAE710B504468078013805
:10C4E000C0B202F050FF80B10F212088E4F758FE5F
:10C4F00068B1A178012300220139C9B203FA01F120
:10C50000BDE81040C9B203F026B9112010BD0220C9
:10C51000FCE7038810B504460B8098B2A378012B82
:10C5200022D8E378012B1FD80F21E4F739FEE8B1B8
:10C53000A278003A18BF012280F82C20E278111E60
:10C5400018BF0121012A80F82D1004D190F82E2067
:10C5500012F0010201D0002010BD0223202103F0BF
:10C56000FAF83A28F8D1F6E71120F5E70220F3E7C8
:10C5700010B5044680780138C0B202F004FF88B1DB
:10C580000F212088E4F70CFE70B1A178012394F903
:10C5900003200139C9B203FA01F1BDE81040C9B264
:10C5A00003F0D9B8112010BD0220FCE710B50446F5
:10C5B000EEF796FC28B9A17A6078BDE81040F1F753
:10C5C00047BA10BD008810B508800C4680B20F2114
:10C5D000E4F7E6FD20B102F0B9FAA070002010BD2A
:10C5E0000220FCE710B504460078003818BF01208F
:10C5F000EFF7CEFD2078003818BF0120EFF79AFA48
:10C60000002010BD38B583780446012B07D8038875
:10C61000292B39D005D8202B0BD0262B2FD0112039
:10C620002CE02F2B10D0492BF9D1ECF7DBFC417813
:10C6300007E0ECF7D1FC0546ECF7CEFC010F41EA30
:10C64000557101F0010103E0ECF7C6FCC1F3803144
:10C65000A378012B01D10029E1D00020FCF773F869
:10C6600005460220FCF76FF8B5B9A8B9A378208871
:10C67000012BC0B20DD1ECF777FC002038BDECF7F0
:10C68000ABFCC1F34011E3E7ECF7A6FCC1F30021DA
:10C69000DEE7ECF77DFCF0E70C20EFE707B5037869
:10C6A000ADF80430437801A88DF80630FFF7AAFFF3
:10C6B00003B05DF804FB0620ECF756BC0820ECF74D
:10C6C00053BC02F0D9BD08B549210120EDF7BCFCEF
:10C6D000EEF7E2F9F1F74CF8EFF714FEEFF742FB53
:10C6E000BDE80840EFF7A4BA2DE9F04F89B0044641
:10C6F000ECF772FC0B0449D5E9F72AFA837990F834
:10C7000005C00193C379878A0293037AC68A03938B
:10C71000C389058B0493038A418B0593437A827AFC
:10C720000693438AB0F80CB090F801A090F80290FC
:10C7300090F8038090F804E00793C37A0078A4F897
:10C7400001B0207084F803A084F8049084F8058078
:10C7500084F806E0019884F807C020720298678286
:10C7600060720398A682A0720498E582A4F80B0078
:10C7700005982183A4F80D000698A276E073079827
:10C78000E3762082002009B0BDE8F08F0C20FAE7A4
:10C79000F7B50446ECF720FC0B0403D40C2528461F
:10C7A00003B0F0BD27886946384600F041FE0546D3
:10C7B0000028F4D1019C94F8923063B394F893303C
:10C7C0004BB394F8E360ECF70DFC0368C6F3C006C6
:10C7D00003F400634EB9FF2284F83B210BB184F8C7
:10C7E0003C21FF2384F84731D9E794F8E520D209AA
:10C7F000D4D0002BF5D094F8E730DB09F1D012212A
:10C800003846E4F7CDFC0028EBD0037BFF2BE8D1C2
:10C8100084F83C31E5E72F25C1E737B50446ECF74E
:10C82000DBFB0B0403D40C24204603B030BD258869
:10C830006946284600F0FCFD04460028F4D19DF826
:10C840000030002BEFD1019B93F89220BAB193F8FE
:10C850009320A2B193F88C3203F0FF048BB90E2120
:10C860002846E4F79DFC00F1E20200F1DA01CA304B
:10C87000FEF7ECF9019BFF2283F88C22D4E72F24EA
:10C88000D2E73A24D0E7F7B505460C46E9F760F958
:10C8900069462B8806469FB22380384600F0C8FDC3
:10C8A0000446A8BB38460E21E4F77AFCAF7802466E
:10C8B000032F30D8214647FA01F3D80705D5F3787E
:10C8C0000B41DB070AD4112422E002F1F800FFF744
:10C8D00046F818B192F80C318B421CD04B1C012148
:10C8E000022BE8D1EB78FD2B05D8591E032912D86D
:10C8F00071789942E7D395F9040000F17F01C9B23C
:10C90000932908D882F8F27082F8F33082F8F400A4
:10C91000204603B0F0BD1224FAE7038873B59CB239
:10C920000B8040F6FF7306469C423BD0694620468A
:10C9300000F07EFD054628B9019B93F8E32012071D
:10C9400003D40C25284602B070BD93F8E530DB090E
:10C95000F7D00E212046E4F723FC044690F8C230BD
:10C96000002BEED0B0F85A309B0708D54822294654
:10C9700003F0AAFCFF2384F8C5301125E2E790F804
:10C98000C530002BDDD1F830FEF7E9FF0028D8D103
:10C990004822B11C2046FAF78FFFFF2384F8C530E8
:10C9A0000025CFE720460E21E4F7BEFB0446002811
:10C9B000EED10725C6E78B7880F848300A79CB7826
:10C9C00043EA0223A0F854304B7980F849308B7940
:10C9D00080F84A30CB7980F84B300B7A80F84C30B5
:10C9E0004B7A80F84D308B7A80F84E30CB7A80F8D5
:10C9F0004F300B7B80F850308A7B4B7B43EA02231D
:10CA0000A0F856300A7CCB7B43EA0223A0F85830CA
:10CA10004B7C80F85130CA7C8B7C43EA0223A0F81F
:10CA20005A300B7D4A7D43EA0223A0F85C30CA7D70
:10CA30008B7D43EA0223A0F85E304A7E0B7E43EAF8
:10CA40000223A0F86030CA7E8B7E43EA0223A0F85E
:10CA500062300B7F80F852304B7F80F853308B7FF1
:10CA6000CA7F43EA0223A0F8643091F8203080F8AE
:10CA7000663070477FB5038804460B809EB2ECF7A2
:10CA8000ABFA0B042CD502A9304600F0D1FC0546C8
:10CA900038BB039B93F8E530DB0921D0237F00935B
:10CAA000E379A2796179A078FDF79DFC28B30E2186
:10CAB0003046E4F775FB024620B943F2B6713920DF
:10CAC000E3F7D2FEF830FEF74AFF48B9FF2682F8B6
:10CAD000C96092F8C23003EA06052BB182F8C9009A
:10CAE0000C25284604B070BD21461046FFF763FFB1
:10CAF00080F8C26080F8C950F3E71E25F1E770B5F1
:10CB00008AB00D46034600F1180601AA18680833DA
:10CB100053F8041C1446B34203C42246F6D11868E5
:10CB200000222946206001A89B88A380BDF816300A
:10CB3000ADF8222023F010038DF82420ADF8163034
:10CB4000FFF798FF0AB070BD37B5058804466946FF
:10CB5000284600F06DFC18BB0D212846E4F720FBA9
:10CB6000FEF706FFF0B90E212846E4F719FBA3787B
:10CB70000246032B18D890F81611994214D1F830B8
:10CB8000FEF7EDFE80B192F8C63003F0FF006BB9FE
:10CB900082F8F8000199FF2381F8493182F8C63004
:10CBA00003B030BD0C20FBE71220F9E73A20F7E78D
:10CBB0002DE9F041078886B00646B7F5706F04D3BB
:10CBC0001225284606B0BDE8F0818378032BF7D8FC
:10CBD000C378012BF4D801A9384600F029FC05469A
:10CBE0000028EED10E213846E4F7DAFAB37890F84F
:10CBF000162104469A42E3D100F1F8084046FEF7B8
:10CC0000AEFE0028DCD0B4F85A309B0704D594F867
:10CC1000C23033B90C25D4E794F8C530002BF6D1D7
:10CC2000F8E794F8C430002BF4D0F378012B35D119
:10CC30003846FDF76AF9064660B3FEF799FE00280C
:10CC4000E8D194F81831002BE4D094F8C730BBB188
:10CC500003AA04F5B3714046F8F706F803A8F8F7FD
:10CC6000BFF8C8B1029A92F88D30342BD2D0FF238E
:10CC700082F84A31012286F8622286F8D830A0E78D
:10CC800003ABD4F8F900D4F8FD10B4F8012103C3C4
:10CC90001A80E3E7072594E7482592E70D213846F7
:10CCA000E4F77EFA01460028B4D090F86232012BF6
:10CCB000B0D0FEF75DFE0028ACD0132301AA2046B9
:10CCC000FEF78CFC05467CE7E8F7CCBDE8F7D8BD5D
:10CCD00010B5044604B910BD236898476468F9E7A5
:10CCE00003680BB9016070471A465B6813B18A424A
:10CCF000FAD170478A4218BF516070470D2008B5BD
:10CD0000FBF730FD0E20BDE80840FBF72BBD08B552
:10CD100002F0ABF9EAF708FCFBF7F8FEBDE80840C3
:10CD2000EEF782BA08B5EEF777FAEFF729FAEAF7E5
:10CD3000FBFBBDE80840E7F7DFB908B5FE20E7F7E1
:10CD400081FFBDE80840FFF7E2BF08B5E8F7E6FE5F
:10CD50000020BDE80840F2F7FFBE08B50220FBF74F
:10CD600001FD0020FBF7FEFCE4F706FBECF7E0F921
:10CD7000E5F7DEF920B140F221119320E3F774FDCD
:10CD800008BD08B5FFF7C3FF02F070FA20B14FF4F9
:10CD9000D7719320E3F768FD08BD08B5FFF7CDFF15
:10CDA00002F064FA20B140F2A3119320E3F75CFD96
:10CDB00008BDFFF7D2BF08B500F00BFAE5F7C8F9D8
:10CDC0000220FBF7CFFC0020BDE80840FBF7CABCFF
:10CDD00008B5E7F7C7F9FFF7A5FFFFF7ECFF02F08B
:10CDE00047FABDE80840ECF78DBF08B5E7F7C2F990
:10CDF000FFF798FFFFF7DFFF02F03AFABDE80840BF
:10CE0000ECF780BF10B5C378044691B163B90388CD
:10CE1000012B01D95B082380EDF780F92388B0FB53
:10CE2000F3F202FB1300A070E37883F00103E370D8
:10CE300010BD002BF8D10388FE2BEDD85B009BB210
:10CE4000FF2B88BFFF23E6E7837813B1013BDBB2FA
:10CE50008370B3FA83F0400970470123038040F2E6
:10CE6000011343807047F9F763B80B46152203F8A6
:10CE7000032BD0F80920C1F80320427B1A717047B8
:10CE8000012804D1012914BF002001207047022885
:10CE900001D10229F7E7042908BF04280CBF0120AB
:10CEA0000020704737B504460D46EAF7B7FA18B3C5
:10CEB0006FF4BA730221E0180388ADF80030B0F8BF
:10CEC0007030ADF80230B0F872306846ADF804301A
:10CED000EAF712FA18B14221AE20E3F7C5FCADF82B
:10CEE00000009DF80030002063F307009DF801303A
:10CEF00063F30F2003B030BD3B232B70D4F809300F
:10CF0000C5F803300423ADF80030EAE708B54368FC
:10CF100093F88D201AB18521AE20E3F7A5FC2522D8
:10CF200083F88D2008BD042906D101280AD10321E8
:10CF30000120518013807047032903D1012801D0BB
:10CF40000421F5E700207047012807D0022805D00A
:10CF5000033801288CBF00200120800070477FB576
:10CF60000B464468CDE9002118461146ECF78AF8D3
:10CF700094F8746094F87550C3B2C0F30720B342BC
:10CF800008BF0023854208BF002084F83A3284F8A5
:10CF90003B0204B070BD2DE9F0414C6805460F46D8
:10CFA00094F83A22D31E012B2ED894F87430D91E4F
:10CFB000012929D8D31A18BF012394F83B02FFF79F
:10CFC000C3FF064613BB1046FFF7BEFF804694F82A
:10CFD0001F3173B948EA060313F0FF0307D0204658
:10CFE00001F0D9FA7B68B3F8863003449BB2A4F809
:10CFF0003832B4F838320520AE70EB701B0A85F871
:10D0000001802B71BDE8F0810023D6E74FF00008C6
:10D01000DDE72DE9F743446805468846914694F8D4
:10D020008E70002F72D194F88D30293B022B67D976
:10D03000394601A8ECF7A2F8E0B1019B0DF103011C
:10D04000DB788DF80330162294F88D00EDF7B0F8F8
:10D05000064688B102461621284601F05FFA3623BB
:10D06000284684F88E3001F035FA3E46304603B04B
:10D07000BDE8F0833946E6E798F8013013F007027F
:10D0800036D098F8023013F0070331D084F86C20C2
:10D0900084F86D3094F835311BBB94F83431012B92
:10D0A0001FD094F8753094F86C20D91E012998BFD0
:10D0B00004239A4226D194F87430DA1E012A94F897
:10D0C0006D2098BF04239A421CD16B68022283F81A
:10D0D0003421B4F87230B4F87020A4F83831A4F8D0
:10D0E00036212723284684F88E3001F0F3F9BDE776
:10D0F0004A464146284603B0BDE8F04301F03ABA3B
:10D100002027B2E72846ECF701F8EAE70126ADE769
:10D1100013B5446894F88D30252B22D14B7813F049
:10D1200007021AD08B7813F0070316D000218DF870
:10D1300004208DF80530ADF80610019AD4F83611A8
:10D14000FFF70DFF0123002084F8CA302923A4F83B
:10D15000C60084F88D3002B010BD0023A4F83A3226
:10D16000F0E70120F7E7436810B593F88E200446F6
:10D17000B3F83A12272A15D181B983F88E1093F8A3
:10D180003431012B01D1EBF75FFF6368002283F894
:10D1900034212046BDE8104001F0ADB92A2283F8C1
:10D1A0008E20F6E793F88D20292A0DD141B983F816
:10D1B0008D10EBF749FF6368002283F8CA2010BD89
:10D1C0002A2283F88D20F6E740F23E41AE20E3F7B5
:10D1D0004BFBEBF7ADBF704730B542401C78087889
:10D1E0005D7860404C786C409D7820448C786C4031
:10D1F000DD782044CC786C401D795B7920440C7933
:10D2000049796C404B40204418441044B0FA80F0F7
:10D21000400930BD024600200139C9B2FF2900D1C2
:10D220007047535C83F001030344D8B2F4E708B5B8
:10D23000ECF708F8082807D0ECF726F8082803D000
:10D24000ECF736F8012008BD0020FCE708B5EBF745
:10D25000F9FF082803D0BDE80840ECF715B808BD71
:10D2600008B502F0FDFB18B1BDE80840F0F726BD97
:10D27000082008BD02F0F4BB70B503791F2B0FD84E
:10D28000461E051D002416F8010F01F0AEF80444F7
:10D29000AE42E4B2F7D1012C94BF0020012070BD52
:10D2A0000020FCE701440023884203D1B3FA83F055
:10D2B0004009704710F8012B1343F5E7F8B5054610
:10D2C0000C46D0E9047602F0A0FE18B954212920BA
:10D2D000E3F7CAFAE4B1D5E90423D21B63EB0603F2
:10D2E000012A73F100014FF0000113DB6FF0010020
:10D2F0009042994101DA5E21E9E7631E1344B3FBD2
:10D30000F4F35C43E41946F10006C5E904461C4603
:10D310002046F8BD0C46FBE7022905D13C281AD966
:10D3200080100F3880B27047CB1E012B0ED8032916
:10D330000BBF96234FF416731022402203F5BC73E3
:10D34000984208D9C01A90FBF2F0EBE7702802D996
:10D35000C0100E38E6E70020704738B50D46044689
:10D36000EBF744FE2B78002B08BF034684F870309F
:10D370006B78002B08BF034684F871306B88A4F8E3
:10D38000723038BD022908B5034614D005D80129EA
:10D3900009D0D8212920E3F767FA03390129F8D801
:10D3A00040F6A66008BD40F6C41040F2E242002BF1
:10D3B00008BF1046F6E740F6C410F3E7801AA93814
:10D3C00010B58842029C94BF091A491A22680129A3
:10D3D00002EB510294BF0020012022601A68A2EBE8
:10D3E00051021A6010BD38B50C4600210546E3F71E
:10D3F000D7FE606018B100230020237038BD0221E1
:10D400002846E3F7CDFE606008B10123F4E702206F
:10D41000F4E7436893F88C00C0B293F8B0302BB9AE
:10D4200000F0FB00003818BF012070470020704753
:10D4300010B50C46FFF7D7FF38B92046FFF7E9FFD4
:10D4400080F001004000C0B210BD0220FCE7C2B273
:10D4500092FAA2F2030A93FAA3F31B0E100E40EA0B
:10D4600003207047013105300022C9B270B510F8B1
:10D47000013F8B4216D310F8054C0023012505FA15
:10D4800003F626421CBF01F1FF31C9B269B1013375
:10D49000082BF4D10132D2B2052AE8D19B214620D3
:10D4A000E3F7E2F9C91AC9B2F4E703EBC200C0B26C
:10D4B00070BD0B6870B5C0F8013004460B790546A5
:10D4C000461D03F01F0343710023C37215F8010FBB
:10D4D00000F08BFF6871B542E37A1844E072F5D131
:10D4E00070BD81EA114170B58CB20546C17A032640
:10D4F00082EA0400FFF7ABFF013E00EB001016F0DC
:10D50000FF0604EB000290B2F4D144402522B4FBA4
:10D51000F2F302FB1343C3F3C402D8B203F00703D0
:10D520002A445678012202FA03F31E4207D16143CE
:10D530002846C1F30741BDE87040FFF793BF70BDB7
:10D54000F8B590F8215004466B1E242B03D9E12135
:10D550004620E3F789F9DAB1807D002843D194F8B9
:10D56000233094F8221002FB01322523B2FBF3F1A1
:10D5700003FB1123DBB204EBD30203F0070684F8AC
:10D580002330D17D0122B240114202D084F82430F0
:10D59000F8BDB3FBF5F205FB123304F11B010133B7
:10D5A00003F0FF0311F8012F9A4219D311F8055C1B
:10D5B0000022012606FA02F72F4208D0013B13F0A1
:10D5C000FF0304D102EBC00284F82420E0E701321B
:10D5D000082AEFD10130C0B20528E3D1D721B7E73F
:10D5E0009B1ADBB2F6E7E28804F11600096AFFF73E
:10D5F00078FF84F82400CBE70B7810B543704B78A4
:10D6000083708B78C370CB7803710B794371B1F859
:10D6100005308371B1F805301B0AC371B1F80730CA
:10D620000372B1F807301B0A43724B7A83728B7A0C
:10D63000C372CA7AC2F30013C2F3C0041B0143EAE7
:10D64000C403C2F30104C2F34012234343EA42136A
:10D6500003730B7B4373B1F80D308373B1F80D3056
:10D660001B0AC373CB7B03740B8A43740B8A1B0A9C
:10D6700083744B8AC3744B8A1B0A03758B8A437568
:10D680008B8A1B0A8375CB8AC375CB8A1B0A0376E8
:10D690000B7EC3F34603437610BD38B5FFF7ACFFEE
:10D6A000CA7A0D46C2F3C003C2F38001DB0043EA2D
:10D6B0008103C2F301010B43C2F30011C2F3401214
:10D6C00043EA011343EA42130373B5F81930837632
:10D6D000B5F819301B0AC376EB7E03772B7F4377AF
:10D6E0006B7F8377AB7FC37738BD43780B708378CC
:10D6F0004B70C3788B700379CB7043790B71C388FF
:10D70000A1F805300389A1F80730837A4B728B7A30
:10D71000C27A62F303038B72C37A8A7A1B0963F3BA
:10D7200007128A72CA7A037B22F0070203F003030E
:10D730001343CB72037BCA7ADB0863F3C302CA725A
:10D74000D2B2037B1B0963F30412CA72D2B2037B09
:10D750005B0963F34512CA72437B0B73C389A1F85B
:10D760000D30037CCB73B0F811300B82B0F813305E
:10D770004B82B0F815308B82B0F81730CB820B7E1D
:10D78000427E62F347030B7600234B768B76CB7693
:10D790007047034612EA010003D013F03F0018BFA0
:10D7A00001207047D0F803300B60B0F807308B8051
:10D7B00070470378890123F0400301F040010B43D7
:10D7C000037070470078C0F380107047037803F04F
:10D7D0007F0343EAC113037070470078C0097047A4
:10D7E000F8B5C7780D4617F03F0600F08780072987
:10D7F00000F28480DFE801F0040E172029323B4458
:10D80000017901223846FFF7C4FF00280CBF002031
:10D810000520F8BD017902223846FFF7BAFF00283B
:10D82000F7D005245AE0017904223846FFF7B1FF0A
:10D830000028EED0052448E0017908223846FFF799
:10D84000A8FF0028E5D0052439E0017910223846E8
:10D85000FFF79FFF0028DCD0052429E00179202272
:10D860003846FFF796FF0028D3D02C4618E0017900
:10D8700040223846FFF78DFF0028CAD0052406E075
:10D88000017940223846FFF784FF441DE4B220228C
:10D890003846FFF77EFF00EBC00004EB4004E4B223
:10D8A00010223846FFF775FF00EB40000444E4B255
:10D8B00008223846FFF76DFF04EB4004E4B204226F
:10D8C0003846FFF766FF0444E4B202223846FFF709
:10D8D00060FF00EB400004EB4004E4B20122384654
:10D8E000FFF757FF072D00EB400004EB4000C0B2EC
:10D8F0008FD1031FB342C8BF00208AE7002088E70A
:10D9000010B50446FFF76CFF00B1204410BD43780A
:10D91000C278013B02F03F02981AC0B27047F8B5D6
:10D920000D46194617460646FFF7F1FF441AE4B2C2
:10D93000BC4228BF3C464DB1F278284602F03F0277
:10D940000432114422463144F9F7B6FF2046F8BDAF
:10D950002DE9F047C678012201793046FFF719FF1B
:10D96000022205463046FFF714FF20228246304649
:10D97000FFF70FFF082207463046FFF70AFF102285
:10D9800081463046FFF705FF042204463046FFF784
:10D9900000FF402280463046FFF7FBFE05EB0A03FE
:10D9A00007EBC707804404EB4404B94403EB43038B
:10D9B00004EB08004B4400EB430010F0FF001CBFD9
:10D9C0000130C0B2BDE8F08738B5C5780446AB0970
:10D9D000032B1ED005F03F054378AB4219D9FFF762
:10D9E000B7FFA84215D895B12379DB060FD50421DE
:10D9F0002046FFF785FF48B1037803F03F03242B4F
:10DA000007D880785F288CBF0020012038BD012016
:10DA1000FCE70020FAE70278437802F00F02072AB9
:10DA200012D8DFE802F0080408111111080E0C3BAF
:10DA3000584258417047063B1F2B8CBF00200120E5
:10DA400070470BB1FFF7C0BF00207047027802F0AB
:10DA50000F02072A0AD0082A0AD0042A0ED14078D9
:10DA600006381F288CBF002001207047FFF7ACBF8D
:10DA70004078A0F10E03584258417047002070478B
:10DA80001B2A08B504D940F221412A20E2F7ECFE16
:10DA9000BDE80840F9F710BF013001F1200351F84B
:10DAA000042B994240F8042BF9D10B88038070476E
:10DAB00038B515460446FFF7EFFF2B68C4F823304E
:10DAC0006B68C4F8273038BDFFF796BDFFF7E5BD9A
:10DAD000FFF70BBE38B5FFF708FE037BCA7A9B0839
:10DAE00063F38202CA72438BA1F81930037FCB76AD
:10DAF000437F0B77837F4B77C37F8B7738BDFFF7EF
:10DB00007BBDFFF7CABDFFF7F0BD38B5FFF7EDFDF0
:10DB1000037BCA7A9B0863F38202CA72438BA1F823
:10DB20001930037FCB76437F0B77837F4B77C37F9F
:10DB30008B7738BD0130704710B50C68C0F80140D4
:10DB40004C68C0F805401268C0F809201A68C0F88F
:10DB50000D205A68C0F8112010BD10B5D0F8014052
:10DB60000C60D0F805404C60D0F809101160D0F876
:10DB70000D201A60D0F811205A6010BDFFF7DCBFED
:10DB8000FFF7EBBF0B78C3F30503437070470B78C7
:10DB9000427862F305030B7070470B4613F8012BB4
:10DBA00010B54270D1F80120C0F802205A68C0F8C0
:10DBB00006201B894381CB7A03730B7B43734B7B1A
:10DBC00083738B7BC373CB7B03740B7C43744B7C61
:10DBD00083748B7CC374CA7CC2F38013C2F30114B8
:10DBE000C2F303029B0143EA0413134303750B7D45
:10DBF00043754B7D83758B7DC375CB7D03760B7E23
:10DC000043764B7E837610BD42780B7862F3050332
:10DC10000B7043780A789B0963F387120B4603F86D
:10DC2000012BD0F80220C1F80120D0F806205A605C
:10DC300042891A81037BCB72437B0B73837B4B73CB
:10DC4000C37B8B73037CCB73437C0B74837C4B74DF
:10DC5000C37C8B74CB7C027D62F30303CB74037DA6
:10DC6000CA7C1B0963F30512CA74D2B2037D9B09F7
:10DC700063F386120B7DCA74427D62F303030B7556
:10DC8000437D0A7D1B0963F307120A75837D4B757B
:10DC9000C37D8B75037ECB75437E0B76837E4B767F
:10DCA00070470B78C3F305034370B1F801308370FC
:10DCB000B1F801301B0AC370CB7803710B79437143
:10DCC0004B7983718B79C371CB7903720B7A437271
:10DCD000B1F809308372B1F809301B0AC372B1F888
:10DCE0000B300373B1F80B301B0A43734B7B837308
:10DCF000CB89C373CB891B0A03740B7C43744B7CA5
:10DD000083748B7CC374B1F813300375B1F813308E
:10DD10001B0A4375B1F815308375B1F815301B0A2D
:10DD2000C375CB7D03760B7E43764B7E83768B7EED
:10DD3000C376CB7E0377704742780B7862F3050396
:10DD400010B50B704388A1F80130427983790479CA
:10DD50000A71CC704B71027A437AC479CA718C71A2
:10DD60000B724389A1F809308389A1F80B30837BBA
:10DD70004B73B0F80F30CB81827CC37C447C4A74F7
:10DD80000C748B74838AA1F81330C38AA1F8153000
:10DD9000037ECB75437E0B76837E4B76C37E8B767C
:10DDA000CB7E027F62F30303CB76037FCA7E1B091F
:10DDB00063F30712CA7610BD0B78C3F305034370F3
:10DDC000B1F801308370B1F801301B0AC370CB7811
:10DDD00003710B7943714B7983718B79C371CB7963
:10DDE00003720B7A4372B1F809308372B1F80930CB
:10DDF0001B0AC372CB7A03738B8943738B891B0A0B
:10DE000083738B7BC373CB7B03740B7C43744B7C1E
:10DE100083748B7CC374CB7C0375704742780B781A
:10DE200062F3050310B50B704388A1F80130427905
:10DE3000837904790A71CC704B71027A437AC47980
:10DE4000CA718C710B724389A1F80930037BCB72C4
:10DE5000B0F80D308B81437C027CC47BCA738C7319
:10DE60000B74837C4B74C37C8B74037DCB7410BDAB
:10DE70000B78C3F305034370B1F801308370B1F838
:10DE800001301B0AC370CB7803710B7943714B7956
:10DE90008371CB88C371CB881B0A03720B7A4372E0
:10DEA000B1F809308372B1F809301B0AC372CB7A1A
:10DEB00003730B7B43734B7B83738B7BC373CB7B72
:10DEC00003740B7C4374704742780B7862F305034C
:10DED00010B50B704388A1F8013042798379047939
:10DEE0000A71CC704B71B0F80730CB80437A0B725B
:10DEF0004389A1F80930837B427B047B0A73CC728F
:10DF00004B73C37B8B73037CCB73437C0B7410BD4F
:10DF10000B78C3F305034370B1F801308370B1F897
:10DF200001301B0AC370CB780371704742780B78BD
:10DF300062F305030B704388A1F801300379CB70BD
:10DF400070470B78C3F305034370B1F80130837059
:10DF5000B1F801301B0AC370CB7803717047427867
:10DF60000B7862F305030B704388A1F80130037945
:10DF7000CB7070470B68C0F801304B68C0F80530B3
:10DF80000B89A0F809304B89C3724B891B0A0373B4
:10DF90007047D0F801300B60D0F805304B60B0F816
:10DFA00009300B81B0F80B304B817047437837B59F
:10DFB000C3F301120446032A03D8DFE802F0050E7A
:10DFC0001D05002003B030BD057803F00F000023CD
:10DFD00000930221231D628807E0057803F00F00FB
:10DFE000002301210093231D628845EA0020EBF7FE
:10DFF00061FD60B10120E5E7EAF7F4FF03685B0526
:10E00000DFD560780123257800F00F00E0E7EBF71B
:10E0100063FFEFE702230B7001238B707047EBF770
:10E0200021BE10B521B94FF42A711020E2F71CFC73
:10E030004A600B72EFF3108472B6031D0B604268E6
:10E040001AB1127A012A08BF0360036819600160DF
:10E0500004B962B6BDE81040EBF74EBE0222EBF702
:10E0600029BF0322EBF726BF0422EBF723BF0222CE
:10E07000EBF764BF0322EBF761BF0422EBF75EBF4F
:10E08000007A003818BF0120704714230B706FF41A
:10E09000AC7318440388A1F80330B0F84830A1F8F5
:10E0A0000530B0F84C30A1F80730B0F84A30A1F88C
:10E0B0000930B0F84E30A1F80B30704708B5CB1ED0
:10E0C000012B04D8800100F5747080B208BD0129CD
:10E0D00002D10E30C000F8E7022902D10F308000D3
:10E0E000F3E740F245210620E2F7BEFB022908B51E
:10E0F0000DD005D8012908D0DC21B420E2F7B4FB0B
:10E1000003390129F8D81E3000E00A3008BD143068
:10E11000FCE7022908B50DD005D8012908D0DC217B
:10E12000B420E2F7A1FB03390129F8D81E3000E042
:10E130000A3008BD1430FCE730B587B004460D4600
:10E14000E9F776F990B3A4F5B174694624882046BE
:10E15000FDF71CFF20B140F20D112C20E2F784FBEB
:10E16000BDF8063003A8ADF80C40ADF80E30BDF890
:10E170000830ADF81030BDF80230ADF81230BDF8FF
:10E180000430ADF81430FDF7DFFE10B14FF48B71A1
:10E19000E3E7ADF80C009DF80C30002063F30700B6
:10E1A0009DF80D3063F30F2007B030BD2B463A22A7
:10E1B00003F8032BD4F80920C5F80320D4F80D2068
:10E1C0005A60B4F811201A810423ADF80C30E2E74C
:10E1D00040687047033901298CBFC08A4FF4296019
:10E1E000704770B590F874608D88033E0C89012EDD
:10E1F00004D943B11678033E012E04D8B5F5296F32
:10E2000038BF4FF4296590F87560033E012E04D99C
:10E2100043B15378033B012B04D8B4F5296F38BFC1
:10E220004FF42964CB884A88A0F86030A0F85C20BD
:10E23000A0F85E50A0F8624070BD8383BDF8003046
:10E2400001834283C38370471B2200294FF01B11B7
:10E250000CBF4FF4A4734FF42963828402840285B7
:10E2600002F1A472C160C3844384C3838383438265
:10E270000382C0E90521704738B5CB1E0446012B47
:10E2800010D9C58B438C9D4228BF1D46207AFFF7CD
:10E2900015FF6389AB4228BF2B46984238BF18460A
:10E2A00080B238BD4FF42965F0E72DE9F84399466F
:10E2B00007460D46808919461446FFF7FFFE0646BD
:10E2C0009DF8208049463846FFF7D6FF86424146F2
:10E2D000A8F1030828BF0646B88AFFF7EFFEB8F199
:10E2E000010F0346B6B28CBFFA8A4FF429629042FE
:10E2F00004F1060028BF134628449BB23344184457
:10E30000BDE8F8830346028F13B53C3049B9D98E76
:10E3100093F87540009493F87430FFF7C6FF02B08D
:10E3200010BD998EF4E770B50C46154619464BB9E9
:10E33000868EFFF7E7FF28443044A04294BF201A9E
:10E34000002070BDC68EF4E738B50D461146044670
:10E35000FFF7D8FF2844206438BD01F19C038342B5
:10E360003DBF9C38401A400800207047002803DB5E
:10E37000884204DB08B202E049428142FADC70477D
:10E3800000F05533400800F05530034403F03332B9
:10E390009B0803F033331A4402F00F33120902F0E2
:10E3A0000F32134403F0FF101B0A03F0FF1318444D
:10E3B00000EB1040C0B2704745F2555200EA02032C
:10E3C00002EA5002981843F2333300EA030203EAE8
:10E3D00090031A4440F60F7302EA030003EA121393
:10E3E000184400EB1020C0B2704700F055034008FD
:10E3F00000F05500034403F033009B0803F033039F
:10E40000034403F00F0000EB1310704780EA600034
:10E41000FFF7B6BF40F34E039BB25840FFF7CCBFA7
:10E4200032280CD006D8162818BF012894BF012026
:10E4300000207047A0F13E03584258417047012028
:10E44000704708B50246FFF7EBFF40B10846FFF7FB
:10E45000E7FF20B18A420CBF23202A2008BD8A4250
:10E460000AD1A2F13003DBB20B2B0FD840F621000A
:10E4700020FA03F3DB071ED4322901D1262A03D068
:10E48000322A03D1262918D12A20E7E73E2907D1CD
:10E49000262AF9D03E2A12D03B2A10D11F2902E0A9
:10E4A0003E2A04D126290CBF2A200020D6E73B298A
:10E4B000F2D11F2AF7E72320D0E73E29F7D1002029
:10E4C000CCE74368002283F88D2083F8CA20A3F8A4
:10E4D000C6207047037842682BB9A2F8CC300123DC
:10E4E00082F8CE3070470023A2F8CC3092F8CE30BC
:10E4F00001335BB2F4E708B50378426813B982F8D8
:10E50000CE3008BD92F8CE30013B5BB2002B82F8D2
:10E51000CE30F6DA52214A20E2F7A6F9436883F8B2
:10E520001B1183F81A217047A0F10B03042B0CD99F
:10E53000A0F14803012B08D9A0F12503332818BF07
:10E54000062B94BF012000207047012070474268CD
:10E55000D2F8803010B513F0080409D143F0080355
:10E5600082F81811C2F88030FFF7B4FF204610BDC2
:10E570000120FCE7436810B593F88E404CB90A7847
:10E5800083F81821032283F88E20FFF7A3FF20468B
:10E5900010BD0124FBE7C26941F64B539A4296BF76
:10E5A0004AF6C8730623B3FBF2F3828C408E134401
:10E5B000584380B270474368002093F88F20073A91
:10E5C000012A81BF4A7883F89020072283F88F20A0
:10E5D0007047426892F88F30073B012B84BF0823B5
:10E5E00082F88F30704708B5436893F88D201AB1D0
:10E5F0002B215520E2F738F90C2283F88D2008BD35
:10E600002DE9F74F0646894690460193FFF7C3FF71
:10E61000D6F8EC7104465FB90023C8F80030B6F8AC
:10E62000863023449CB2019B1C8003B0BDE8F08F70
:10E63000ECF706FE0028EFD1D6F81CC0D6E97432FC
:10E640000CFB04FE1EEB030ED7E9021342F100029D
:10E650000B44D7E900155B1845F10005734575EBD0
:10E66000020114D2BEEB03016FF0010B62EB050A4D
:10E670008B4570EB0A0A03D239215620E2F7F4F8F1
:10E680003869471E3944B1FBF0F1E0FB0135B3EBCB
:10E690000E0365EB02056FF001029A424FF0000293
:10E6A000AA4101D24421E8E7B3FBF9F209FB123396
:10E6B000B3FBFCF291B20CFB1133C8F80030B6F892
:10E6C00086301C441444A4B2ADE70B46082203F87C
:10E6D000032BD0F80920C1F80320D0F80D205A6090
:10E6E000427C1A720023CB70704708B5436893F8D8
:10E6F0008D201AB198215620E2F7B6F80E2283F841
:10E700008D2008BD37B50C46B1F8051005461A290D
:10E710001CD9B4F80730B3F5A47F17D3B4F801209F
:10E720001A2A13D9B4F80300B0F5A47F0ED36C688D
:10E73000009004F13C00FFF780FD6968204601F27B
:10E740005911EBF707FC012003B030BD0020FBE7B7
:10E7500008B5436893F88D201AB12621A320E2F76B
:10E7600083F8222283F88D2008BD38B54568044619
:10E7700095F88D30223B022B0CD8FFF7C3FF18B160
:10E7800004216068EDF730FD002085F8CA0085F8A7
:10E790008D0038BD0120FCE7F7B50446406890F8CD
:10E7A0008E50002D42D1B1F805601A2E04D9B1F86F
:10E7B0000730B3F5A47F05D2204603B0BDE8F04092
:10E7C000FFF7D8BEB1F801701A2FF5D9B1F803C020
:10E7D000BCF5A47FF0D33A4631463C30CDF800C0BA
:10E7E000FFF72BFD636893F88D20222A09D1636817
:10E7F000242283F88E202046FFF76CFE284603B0C3
:10E80000F0BD93F82B31002BF1D1636893F82A31D6
:10E81000002BECD162682323114682F88E3002F57A
:10E82000B17231F83C0BEBF7FBFBE4E70125E5E7C0
:10E830004368002210B5044683F88E20A3F8CC204C
:10E84000FFF759FE60680421BDE81040EDF7CCBC2D
:10E850000B230B70D0F80930C1F8023070470B461B
:10E860000C2203F8022BB0F809204A80C27A9A7071
:10E87000704710B50446406890F88D301B2B14D1BA
:10E8800000F5807200F51671052300F51A7001F08D
:10E890009BFC636801220020002183F892201E2245
:10E8A000C3E93C0183F88D2010BD0220FCE74368DA
:10E8B00093F88D20152A11D1D1F80120C3F86022D8
:10E8C000D1F80520C3F8642243680020D1F809205C
:10E8D000C3F814211B2283F88D2070470220704753
:10E8E000436893F88D20112A05BF002014220220CE
:10E8F00083F8920008BF83F88D20704708B54368FD
:10E9000093F88D20142A04D040F245111F20E1F71E
:10E91000ABFF012283F8D020132283F88D2008BD9D
:10E9200008B5436893F88D201E2A04D04FF4217156
:10E930001F20E1F799FF202283F88D2008BD08B53C
:10E94000436893F88D2022B140F28A211F20E1F71D
:10E950008BFF012283F8CF20112283F88D2008BD80
:10E9600008B5436893F88D203AB193F8D02022B9C6
:10E9700040F291211F20E1F777FF012283F8CF2099
:10E98000152283F88D2008BD0B46072203F8032BC0
:10E99000D0F80920C1F80320D0F80D205A60B0F853
:10E9A00011201A81C27C9A72704708B5436893F8A7
:10E9B0008D201AB1CD211C20E1F756FF042283F8E7
:10E9C0008D2008BD08B5027843683AB983F88E20D7
:10E9D000A3F8CC20BDE80840FFF78DBDD3F8802018
:10E9E000D10703D4DB211C20E1F73EFF22F0010216
:10E9F000C3F88020EEE70E23A0F5A8700B70038803
:10EA00004B8070474368017893F88D2061B9052ADF
:10EA100008BF00224FF0000002BF83F8BE2083F839
:10EA2000CA2083F88D207047102AF1E738B50578A1
:10EA3000446855B994F88E305BB9FFF74BFD55B972
:10EA4000022384F88E30002038BDD4F880305B0774
:10EA5000F3D50120F8E7D4F8803043F00403C4F87C
:10EA60008030F0E7037833B14268D2F8803023F089
:10EA70000403C2F88030FFF73EBD08B5436893F841
:10EA80008D201AB172214B20E1F7EEFE0278002AA8
:10EA900014BF1022052283F88D2008BD10B5D0E9DF
:10EAA0000D42A24206D38B8C121B498E05334B4379
:10EAB000934202D3012380F83E3010BD01230B7036
:10EAC00000238B7030F8D23CA1F80330437A4B71AD
:10EAD0004389CB8083890B81704710B5446894F8D3
:10EAE000D12092070ED494F88D301BB177214020AD
:10EAF000E1F7BAFE0122A4F8C63084F88D2084F82C
:10EB0000CA2010BD037843B994F88E300BB9FFF7D3
:10EB1000F2FC002384F83A31F3E7D4F880309B0705
:10EB2000F7D5FFF7E8FCD4F8803023F00203C4F8EF
:10EB30008030EEE710F1800F06D0142904DC884203
:10EB4000ACBF00200120704700207047806800F5AE
:10EB5000006040F30730704710B50B7901284C79FD
:10EB60000A6843EA0421104608BF41F4803110BD11
:10EB700007B5FFF7F1FF0DF10702ECF71DFA03B03F
:10EB80005DF804FB08B5036B00681B68984700F547
:10EB9000AF7008BD036B70B59B69044600680E46F4
:10EBA0009847054658B97368314604F10800236454
:10EBB000F8F7B2F970B9AB210B20E1F755FE94F8E4
:10EBC0003830022B0AD104F14800ECF75FFB012337
:10EBD00084F8383085F00100C0B270BD94F8383048
:10EBE000032BF4D1EFE738B504460D46FFF7D2FF0B
:10EBF00018B1D5E90423C4E9122338BD70B5044621
:10EC000086B0FFF7BFFF0025236B01905B6820688B
:10EC10008DF80050984704238DF8080068468DF859
:10EC20000930A16DD4E91223CDE90423FEF746FB98
:10EC3000638F86B233446387ECF7C6FBB8B97100C3
:10EC4000B4F96C0089B2FFF791FBB4F86C301B1A71
:10EC5000A4F86C30049B6946059A1B1842EBE072DD
:10EC60002046CDE90432FFF7BEFF06B070BD28464E
:10EC7000F0E7F0B5044687B0FFF784FF0746A56DBF
:10EC8000D4E91236ED1846F10006ECF79DFB08BBFF
:10EC90000221B4F96C00FFF769FBB4F86C301B1A61
:10ECA000A4F86C300023451901978DF8003046EB2D
:10ECB000E076236B20685B68984704238DF8080092
:10ECC000694620468DF80930CDE90456FFF78BFFE1
:10ECD00007B0F0BD0020E5E790F838300BB9002010
:10ECE000704790F83830012BF9D090F83800073889
:10ECF00018BF012070470229024608B507D1FFF767
:10ED0000EBFF40B11046BDE80840FFF777BFBDE814
:10ED10000840ECF751BA08BD90F83830012BDAB250
:10ED200001D0FFF7D9BF1046704790F83830032B59
:10ED300005D090F83800831F584258417047012091
:10ED4000704708B50246FFF7C7FF30B11046FFF71E
:10ED5000ECFF10B91046FFF78CFFBDE80840ECF758
:10ED600085B970B50446FFF7D7FF08B394F838307B
:10ED7000022B1BD094F83850EB1E5D425D410129F7
:10ED80000AD1072384F8383004F108063046F8F732
:10ED900023F9304601F059F9012384F838303DB1A8
:10EDA00004F14800BDE87040ECF770BA0125E6E7D1
:10EDB00070BD10B50446FFF7AFFF30B1012120460A
:10EDC000FFF7CFFF002384F83830002010BD002368
:10EDD00007B501A80193F6F7A5FB019810F0030011
:10EDE00018BF012003B05DF804FB10B5FFF7EFFF7B
:10EDF000002814BF14240024F8F7FCFD404200F062
:10EE00001400204410BD30B585B01546089BC01ACB
:10EE1000099B61EB0304002C214602DA404264EBBB
:10EE2000440103AB2A46009302AB01F01AFA002C0E
:10EE3000039801DA00B1281A05B030BD38B505468F
:10EE4000EFF740FF00F544434FF47A72033D493336
:10EE5000B3FBF2F4FFF7C9FF012D00F1BC038CBF37
:10EE6000002028202344184438BD10B5044690F8EB
:10EE70007500FFF7E3FF012201462046BDE8104080
:10EE8000FFF762BA10B50446FFF7AFFF00F5C27195
:10EE9000E269E36B9A4228BF1A461046FFF75DFA13
:10EEA000B0F5296F28BF4FF4296080B210BD90F8EB
:10EEB0007801003818BF0120704730B54FF4C47294
:10EEC00085B00D460021044601F0FEF9FF232370B2
:10EED0001323638042F21073E384E2F795FA002271
:10EEE0000146E0646846E2F7BDFA00220121E06CC9
:10EEF000F9F7A9FC0422E16C6846E2F7B3FA0022B4
:10EF0000E06C1146F9F79FFC04F13000E57400F065
:10EF100018F802A8EAF788FD20B94FF449712D20AE
:10EF2000E1F7A2FC02A904F13600FEF7C2FA05B02F
:10EF300030BD408800F0010070478078C0F3400089
:10EF400070470023C0F802300123437003707047FC
:10EF500038B505460C4600880D21E2F721F958B175
:10EF600090F8623243B1C389B5F886209B1A9BB2F0
:10EF700013B19C4228BF1C46204638BDC37C63B9F0
:10EF8000837BA3F11102032A07D990F8500028B11E
:10EF9000212B8CBF00200120704701207047C37CCB
:10EFA00063B9437BA3F11102032A07D990F85000FB
:10EFB00028B1212B8CBF0020012070470120704711
:10EFC00038B50446084694F8B83213B10C252846E3
:10EFD00038BD94F88E30172B01D0192BF6D194F848
:10EFE000E83203F0FF05002BF0D190B194F8F63130
:10EFF00023B940F604313120E1F736FC052304F54E
:10F00000807204F5F37101F0DFF8012384F8B8325F
:10F01000DDE70223FAE710B5044690F8751090F882
:10F020007400ECF7F3FE002201462046BDE81040D4
:10F03000FFF78AB910B586B0044613460A46014662
:10F040006846ECF701FF694604F5FC70F7F764FFCA
:10F0500020B94FF434713520E1F706FCB4F886305E
:10F060000133A4F8863006B010BDECF7A9BEC0F895
:10F07000D811704710B50446FFF7B7FE00F23D11F6
:10F08000E269E36B9A4228BF1A461046FFF765F91A
:10F09000B0F5296F28BF4FF4296080B210BD10B5BC
:10F0A000044686B020B94FF4C3713520E1F7DCFB8C
:10F0B00090F88C2002F0FF0312B140F28711F4E7C0
:10F0C000014601226846ECF7BFFE694604F5FC7074
:10F0D000F7F722FF10B940F28B11E6E706B010BD3A
:10F0E000436893F820212AB1002283F88D2083F809
:10F0F000CA20704783F88E20FFF7FDB9436893F864
:10F100008D20032A05D1002283F8CA2083F88D20A0
:10F110007047FFF7F0B910B50446FFF7D2F9204663
:10F12000BDE8104000F077B910B5044600F089F949
:10F1300010B92046FFF7C5F9002010BDA1F1130357
:10F14000012B0AD910B91A2902D87047132906D9F8
:10F1500020298CBF0020012070470120704700202B
:10F16000704738B5142853680D46144693F88D300F
:10F170000CD016281AD0122831D1052B14D1002218
:10F1800020461146BDE83840FFF73CBC223B022B2D
:10F190000AD81046FFF795F935B1626892F8E03069
:10F1A00023F0200382F8E030002038BD252BFBD16E
:10F1B0001046FFF786F96DB1626892F8E13023F0EE
:10F1C000010382F8E130626892F8E13023F008032D
:10F1D00082F8E1301A212046E9F736FFE4E740F2F1
:10F1E00065413620E1F740FB024640680B4690F847
:10F1F000E01041F0040180F8E01099785878EDF7BC
:10F20000A9BA70B50C460546D1E90501E2F7A0F8A8
:10F2100094F88C303BB104F5FC763046F7F7DCFE11
:10F22000304600F012FF04F5E8742046ECF720F8B1
:10F2300010B12046ECF72AF80F212846E1F7C6FF67
:10F2400010212846E1F7C2FF12212846E1F7BEFF50
:10F2500011212846E1F7BAFF13212846E1F7B6FF4E
:10F2600028461421BDE87040E1F7B0BF0020704788
:10F27000EAF7C2BFEBF720B8EBF736B870B5468EA9
:10F28000014690F89120B600B0F8C03012BBC3F12F
:10F2900006039D1B91F8BE301BB191F88D30052BF4
:10F2A0001DD101F18000FFF77AFED0B1D1E92D34F4
:10F2B000E41AA41BAC420888A8BF2C4600F09BFBB4
:10F2C00020B1C389043B9C42B8BF1C4624EAE470C9
:10F2D00080B270BDB0F8C250ED1AAD1BDAE7002461
:10F2E000E8E72C46E6E71FB501230A4603A9009389
:10F2F00040F68813F6F746F905B05DF804FB08B54B
:10F30000E9F76AFE0346C2054CBF032001201B0536
:10F3100048BF40F00C0008BD08B5002320FA03F2F6
:10F32000D20706D40133042BF8D14B21AC20E1F7EE
:10F330009BFAD8B208BD73B50E46054618B9A92187
:10F34000AC20E1F791FA447B2046FFF7E5FFD5F8C2
:10F350000930C6F80330D5F80D30C6F80730431C25
:10F36000F3711F23337001238340002024EA030438
:10F3700004236C73003C63F3070018BF012464F39B
:10F380000F2002B070BD10B50446E9F725FE032C2E
:10F3900011D8C1054CBF0323012302054FF0010022
:10F3A00000FA04F048BF43F00C03C0B21840003824
:10F3B00018BF012010BD00200346F7E701467F205B
:10F3C000FFF791BF01466FF07F00FFF78CBF2DE97B
:10F3D000F84304460E460025FFF791FF07465FFA03
:10F3E00085F902344846FFF7E9FF80464846FFF7B3
:10F3F000E9FF811B27FA05F201354B424B41B0452D
:10F4000008BF43F00203D20744BFE675A375042D7D
:10F41000E5D1BDE8F88343680F2110B593F8E420E7
:10F42000188822F0060283F8E420E1F7B9FE0122F1
:10F43000014604461A20EEF7C9F9002384F8343057
:10F4400010BD232938B5154612D1436893F88D2095
:10F450002D2A0DD118880F21E1F7A2FE01220146C5
:10F4600004462846EEF7B2F9002084F8340038BD8F
:10F470000220FCE738B50D461146426892F8E420B8
:10F48000900716D591F82E20920714D591F83120C7
:10F4900002F0FF048AB981F82F5081F830309DF8CE
:10F4A000103081F8313022462046EEF78FF92046A1
:10F4B00038BD1A24FBE70C24F9E73A24F7E710B526
:10F4C0000C460F21E1F76CFE2146BDE81040FFF726
:10F4D0007EBFF8B5576806460D460F213888E1F71C
:10F4E0005FFE242E04461ED0252E3CD0232E4DD167
:10F4F00090F83260B30607D50126C07BEEF734FAE8
:10F500008640F6B284F832603046FFF705FF6E7031
:10F5100004EB400094F83330AB7090F91900EEF72B
:10F52000A7FAE870F8BD90F82F00FFF7F5FE97F8FE
:10F530008D3006462D2B14D0A068EBF7FFFC074654
:10F5400004EB46031A7E6A7094F83020AA7093F98F
:10F550001900EEF78DFA2F71E870002384F831302E
:10F56000E0E7FF27ECE790F82F603046FFF7D4FE86
:10F570006E7004EB4000037EAB7094F83030EB709B
:10F5800090F91900EEF774FA2871E6E74FF4A171CB
:10F59000AC20E1F769F92DE9F84F074693F900002F
:10F5A0000E46154698464FEA420900283DD001EB29
:10F5B00009037F2893F901A006D050447F282FDC4F
:10F5C00010F1800F2EDB40B22946FFF78CFE044677
:10F5D0002846FFF7F3FE231A2846D3F1000B4BEB26
:10F5E000030BFFF7EFFE8442A4EB0A044FEA4B0B38
:10F5F000E3B208BF4BF0010B60B206F815B04E4401
:10F6000088F8000072789C1864B2747097F87400DF
:10F61000EEF7AAF9A84208BF87F87C40BDE8F88F4A
:10F620007F20D1E76FF07F00CEE70346E7E72DE9C3
:10F63000F34145780C4683784F68C6788DF80730DB
:10F64000FFF75DFE054246D06B1E2B4243D17E2E56
:10F650004FFA86F841D0636893F88D00FBF78DFB75
:10F6600018B13A2002B0BDE8F08193F88E00FBF7A4
:10F6700084FB06460028F4D10F213888E1F790FD7D
:10F6800090F82E30044643F0020380F82E302846CE
:10F69000FFF742FE024604EB400393F92110414577
:10F6A0001CBF83F8218083F8206094F83130012B4F
:10F6B000D7D8032384F831300DF10703384604F11D
:10F6C000180184F82F50FFF766FF9DF807300020DF
:10F6D00084F83030C6E72020C4E71E20C2E770B5AA
:10F6E00005460E4600880F21E1F75AFD04463046D4
:10F6F000EEF73AF904EB4004637E85F87C3070BD88
:10F700002DE9F341446805460F460F2120889046B5
:10F71000E1F746FD064690F83130D3B994F97C40C4
:10F720003C1B63B29C4204D040F20231AC20E1F7B2
:10F730009BF83946FFF74BFEFFF7E1FD23460146F4
:10F7400032462846CDF80080FFF794FE02B0BDE8AF
:10F75000F0813A20FAE72DE9F34104460D46B0F86E
:10F760006E00694617461E46FDF73DFE20B140F289
:10F770000F31AC20E1F778F8A806DDF8048012D448
:10F780002846FFF7C9FDD8F8E030D9054CBF032162
:10F7900001211A054FF0010348BF41F00C0103FAA3
:10F7A00000F0014211D098F8E4309B070DD594F891
:10F7B000343003F0FF0053B984F8325084F83370CA
:10F7C00084F8346002B0BDE8F0811A20FAE73A20EC
:10F7D000F8E72DE9F04F00268BB04FF400730DF1E0
:10F7E0001409B2460290ADF8143019F8013B4FF0FD
:10F7F0000108CDE906AA8DF81E3006A8E1F70AFD3A
:10F80000044630B1731C0126022BEED10BB0BDE8CB
:10F81000F08F08A9BDF81C00FDF7E5FD20B14FF4FD
:10F820005F71AC20E1F720F8099D0F212888E1F7EE
:10F83000B7FC834695F87400EEF796F808FA00F5E1
:10F840000BEB4003E9B293F919700391FFF757FDF1
:10F8500020EA050203990BF11905D2B222FA04F04D
:10F86000C30707D515F91400B84202BF08FA04F01F
:10F870000843C1B20134042CF0D1029B5A4608A8B7
:10F88000CDF80080FFF7F6FDB7E708B5436893F8B9
:10F890008D2022B14FF46271AC20E0F7E5FF2D22FC
:10F8A00018880F2183F88D20E1F77AFC90F82E302C
:10F8B00043F0010380F82E3008BD70B504460846B9
:10F8C000267865682EB1D5F880305B0605D5012015
:10F8D00070BD95F88E30002BF9D12146FFF7A7FEB9
:10F8E000024680B11EB195F88E30002BEFD1232156
:10F8F0002046FEF713FE362385F88E302046FEF7AD
:10F90000E9FD0020E4E70EB92D23F5E7D5F88030B6
:10F9100043F04003C5F88030F0E710B50378446841
:10F9200083B984F88E30A4F8CC30FEF7E4FD0F21C3
:10F930002088E1F735FC002201461046BDE8104062
:10F94000EDF744BFD4F880305A0604D440F2DB31DE
:10F95000AC20E0F789FF23F04003C4F88030E4E7EF
:10F9600010B544680F212088E1F71AFC034690F88F
:10F97000342022B993F83120D2B9FE2010BD94F87A
:10F980003521002AF6D194F88E20A2F1250106290E
:10F99000F0D9332AEED094F88D00FBF7EEF9002869
:10F9A000E8D11046FBF7E9F90028E3D12320E5E789
:10F9B000002283F831202520E0E7FEF782BD1D23D9
:10F9C00010B504460370E9F737FB6070022010BDE4
:10F9D0001E2310B504460370E9F72EFB6070022069
:10F9E00010BD01234380038000238380C3804FF434
:10F9F0004863038170471021E1F7D2BB73B56946B4
:10FA00000546FDF7F0FC044618B121215420E0F72B
:10FA10002BFF2846019EFFF7EEFF28B101237386D6
:10FA2000848144810482C48102B070BD3C23038080
:10FA30004FF4FA4343800123C38083800023038172
:10FA400043814FF448638381704708B5EEF774FC37
:10FA5000EEF758F9EEF770F8BDE80840EFF714BA82
:10FA600010B5C824EEF712F9022808D1013C14F0B1
:10FA7000FF04F7D10620EAF73DFA204610BD431EE9
:10FA800058425841FAE7704738B504461546EEF734
:10FA900073FA01462A462046BDE83840EEF720BEFC
:10FAA00019B943780BB1C3788370704710B5044619
:10FAB0000846EFF707F94FF47A73B0FBF3F0201A1A
:10FAC00010BD38B5044608461546EFF7FBF84FF46D
:10FAD0007A7300F2E730033DB0FBF3F0012DA4EBA5
:10FAE00000048CBF02200A20201A38BD0120704774
:10FAF000831C212B04DD4C2B04DC2038C0B2704762
:10FB0000002070472A2070477F2808B5034604D09C
:10FB1000EFF74EFDC0F11003DBB258B208BD08B5D7
:10FB2000431E072B09D8DFE803F00D0F0504080D6D
:10FB30000D06022008BD0420FCE740F28F4106209C
:10FB4000E0F792FE0020F5E70120F3E708B503286F
:10FB50000FD8DFE800F00212070B002914BF0320C2
:10FB6000052008BD90000530C0B2FAE790000B30C8
:10FB7000FAE75C218720E0F777FE0620F1E708B579
:10FB8000C30749BF13780D230133DBB28B4203D97E
:10FB90003B218820E0F768FED05C08BD2DE9F041EC
:10FBA00004460F461646F5F79BF90023A4F8A23247
:10FBB00094F86232062B08D094F86232052B04D0F8
:10FBC00040F27D218820E0F74FFEFE22002304F161
:10FBD000DA08A4F85C221D46D4F8D420A4F86032D8
:10FBE00084F8B03084F8A032927A84F8B022AF4220
:10FBF00012D194F82F3184F87B3184F8C531002379
:10FC000084F8663294F86222052A0AD14EB902239A
:10FC100084F86232BDE8F08140460135F3F7DAF846
:10FC2000E5E784F86232D4F8D420B4F86412B2F86C
:10FC300047300B44A2F84730ECE70023F7B50646FF
:10FC4000A0F52974CDE900330D238DF80630684600
:10FC5000E1F7E0FA054608B103B0F0BD009BA3420E
:10FC6000F5D116F83E3C002B14BF012700270DD01C
:10FC70000D212046E1F7EEFA06460E21E1F790FA53
:10FC80002A4690F845113046FAF77FFAB4F8641224
:10FC90003A46B4F8AE322046C91A89B20131FFF7AC
:10FCA0007DFFD9E7EFF720BE00F038B8801A00F3E7
:10FCB000070038B50D46144659B240B2F5F7F8FCC6
:10FCC0000023287020446B7040B238BD00230360CD
:10FCD00070477047002070474FF0FF3070474FF07B
:10FCE000FF30704770474FF0FF307047002070477B
:10FCF000002070470023037070479DF800300022F9
:10FD0000FFF7D4BF4FF0FF307047002070474FF02F
:10FD1000FF3070474FF0FF3070477047704700204A
:10FD2000F5F70ABD0020F5F7E1BD0020F5F7F2BDBB
:10FD30000020F5F701BD7047F5F738BEF5F74ABE6C
:10FD4000F5F73ABEF7F716BBF6F7ECBFF7F702B8D0
:10FD5000F7F730BB00F081B9F7F71EBB10B5837F12
:10FD60008BB9034601F1180251F8044B914243F854
:10FD7000044BF9D1012484772146F6F76DF9F6F7A3
:10FD8000C3FF204610BD0020FCE710B50446022149
:10FD9000F6F762F9F6F7B8FFA07FB0FA80F04009F5
:10FDA00010BD38B50446A37F03B938BDA37F032B2C
:10FDB00002D0A37F042B0ED1EFF3108572B620463C
:10FDC000F6F7BCFB05B962B6A37F002BEDD0FF218F
:10FDD0000320F7F787FBA37F012B02D14FF4827139
:10FDE000F6E700F0FBF9DEE713B50DF10701F6F7D2
:10FDF0008BFB0446F6F7F6FF20B940F221110320F1
:10FE0000F7F770FB204602B010BDF8B50746F6F7CD
:10FE1000E9FF044620B940F229110320F7F762FBFD
:10FE2000F6F7E6FFA46800252418384641F10006DD
:10FE300022463346F6F7D0FBA04271EB060309D306
:10FE4000001B6FF0010361EB0601834275EB0101BA
:10FE500002D3F8BD2846FCE74FF0FF30F9E72DE963
:10FE6000F04104460F46F6F7BDFF064620B94FF4B1
:10FE7000A3710320F7F736FB8568002362195B4105
:10FE800013B10020BDE8F081F6F7B2FF2A1838461A
:10FE900041F1000314EB020843F10005F6F79CFB67
:10FEA0004045A941EDD3F7F765FA00F071F8B36862
:10FEB000012037752344B360E4E7837F012B01D130
:10FEC00000F068B800207047F6F792BF806870476E
:10FED00008B5F6F787FF20B94FF4CB710320F7F789
:10FEE00001FB007D08BDF8B50369044623B140F26B
:10FEF0009D110320F7F7F6FAF7F73CFA05460E4690
:10FF0000F6F700F870B36435D4E9003246F1000129
:10FF1000AB4272EB010001D22B460A46C4E9003223
:10FF2000EFF3108572B6F6F75DFF064698B1F6F767
:10FF30005FFFB3680B332CBF012200221B18D4E9EA
:10FF4000006042EB0101B34271EB00023CBF33465B
:10FF50000146C4E9003105B962B62046BDE8F84063
:10FF6000F6F7B0BBF5F7EEFF0746F6F74FFFB842DE
:10FF700038BF3846963546F100024319D4E90001EE
:10FF800042F10002834272EB0105C7D20346C4E787
:10FF9000F6F7FCB8F7B50C460DF107010646878B5E
:10FFA000F6F7B2FA20B94FF412719F20F7F79AFAD8
:10FFB0000FCC35460FC594E803003A4685E80300A8
:10FFC00030460DF10701F6F783F9012003B0F0BDCB
:10FFD000032910B5044606D801290ED84FF49E71A6
:10FFE000B020F7F77FFA0429F8D1F6F74BF820B1E3
:10FFF0002046F6F709FC022010BD0020FCE7C0E90E
:020000040002F8
:1000000008122022002100F05FB910B5037886B0F5
:10001000044623B14FF4AB714520F7F763FA05931B
:10002000CDE90333D0E90423CDE9002343680293EB
:10003000037A68468DF81430FFF755FF0120DDE99B
:100040000023C4E9042306B010BDFFF7AABE704721
:10005000704770477047F7F72BB810B5029C24180B
:1000600041F10001A01A61EB0301B0F1004F71F101
:10007000000103DBA9210420F7F734FA10BD70B5A5
:100080000024F7F7EBF905462646E0B2854200D892
:1000900070BDF7F7E9F90134068580F82A60F4E7C6
:1000A000F8B5037904461BB11B219D20F7F71AFA16
:1000B0004679017126B901234371217909B961712A
:1000C000F8BD276820462671B84702280546F4D1B6
:1000D00003212046B84708B12F21E6E723682946C7
:1000E000204698470028E8D03021DEE70346006824
:1000F000884204D109B10A681A600846704728B9D5
:100100007047884202D10A681A60F6E70346006821
:100110000028F6D1704701F11003013813F8012DC2
:100120008B4200F8012FF9D170472DE9F04713F009
:10013000010F8EB004460D4617469A46DDE9168932
:1001400024D006A8FFF7E7FFA30735D002AA04F1E1
:1001500010052068083454F8041C1346AC4203C34D
:100160001A46F6D106AD02AC1AF0020F4346CDF89E
:10017000009023D0294620460AAAF7F74BFA0AA98D
:100180003846FFF7C8FF0EB0BDE8F08713F0040F44
:100190000DD106AB0E4601F1100C1D463068083635
:1001A00056F8041C1A46664503C21346F6D121468A
:1001B00002A8FFF7B0FFD6E706ADD5E73A462946D5
:1001C0002046F7F727FADEE713B50024CDE900440F
:1001D000FFF7ABFF02B010BDF7F720BB20BF7047A1
:1001E00020BF70479142F8B503D373219620F7F7EB
:1001F00079F9B2FA82F33BB1C3F1200499409A40F5
:1002000020FA04F4984021434FEA124C93B2040CB4
:1002100087B2B1FBFCF50CFB151E05FB03F64FEA9C
:100220000E4E0EEB1040864205D9361A964294BF08
:1002300001260226AD1B04EB0141280405FB121127
:10024000B1FBFCF40CFB1411634307EB0147BB4209
:1002500005D9DB1B934294BF01230223E41A2043F8
:10026000F8BD70B5044615461E46FFF7BBFF049B5C
:1002700000FB154430601C6070BD62B1013910B5DF
:10028000841810F8012B11F8013FA04201D09A42C6
:10029000F7D0D01A10BD10467047431A934200EBB6
:1002A000020310B508D3013902469A420BD011F867
:1002B000014F02F8014BF8E70A4412F8014D8A4257
:1002C00003F8014DF9D110BDF0B5C9B20446A3073A
:1002D00026460ED14FF0013522F003034D43E718B7
:1002E000BC420CD1334402F003021A44934209D1B8
:1002F000F0BD002AFCD0013A04F8011BE7E744F8FE
:10030000045BEDE703F8011BF0E7FFF7DDBF002812
:100310000CBF6FF0150000207047002070470723C6
:10032000037000207047002070470020704703468C
:1003300011F8012B03F8012B002AF9D1704703466D
:1003400013F8012B002AFBD1181A013870472DE948
:10035000F04786468C460846089E15467446194660
:10036000002B40F0C1808542B2FA82F245D94AB1F1
:10037000C2F1200300FA02FC954094402EFA03F3E8
:1003800043EA0C0C4FEA154EA8B2230CBCFBFEF856
:100390000EFB18CC08FB00F943EA0C43994528D919
:1003A000EB1808F1FF3704D2994502D9A8F10207EA
:1003B0002B44A3EB0903A4B2B3FBFEFC0EFB1C33DE
:1003C0000CFB00F044EA0344A04214D92C190CF1B0
:1003D000FF3304D2A04202D9ACF102032C44241A08
:1003E00043EA07401EB1D440002334607360BDE887
:1003F000F0874746DDE76346F1E792BB431B0121E7
:100400004FEA154EAFB2200CB3FBFEFC0EFB1C33C3
:100410000CFB07F840EA0343984561D9EB180CF14F
:10042000FF3004D2984502D9ACF102002B44A3EB73
:100430000803A4B2B3FBFEFC0EFB1C330CFB07F756
:1004400044EA0344A7424DD92C190CF1FF3304D2DE
:10045000A74202D9ACF102032C44E41B43EA00405A
:10046000C0E7C2F120039540944020FA03F12EFA30
:1004700003F34FEA154E9040AFB20343B1FBFEFCCD
:100480000EFB1C10190C0CFB07F841EA00418845D3
:1004900022D969180CF1FF3004D2884502D9ACF199
:1004A00002002944A1EB08019BB2B1FBFEFC0EFB4C
:1004B0001C110CFB07F743EA01439F420ED9EB18CE
:1004C0000CF1FF3104D29F4202D9ACF102012B445E
:1004D000DB1B41EA004193E76046E3E76146F7E74B
:1004E0006046A4E76346B8E7834206D916B90021FF
:1004F00008467CE7C6E900E0F9E7B3FA83F78FB96D
:10050000834201D3724508D8BEEB020460EB0303BB
:1005100001209C461EB9002169E73846FAE7C6E982
:10052000004CF8E7C7F1200CBB400EFA07F522FAA1
:100530000CF42EFA0CF1BA401C4320FA0CF3B8402C
:100540004FEA144901431FFA84FEB3FBF9F809FB93
:1005500018300B0C08FB0EFA43EA00439A4540D9C9
:10056000E31808F1FF3004D29A4502D9A8F102003D
:100570002344A3EB0A0389B2B3FBF9F809FB183350
:1005800008FB0EFE41EA03418E452CD9611808F1A3
:10059000FF3304D28E4502D9A8F10203214443EA75
:1005A0000040A1EB0E01A0FB02984145CE46434618
:1005B00002D306D14D4504D20138B9EB020E68EBE7
:1005C0000403002EA7D0B5EB0E0261EB030101FA84
:1005D0000CFC22FA07F3F9404CEA0303C6E90031A8
:1005E00099E74046C5E74346D9E7000000002020D0
:1005F00002024040222260606161242462626363DF
:1006000035356464656537376666676739396868A4
:1006100069696969791C1C1C1C202022222424265B
:100620002628282A2A2C2C2E2E30303232343436EA
:100630003638383A3A3C3C3E3E40404242424246DE
:100640000022F0B585B0114640F6034002AF07F036
:10065000CDFA044600285BD107F088F8214641F224
:1006600003003A1D07F0C2FA0446002850D17A6808
:10067000854DD16805F17803D1F80100D1F8051056
:1006800003C3104606F064F9214641F201003A1D09
:1006900007F0ACFA044600283AD17868C3685A7863
:1006A00085F870205A88A5F872201A7985F871208B
:1006B000B3F80720A5F87420B3F80530A5F8763014
:1006C00006F046F9214641F202003A1D07F08EFA83
:1006D0000446E8B9D7F804C005F18006DCF80C2020
:1006E000531C4132344618685968083303C4934296
:1006F0002646F7D1604606F02BF995F87C305C066B
:100700000AD40121614A624819F0E6FE6FF0120432
:1007100020460C37BD46F0BD002142F203003A1DD1
:1007200007F064FA04460028F2D17A68594BD16880
:10073000D1F80100D1F8051003C3104606F008F9FE
:10074000214642F202003A1D07F050FA0446002802
:10075000DED17E68F468B4F801309AB292B1E278E2
:1007600082B1A5F80431E378032B06D003220221DD
:1007700000924748484A19F006FAE278474811467D
:100780001DF0F4F9304606F0E3F895F87C6016F0B9
:10079000200618D14FF0FF304FF0FF3107F00AF874
:1007A000044600286CD002210C3019F00CFD012306
:1007B000214603704670324640F66D4007F016FA47
:1007C00004460028A4D195F89C30180712D50021C2
:1007D00042F21C003A1D07F009FA0446002897D19E
:1007E0007868C368D3F80120D3F80530C5E9382309
:1007F00006F0AEF895F8D830990620D53846B91CE1
:1008000007F09CFA0446002882D14FF0FF304FF0E9
:10081000FF3106F0CFFF064690B304210C3019F0EB
:10082000D2FC3B88224603807B883146438042F2DB
:10083000240007F0DBF9044600287FF469AF95F83F
:10084000D8305A0610D5002142F22A003A1D07F08E
:10085000CDF9044600287FF45BAF7868C3685B7805
:1008600085F8203106F074F895F8DD305B0629D55F
:100870004FF0FF304FF0FF3106F09CFF044678B98F
:100880006FF0680444E700BF08120020305C0400E9
:10089000DC0C0400E0120020545C04001013002063
:1008A00002210C3019F08FFC2F2303700123214605
:1008B0004370002242F2740007F098F904460028C1
:1008C0007FF426AF4FF0FF304FF0FF3106F072FF9C
:1008D00004460028D4D008210C3019F074FC95F897
:1008E000D81040F2022311F0400F08BF03238E07F7
:1008F0004CBF43F02C0343F00C030246880695F8E6
:10090000D90048BF43F0400310F0090F18BF43F46B
:100910000063C90754BF184643F0100095F8DD3056
:1009200001215B0608D595F8B1305E0754BF40F64B
:1009300001019D4941F4FE2119F0F5FD21460022F7
:1009400042F2010007F052F9044600287FF4E0AEBD
:1009500095F87C30B5F8041198065ED4C9B941F217
:1009600005003A1D07F042F9044600287FF4D0AE96
:10097000B5F804317C684BB9E368B3F80120A5F8F9
:1009800004219A88894811461DF0F0F8204605F0A8
:10099000DFFF4FF0FF304FF0FF3106F00BFF044652
:1009A00000283FF46DAF08210C3019F00CFC95F8CD
:1009B000D8300246D90747BF79A1D1E900014FF0ED
:1009C00000517B4819F0AFFD2146002240F601405E
:1009D00007F00CF9044600287FF49AAE01463A1D50
:1009E0004FF6014007F002F908B3724A022172483B
:1009F00019F072FDEB79002B40F0A68008F016F993
:100A0000044600287FF484AE0AF01EF8044600284D
:100A10007FF47EAE06F0DCFF7AE60029B9D1012131
:100A2000664A654819F058FD6FF0040470E67B686B
:100A30006E46DC688AB0B4F80130042B96BF604A79
:100A4000604952F8231002AAD3614FF400735E4844
:100A500013845E4BC2E9050142F8103F4FF4135175
:100A6000554819F054FDB4F80120B546022AB4F8EF
:100A7000033049D1052B47D8554A52F823106E460A
:100A80008AB002AAD3614FF40073524813844F4BCB
:100A9000C2E9050142F8103F4FF41351464819F0DE
:100AA00036FDB546637994F806C0032B98BF4A4AD1
:100AB000B4F80760D4F809006C468CB094BF52F8C3
:100AC0002310404902AAC2E9073C4FF40073DFF843
:100AD0001CE19385414BC2E905E1C2E909604FF48D
:100AE000735142F8103F344819F011FDA54678685B
:100AF00005F02EFF00214FF602403A1D07F076F870
:100B0000044618B1364A71E72E49B8E77868C368D9
:100B1000B3F80130A5F8C13005F01AFF95F8C130DF
:100B20005A077FF567AF21464FF603403A1D07F09D
:100B30005DF808B12B4A59E77868C3685B7885F897
:100B4000C03005F005FF55E72E78002E7FF456AF34
:100B500095F8C1309B061ED54FF0FF304FF0FF31A6
:100B600006F028FE044600283FF48AAE06210C3029
:100B700019F029FBD5F80130214603601A4B3246A3
:100B80009B8883804FF6064007F030F80446002823
:100B90003FF434AFBCE56FF08504B9E5AFF30080F6
:100BA00090880002008000200108800010130020BF
:100BB00010880002BD5C0400DC0C04009A5C040098
:100BC000B8170400ED590400E15C040004000001C2
:100BD000A0170400FA5C040090170400070000014D
:100BE0003F5D0400685D040009120020125D0400EE
:100BF00037B50024164D6FF009034FF48062284684
:100C00001449009412F02EFE134928461DF000F9F5
:100C1000124913481DF02DF8224604211C2005F02E
:100C200063FA01220F4BD3E8EF1FC3E8E02F00283F
:100C3000F9D105A3D3E9002328460B4912F052FE4F
:100C4000204603B030BD00BF389C1C0000000000EF
:100C5000583F0120202D0220867A0400E7D20300AD
:100C600084B201207CB20120781300200000000033
:100C700010B50B4BD3E8AF3F53B1F5F749F906A3D5
:100C8000D3E90023BDE810400649074812F02ABE08
:100C900010BD00BFAFF30080389C1C0000000000B6
:100CA0007CB2012078130020583F01200000000092
:100CB00070B4174E0C46B042154608D00136B0420B
:100CC0000FD0023EB04210D070BC15F0E9BD0AA3AF
:100CD000D3E90023C5E900230E4B0020236070BC3C
:100CE000704707A3D3E90023F4E707A3D3E9002360
:100CF000F0E700BFAFF3008002C0FF7F00000000FC
:100D000003C0FF7F0000000001C0FF7F0000000063
:100D100002C0FF7F03004E80014812F009BB00BFF4
:100D20009018002070B503788AB004460E4607ADCF
:100D3000032B20D8DFE803F002191B1D11492846B8
:100D4000FFF7F5FA059563781E210493A3783046E2
:100D50000393E3780C4A0293237901936379009318
:100D6000A37916F0F3FC0AB070BD0849E7E708491B
:100D7000E5E70849E3E70A212846074A16F0E6FCBA
:100D8000E0E700BF54340400763404005B34040010
:100D9000623404006C3404008F710400F0B589B033
:100DA00000AF0D46044619F02FFF3946FFF7BAFF92
:100DB0006E468AB06A460F4BD561C2E905374FF4DB
:100DC000007313840C4B42F8103F0C4800234FF47F
:100DD000135102F0BFFF2046B54600F0EBFA10B108
:100DE000204608F04FFE00201CF0C4F92437BD4611
:100DF000F0BD00BF99340400040000018C0C040015
:100E000080B588B0036800AF39461868FFF78AFFDD
:100E100088B06A46084BC2E905374FF400739383E4
:100E2000064B42F8103F00234FF4E651044802F00D
:100E300091FF2037BD4680BDBA3404000300000195
:100E40008C0C04002DE9F047DFF8E09088B000AF8B
:100E5000002147F612201DF092F84FF000084FF0E5
:100E6000FF324FF0FF33484612F0EAF94546284E6C
:100E7000F37A3BB33946301DFFF754FFD6ED047AC1
:100E8000F5EEC07AF1EE10FA2CDBEA468CB06C4637
:100E9000204B17EE900AC4E90535E761F6F724FF09
:100EA00040F20133224623851B4BC4E9080142F876
:100EB000103F00234FF45351184802F04BFFD54622
:100EC00008F101080135032D06F11406D0D1B8F15F
:100ED000000F04D1124A2946104818F041FEFFF7CE
:100EE0001BFFB5E76C468AB06A460E4BD761C2E974
:100EF000053540F2013313840B4B42F8103F0023B9
:100F00004FF41351054802F025FFA546D8E700BF6E
:100F100030440120CB340400060000018C0C040096
:100F2000E9340400DB3404000400000190180020C0
:100F30000221024A024818F013BE00BFFE3404002A
:100F40008C0C04000321024A024818F009BE00BFBD
:100F5000183504008C0C04002DE9F0418AB000AF74
:100F600007F108060D46044619F04EFE3146FFF71C
:100F7000D9FEE8468AB06A462A4BD561C2E90536F1
:100F80004FF400731384284B42F8103F00234FF4B2
:100F90001351264802F0DEFEC54615BB204619F067
:100FA00033FE80464FF0FF324FF0FF33204812F0FF
:100FB00047F903261F4DEB7ABBB12868A8B119F099
:100FC00023FE072241461EF055FE70B9FFF7A4FE2E
:100FD0000221194A154818F0C3FD1321204619F0C3
:100FE000FCFC2837BD46BDE8F081013E05F1140543
:100FF000E1D1FFF791FE204619F0D8FC786000227D
:1010000000230E48391D1CF0ECFC40B101210C4AB4
:10101000064818F0A5FD786808F034FDDDE71CF0FF
:10102000A6F8DEE726350400040000018C0C04005D
:101030009018002030440120413504006C19002034
:101040005F3504002DE9F04F2DED028B93B008AF12
:101050000321A34AA34818F083FD10F059F901F0C9
:10106000BFFC20B10121A04A9E4818F079FD01F093
:1010700059FD9E4801F0BCFC002007F097F803469C
:1010800058B19B4A0121974818F073FD00202C3776
:10109000BD46BDEC028BBDE8F08F964B07F11805FD
:1010A00093E8070085E80700284603F0E5FD92482D
:1010B00003F064FC0320914903F070FC044640B146
:1010C00003468F4A0121874818F053FD8D4A234675
:1010D000D8E70146042003F0C3FC044610B18A4A55
:1010E0000346EFE74FF000084FF000090523CDE974
:1010F0000000CDE9020304904FF40062CDE90689B7
:10110000824B8349834812F0CBFC07234FF40062E3
:10111000CDE90243CDE90689CDE900447E4B7F4904
:1011200004947F4812F0BCFC03237E4A19466D48A4
:1011300018F01FFD4FF0FF304FF0FF3100F0C2F903
:10114000044600284ED10323774A1946654818F013
:1011500010FD00F00FFEBC82BC751CF0C6FFC7E995
:101160000210284601F05EFD064600283DD04FF0F3
:101170000008AB46C146B0453FDB1CF0B6FFEB466E
:1011800088B04FF47A78A0FB0806684B08FB016131
:10119000CBF8143047F612220023F6F7FDFDFB686A
:1011A0008A467860A3FB0801BE6847F6122208FB56
:1011B00006110023F6F7F0FD7B685A461E1A4FF021
:1011C00004036AEB0101CBE9066142F8103F0023FA
:1011D0004FF40351434802F0BDFDDD46B9F1000F65
:1011E000BBD004E0524A03464CE7B882B8750021F0
:1011F00040F21B601CF0C3FEAFE71BF8014B4FF041
:10120000FF324FF0FF334B4812F01AF814236343B8
:10121000494804F1180CC218D17A07F1100E0CEBF2
:101220000E0A19B1127B0AB1C3582BB9FFF774FD2E
:1012300000230AF8143C4BE0FFF76EFD1AF8143C4B
:1012400020464BB900F04AFE00280CBF01230023C2
:1012500018BF49F00109ECE700F09AFE78602046DB
:1012600000F03CFE00280CBF012200227B6818BF62
:1012700049F001090AF8142C6BBB204600F07EFFF0
:10128000B5EEC00AF1EE10FAB0EE408AACBF012113
:101290000021B0EE480A204601F058FC4FF0FF3222
:1012A0004FF0FF33234811F0CBFF1423224A03FBF6
:1012B000042383ED048AFFF72FFDB5EEC08AF1EE1B
:1012C00010FA05D5022123461C4A064818F051FCA5
:1012D00008F101084FE70021BFEE008AD9E700BFFF
:1012E000793504008C0C040099350400ED2C0200C3
:1012F000AA350400E00D040038140020A8170020CF
:10130000C93504001F360400E4350400E51402006A
:1013100058010220C0300020450E020058F901207B
:10132000E82F0020023604005D360400AC360400CD
:101330003936040090180020304401209236040011
:10134000014811F0F5BF00BF90180020F8B507461E
:10135000164D4FF0FF324FF0FF33154811F070FF7C
:10136000EC7A4CB1EB7F33B195F83330E3B1FFF752
:10137000E7FF0020F8BD012414235C4301232E194C
:10138000F372002338462F51337319F03DFC0346A6
:1013900000680434285199889B792A1991809371A7
:1013A000FFF7CEFF3046E5E70224E5E730440120B1
:1013B0009018002010B50446E8B14FF0FF324FF00E
:1013C000FF33114811F03CFF104A13689C4214D0BF
:1013D00053699C4213D0936A9C4212D10223142178
:1013E000002001244B43D118D050094BC872087318
:1013F0000B61FFF7A5FF204610BD0023EFE7012397
:10140000EDE70024F5E700BF9018002030440120EC
:10141000000080BF10B54FF0FF324FF0FF33084897
:1014200011F00EFF074BDA7FDC7A02B1013493F83A
:10143000333003B10134024811F07AFF204610BD69
:10144000901800203044012038B505460B4614465C
:101450001AB3012113461448144A18F08AFB022CCF
:101460000DD1284619F0D0FB0146002006F0CAF93C
:10147000034660B10E4A21460B4818F07AFB012260
:101480000C4B1A700C48BDE8384011F0D3BF032153
:101490000A4A054818F064FBF1E70321084A0248AC
:1014A00018F067FBEEE700BF8C0C0400C4360400A4
:1014B000DD36040050EA0120741A0020F4360400DE
:1014C0001537040070B505460C46054E2A462346DE
:1014D000304611F0E9FF10F10B0FF7D070BD00BFDF
:1014E000CC1900202DE9FF47FFF794FF022804469E
:1014F00011DD18F04CFD5B4811F09CFF002147F610
:1015000012201CF03CFDFFF785FF02280446F5DCA5
:10151000544811F0EFFF0027534EDFF8848100207C
:1015200003F0E2FB034668B110F1780F0AD0012105
:101530004E4A4F4818F01DFB47F6122000211CF0C0
:101540001EFD22E0032123464A4A4948009118F033
:101550001AFB0025DFF84C9132463B46484603A96A
:1015600011F00AFE0446B0B90398FFF7EFFE81467A
:1015700010BB0121404A3E4818F0F2FA13210398AB
:1015800019F02BFA039808F07DFAFFF743FF0228C1
:101590000446AEDCC3E70020013503F0A5FB08FBE1
:1015A00005F3B3F1333FD7D80321344A304805EB74
:1015B000450318F0DEFACFE73148DFF8ECA011F070
:1015C00099FF022103988AF8004019F099FA05461C
:1015D000F0B1012103462B4A254818F0CAFA0C3510
:1015E00008D12046284906F00DF90321274A204852
:1015F00018F0B6FA1321039819F0EFF90398FFF7E2
:10160000D9FE10B1039808F03DFA41F66A0095E75B
:1016100000231F4A1A4811F047FF10B101211D4A4B
:10162000E5E79AF80030002BE4D1484600F04CFA88
:10163000034628B10121184A0D4818F09AFAD9E753
:10164000FFF7E8FE044603210346144A08480091C8
:1016500018F099FA022C98DD18F099FC014811F065
:10166000E9FE92E7CC190020366E0100273704000E
:101670008C0C0400423704007C3704005637040009
:10168000741A002095370400CF540400B4370400C6
:10169000B4C40400C4370400E1370400FA3704007E
:1016A000CDCCCCCC6C19002050EA0120084B1A6834
:1016B000904209D05A69904208D09B6A984214BF60
:1016C0004FF0FF3002207047002070470120704724
:1016D0003044012008B5074A0B460748012117F09E
:1016E0007AFB0022054B06481A70BDE8084017F047
:1016F00070BB00BF1F3804008C0C040052EA0120AC
:101700002C1A002010B5044618F097FB014620461D
:1017100003F03AFE031E0CBF01210021074A11709D
:1017200004D00121064A074817F055FB204618F05F
:10173000F9FBBDE81040044817F04BBB52EA01200A
:101740003D3804008C0C04002C1A002008B50B4610
:1017500049B10221074A084817F03DFBBDE808409F
:10176000064817F036BB1AF0A1FB03210346044AD2
:10177000F1E700BF5C3804008C0C0400441A002020
:101780007D38040008B5064A0648012118F0E8F93A
:101790000022054B05481A70BDE8084017F019BB38
:1017A0008F3804008C0C040052EA01202C1A00200F
:1017B000F0B5451804460021114E91B0AC4205D158
:1017C00011B1684601F036F911B0F0BD14F8013BD3
:1017D0004A1C1F0903F00F0301F14000F75DF35CA1
:1017E0000231403268446A44402900F8407C02F8E3
:1017F000403CE3D1684601F01DF90021DEE700BF5F
:10180000633D0400044B1B68834204D1537813B931
:10181000024817F0DEBA7047704401205C1A0020BD
:10182000034B1B68834202D1024817F0D2BA7047BB
:1018300070440120141A0020034B1B68834202D11C
:10184000024817F0C6BA704770440120E41900201E
:1018500003460121014A024817F0BDBAB638040018
:101860008C0C040007B50F4B1B68834217D101B9DC
:101870002AB9084603B05DF804EBFFF7E9BF137817
:10188000094952780B70032100920848084A18F061
:101890007AF9084803B05DF804EB17F09ABA03B080
:1018A0005DF804FB7044012051EA01208C0C040017
:1018B000DC380400FC1900202DE9F04F83B000AFA4
:1018C000FFF7F4FE051E0E464BDB4FF41553564C46
:1018D00003FB054393F8622D002A42D003F55768B5
:1018E000D8F80420D3F8703D134303D117F075FAEC
:1018F000C8E90001B37A0F2B37D1E8468AB0317BB3
:10190000F37A6A46C2E9071305234848C2E9050588
:1019100042F8103F00234FF42251454802F01AFAD2
:101920004FF41553012203FB054383F8602D002279
:10193000C5469A869A6B1A63737A002B63D117F0A7
:101940004CFA4FF4155303FB054303F67852C2E9F2
:1019500000011846B288C2F30B02A3F85C2D17F001
:1019600038FA0C37BD46BDE8F08F4FF4155808FB28
:1019700005F804EB080A9AF8603D002BDCD13369C6
:10198000002BD9D008F13008A0444046B3F80490A9
:1019900018F077FC81452CD83069B0F804B059466E
:1019A00018F04BFC9AF8009E7860B9F1070F1AD82E
:1019B0004FF4157303FB0599BAF8340009F1D80305
:1019C000190104EB0313A3F802B0605217F005FAF3
:1019D00004EB09199AF8003E09F68859C9E9000193
:1019E00001338AF8003E5A464046796818F0F1FB08
:1019F000A2E72B4601210F4A0D4817F0ECF901230D
:101A00008AF8603D98E70F2BABD117F0E6F94FF459
:101A1000155303FB054404F67853C3E90001012381
:101A2000204684F8603D9AE798310020FB38040096
:101A30008C0C0400333904002DE9F3411646FFF7FE
:101A400035FE031E0F4606DB46B102211A4A0096F8
:101A50001A4818F098F802B0BDE8F0814FF4155418
:101A600041F65C325C43DFF85C8008EB0405AA5A5F
:101A7000B2F5946F03D901210092114AE8E742F2CE
:101A80000803EE5242F20C0342F20400EB582B50D2
:101A900041F658332044E958404418F09AFB42F28A
:101AA000B04304F118004044EF52A5F85E7D02B047
:101AB000BDE8F04117F08DB9513904008C0C0400D9
:101AC00075390400983100202DE9F0434FF00008EB
:101AD00005688C4EDFF8989291B007468A483560C9
:101AE00089F8008017F088F9884817F085F9884848
:101AF00017F082F9874817F07FF9874817F07CF9CB
:101B00008649874B28460B600BF00AFD044658B106
:101B10000346844A0121844817F05DF9C6F8008025
:101B2000204611B0BDE8F0830023804A764811F0CA
:101B3000BBFC804618B134606FF07304F0E741F6E7
:101B40005B032846ADF80630794A234601A98DF893
:101B5000044002F011FE044610B10346754AD9E76D
:101B60000023724A694811F09FFC10B999F80030BF
:101B700013B900233360DFE728461AF016FE044647
:101B800030B103466C4A0121674817F024F927E079
:101B90000023664A5E4811F087FC002840F0AE80C2
:101BA000664B28461A7802A98DF808205A788DF8D5
:101BB00009209A78DB788DF80A208DF80B301AF01E
:101BC0000FFE044610B103465D4ADCE72846FFF7E6
:101BD0006DFD00280ADA01215A4A534817F0C0FF68
:101BE00000232846336003F05FFB99E74FF415525A
:101BF00041F6583302FB003353492846534A1944EF
:101C000018F0D4F9044610B10346514ABBE700214D
:101C1000182203A81EF026F84E4B0DF115005A7835
:101C20008DF80D209A788DF80E20DA788DF80F2037
:101C30001A798DF810205A798DF811209A798DF83B
:101C40001220DA798DF813201A7A8DF81420DA7CB4
:101C50008DF81F201A7D8DF820205A7D9B7D8DF8F0
:101C600021208DF822301AF092FD0122284603A986
:101C70001AF0E0FD044610B10346374A83E700231B
:101C80002A4A244811F010FC002837D1334B28464B
:101C90001B787B731AF01FFE044610B10346304ACE
:101CA00071E70023214A1C4811F0FEFB30BB7B7B0F
:101CB00028468DF824302B4B59881A89ADF8261008
:101CC0005968ADF82C200A91D3E90312CDE90C1222
:101CD0005A691B8B09A90E92ADF83C301AF036FEFA
:101CE000044610B10346204A4DE7012330603B73A0
:101CF00003211E4A0C4817F033FF11E76FF07304FD
:101D00006EE700BF70440120441A00202C1A002006
:101D1000E4190020FC190020141A00206C44012052
:101D20004D170200923904008C0C0400B4C4040066
:101D300058160400B5390400DA390400CC17002025
:101D4000063A04002E3A040098310020391A0200A5
:101D50004B3A0400B4170020713A040051EA012004
:101D6000923A040040140020B53A0400DE3A040020
:101D700052EA01202DE9F0418AB000AF381D1AF077
:101D80002AFE0346002856D002214B4A4B4817F042
:101D9000E7FE0026B0464A4C4A4D0122002120466B
:101DA0001BF0E4FE0122002104F118001BF0DEFE0E
:101DB00004F13C0104F130004FF4526218F0F2F9E2
:101DC000A36B04F56161236304F604604FF452626F
:101DD000A4F8348018F0E6F9D4F80C3E04F5DA5093
:101DE0002946C4F8043E4FF49462A4F8088E1830D3
:101DF00018F0D8F955F8043C04F5005104F50050EA
:101E000045F80C3C25F8088C4FF4946210310430EE
:101E100018F0C8F90136D5F8A834032EA5F8A48423
:101E2000C5F8A03404F5155405F51555B5D1283776
:101E3000BD46BDE8F0816C468CB06A4697F816C086
:101E40003E7E7D7C387CF97CC2E909010721DFF800
:101E500088E0C2E90765C2E905EC42F8101F4FF4BB
:101E60006351164801F076FFA546174C237A032BE1
:101E700008D1BB7D33B90221144A104817F070FE17
:101E800002232372237D012B07D13D7E2DB9022130
:101E90000F4A0A4817F064FE2575E379012B7FF499
:101EA00078AF7D7C002D7FF474AF0221094A03488E
:101EB00017F056FEE5716CE7FB3A04008C0C040049
:101EC00098310020FC4C0020B41700207C3B04001B
:101ED000AA3B0400D23B04003A3B040014232DE942
:101EE000F0434343264A064602EB0309D55899F8C6
:101EF0000C3085B0002B3FD0002D3DD04FF4155352
:101F0000204C002203FB0044002300274FF001086F
:101F100004F55761C1E9002304F67851C1E90023B3
:101F2000A36B2046236384F8607D84F8628D84F877
:101F3000007EA78616F060FF99F80D30284603A9A9
:101F40008DF80C308DF80D801AF0E0FC054660B17C
:101F50000D4A0090334641460C4817F014FE84F8B1
:101F6000627D284605B0BDE8F08316F036FF04F622
:101F70006854C4E90001F4E74FF0FF35F1E700BF12
:101F80003044012098310020033C04008C0C0400F4
:101F90002DE9FF474FF41558142308FB00F843437D
:101FA0006B4D6C4A064605EB0800D45802EB030A59
:101FB00090F8623D002B00F0C780002C00F0C48038
:101FC0000023654A11F070FA644B07461B89EBB990
:101FD0009AF80D20DFF8A09161488DF80D308DF84A
:101FE0000C20C9F8004016F007FF204603A91AF09C
:101FF0008DFC034610B310F1780F04D00221594A2A
:10200000594816F0E8FE0023C9F800304FF4155483
:10201000002304FB065484F8623D002F79D194F824
:10202000603DCBB133460221504A4F4816F0D3FEF3
:102030006FF00407384604B0BDE8F0874FF2244241
:102040000023474811F030FA0028DCD00221484A2A
:10205000454817F085FDD6E7A28E002AE2D0D4F8D5
:102060000C3E08F60460216B2844C4F8043EA4F832
:10207000087E18F0AEF808F51250383008F55861AF
:102080008022294428441DF0E0FD42F2385394F8A0
:10209000002EB4F85C1DE25441F63033E15204F5F1
:1020A000DA5304F55761D1E90001C3E9020104F5EF
:1020B000DA5304F67851D1E90001C3E904013AB9D1
:1020C000A38E022100932B4A3346274817F05BFD6D
:1020D0004FF4155303FB0653D3F8701DD3F874CD9A
:1020E00051EA0C0203F5D95202F1180218D14FF04F
:1020F000FF304FF0FF31C2E900014FF0FF321046D0
:102100004FF4155101FB065505F5DA55C5E90020D8
:1021100090E733460221154A134816F05CFE89E722
:1021200041F6383ED3F8680DD3F86C4D081A6CEBC5
:10213000040443F80E005460D3F8782DD3F87C0DD6
:10214000521A60EB0C00DBE76FF0150772E700BF77
:1021500098310020304401205A62020040140020CF
:102160005C1A0020283C04008C0C0400733C040022
:102170004A3C04008F3C0400704401202DE9F04FDC
:102180002DED048B142393B04343834A0446D35864
:1021900004AFCBB14FF4155808FB00F8DFF818B2C4
:1021A0000BEB0805B5F8083E73B108F118000023E1
:1021B0007A4A584411F078F9064668B1234602215C
:1021C000774A784816F007FEBFEE000A3C37BD4656
:1021D000BDEC048BBDE8F08F16F0FFFD42F2B0437A
:1021E00041F63032C7E90010EB5AA95A8B4212D09F
:1021F0006D468AB004AAC2E9071305236A48C2E9FA
:10220000050442F8103F4FF422513346654801F06F
:10221000A1FDAD46D8E7654A08F5005A12780AF1E3
:10222000040ADA44002A00F0828042F23852AA5CA2
:10223000002A4AD105F5DA52D2E902015C4ACDE919
:10224000020100933021234607F1080015F07EFAC1
:10225000014607F1080000F0EDFBB5F8081ED5F8BF
:10226000040EFFF7A5FA0121524800F0E3FB36E027
:102270004FF4157303FB049909F513730BEB031368
:10228000D3E900012346CDE9020100923021484AFA
:1022900007F1080015F05AFA014607F1080000F0AE
:1022A000C9FB42F2B84342F2BA420BEB091939F8C2
:1022B0000330D5F8040E39F802101844FFF778FA05
:1022C00001213C4800F0B6FB013641F63033EA5AB2
:1022D00042F23853EB5C5FFA86F94B45C8D84FF4AD
:1022E0001553354D302103FB045505F5DA531033F2
:1022F000D3E90023CDE9022341F63033EB5A2F4ACC
:10230000009307F10800234615F020FA014607F173
:10231000080000F08FFB42F20803E95A42F204037E
:10232000E858FFF745FA0121224800F083FB4FF4FB
:102330001553214D6E4603FB045303F5D95203F5A3
:10234000DA5392ED069B93ED008B16F046FD8EB0AE
:1023500004AA1B4B82ED089BC2E905347B6882ED21
:102360000A8BC01A3B6861EB03010A23C2E90C0126
:1023700042F8103F002345F2C0010A4801F0EAFC90
:102380000023B54608F60460E4B21A4651460094AC
:10239000284400F083F819E7304401205A62020013
:1023A000B43C04008C0C0400D03C040053EA01202F
:1023B0000C3D040033400400983100201C3D040013
:1023C0002C3D04002DE9F04F03781446023B012B0D
:1023D00085B024D84FF000094FF00C0B4B68D0F8B3
:1023E00004A00133019342781AF8011B284B5FFACD
:1023F00089F54FEA85080AEB8505E8780F283DD86E
:102400000198804498F803000F2837D82788B7F53B
:10241000806F08D302211F4A1F4817F0A1FB01203B
:1024200005B0BDE8F08F0BFB0736284672700392AB
:10243000B17002911AF096F9B080C0F30F40F080AD
:1024400040461AF08FF9DDE902123081C0F30F40E7
:102450007081E8780E4B00F00E00022816D098F834
:10246000030000F00F00023801288CBF002001207B
:102470000BFB07F7D855208801302080A57809F19B
:1024800001095FFA89F08542B1D2C8E70120EFE780
:10249000B8B90120743D04008C0C04002DE9F04F04
:1024A0002DED028B002487B01E468146884604AF7E
:1024B0002146BA71CC484FF44052FB7197F838501E
:1024C000BC801DF0CFFB3246C74E49464046B14660
:1024D000A0463B1D0293C54BDFF828B3CDE900436E
:1024E000234603F00BF9B7F804A01FFA88F39A45C6
:1024F0000FD8012C40F2558100231A46DFF8F0C2B4
:10250000DFF800E304F1FF38A21A002002F1FF39DE
:1025100054E099F8003063BBB9F904C0B9F906E09A
:10252000B9F90830B9F90A000CFB03F10EFB03F30B
:102530000EFB10120CFB003300EE902A00EE103A56
:10254000F8EEE00AB8EEC00A16F096FA0BEB840338
:1025500083ED000A99F80130A54A03F6621307EEED
:10256000903AF8EEE77A02EB8401C1ED007A01348B
:10257000A4B208F1010809F10C09B6E74FEA820A92
:102580000AF104010CEB820201EB0C0BD2ED007A94
:102590009BED007AF4EEC77AF1EE10FA0DDD82EDD4
:1025A000007AF24401EB0E021168CBED007ADAF802
:1025B00000B0CAF80010C2F800B0013082B24A453B
:1025C000DCDB01339BB298451A469DDC0122DFF823
:1025D00034C211466346DFED876A9FED876A9FED3F
:1025E000877A1846D3ED017AD0ED005A77EEE57A76
:1025F000F4EEE67AF1EE10FA03F1040340F3BC8046
:102600009E46104606E0DEED007A77EEC77AEEECE5
:10261000017A01301FFA80F84445F4D8013189B2BB
:102620008C4202F10102DCD19FED757A704A0023E1
:102630001146B0EE476A73480133F0EC017A06EEBA
:10264000903A77EEC67AF8EEE66AC7EEA65AF1EC53
:10265000017A77EEC77A36EE256AC7EEA65A1FFAD8
:1026600083FE744537EE257AE6D8DFED656A0023F0
:10267000F0EE665AF2EC017ABCEC015A77EEC77ABA
:1026800035EE465A01339BB29C4245EE275A47EE3F
:10269000A76AEFD19FED5C7AC5EEA67A67EEC77A9E
:1026A0009FED5A7A87EE878A022D00F28380B5EE7D
:1026B000C08AF1EE10FA7DD9DFED557AB4EEE78AE3
:1026C000F1EE10FA76DC5348534A435D9FED4C7AA5
:1026D00003EBC50102EB810181ED008A01334F4913
:1026E00003F0070343554B5D072B9CBF01334B554C
:1026F00002EB45130022495DD0B2814254D807EE67
:10270000901AF8EEE77AC7EE278A18EE100AF5F766
:10271000EBFAF5EEC08AF1EE10FA804689464BDD01
:10272000EA468CB004AC3E4B18EE900AC4E905357D
:10273000F5F7DAFA22460823C4E90801C4E90A8950
:1027400042F8103F002344F2C001364801F002FB7A
:10275000D54600221146BC88334893B29C4267D8C4
:1027600011B1314800F08CF8B0EE680A0C37BD4664
:10277000BDEC028BBDE8F08FF4EEC67AF1EE10FAF4
:102780007FF54CAF9E46104606E0DEED007A77EE10
:10279000877AEEEC017A01301FFA80F8A045F4D375
:1027A0003CE79FED178A7FE7F3EC017A013237EEC1
:1027B000277AA1E7FFEE008AE8468AB004AC1B4BFB
:1027C00018EE100AC4E90535F5F78EFA22460623FD
:1027D000C4E9080142F8103F00234FF44251114868
:1027E00001F0B8FAC546B4E7B8B90120C523020024
:1027F00074440120DB0F4940DB0F49C0DB0FC940A7
:1028000000000000745401202A03B64B00247449D0
:102810000000484257EA012074A4012054EA012034
:10282000883D04008C0C040074640120B23D040057
:1028300033780BBB00EB011383ED038A4FEA011CD5
:1028400000F80C5096F801C0013183F801C096F8E9
:1028500002C089B283F802C0B6F804C0A3F804C06D
:10286000B6F806C0A3F806C0B6F808C0A3F808C0BA
:10287000B6F80AC0A3F80AC001320C366DE700BFF3
:1028800070B504460D4641B970BD20469421FFF74E
:10289000F7FF943D04F51464ADB2942DF5D847F6D6
:1028A00052621F4B20461A801A462C0100EB05117C
:1028B000067810309E7010F80F6C0F3303F80C6C14
:1028C00010F80E6C03F80B6C30F80C6C23F80A6CE3
:1028D00030F80A6C23F8086C30F8086C23F8066CA2
:1028E00030F8066C23F8046C50F8046C884243F806
:1028F000026CDDD144F27E51641BA4B2A31C9BB2D6
:102900000434D152A4B2032123460648064A17F0E4
:1029100030F92146BDE87040014800F08BB800BF97
:102920005AEA01208C0C0400DF3D0400024B1B68B6
:102930000BB1024818477047E8A401200AF30120B0
:102940002DE9F7430446224E224FDFF89080A3681A
:10295000DB6B002B2FD1A368DB6A002B32D1DFF8B1
:10296000789013E09DF8073035680A2B01D00D2BC5
:1029700018D15DB12A46394617481DF066F9002383
:10298000404609F80530336010F066FFA3681B6904
:10299000002BDCD0012220460DF1070198470128C9
:1029A000E0D0D1E73E2D8FBF00236A1C32607B55FB
:1029B00088BF3360EAE7204698470028CBD103B0B0
:1029C000BDE8F083204698470028C8D1F7E700BF4C
:1029D000E4A401204AF301200AF30120D4A4012039
:1029E00008B502481AF05BFF013808BDF001040089
:1029F0000B4B10B50B4C18600B490C481BF039F908
:102A0000A3682BB11B6C1BB10022204608499847D4
:102A1000A3681B6A1BB1BDE810400248184710BDEF
:102A2000E8A40120F00104002D290200D4A4012013
:102A30004129020070B50446054E4518AC4200D14C
:102A400070BD14F8011BB36801485B689847F5E74F
:102A5000F00104000023F0B50446022085B001AD6A
:102A6000C5E901330193CE5C0EB145F82300013373
:102A7000032BF8D1012A3ADC002000232E4607461A
:102A80001A4656F8041B03F1010C002933DC634697
:102A9000032B3ED112B11028EFD1102005B0F0BDAC
:102AA0008F5C5FB15F1C06D0D0ED006AF4EEE76A80
:102AB000F1EE10FA02D5D0ED007A13460132032A66
:102AC00000F10400ECD15A1C07D004AA02EB8303E6
:102AD00053F80C2C013243F80C2C012ECCD00126DB
:102AE0000022F0EE477A4FF0FF330C48D8E7022679
:102AF0009FED0B7AF4E7013946F8041C0130E355E9
:102B00004AB90A1E18BF01226346032BC2D01028FF
:102B1000C3D00746B5E70122F6E700BF18A501209C
:102B20000000000010B5084C20461AF069FF002391
:102B30004FF07C522375A362E26222636263A4F8C1
:102B4000443084F8463010BDECA4012070B5022852
:102B50002DED028B0546B0EE408A0E4659D82E4C1C
:102B60004FF0FF324FF0FF33204616F047F905F1E2
:102B70000A0226B1B5EEC08AF1EE10FA25D504EBB3
:102B80008203D3ED017AB7EE007ADFED246A37EEE7
:102B9000677A47EE267A0026C3ED017A254404EBD6
:102BA000820494ED017ADFED1E7AB4EEE77AF1EE5D
:102BB00010FA48BFC4ED017A85F84460BDEC028B81
:102BC0001548BDE8704016F01BB9631993F844101E
:102BD00005F10E03C1B104EB8301D1ED007A78EE6B
:102BE000677AF5EEC07AF1EE10FA04EB820191ED0E
:102BF000017A48BFF1EE677ADFED086A77EEC77AAF
:102C000007EEA67A81ED017A04EB830383ED008A57
:102C1000C4E7BDEC028B70BDECA40120CDCC4C3ED2
:102C20000AD7A33C2DE9F74F0DF1040B0746032506
:102C30000026D946DFF8AC80DFF8ACA04FF0FF32B9
:102C40004FF0FF33504616F0D9F898F80B403CB1DE
:102C500098F80C4024B1D8F80040003C18BF01247B
:102C6000504616F0CDF8013D0BF8014B264408F113
:102C70001408E3D116B3DFF868804FF0FF334FF04C
:102C8000FF32404616F0BAF898F81430012B0BD1F9
:102C9000D8F82830002B07DD2C4608F11402D8F8AC
:102CA0002830AB420EDC2CB9324649463846FFF795
:102CB000D1FE04460A4816F0A3F82646304603B073
:102CC000BDE8F08F12F8013F022B07D803F108018D
:102CD000694411F8041C09B13B5501340135DEE7A4
:102CE000ECA4012030440120901800202DE9F0418F
:102CF00088B00422484902AF04461CF0CBFF0546C9
:102D000070B9464C4FF0FF324FF0FF33204616F0BB
:102D100075F82046257516F073F8414A03214DE0F9
:102D2000062220463F491CF0B5FF0546002849D140
:102D300007F10808464606342378002B3AD0102DB8
:102D40001AD1364C4FF0FF3220464FF0FF3316F0C9
:102D500055F801232A46314604F115002375A56272
:102D60001CF073FF204616F04BF803212B462E4A29
:102D70002E4816F0FEFE10E0391D0A22204614F0FF
:102D800011FD79680346A14214D0022809D9022115
:102D9000274A2648009116F0F6FE1837BD46BDE8D2
:102DA000F0810B7801352C2B08BF01310C4608F857
:102DB000010BC1E7002DC4D102211E4A1B4816F0A9
:102DC000CFFEEAE7042220461B491CF063FF20B92E
:102DD00001221A4B1A701A4AA0E705222046194907
:102DE0001CF058FF18B9154B1870174A96E76D4636
:102DF00088B002AA154BC2E905344FF400739383DF
:102E0000134B42F8103F00234FF4E451074800F001
:102E1000A1FFAD46C1E700BF123E0400ECA40120B3
:102E2000063E0400173E0400703E04008C0C0400B3
:102E30001E3E04004F3E0400953E040053EA01206C
:102E40009A3E0400AC3E0400B23E0400C53E0400BD
:102E5000030000012DE9F04F91B0009302F004034C
:102E60000293C2F3C2030133840705460E46DDF820
:102E700068800392059340F0BB81041D30B107299F
:102E800009D86FF01B0011B0BDE8F08F01F0070604
:102E90003444C6F10806009B4FF000094FF0040AC5
:102EA000591E4FF0FF334F460193CB465346CDF8A2
:102EB00010900DB1009820600598002800F3E8807C
:102EC0009848009A824203D397488242C0F0E0803B
:102ED000039AA4EB050E92074FEA9E0000F10381CE
:102EE0000F2F00F2B180002D00F0058107F14002A4
:102EF0000DEB020C019A0CF8200C0CF8102C049825
:102F000001300490E7E07A285DD84B280ED8472896
:102F100059D829282DD8252852D054D820287AD0FD
:102F20002338D0F1000B4BEB000B74E04C382E280B
:102F300049D8DFE800F070484848484848484848C1
:102F400048484B484848484848484859484B4B59D6
:102F50005959704B6D487048184B184848827F4B40
:102F600048484B487F0000204FF0000B4FF0040A08
:102F700038E001222A38C0B202FA00F010EA0E0F3F
:102F800049D110F0625C2FD110EA020B43D06046A9
:102F9000013C5444B4FBFAF40AFB04F4002D61D064
:102FA000A3EB050CA444B4453FF66BAF002868D1F1
:102FB000042B47D158F8043B2360042304342AE04F
:102FC000019A013A01924FF0000B24E011F8010C34
:102FD0006C2834D1002011F8023C83466C2BC5D1FB
:102FE0004FF0080A5346D3E708F1070828F007080E
:102FF000073424F00704F8E802AB35B10698204402
:10300000B0423FF63EAFC4E900AB4FF0000B0834CE
:103010004FF0080A534611F8010F002878D0BBF191
:10302000000F7FF470AF2528F5D14FF0010B019B05
:10303000013301934FF0040AECE7584694E700206F
:103040008346A5E7082B02D06FF015001BE708F1B7
:10305000070828F00708B8EC027B84ED007B082302
:103060000834D8E768B9042B02D108F10408A4E7B2
:10307000082BE9D108F1070828F0070808F108082B
:10308000EDE705980138059058F8040B009010E71B
:10309000039A900720D54FF0010CA4EB050E4FEAE0
:1030A0009E00BEF5007FCFD20F2FCDD8F5B107F12E
:1030B00040020DEB020E019AC0B20EF8200C0EF881
:1030C000102CBCF1000F3FF41AAF60F07F000EF837
:1030D000200C09F101090137C5F108024FF6DA7E2B
:1030E0000434069297E74FF0000CDAE7BCF1000FCA
:1030F00001D00136EFE7029A0236002AEBD10098A0
:10310000CDE90631FDF71BF9DDE906310644E2E7BA
:10311000631BB3F5806F97D245B9A6F10804E01898
:10312000B1E600BF840004001C7D0400029A9B08E5
:1031300028602B709DF81030C2B1EB7085F80290BA
:10314000B9F1000F05D0002208A8C5F1010C974283
:103150000ED14FF0000AC5F101030DF120080193D3
:103160000DF1300B574512D1601B8CE66B70E5E713
:1031700010F8013B190608D50CEB040EB64503F018
:103180007F033FF67EAE04F8013B0132DFE7B9F181
:10319000000F03D098F90020002A17DB029BD3B15F
:1031A0001AF80B2004F8012B0022019B1819104477
:1031B000B0423FF666AE98F80000009904F8010BA3
:1031C000204603921CF041FD039A14440AF1010ABF
:1031D00008F10108C6E798F8002055F8223000935E
:1031E000029B009845F82230FDF7A9F8421CDCE765
:1031F0006FF00D0047E600BF2DE9F04F97B000AF2C
:10320000D7F880B03B62CBF3C0030446894690F800
:1032100002A0FA62BB6141B9457800780AEB8000F0
:1032200020444D4517D8A0EB0409E378FB61BAF1BF
:10323000000F02D01BF0010F16D1FB6953BBFB6AD4
:103240001BB1494620463A6A98474D4628465C37A6
:10325000BD46BDE8F08F461C3046FDF770F80130E2
:10326000304409F10109DCE7626823787A62FA6A7E
:103270009900796104EB8301002A40F001810E4638
:103280004FF000084D4601EB0A094E454CD101EBC9
:103290000A0610E01BF0020FD1D023789A007A6161
:1032A000626804EB83017A62FA6A002A77D14D469C
:1032B000904601EB0A061BF0050F0CBF0223012309
:1032C000FB62FB6906EB430A0BF00203BB62564547
:1032D000BCD016F8021B16F8013C54F82390994B09
:1032E000994502D3984B994536D3BB69002B40D002
:1032F000786A15F0F8FF00283BD0E9468AB06A46A4
:10330000924B53617B6AC2E906314FF40073138418
:103310008F4B42F8103F00234FF412518D4800F0BC
:1033200019FD023DCD46D2E716F8013BF96254F88B
:103330002300FDF704F8D7F88430F96A01304BB167
:10334000D7F8883098453EBFD7F8843023F8180066
:1033500008F10108054498E7BB6923B1786A15F0C4
:10336000C2FF0028C9D11BF0010F05D1FB6AED1A7D
:10337000ADE7BB6A002BAAD04846FCF7E0FFD7F8C0
:10338000843053B1D7F8883098453FBFD7F88420B0
:10339000431C22F8183008F10108054497E7BAF1F8
:1033A000000F73D01BF0040673D0D046002607F13F
:1033B000480052463B61B9621CF047FCB96A3B6960
:1033C00001EB0A02BA62FA69F9695200FA60BA6A54
:1033D00002EB41023A610BF00202BA603A69B96A43
:1033E0008A4258D162781BF0020F18BF00217A621E
:1033F00008BF4FEA5801B2181BF0010FD2B240F0DB
:103400009F801BF0040F14BF40460020BB61627018
:10341000A070E17020463A6A7969FB6A9847051EF8
:10342000FFF614AFBB69414623707B6A3A6A63704A
:10343000FB6984F802A0E37007F14800FB6A984733
:10344000B0F10008C0F2BA807B69A9EB0A01C91A81
:10345000FB683A6AC91AD7E90A0398470028C0F2FC
:10346000AF804FF0000BA84408EB000507F1380AC5
:10347000B34571D300213A6A0846FB6A9847E5E6EE
:1034800056464FF0000807F1380092E75646D046FE
:1034900096E7B04694E7BA6A12F8021B12F8015C8C
:1034A000BA6254F82500274A904202D3264A904235
:1034B0001ED3BA6932B1786A7B6015F014FF7B685D
:1034C00000288BD1BA6802BB08F1280207F1300C42
:1034D00008F10100944407F1580208F1020852FA79
:1034E00080F00CF8101C5FFA88F800F8105C75E7A3
:1034F000BA693AB1786A7B6015F0F5FE7B680028FE
:103500007FF46CAF1BF0010F09D006F1280207F120
:103510003000711C161806F8205CCEB25EE71BF076
:10352000040F3FF45BAF08F1280207F1300008F107
:10353000010102EB000808F8105C5FFA81F84DE722
:10354000002063E7840004001C7D0400E73E0400C3
:10355000040000012C0D04001BF80A3054F82390DD
:1035600087F83730D7F884302BB3D7F888309B45AD
:1035700021D2D7F8843033F81B8001213A6AFB6AE4
:1035800007F13700984700281ADB0544B8F1000F0F
:1035900006D14846FCF7D3FE00F101081FFA88F86F
:1035A000414648463A6AFB6A9847002808DB0544CA
:1035B0000BF1010B5CE74FF00008DEE7454645E6FE
:1035C000054643E6014B1860704700BF5C140020BD
:1035D00080B505460E461746984610F017FD03467F
:1035E0001CF046FD0446DFF81890424649F80030CA
:1035F00039463046A84754F8090002F0D9FC00BF0C
:10360000080000002DE9F047058B04462807904686
:1036100011D4022905F0070540F0CC80204616F0B1
:1036200017F978B10138218B042811D8DFE800F0B0
:10363000C2106D85950001290CBF45F0100545F0BD
:103640002005258388F31188BFF36F8FBDE8F087CD
:1036500001F0070AAA4500F0A5800027B9463E46BA
:10366000A368002B00F0BC8041F00801218388F39F
:103670001188BFF36F8FA168002900F0BA800D6830
:10368000002900F0B680334652462046D1F8048027
:10369000C047002D76D02B6829461D46F0E701F083
:1036A00007035A1F012A1BD8002221F00701062B0D
:1036B000276889B2C4E9002209D13B4603E0628B46
:1036C000013262831B68002BF9D141F002012046D0
:1036D000218316F0BDF800287AD041F0200176E071
:1036E000042B0AD121F0070189B22046218316F06C
:1036F000AFF810B141F020012183218B01F0070ABE
:10370000AA454FD00027B946AAE7236921F007014F
:1037100041F00601062DD3F8009021832DD1B9F197
:10372000000F3FD041F00801218388F31188BFF3D7
:103730006F8F20463949C84729E021F007012369E6
:1037400041F0040189B2042DD3F804902183E6D01E
:1037500000274FF0040A3E4682E721F00701236963
:1037600041F0050189B2052DD3F808902183D6D008
:1037700000274FF0050A3E4672E700274FF0060A81
:103780003E466DE72B4687E7B9F1000FD1D1EFF345
:103790001188402383F31288BFF36F8F238B23F0AC
:1037A00008032383258BEA062ED525F010032383F7
:1037B00005F007056669218B002EBFF670AF002368
:1037C0002768C4E9003321F0070141F0010121839A
:1037D000218B4FF0000901F0070AAA457FF440AFA2
:1037E000002F9CD041F00801218388F31188BFF39A
:1037F0006F8F002FC8D03D68394633465246204669
:1038000016F052F82F46F4E7AB067FF51BAF25F014
:103810002003238305F0070500E700BFD5980300C8
:103820002DE9F047044607464FF00109DFF85080C4
:1038300014B93846BDE8F08794FAA4F5B5FA85F5D1
:1038400009FA05F32E0108EB05156FEA030A24EACD
:1038500003042B7B002BEBD058F806301B694BB9C7
:103860004644736804222846196807EA0A0716F0D6
:1038700007F9DDE7284698470028D9D1F0E700BFCF
:10388000BC0D040030B5002289B00F490F481AF072
:1038900074FC002200230024CDE906230E230C4DE6
:1038A000CDE903344FF440722846CDE90144094B79
:1038B0000949009410F0F4F8084928461AF0A8FACB
:1038C000204609B030BD00BFE138020038A6002014
:1038D00058A10020F93B020058090220A63F04002D
:1038E00001480FF0A7BD00BF9C1900202DE9F0474B
:1038F000804621480F4616F0A7F80646002833D028
:1039000000252846BDE8F087237B83B12368DB6868
:103910000BB120469847636883F8069023681B69BB
:10392000D3B9636804222046196816F0A9F8013655
:1039300010345445E8D3B8F1000FE2D0002DDFD0A9
:103940002846FFF76DFF0546002FF7D0002140F213
:1039500039101AF014FBF1E7204698470028E0D010
:1039600009FA06F31D43E2E705464FF00109034C4F
:10397000DFF80CA0DDE700BF44A50120BC0D04006A
:10398000DC0D0400014B53F820007047781604004A
:1039900008B5034608462BB1044A136000F072FCD8
:1039A000002008BD6FF01500FBE700BF6014002089
:1039B00010B5044C237813B903480FF03BFD0123E5
:1039C000237010BD8AF301209C19002010B5044615
:1039D000094816F039F83CB1084BD3E8EF1F01391C
:1039E000C3E8E21F002AF8D105481AF0D2FBBDE86F
:1039F000104004480FF01EBD3CA5012040A5012049
:103A000038A600209C19002000200146034BD3E873
:103A1000EF0FC3E8E21F002AF9D170473CA501204F
:103A200070B5FFF7F1FF0546074C084EB44200D3CE
:103A300070BD63685B792BB123685B6813B129465D
:103A4000204698471034F1E7BC0D0400DC0D04005B
:103A500010B5044C0449204615F08CFD034B1C6046
:103A600010BD00BFE41700206416040034A5012037
:103A700000230D4A10B513700C4A0D4913600D4A0E
:103A80000D481360FFF784FFFFF7E2FF0B4B0C4973
:103A900018468B4200D310BD1A1A5C68121101320D
:103AA00022711033F5E700BF8BF301203CA5012004
:103AB00040420F0040A50120459A0300BC0D0400C0
:103AC000DC0D0400014600220023014815F073BDFF
:103AD000E4170020014815F00CBE00BFE4170020D9
:103AE000024B0146186815F05FBE00BF34A50120E7
:103AF000014815F094BE00BFE417002070B5274BB5
:103B00001878002849D0FFF7E5FF0546002841D185
:103B1000234B244C1B68002B19DD1AF0E6FA4FF4F6
:103B20007A75A0FB050647F61222002305FB01610A
:103B3000F4F732F9D4E90032C01A40F2E93361EB0C
:103B40000201984271F1000101D3FFF769FFD4E946
:103B5000003213F57A7342F10002C4E90032BDE885
:103B60007040FFF7C5BF63685B7923B123682946BE
:103B700020461B6898471034B442F4D32846FFF718
:103B8000AFFF094BD3E8EF1F0139C3E8E21F002A5A
:103B9000BED0F7E7054C064EEEE770BD8AF3012074
:103BA0003CA5012030A6002040A50120BC0D04004A
:103BB000DC0D040070B50D4D297861B90120FFF7C7
:103BC00095FE0B4C0B4EB44206D3FFF797FF00282F
:103BD000FBD101232B7070BD63685B791BB1236837
:103BE00020469B6898471034EDE700BF8BF3012017
:103BF000BC0D0400DC0D040000212DE9F04708464F
:103C0000FFF774FE044658B340F21B684FF00009FA
:103C10001CF02EFA1B4B1C4A1B58136033B11B4B74
:103C20001B68092B02DD1A480FF004FC0025194F10
:103C3000DFF85CA044B12046FFF7F2FD044618B956
:103C40004FF0FF384FF0FF39FFF758FF064628B90D
:103C5000B5B942464B4650460FF026FC3546E9E7DB
:103C60004FF0FF384FF0FF39D2E72B689B691BB14B
:103C700000222846114698471035BD42F5D3E8E7A3
:103C8000054DFAE70800000038A5012040A50120F5
:103C90009C190020DC0D0400BC0D040013B518486D
:103CA00015F0D2FE174B1B7873B1EFF3118440234C
:103CB00083F31288BFF36F8FFFF720FF84F311881F
:103CC000BFF36F8F02B010BD0F4B1B68002BF9D0F4
:103CD00050B9002200230D48CDE9002347F61222F7
:103CE000002310F07DFCEDE70928EBD107481AF01E
:103CF00050FA074802B0BDE810400FF09BBB00BF70
:103D000040A501208BF3012038A5012038A6002012
:103D10009C19002010B5064B04461B6898472146A5
:103D2000A060044815F0C6FCBDE81040FFF7B6BF20
:103D300060140020E4170020044A054B9B1AB1EBE5
:103D4000D30F34BF52F83100002070478C0C0400B0
:103D5000BC0D04002DE9F04F8FB0C1F34A2804AF29
:103D60000D469146B8607B600C0DB8F1000F63D032
:103D700000264FF0040B4FF00A0A07F11403C7F8AE
:103D80000C80C7E907667E620193CDF808B0CDF8D4
:103D900000A007F11C0332464846F968FFF72CFAE9
:103DA000B0F5006F03461CD36C468AB0D9F80410F6
:103DB00004AB26481A46C3E9050140F2FF71D961F8
:103DC0004FF400711984224B42F8103F4FF4125106
:103DD00033462048FFF7BEFFA5462C37BD46BDE859
:103DE000F08FC0F30A0804F11700184420F0070010
:103DF00080083B60FFF766FE68F35325044690B1E8
:103E00003B6800F11001C7E9083607F11403F961B6
:103E1000CDE900A3CDF808B048460F4AF96807F18C
:103E20001C03FFF7E9F968F353252A4620467B680F
:103E3000B96815F045FED0E704F1170020F007003F
:103E40008008FFF73FFE0446EDE700BFBB3F0400DC
:103E5000040000014C0D0400939A03002DE9F04F7B
:103E600087B00446DDE9105ADDE912799346984699
:103E70000391BFB13B46524610210020CDF800907F
:103E8000CDF81490FEF7E6FFB0F5006F06460AD3B2
:103E900040F2FF730221174A174807B0BDE8F04F00
:103EA00015F067BE3E4605F11700304420F00700CC
:103EB0008008FFF707FE04F007040BF0070BE4008F
:103EC00044EA8B1444EA462444EA0554054640B1CA
:103ED0003FB13B4652463146CDF800901030FEF7D8
:103EE000B9FF434622462846039907B0BDE8F04F84
:103EF00015F0E6BDFA3F04004C0D0400406820B107
:103F0000034BC01A40F3CF0070474FF0FF307047AB
:103F10008C0C04000EB403B503AB53F8042B01461C
:103F20000448019302F0F8FB02B05DF804EB03B023
:103F3000704700BFD59B0300CA0605D48B064CBF53
:103F400002490349FFF7E6BF704700BF3340040052
:103F5000324004002DE9F04F8BB09B46169B9DF834
:103F600054A00693179B04460593189B0D46904654
:103F7000199E0493BAF1000F00F09E8006F0010331
:103F8000089306F00803079306F48073099315F06D
:103F900075FD06F00209024600283BD020468F49F5
:103FA000FFF7B8FF0746B9F1000F08D016F0440F2D
:103FB00032D12A4620468A49FFF7ACFF0744089BC6
:103FC00053B1884B204653F82A20874B8749002A53
:103FD00008BF1A46FFF79EFF099B002B48D0079B9E
:103FE000002B62D1B8F1000F64D0424620468049D0
:103FF000FFF790FF0546069B3D44002B6BD1049BC9
:10400000002B71D1F30700F1E28031462046FFF723
:1040100093FFD6E00746C6E7764B18680028CDD058
:10402000754B4FF47A791B684FF03C0CB5FBF3F5F8
:10403000B5FBF0F14FF4616300FB115509FB05F589
:10404000B1FBF3F2B5FBF0FE03FB121100FB1E55B2
:10405000B1FBFCF309FB05F5B5FBF0F50CFB131107
:1040600020460091CDE901E56449FFF753FFA5E73C
:10407000079BEBB1624B204653F82A206149FFF7BA
:1040800049FF0546B8F1000F05D042462046584981
:10409000FFF740FF0544BBF1000FACD05A46204665
:1040A0005949FFF737FF0544A5E74FF0000BE1E75B
:1040B000079DE7E745469EE7BBF1010F069B06D14A
:1040C000002B64D1049B002B7BD000250CE0002B3F
:1040D000F8D04E485CE04E48069B22464D4915F00C
:1040E000D1F8049B002B68D0DFF83881DFF83891D5
:1040F000049F3146102F204628BF10274FF0000B99
:10410000FFF71AFF5D4545DC059B494620461A78B6
:10411000FFF700FF4FF0010B1BF0070F03D14146E3
:104120002046FFF7F7FE5F453BD9059B49462046F1
:1041300013F80B20FFF7EEFE0BF1010BBBF1100F94
:10414000EAD14FF0000B20463349FFF7E3FE5A4611
:10415000059B20469A5CA2F120015F2928BF2E22F0
:104160002E49FFF7D7FE0BF1010BBBF1100F1DD04D
:104170001BF0070F03D141462046FFF7CBFE5F45FA
:104180005A46E5D841462046FFF7C4FEEBE72048F3
:104190005546A1E741462046FFF7BCFE0BF1010B57
:1041A000B0E720461E49FFF7B5FEC5E7059B3B4437
:1041B0000593049BDB1B04939AD1BAF1000F7FF4A3
:1041C00021AF20460BB0BDE8F04F15F0F6BC2046FD
:1041D000054A0649FFF79EFE17E700BF3A40040074
:1041E0003E40040088160400354004002C5A0400A8
:1041F000634004004CA5012048A50120474004006D
:104200009C160400674004006D400400039C0300FA
:10421000D59B0300196702007C4004007E40040027
:10422000784004007A4004007240040042F20F73A8
:1042300073B58B4228BF0B460568044605216846C6
:104240000D4A13F083FA0646636828460B225B6822
:104250000A4915F0A4FC63683246694628465B6843
:1042600015F09DFC63681B2228465B68044915F025
:1042700096FC02B070BD00BF837A04009D4004002C
:104280008140040000210123064A904206D8064AD4
:1042900001B901231360054B1860704701214008E4
:1042A0005B00F2E740420F0048A501204CA5012029
:1042B0000122014B1A7070478CF30120014B002042
:1042C0001960704764A501200148FFF7AFBF00BF28
:1042D000CC16040010B5064B0C461868FFF752FBCD
:1042E0002146BDE8104003460F220248184700BF90
:1042F00064A50120CC1604000122F8B5084B094D35
:10430000094E1A70D5E900470CB92C60F8BD21465A
:1043100030463A4600F01EF8241A0644F4E700BF7F
:104320008DF3012058A501208EF3012010B9074B11
:1043300018707047064B1B781BB141F2883019F09A
:1043400092BA9D20002119F01ABE00BF8CF3012003
:104350008DF301202DE9F04780460E460424DFF856
:1043600078901C4F99F80050A5B919F06FFA3246B1
:104370008246414628460EF03DFC0546504619F05F
:104380006DFAE5B101233B7099F8003073B93046FE
:10439000BDE8F0873246414600200EF02BFC054672
:1043A000EFE72046651EFFF7C1FF2C4600200EF008
:1043B00065FC0028EBD03B78002BF2D1E7E73B7897
:1043C000002BE4D0013C2046FFF7B0FF3B78002BE8
:1043D000C8D1DCE78CF301208DF30120F8B50D4640
:1043E0000446064F4618B44201D12846F8BD14F8D9
:1043F000011BBB6801485B689847F4E7280204008A
:10440000014B0360002070471017040008B50448F2
:1044100014F092FF034814F08FFF002008BD00BF86
:10442000EF4004002441040030B500240A4D0B4B3A
:1044300087B028460393CDE9044419F07FFC03AB11
:10444000284600934FF4A3620A2305490FF00AFAA5
:10445000204607B030BD00BF70A6002052410400C6
:10446000580C022008B50121024A034815F063FCEC
:10447000002008BD60410400D40C040038B5144C81
:10448000C51CD4F8503125F0030523B1D4F85831B8
:104490002B44782B19D97C21012019F017FF78B112
:1044A00000230360D4F854215AB9C4E95400C4F875
:1044B0005831D4F858311A1D1D441044C4F85851CD
:1044C00038BD1060C4F85401F1E7D4F85401F0E7A6
:1044D00094A501200848D0E8EF3F43F00203C0E86C
:1044E000E23F002AF7D1436AA0F59C701B680BB12C
:1044F00041681847704700BFCCA60120022801D9A7
:10450000FFF7B0BF014B185C704700BFE3420400E7
:104510002DE9F041184C0546D4F834310E46222BD3
:1045200009D9164A0121164815F005FC4FF000087C
:104530004046BDE8F08103681878FFF7DFFF0746C3
:104540003044FFF79BFF08B90E4AEBE7D4F834314B
:1045500030445A1C0333C4F83421DB002A8A03F1A7
:104560000408A0441C4422816B8A6060A3723A460E
:1045700029681BF06AFBDBE794A501207741040062
:10458000D40C04009341040070B5054638B90B4AB9
:1045900001210B4815F0CFFB0024204670BD0078A8
:1045A000FFF7ACFF0646FFF769FF044608B9054A66
:1045B000EEE7324629461BF048FBEEE7B041040027
:1045C000D40C0400C441040010B5A0F12C03D3E8BE
:1045D000AF3FDB0706D4BDE8104002210C4A0D486E
:1045E00015F0A9BBA0F5B274A0F5AE71206808F073
:1045F000C3FF034658B101210648074A15F0B9FA2E
:104600002046BDE810406FF00B0115F0B8BB10BD9F
:10461000D9410400D40C0400EF410400F7B54F4C1D
:104620000D46236883420AD001214D4A4D4815F0BA
:1046300082FB6FF00D01204615F0A1FB1BE0137CFF
:10464000032B71D005D8022B11D16FF0150143480F
:10465000F2E7052BF9D1002941D1D4F83431012BEF
:104660002DD9238C013323820323237631E021B912
:10467000204615F09AFB002047E0CF682846082125
:10468000FFF746FF064638B9374A0121354815F08D
:1046900052FB6FF00B01CEE715F09BFB3B68054624
:1046A00003607B6843600068FFF76EFF286008B90D
:1046B0002E4AEAE7AB88E382B2889A4202D1FFF73A
:1046C00009FFD8E70023A36005232376B3880133CD
:1046D000238204F5B271264819F0F6FACBE70026DA
:1046E00042F60303286801A98DF80460ADF806308E
:1046F00015F000FE58B908212846FFF709FF0446C7
:1047000015F087FB23680360012003B0F0BD31463C
:104710002846FFF7FDFE0028F6D12B8A0121154A15
:10472000104815F026FAB4E70029C8D02046098AB7
:1047300015F0E3FA10B96FF002017CE7EE6815F0AE
:1047400068FB336805460360736843600068FFF7E1
:104750001BFF28600028D7D19BE700BF94A501204C
:1047600010420400D40C0400324204005B420400F6
:1047700070A6002089420400F8B506460D4619B11E
:10478000097811F0FD0F4CD1002A4AD0284CD4E80A
:10479000EF1F41F00100C4E8E70F002FF7D111F03F
:1047A000010141D1A4F59C74002DC4E9006314BF3C
:1047B00001230023C4E9541184F86031C4F85C215A
:1047C000C4F83411C4F858110AD02878FFF796FEBF
:1047D0002946024604F59E701BF037FA04F59E75D3
:1047E000144BA560E3604FF6FF730125E3820023BD
:1047F000114912482376258219F03BFA30461049B8
:1048000008F0BAFE044650B10E4A034629460E4847
:1048100015F0AFF96FF00101054815F0A5FA204633
:10482000F8BD6FF01504FAE76FF07704F7E700BF03
:10483000CCA601201D460200C9450200F8A60120B1
:104840009CA50120C7420400D40C04001FB5094AEE
:1048500001AB1068516803C39068074A044601AB76
:1048600003CBC2F83640C2F82E00C2F8321004B0B2
:1048700010BD00BFEC0D040010A701201822044B4E
:104880005A872822DA634FF4C872A3F84020704791
:1048900010A701202DE9F04F2B4E8BB096F8213058
:1048A00004468846039213B300273D464B7896F89A
:1048B00028B096F820A00193574505D384F83C50C2
:1048C000BBF1000F11D131E04FF00009D8F80430EE
:1048D000039A02931D4B9B5C0093019B994509D35E
:1048E000BBF1000F2CD084F83C50AA4520D00BB06F
:1048F000BDE8F08F029B009A03EB090105A815F0B3
:1049000027FD0028ECD0B16805A815F0F3FC10B124
:10491000009B9944E1E7B16804EB8502013591639E
:10492000EDB2BBF1000F0BD184F83C50002DDED06E
:10493000637801336370012384F83430A370D6E7C1
:1049400001371836B8E700BF10A70120F142040074
:10495000F8B505460E461746074B1C6854B154F887
:10496000043C043C1B681BB13A4631462846984734
:104970006468F3E7F8BD00BF08A7012050B1002329
:104980004360054B021D596811B9C3E90022704705
:104990000A605A60704700BF08A7012070B505463D
:1049A0000C46002945D04FF0FF324FF0FF3322482C
:1049B0000EF046FC032D0CD035D9043D012D8CBFE3
:1049C0006FF015046FF00B041B480EF0B1FC20468D
:1049D00070BD1A4A92F820302BBB2378012B0BD0E4
:1049E000022B10D013BB2068D060154B00249360BD
:1049F000012382F82030E7E702F10C0394E803007A
:104A000083E80300F1E7234602F10C0403F11006EA
:104A1000254618685968083303C5B3422C46F7D1B8
:104A20001B782B70E1E76FF00B04CDE76FF01504F6
:104A3000CAE76FF01504CAE75819002010A7012033
:104A40001CA701200022054B5A70DA705A7183F8B6
:104A5000212083F8252083F82720704710A7012004
:104A600008B5830625D0FFF7EDFF10F0020F18BF41
:104A70000122114B18BF5A71C20744BF01225A705C
:104A8000C20644BF0122DA70420744BF012283F804
:104A90002120020744BF012283F82520820648BF57
:104AA00001224FF0000048BF83F8272083F8281028
:104AB00008BD6FF01500FBE710A70120F0B51D4FF2
:104AC000054697F82C300E4687B0002B2FD003797F
:104AD0006BB30023019315F05AFA174B02AC0FCBBE
:104AE00084E80F0001AB2146304607F13A0205F099
:104AF00073FE0835114B50B11C68C4B154F8043C26
:104B0000043C9B680BB1284698476468F5E7019E12
:104B10001C684CB154F8043C043CDB6813B13146CA
:104B2000284698476468F4E7019804F0ABFF07B0A3
:104B3000F0BD00BF10A70120F80D040008A7012058
:104B40002DE9F04397B0542205460C4601A80021F8
:104B50001BF088F8434B93F828208DF8072093F832
:104B6000212012B101228DF804202A8902F00106C9
:104B700012078DF8086044D5002E40D1D5F800907A
:104B800093F87B80384F464530D3002303F0010370
:104B90008DF80830204615F070FB06463349204654
:104BA00001AAA78802F0C0F8A368A78013FA86F6C6
:104BB0002F4B2660CDE904349DF807302C6803950F
:104BC0009DF80850002B3BD09DF805209DF804303F
:104BD0009A4239D106A903A82A46FFF7B9FE214611
:104BE00001A8FFF76BFF17B0BDE8F0833846072236
:104BF00049461BF03FF8073708B10136C3E70123E8
:104C0000C4E7002EC6D04221072293F87A0012FB97
:104C10000012296898180E689E508A8882808A79C6
:104C2000827193F87A20013202F0070283F87A2029
:104C300093F87B20072A9CBF013283F87B20A9E7E9
:104C40009DF80630002BC5D10A4B1C68002CCAD039
:104C500054F8043C043C5B6813B1294603A8984708
:104C60006468F3E710A7012052A701205D9F0300AD
:104C70004AA7012008A7012038B50546174C184857
:104C800004F0F4FA2C22002120461AF0EBFFEDB1DB
:104C90002B7984F82C302A688AB11368C4F82E3036
:104CA0005368C4F832309368C4F83630AA684AB101
:104CB0001368C4F83A3053680A4A536038BDFFF7A6
:104CC000C5FDF3E7BDE83840FFF7D8BDFFF7BEFDEF
:104CD000FFF7D4FD84F82C50F0E700BF10A70120A7
:104CE0006C1400204AA70120034608B1012805D111
:104CF0000448002100F82E3F04F060BA6FF0150060
:104D0000704700BF10A7012038B5D0F8BC3004466A
:104D10005BB990F8BB3043B90221114A114815F034
:104D20003AF96FF03C03C4F8BC3094F8C0502068E6
:104D3000B4F8B810D4F8BC2065B1A36C9847002231
:104D4000636C9A809A681A600023A4F8BA30C4F899
:104D5000BC3038BD636A984784F84050F4E700BF20
:104D6000004304009C0D0400034660B10648014660
:104D7000421AB2F5447F01D900207047026893427D
:104D800001D0C430F4E770478CA70120F0B5074686
:104D90001D46164685B08AB1022B06D00221124A62
:104DA000124815F0F8F8012009E0FFF7DDFF04468E
:104DB00038B929460E4A0D4815F0EDF8002005B027
:104DC000F0BD90F8C030002BEDD131462A4601A845
:104DD00015F0E8F901A815F040FAE36F0146002B41
:104DE000E1D038469847DEE72D4304009C0D0400CF
:104DF00066430400F0B507461D46164685B08AB1E5
:104E0000022B06D002211C4A1C4815F0C4F80120D0
:104E100009E0FFF7A9FF044638B92946184A1748A0
:104E200015F0B9F8002005B0F0BD90F8C030002BA7
:104E3000EDD131462A4601A815F0B4F901A815F0C4
:104E40000CFA94F84030014673B1B4F8B83083429C
:104E50000AD1237F002BDAD16FF00C032046C4F86F
:104E6000BC30FFF751FFD2E7D4F89830002BCED0FA
:104E700038469847CBE700BFBE4304009C0D0400B2
:104E8000ED4304002DE9FF4106460D461F46FFF79E
:104E90006BFFBDF82880044638B1D0F8B03043B974
:104EA0000121174A174815F076F8002004B0BDE834
:104EB000F08165B12B46144A0121124815F069F8BA
:104EC0002A46D4F8B030002130469847EDE717B1B4
:104ED000B8F1040F02D06FF07902F4E74246394688
:104EE00001A815F05FF901A815F0BFF92A4681B2B3
:104EF000D4F8B03030469847C4F8B050D5E700BF7A
:104F00004B4404009C0D040064440400F0B51E46AC
:104F100015468DB042B1FFF727FF044638B902218C
:104F2000424A434815F037F800200DB0F0BD29463D
:104F3000324606A815F036F906A815F086F905469A
:104F400020B1022841D003463A4A05E0BDF81C7062
:104F5000022F07D03346384A0221354815F019F898
:104F60000120E2E706A815F078F994F840200346FE
:104F70001AB1B4F8B820824201D0304AECE74FF4BD
:104F8000403205AB012109A8CDE90A23099315F0A8
:104F900029F9B4F8B81009A815F02CF9A189CDE9C0
:104FA00001550095BDF82830099A206817F09CF843
:104FB000034638B11E483946214A14F0EAFF20461C
:104FC000FFF7A2FE02232377CAE7BDF81C30012BAE
:104FD00002D033461B4ABFE706A815F036F9217FF9
:104FE000034601290FD0022914D0E1B994F84020DA
:104FF000CAB1062817D16FF00C03C4F8BC302046A4
:10500000FFF782FEACE7002201282277A8D06FF0DC
:105010000103F2E7002201282277F0D00A4A04486F
:1050200014F0B7FFEBE7094A96E700BF79440400A4
:105030009C0D040068460400C544040005450400B6
:1050400050450400C245040018460400F34504001E
:10505000F7B507460D461646FFF786FE044618B319
:105060007389D5B9B0F856209A420ED1B3897BB175
:10507000012380F8C030D4F8B430ABB132462946B1
:10508000384603B0BDE8F0401847428E9A42F2D14C
:10509000C4E9115584F8C050EDE70221034A0448E1
:1050A000009514F070FDE6E703B0F0BD8B460400F8
:1050B0009C0D04002DE9F04186B0044603A815F0CC
:1050C00071F803A815F0C1F8C2070646C0F38705BA
:1050D0000BD5CDB12B4602212E4A2F4814F059FF93
:1050E0006FF01503C4F8BC3050E094F8BA3094F86F
:1050F000C0209D4230D00221284A2748009514F054
:1051000042FD6FF03C03EDE794F8C02094F8BA300C
:10511000DAB103990A78497801F00F0142EA0122D5
:10512000A4F8B820002BE6D1BDF81070D4F8448064
:10513000404615F0A6F8B84213D20221184A164884
:1051400014F029FF6FF00B03CCE7002BD3D1BDF88F
:105150001070D4F82080EBE7BDF81070002AF8D06A
:10516000E4E7394603A815F068F83A460146404698
:1051700015F02FF8B30748BF012305F1010505F02D
:105180003F0548BF84F8BB3084F8BA5006B0BDE88C
:10519000F08100BFB54604009C0D0400FB460400EE
:1051A0005447040070B51E461546C2B1FFF7DCFD3A
:1051B000044630B9184A1948022114F0ECFE0020C8
:1051C00070BD436A0BB1036A0BB9154AF3E790F857
:1051D000403033B9134A0221104814F0DCFE01209C
:1051E000EEE790F8BB300BB10F4AF4E7D0F8BC30D3
:1051F000002BF4D1012E09D802210C4A074814F0E3
:10520000CAFE6FF01503C4F8BC30E8E73246294601
:10521000FFF750FFE3E700BF8E4704009C0D04003A
:10522000EA4704004048040078480400B8480400F5
:1052300070B51E461546F2B1FFF796FD044630B92B
:10524000154A1648022114F0A6FE002070BD836C9A
:105250000BB1436C0BB9124AF3E7D0F8BC3053B929
:10526000012E0AD802210F4A0C4814F094FE6FF068
:105270001503C4F8BC300120E8E732462946FFF7A1
:1052800019FF94F8BB301BB9D4F8BC30002BF2D016
:105290002046FFF739FDEEE7F44804009C0D0400BA
:1052A000EA4704005049040070B58AB00546FFF78C
:1052B0005BFD044648B1284601A905F0FDF830B170
:1052C000206804F0DFFB002323600AB070BD9DF866
:1052D0002460022EF4D12846211D08F0CFFE03469B
:1052E00038B110F1160F04D03146214A214814F08C
:1052F00050FE284604F1280108F0C0FE034638B1EC
:1053000010F1160F04D002211B4A1A4814F041FE76
:10531000284604F14C0108F0B1FE034638B110F103
:10532000160F04D00221154A124814F032FE284606
:1053300004F1640108F0A2FE034638B110F1160F23
:1053400004D002210E4A0B4814F023FE284604F133
:10535000800108F093FE03460028B1D010F1160F2B
:10536000AED00221074A034814F013FEA8E700BF9D
:105370008C4904009C0D0400B0490400E34904007A
:10538000174A0400474A04002DE9F04F0F4605462E
:1053900085B0002800F0AB81002900F0A881084604
:1053A000FFF7E2FC002840F04B81A74C2246A31AED
:1053B000B3F5447F04D96FF00B0005B0BDE8F08F62
:1053C0002668002E00F07081C434F0E7414628467C
:1053D00002AA8DF80860ADF80A9014F091FD08B9A2
:1053E0009A4A7DE142F6021A83884146238628467E
:1053F00001AA8DF80460ADF806A014F081FD08B98B
:10540000934A6DE1838842F615496386914BDFF834
:105410009482A362032304F13800A386C4F82C808D
:1054200014F0BBFD03A92846ADF80E908DF80C6072
:1054300014F027FD02AA014683462846ADF80A90DB
:105440008DF8086014F05CFD5946814601AA284693
:105450008DF80460ADF806A014F052FD0323BBF1F3
:10546000000F05D1B9F1000F00D1D0B17A4A37E170
:10547000B9F1000F01D1794A32E108B9784A2FE138
:10548000B9F80420A4F854208288A4F85830A4F86D
:105490005620744AC4F85080E26404F15C0014F0B1
:1054A0007CFD002642F6184A284603A98DF80C60B8
:1054B000ADF80EA014F0E5FC814608B96A4A0FE188
:1054C000014602AA28468DF80860ADF80AA014F03B
:1054D00017FD08B9654A03E142F6021A8388494676
:1054E000A4F86C30284601AA8DF80460ADF806A037
:1054F00014F006FD08B95E4AF2E04FF0030B838812
:1055000004F17400A4F86E305A4BA4F870B06366CE
:10551000C4F8688014F041FD42F61943284603A9F7
:10552000ADF80E308DF80C6014F0ABFC42F6194368
:10553000814608B9504AD3E0014602AA28468DF8B0
:105540000860ADF80A3014F0DBFC08B94B4AC7E03C
:1055500083884946A4F88830284601AA8DF804605B
:10556000ADF806A014F0CCFC08B9454AB8E0838831
:10557000A4F88CB042F6174BA4F88A30414B04F1E2
:105580009000C4F88030C4F8848014F006FD03A9AC
:1055900028468DF80C60ADF80EB014F072FC814610
:1055A00008B9394A9CE0014602AA28468DF80860ED
:1055B000ADF80AB014F0A4FC08B9344A90E083882E
:1055C0004946A381284601AA8DF80460ADF806A0DB
:1055D00014F096FC08B92E4A82E08388C4F808804B
:1055E000E3812C4B42F614486360022304F114005B
:1055F000238214F0D2FC03A928468DF80C60ADF884
:105600000E8014F03EFC014608B9234A68E00026EB
:10561000284602AA8DF80860ADF80A8014F070FCE4
:1056200008B91E4A5CE083883046A4F8A4301C4BBD
:10563000A4F8A660C4F89C300123C4F8A030BCE6EE
:105640006FF07700B9E600BF8CA70120BE4A0400C6
:10565000FB4A0400A5510200314B0400684B0400D2
:105660009B4B040031520200C74B0400044C040061
:105670003D4C04008D4D02006F4C0400B24C040000
:10568000F14C0400F54D0200294D04005A4D040070
:10569000874D04000D4F0200AD4D0400E44D0400A1
:1056A000854E020051500200C422314620461AF0B5
:1056B000D9FA384615F07AF920603846FFF754FBDE
:1056C00042F61649044603A928468DF80C60ADF849
:1056D0000E9014F0D6FB804600287FF477AE054A82
:1056E0000548022114F057FC3846FFF7DDFD6FF046
:1056F000150062E67D4A04009C0D04002DE9F04F80
:1057000087B00C46DDE9109A90461E460546129F6A
:1057100048B95C4A01215C4814F03DFCCCB1A38837
:10572000A3B95A4A16E083880BB9594AF2E781B106
:105730008B88002BF5D0042114F07FFD002E00F0A3
:1057400099803946B047002840F0948007B0BDE802
:10575000F08F504A01214C4807B0BDE8F04F14F0DB
:105760001ABC0821284614F068FD0646B9F1000F5E
:1057700008D1F379002B6AD0AB88002B77D1464A49
:105780000221E8E73946C8470028F2D1DEE7A388BE
:10579000022B05D8414A02213B4814F0FCFBD5E717
:1057A000AB880BB93E4AF6E7204614F04EFD8DF863
:1057B0000800204614F049FD8DF80900204614F039
:1057C00044FD8DF80A00284614F03FFD9DF809209D
:1057D00003468DF811209DF808208DF810009042A6
:1057E00006D00221009228482E4A14F0CCF9ADE7E9
:1057F0009DF80A200AB92C4ACDE729688DF81220B5
:10580000059121680391010602D50321274AC3E7C8
:1058100008B98DF812B0A3889342BBD39DF812202B
:10582000AB889A42BED8BAF1000F19D19DF8121078
:10583000284614F0FAFC20469DF80A1014F0F5FCF6
:1058400008F10108F2795FFA88F39A429FD8AB8891
:10585000072B86D8A28813433FF478AF144A8FE70A
:105860003A4604A902A8D0470028DFD16EE74FF0DE
:105870000008E7E7B8F1000F0CBF4FF0030B4FF043
:10588000050BE4E7174E04009C0D0400754E040060
:10589000334E0400584E04009B4E0400CF4E0400CB
:1058A000F24E0400144F0400424F0400654F040000
:1058B000774F040008B50348034A0021121A14F078
:1058C000A6FB08BD481C002058F90120074808B570
:1058D000074A0849121A14F09CFBBDE80840064824
:1058E000064A0749121A14F094BB00BF2011002089
:1058F000481C0020247D04001811002020110020E5
:105900001C7D04002DE9F84F80460C4600AF0029AD
:1059100065D0D1E90012E9468AB0A3686D464FF020
:10592000050A2E463748C5E90723C5E9050146F8AB
:1059300010AF002332464FF421513348FEF70AFAE4
:10594000D4E90312CD466369AD463048C5E9072363
:10595000C5E90501C5F810A0002332464FF42151D6
:105960002948FEF7F7F9CD46E3690121284A264880
:1059700014F0FFF8264600254FF00A0ADFF8A0B021
:10598000E946D6E908E0D6E90A138EB06A46C2F8BD
:105990001CE005F1010EC2E908E0A81CC2E90A01F9
:1059A000E91CC2E905B5C2E90C1342F810AF0023A7
:1059B00045F2400114480435FEF7CCF9102DCD46D0
:1059C00006F11006DCD1236E0121124A0E4814F0B4
:1059D000D0F8A3690121104A0B4814F0CAF8B8F1B5
:1059E000010F07D1EFF305830C4A41460648103BEF
:1059F00014F0BFF8214640460DF072F9BD46BDE8EF
:105A0000F88F00BFBF4F0400940D0400EE4F040058
:105A10001D5004006F5004007E500400AC50040080
:105A20002C50040030BFFFF7FDBF00BF2DE9F0414F
:105A300005460B4EDFF83080324606EB0807CC1BDC
:105A4000204608491AF001F9A01942460021083CF5
:105A50001AF008F9C5F8844007F10800BDE8F081A4
:105A600000000000DC0D040008000000054B9A69EE
:105A70009B689A421FBF044A536843F080535360A7
:105A8000704700BF98B2012000ED00E070B52A4CCD
:105A900006460D4629482A4914F0C8FAA36ADB06CF
:105AA00047D52648274914F0C1FA1120A36A1C07DC
:105AB00004D52248244914F0B9FA12201E4CA36AD6
:105AC000990712D521491D4814F0B0FA636BA26AF8
:105AD000120609D501211E4A184814F04AF81EB1D1
:105AE000A36A23F08003A3621320134CA36ADE078A
:105AF00004D51248174914F099FA1420A36A9C0699
:105B000004D50E48144914F091FA15200A4B9A6AEC
:105B1000D10658BF9A6A9A6A920642BF5A6A22F41C
:105B200000525A629A6A42F0FF029A6200232B7076
:105B300070BD1020BAE700BF00ED00E0940D040036
:105B4000BF500400D5500400085104001B5104004C
:105B500033510400495104006851040010B5244C2D
:105B60002449254814F062FAA36A99013ED52248D7
:105B7000224914F05BFA1E20A36ADA0104D51E48FC
:105B80001F4914F053FA1F20194CA36ADB0204D5F5
:105B900019481C4914F04AFA0220A36A1C0304D5D0
:105BA0001548194914F042FA2120114CA36A5903EF
:105BB00004D51148154914F039FA2220A36A9A0332
:105BC00004D50D48124914F031FA2320084CA36A79
:105BD000DB0304D508480F4914F028FA2420A36AEF
:105BE0006FEA03436FEA1343A36210BD1D20C3E7AE
:105BF00000ED00E097510400940D0400AF51040043
:105C0000C2510400DC510400065204002452040076
:105C1000495204006352040070B5294C06460D46F3
:105C20002848294914F002FAA36AD9043CD525482A
:105C3000264914F0FBF91720A36A1A0504D5214858
:105C4000234914F0F3F918201D4CA36A9B0512D5C3
:105C50001C48204914F0EAF9A36BA26A100409D584
:105C600001211D4A174813F084FF1EB1A36A23F4D3
:105C70000043A3621920124CA36A590504D51148A8
:105C8000164914F0D3F91A20A36ADA050ED50D4887
:105C9000134914F0CBF91B20094A936A43F47F435C
:105CA000936200232B7070BD1620C5E7A36A9B0486
:105CB000F2D504480B4914F0B9F91C20ECE700BFF9
:105CC00000ED00E0940D04008E520400A452040084
:105CD00008510400B5520400CE520400E3520400FF
:105CE000FE520400685104002DE9F0419CB0624B63
:105CF0000546D3F80480002600AFC8F3080486F3F5
:105D00001188BFF36F8F02F07F43B3F17F4F07D14C
:105D100002F00C03082B12D15849594814F086F9A7
:105D2000002635460023FB71E31E092B00F2838019
:105D3000DFE803F00A797C7581818181817F10071A
:105D40004CBF0D460126EDE74E494D4814F06EF963
:105D50000023494CFB71E36A9A0705D54A49484834
:105D600014F064F9002431E0E36A002B01DA4749BA
:105D7000F5E7E36A5B00F5D54549414814F056F96B
:105D80006369AA6943F480736361BFF34F8FBFF304
:105D90006F8F636932F8022C23F480736361BFF361
:105DA0004F8FBFF36F8F4DF602739A4207D0A36AED
:105DB000DBB23BB30120F91DFFF768FE31E02B6831
:105DC0000121344A2E4813F0D4FE2C68FB79ABB97C
:105DD0006822294607F1080019F037FF7B6A002E78
:105DE00045D0C3F3080222B96FEA53236FEA432375
:105DF0007B62204607F10801FFF784FD7037BD463E
:105E0000BDE8F081A36A13F47F4F04D00120F91D8F
:105E1000FFF702FF05E0A36AB3F5803FA2D3FFF7C7
:105E20009DFE0446D2E70020F91DC5E70020F91DBC
:105E3000EEE7194993E7194A18F4F87FE8468AB063
:105E4000174B18BF13466A461649103CC2E90513A2
:105E50004FF400731384144BD46142F8103F0023B5
:105E60004FF411510648FDF775FFC5467AE723F454
:105E7000FF7323F00103BBE700ED00E0445304008F
:105E8000940D04006F53040086530400A7530400CC
:105E9000B5530400D4530400F05304002B53040002
:105EA000165304001454040004000001064B5A6900
:105EB00042F010025A615A6942F480625A615A698A
:105EC00022F008025A61704700ED00E0EFF308800D
:105ED000EFF3098101B57246FFF706FF01BD00BF70
:105EE000002080F31488BFF36F8F002080F30A88AE
:105EF00080F30B880F4880F308880CF06DF90020C0
:105F00000D490860BFF34F8F00F02CF8402080F35C
:105F100011880A484FF40061401880F30988EFF3B4
:105F200014800221084380F31488BFF36F8F00F0C0
:105F300003F90000604A022094ED00E020310220C5
:105F4000002318460649D1F89020C2F30722934255
:105F500000DB7047C1F89830C1F8A0000133F6E7C4
:105F600000ED00E010B572B6002484F31388FFF74B
:105F7000E7FF23464FF0FF300C4A03F120010133C5
:105F8000102B42F82100F8D100234FF0FF30074AD0
:105F900003F160010133102B42F82100F8D162B601
:105FA000BFF34F8FBFF36F8F10BD00BF00E100E064
:105FB000084B9B6883420BD1EFF3058343B1064B3B
:105FC0005A6842F080525A605A6A22F400425A6279
:105FD0000EF022B898B2012000ED00E025498A6851
:105FE00082F8D1E04FF030001044EFF3098C80E8E4
:105FF000F01F1EF0100F03D102F1900080EC108A08
:10600000402080F31288BFF36F8F1B4F4FF0006664
:106010008A698A603E60D2F88400184C206092F948
:10602000D1E0D2F888000023C2F8883080F31188CC
:106030001EF0100F03D00023E1EE103A03E002F14E
:10604000900090EC108AEFF3148323F0040383F3A1
:106050001488BFF36F8F02F1300090E8F01F8CF3CB
:10606000098802F1000004B513F0E8FFBDE8044020
:106070007047000098B2012004ED00E060AB012001
:106080001EF0040F0CBFEFF30880EFF30980816965
:1060900011F8021C0229FFD001B5724613F0BBFFB4
:1060A00001BD00BF00B2002807DB01234109034AFC
:1060B00000F01F00834042F82130704700E100E00B
:1060C00000B200280CDB01220649430900F01F0042
:1060D0008240203341F82320BFF34F8FBFF36F8FEF
:1060E000704700BF00E100E0D30748BF002100B2C5
:1060F00058BF02310028ACBF00F16040064A4FEAA9
:106100004113DBB2ABBF00F5614000F00F0080F837
:1061100000331354704700BF14ED00E0044B054AF0
:1061200023F07F039360BFF34F8FBFF36F8F7047F0
:106130000000000000ED00E008B5FFF7EFFF104B96
:10614000D3F8882022F47002C3F88820D3F888207E
:1061500042F4A002C3F888204FF04042C3F8342232
:10616000BFF34F8FBFF36F8F0023E1EE103AFFF7BD
:10617000A1FBFFF7ABFB00F07DF80CF0D1FE00BFF8
:1061800000ED00E04FF47D41C0F8D01042F8203C13
:10619000009B0B4942F81C3C019B21F0010142F895
:1061A000183C029B42F8081C42F8143C4FF08073E4
:1061B00042F8043C0023203A0265C0F8883070475A
:1061C000D1350200104B9B6883421AD1EFF3058052
:1061D000B8B9EFF31181402282F31288BFF36F8FB9
:1061E0001A7B22F002021A73EFF3148323F00403E4
:1061F00083F31488BFF36F8F81F31188BFF36F8F20
:1062000070476FF01500704798B201200E46154692
:10621000002300B5E1EE103AEFF3148323F00403FA
:1062200083F31488BFF36F8FBFF36F8F0C4BD0F8DD
:10623000842098600B4B1A60436F83F30B882C46C5
:1062400086F309880020044B98472046002100224D
:106250000023024C2047000049A00300D135020072
:1062600098B2012060AB01201022014B1A617047E7
:1062700000ED00E00023402040F20F1210B5044C66
:10628000E1180133934281F80003F9D110BD00BF3A
:1062900000E100E008B5EFF30583064A103B02EB8E
:1062A000C30152F8330049688847BDE80840FFF74A
:1062B000DDBB00BF600204001FB5094C094A23463C
:1062C0000121094800F012F900230393074B012133
:1062D000E41A01A80193029400F012F904B010BD71
:1062E00000F002200000002010170400481C0020CD
:1062F00010B50C7A0B6804F01F0223F01F031A4339
:10630000CB68640923F01F03054943EA440343F0C3
:106310000103C1F89800C1F89C20C1F8A03010BD5D
:1063200000ED00E010B50A4BD3F89030C3F307231B
:10633000013B984208D901210346064A064813F05A
:1063400018FC6FF0150010BDFFF7D2FFFBE700BF90
:1063500000ED00E02B5404006C0D04002DE9F04F1B
:106360008946144606464FF00008514D85B0C84591
:1063700027DAD6F804A0BAF1000F44D0BAF11F0F03
:1063800017D91AF01F0F14D1D6F800B01BF01F0F49
:106390000FD1584613F07BFE07460AEB0B0001387D
:1063A00013F075FE874210D06FF01507414A3B4647
:1063B00001E04346404A0121404813F0DAFB6FF008
:1063C0001504204605B0BDE8F08F17F1160FEDD08B
:1063D000BC42EBDDC5F89870D5F89C10C5F89870F4
:1063E000D5F8A03021F01F0143F01F0BD6E9003291
:1063F0001A44994202F1FF3A1DD1D34507D13146E3
:10640000F8B213F04DFE08F101080C36AFE7314643
:10641000C5F89870D5F89C3022F01F0203F01F03D6
:106420001343C5F89C30E0B213F03AFE10F1160F9A
:10643000C5D0441CE7E7C5F89870D5F8A020013B0B
:1064400023F01F0302F01F021343D3453146E0B28D
:10645000C5F8A030E8D013F023FE10F1160FAED02F
:10646000C5F89870D5F89C209DF808300BF1FF3BDB
:1064700062F304038DF80830D5F8A0309DF80820A9
:106480005B0863F347128DF80820D6E90032134405
:10649000009323F01F035B44A3EB0A03013023F0B6
:1064A0001F036946C0B20393FFF73CFFBEE700BF7E
:1064B00000ED00E074540400515404006C0D04001D
:1064C0000522044BC3F89420BFF34F8FBFF36F8FA7
:1064D000704700BF00ED00E0BFF35F8F0022024B6A
:1064E000C3F89420704700BF00ED00E010B5034CE6
:1064F0002278FFF733FF207010BD00BF9FF301200B
:106500002DE9F74F294D8A4606464FF00008AB4665
:10651000274FD0451BDAD6F80490B9F1000F3FD0D1
:1065200031680846019113F0B2FD0199044609EB68
:106530000100013813F0ABFD84424FF014021D4BF3
:1065400008D002FB08F36FF015024BF8032003B0EC
:10655000BDE8F08F14F1160F2C60F8D01978A14225
:10656000F5DD02FB08B0C7F89840C7F89840D7F8A7
:106570009C4000F10801007B64F304000871D7F827
:10658000A0000C79400860F347140C71D7F89C10F8
:1065900021F01F016960D7F8A01021F01F012961C7
:1065A00008F1010814350C36B3E700BF64AB0120D5
:1065B00000ED00E09FF30120F0B55249524CD1F8B4
:1065C00090302568C3F307239D4287B000F2968080
:1065D0000020FFF781FF4D4BC1F8C030854216D136
:1065E0004B4C01A82570FDF70BFF00250646494FCF
:1065F000AE4213D1002023784249D1F89020C2F353
:106600000722934274DBFFF75BFF002043E06168E1
:1066100001EB0011FFF76CFE0130DFE70199280163
:1066200001EB0513DA683A40B2F5800F42D007D883
:10663000B2F5801F15D0B2F5001F2ED00135D7E777
:10664000B2F1006F43D0B2F1805FF7D15A689B6816
:106650000958013B22F01F00034423F01F030120CF
:1066600032E05A689B680958013B22F01F0003443E
:106670000120844623F01F0340EA4C10CDE902219B
:106680008DF8100002A920780593FFF74BFE002833
:106690002ADA6FF0150007B0F0BD5A689B680958F8
:1066A000013B22F01F0003444FF0020C012023F0B5
:1066B0001F03E1E75A689B680958013B22F01F005D
:1066C0000344062023F01F034FF0000CD4E75A6860
:1066D0009B680958013B22F01F0003444FF0030C54
:1066E000012023F01F03C7E7237801332370A5E7B8
:1066F000C1F89830C1F8A00001337EE74FF0FF30B9
:10670000C9E700BF00ED00E01C170400AAFF440029
:106710009FF301200000F0FFF0B587B007460E465A
:1067200014460021102268461D4619F09BFA0223E8
:106730008DF80230054B2A4621466846CDE904769D
:10674000019311F03FF907B0F0BD00BFD9A00300DD
:1067500008B5024810F0DAFFFEE700BFA6540400B7
:1067600008B5024B1B689847002008BD78AB012094
:10677000034B044A1860937843F002039370704708
:1067800078AB01207814002008B5054812F0D4FD3C
:10679000002383F31188BFF36F8F0423184602DFB1
:1067A000AB54040008B50649064821F00701C1F1C1
:1067B000005202F53C3212F00DFD002008BD00BF72
:1067C0007DA602207CAB012070B541690446867A23
:1067D0000A4D59B1437ADB0706D42C2303FB065339
:1067E0005B6A1B689B689847002363612C202146E5
:1067F00006FB0050BDE8704017F0AAB9BC1A002093
:106800002C22024B02FB0030704700BFBC1A002054
:106810002C21827A054B01FB02339A6A1B7F801A76
:106820001B3323F00303B0FBF3F07047BC1A0020C6
:1068300038B52C24827A064B04FB02335B6AD3E919
:1068400001240C601568FFF7E3FF04FB005038BD1E
:10685000BC1A00202DE9F04385B0054668469046F5
:106860001C46039117F043FCDDE90067EFF3118943
:10687000402383F31288BFF36F8F6B8B002B41D0C3
:106880002A8B9A4225D90022002328460CF0A0FD2D
:106890000446F0B189F31188BFF36F8F039B002B7F
:1068A00041D032463B46684617F046FC2C21A27A7E
:1068B000254B204601FB02335B6A03A91B681D6858
:1068C000DDE90023A847606170BB2046FFF77CFF2D
:1068D00024E0698B4B1E6B8389F31188BFF36F8FA4
:1068E0002B7F2A8BAC6A1B3323F00303521A02FB63
:1068F0000344154B154AEB1A9B105343A3722B7F8D
:10690000E372CBE789F31188BFF36F8F23464246CA
:1069100028460CF05DFD04460028BFD10024204627
:1069200005B0BDE8F0836361012300252381039B4B
:1069300029466382E27A656004F1180019F092F941
:1069400063692582E360EAE7BC1A0020A38B2EBAB4
:1069500070B52C250C4C00B970BD037A4668002B2D
:10696000FAD0013BDBB20372002BF5D1C360436068
:10697000837A05FB03431B6A13B198473046EAE765
:10698000FFF722FFFAE700BFBC1A00202DE9F84FFD
:1069900006460D461746044621466468002CFBD186
:1069A0004FF02C09DFF868A001F10C0B584613F0EA
:1069B00068FCA84228BF28461FFA80F8394642469C
:1069C000584613F006FCB5EB0805444447441CD078
:1069D0000C9B4BB1DDE90A010D9A98470146A0B125
:1069E000304613F0CEFBDFE7B37A03FB09A0436A1E
:1069F0009B6843B1AB4228BF2B461946DDE90A2309
:106A0000FFF728FFEAE72946F8E72046BDE8F88FB8
:106A1000BC1A002008B5244A244B1A6009F000FF74
:106A20004FF47A612248D0F82436C3F30802C3F346
:106A300009434B4382F480721E49883201FB0233C2
:106A40004FF4FA215B00B3FBF1F201FB12331A4958
:106A5000B3F57A3F28BF0132C1F80429D0F82036B7
:106A60004FF47A60C3F30802C3F30943434342F28D
:106A70001C5082F4807202F2172200FB02334FF4A2
:106A80007A701B0AB3FBF0F200FB12330020B3F55F
:106A9000FA7F4FF0010328BF0132C1F81C27C1F86B
:106AA0000009C1F8003608BD0020A10758170020D2
:106AB00000C0FF00F82A00800000125048B1054BCA
:106AC000054A1B68B3FBF2F35843044B43F0010340
:106AD000184770475817002040420F00A0130400C9
:106AE0000E4B402928BF402170B51D460C4C46185E
:106AF000B04203F1020304D1002305F81130074826
:106B000070BD02781209A25C03F8022C10F8012B68
:106B100002F00F02A25C03F8012CE9E7BEF30120AA
:106B2000E254040030B503788BB0044607AD032B64
:106B300021D8DFE803F0021A1C1E12492846F9F793
:106B4000F6FB059563781E210493A3780E4A039300
:106B5000E3780E4802932379019363790093A37934
:106B600010F0F4FD09480BB030BD0949E6E70949CA
:106B7000E4E70949E2E70A212846084A10F0E6FD61
:106B8000DFE700BF5434040076340400A0F3012092
:106B90005B340400623404006C3404008F71040020
:106BA00030B500240A4D0B4B87B028460393CDE93E
:106BB000044417F0C3F803AB2846009340F63802AC
:106BC0000A2305490CF04EFE204607B030BD00BF39
:106BD00068A70020FA540400701102200146014801
:106BE0000CF080BE68A700200146014817F06CB881
:106BF00068A70020037830B5012B13D0022B27D0D3
:106C00007BB90A46184B03F1100453F8045BA34206
:106C100042F8045BF9D11B78137043884B731B0A4D
:106C20008B7330BD0A46104B03F1100453F8045B1C
:106C3000A34242F8045BF9D11B7813704368C3F395
:106C400007224B731B0CCB731B0A8A730B74E8E788
:106C500000F1100350F8042B984241F8042BF9D1AD
:106C600003780B70DDE700BF0355040010B513F087
:106C7000ACFB17F0C7F80B4C18B1D4E8AF3F63B9C1
:106C800010BD0DF0CFF8D4E8AF3F1BB9BDE8104000
:106C90000DF0DCB80A209847F8E70A20BDE810405C
:106CA000184700BF88AB012038B50446084813F0E8
:106CB00024FA054648B1631EDBB21F2B96BF054A76
:106CC0000021D15C0C3013F08DFA284638BD00BF8E
:106CD000981B002014550400034BD3E8EF2FC3E8A2
:106CE000E10F0029F9D1704788AB01200F2810B5BA
:106CF0000CD80D280CD90A4813F0FFF9044618B136
:106D000004210C3013F06EFA204610BD1328F2D087
:106D100009B10448F0E70220BDE81040FFF7C4BF06
:106D20001C1C0020141B0020F0B505460E4617461B
:106D300085B0AB88012B0ED9284613F086FA04469D
:106D400048B1AB88984208D9022100930D4A034606
:106D50000D4812F018FF05B0F0BD284613F075FA83
:106D60002B688DF80800013C394602A88DF80940CF
:106D70000393B0470028EED02146284613F055FA79
:106D8000D7E700BF3B550400BC0C0400C3680221D8
:106D90001B78024A024813F0A8BB00BF66550400E6
:106DA000DC0C0400F8B506460F4603F0CFFA0446A3
:106DB00040B18378012B24D0132113F00EFE20461E
:106DC00002F060FE3946304608F07CFF054628BBDD
:106DD0003946304607F0C0FA144B1B6823B31C68D1
:106DE00004B10C3C53F8043C13B139463046984783
:106DF000D4B12346E4689B68A4B10C3C002BF4D1C9
:106E0000F7E70023D0F8A0501321C0F8A03013F00A
:106E1000E4FD204602F036FE002DD3D0284615F0C2
:106E200084FCD5E7002BE0D1F8BD00BF90AC012079
:106E300070B5C6683378B6F801509BB90F21284663
:106E400002F06EFFF278044688B90D4B194633F80C
:106E5000024B44B96FEA05536FEA135321F810301F
:106E6000084B1A5470BD01300528F0D1FAE70273BF
:106E7000012102F043FE2046BDE8704002F002BE50
:106E8000B8E901203FF4012070B5C3681D787DBBCF
:106E9000B3F801600F21304602F042FF044638B9D2
:106EA0003346BDE870400121124A134813F01DBB60
:106EB000294602F023FEA378012B04D02046BDE82A
:106EC000704002F0DFBD231DD3E8AF3FDB07F5D5EF
:106ED0000321204602F012FE032013F0FAFC0346C1
:106EE0000028EBD00221054A034813F0FEFAE5E73B
:106EF00070BD00BF8E550400DC0C0400B4550400C6
:106F000010B5C3680121B3F80140204602F008FF24
:106F100038B92346BDE810400121044A044813F063
:106F2000E4BABDE8104002F0ADBD00BFDA55040080
:106F3000DC0C040010B5C36801211C88204602F057
:106F4000EFFE38B92346BDE810400121034A04484A
:106F500013F0CBBABDE8104002F094BDDA5504003E
:106F6000DC0C040037B508210C3013F066F9012160
:106F70000446B0F8010002F0D3FE054648B90121ED
:106F8000B4F80130104A114803B0BDE8304013F0A6
:106F9000ACBAE3788DF8003023798DF8013063794D
:106FA0008DF80230A3798DF80330E3798DF8043041
:106FB00002AB13E9060003F0E5FA284603B0BDE88A
:106FC000304002F05FBD00BFFE550400DC0C040041
:106FD000012110B50C3013F030F9BDE810400378F2
:106FE0000121024A024813F080BA00BF3356040060
:106FF000DC0C0400014610B5084813F082F808497B
:10700000084816F061FE031E06DABDE810400121B3
:10701000054A064813F069BA10BD00BF541300209A
:107020008815002058A9002055560400DC0C0400E7
:1070300073B5C5680121B5F80160304602F070FEF5
:10704000044640B9334601212D4A2E4802B0BDE81E
:10705000704013F04ABA2B781A2B19D1C378012B40
:107060004AD14FF48041043013F046FA43040FD460
:10707000D4F88C3069460093D4F8943020460193BC
:1070800003F066FF204602B0BDE8704002F0FABC93
:107090002B788BBB40F2E242B5F803301A495343D8
:1070A000C4F88830B5F80520A4F89020B5F807207A
:1070B000A4F89220A3F5EA520C3A8A4204D902219C
:1070C000124A104813F011FAB4F89030B3F5FA7F71
:1070D00004D302210E4A0B4813F007FA40F676411A
:1070E000B4F89230A3F10A0292B28A4204D9022182
:1070F000084A044813F0F9F9204603F01BF8C1E7E9
:10710000DA550400DC0C040095F03C0072560400D3
:1071100099560400C056040010B5002486B003AB95
:1071200000934FF462724FF0FF3305490548CDE9F3
:10713000034405940CF096FB204606B010BD00BF3A
:10714000A819022060A800200121024A024813F079
:10715000C3B900BFEC560400DC0C04000B46B0B50C
:107160000D8A00AF04462946D868FFF7B9FC8AB0FB
:107170006A46094BC2E90750C2E9053440F20243AE
:107180009384064B4FF43251054842F8103F13F0F8
:10719000BEF9BD46B0BD00BF0657040005000001A2
:1071A000DC0C040070B5C5680121B5F801603046FB
:1071B00002F0B6FD044638B93346BDE870400121FF
:1071C0000B4A0C4813F091B92B783BB9D5F8033032
:1071D000C0F89830D5F80730C0F89C30201D4FF427
:1071E000003113F089F92046BDE8704002F04ABC36
:1071F000DA550400DC0C04002DE9F04F83B00123C4
:10720000D0F80C80018A98F8004000AF03EB8403AB
:107210008B425ED96D468AB06A46C2E907310523C2
:107220002E484FF42151C2E905042D4842F8103F81
:1072300013F06DF9AD460C37BD46BDE8F08F4B46F7
:107240000121284A264813F050F9013598F80030FA
:107250009D42F0DA08EB8503B3F801900F21484610
:10726000B3F8036002F05CFD04460028E7D000F1AB
:10727000BC0936B1636943B95A460121184813F075
:107280002BF9204602F0FEFBDFE7A1691A688B426A
:107290002046626108BFA2617B6002F01BFB0CF01C
:1072A000C9F87B68C3F800A0226A7AB9C4E9073339
:1072B000D9E8EF3F013BC9E8E23F002AF8D10021BD
:1072C0002046013E02F012FBB6B2D2E71360236201
:1072D000EEE70025DFF810B0AA46B7E7285704000C
:1072E000DC0C0400535704006F57040037B5044604
:1072F000084602EBC3039A4202D16FF05E0010E031
:10730000114611F8085BA54211D1038A51789942C0
:1073100009D908480121084A009412F034FC6FF0A2
:10732000150003B030BD536898470020F9E70A46BE
:10733000E1E700BFDC0C0400865704002DE9F843A8
:107340000C460CF06FFDE168238A0A78022A71D09E
:10735000042A0BD0134601213B4A3C4813F0C5F8E0
:107360002046FFF7F5FA6FF015040AE0022B0DD85E
:10737000374A3648012113F0B8F82046FFF7E8FAFB
:1073800000240CF063FD2046BDE8F88348783E28D1
:107390000AD1032B01D12F4AEBE7CB78012B01D087
:1073A0000A2B47D1032604E013F083F80646F007C2
:1073B0003ED504F10C05284612F05FFF0121074677
:1073C0002846B4F8109012F030FF0221284612F03F
:1073D00034FF804600783E2816D1E3681B78012BE5
:1073E0002CD00A2B2AD0022541F27B131A4A1B49C2
:1073F0001B4811F0AEFF002383F31188BFF36F8F9A
:107400000323184602DF04E013F053F8C1070546D2
:10741000EAD5144A0623214698F8000013F094F8A0
:10742000AA070DD56369A4F8109013FA87F7E760EF
:10743000B307A5D52046FFF7DDFDA1E70325E8E763
:107440002046FFF785FAF3E74E580400DC0C0400F1
:10745000A8570400C4570400E45704001858040057
:1074600031580400CC17040010B5012104460C303B
:1074700012F0E3FE2146BDE810400223014A0078E5
:1074800013F062B8FC17040073B53E4812F04EFECC
:107490000446002873D000F10C05284612F0D5FEF2
:1074A0000228034603D0042847D0374A03E0238A42
:1074B000032B05D8354A0121354813F016F813E09F
:1074C0000421284612F0B9FEFF234288068823765D
:1074D000238AC6F30B009A42608309D001210092EF
:1074E0002B482C4A12F04FFB2046FFF731FA12E0EE
:1074F0000F2102F015FC054610B9638B264ADAE726
:1075000002F042FC21462076320B284602F040FA77
:10751000284602F0B7FA214BD3F84C317BB320490F
:10752000204816F0D1FB031E29DA01211E4A184813
:1075300002B0BDE8704012F0D8BF2846022112F018
:107540007CFE054600783E2812D012F0B2FF10F003
:1075500002060DD140F6B243144A1549154811F000
:10756000F8FE86F31188BFF36F8F0323184602DFFE
:1075700006232146104A287812F0E6FFB4E702B04D
:1075800070BD00BF54130020F75804006258040077
:10759000DC0C040083580400A758040008120020E3
:1075A0008815002058A9002055560400E45704000F
:1075B000C9580400315804000C18040010B501210A
:1075C00004460C3012F039FE2146BDE8104012236B
:1075D000014A007812F0B8BF3C180400F8B5012148
:1075E000044600AF0C3012F028FE06780023214636
:1075F0003046104AFFF77AFE5F3018D1258AE068DE
:107600002946FFF76DFA6C468AB06A460A4BC2E912
:107610000750C2E9053640F202439384074B4FF40A
:107620003251074842F8103F12F071FFA546BD469F
:10763000F8BD00BFCC1804000B5904000500000180
:10764000DC0C04002DE9F74F0023804689461746DD
:10765000DFF814A1DAE8EF4FCAE8E23F002AF9D1D7
:10766000264644B9434601213B4A3C4803B0BDE8A5
:10767000F04F12F03ABF2046FFF7CAF84FF00C0B5C
:10768000374D0BFB0050438843451BD02046FFF786
:10769000BFF80BFB0050438801210093314A434659
:1076A0002E4812F070FADAE8EF3FCAE8E26F002ADB
:1076B000F9D1002B4DD01E46304603B0BDE8F04F47
:1076C000FFF746B9A74208D0204612F011FD3A8ACA
:1076D000F96804F10C0012F07CFD2046FFF798F8E1
:1076E0000C2707FB00504368ABB1B9F1000F12D172
:1076F0002046FFF78DF8012107FB00504268D2E9D0
:107700000003127A03F01F07B9405B09DAB100EBFE
:10771000830012F0F1FE2046FFF77AF80C2707FBF2
:1077200000508368002BC7D02046FFF771F87843DC
:1077300005F800902046FFF76BF807FB0055A86896
:107740000BF078FEB8E7C94300EB830012F0E2FECD
:10775000E1E703B0BDE8F08F3D590400DC0C040004
:107760008CAB0120655904005013002008B501F0CE
:10777000AFFB064BD3E8AF2F02F00B02D3E8EF1FAD
:10778000C3E8E02F0028F9D108BD00BFDC120020BB
:1077900010B5C1E900239DF808300C460B72FFF7C5
:1077A00037F80C22024B02FB00335C6010BD00BFB7
:1077B0008CAB0120F8B502460B46104812F09DFC38
:1077C0000446C0B104210C3012F0F2FC2046FFF751
:1077D0001FF80C2700260A4D07FB00504680204664
:1077E000FFF716F807FB005086602046FFF710F8F9
:1077F00007FB00556E602046F8BD00BF6C1B0020E3
:107800008CAB012037B504460D468DF80700A0B9B2
:1078100029B1072228460A4918F02CFA40B900205D
:1078200008490DF1070208F09BF9002003B030BDB4
:1078300029462046FFF7B6FAF7E76FF01500F5E79F
:10784000CF540400EFA4030029289ABF014B185C11
:1078500009207047385E040070B5C3680F21B3F883
:1078600001601D78304602F05BFA044638B93346B1
:10787000BDE870400121174A174812F036BE65B1C5
:107880002846FFF7E1FF29460246204602F00AFD9E
:107890002046BDE8704002F0F5B88678012EEFD1A1
:1078A00008F060F8204612F0ECFD0028E8D1052031
:1078B000FFF7CAFF05210246204602F0F3FC3146DD
:1078C000064A054812F008FE0521204613F085F807
:1078D000DEE700BF8E550400DC0C0400985904005C
:1078E0002DE9F041C6680F21B6F8017035783846A9
:1078F00002F016FA044638B93B46BDE8F0410121D2
:107900001F4A204812F0F1BD45B12846FFF79CFF01
:1079100029460246204602F0C5FC08E0F278C37A08
:10792000934209D10221184A164812F0DEFD204682
:10793000BDE8F04102F0A6B88378C272012B05D0F1
:107940000020FFF781FF00210246E3E70AB108F0BB
:1079500009F8204612F095FD0028F1D10520FFF727
:1079600073FF05210246204602F09CFC0121074AD4
:10797000044812F0B1FD0521204613F02EF8D6E799
:107980008E550400DC0C0400BE5904009859040014
:1079900010B5044692B04422064901A818F055F9E2
:1079A000102C9DBF12AB03EB840454F8440C024826
:1079B00012B010BD080E0400ED590400034B01463F
:1079C000D3F86C0182689268104700BF081200204B
:1079D0002DE9F84F042100AF464812F08DFD6D46A9
:1079E00001F076FA88B06A46434B4FF4E651536192
:1079F000424B434893614FF400739383414B424C95
:107A000042F8103F12F083FDAD46E2793F4B404E05
:107A10002046012A88BF1E46FFF784F88AB06A46CE
:107A20003C4BD061C2E905363B4B4FF42351136206
:107A30003A4B334842F8103F12F069FDA346AD4679
:107A40000125374EDFF8E880DFF8B490E3790BF1D9
:107A5000070B9D4238DB94F870506E462846FFF7BE
:107A600097FF8CB06A46B4F87210B4F87630C2E969
:107A700007514FF400755362DFF8B8C0294BC2E9D3
:107A800005C015854FF4535142F8103F1C4812F0C1
:107A90003EFDB54694F871603046FFF779FF8AB035
:107AA0006A46B4F874302049C2E907631F4BC2E943
:107AB000051095844FF43351114842F8103F12F0ED
:107AC00026FDBD46BDE8F88F5846FFF72BF8EA467D
:107AD0008AB06A4640F20133C2E90565D061138479
:107AE0004FF41351484642F8108F12F010FD013543
:107AF000D546ABE7DC120020F95904000B5A04000C
:107B0000DC0C04000300000108120020F5590400F9
:107B1000344004000F5A0400000201030400000274
:107B20001E5A0400060000016D5A04000500000101
:107B3000040000012F5A040000487047945A0400C2
:107B40000149024816F0C0B87815002060A800204E
:107B500070B505460C4659B94FF0FF304FF0FF3174
:107B6000FFF728FE044618B96FF06805284670BD77
:107B70002046FEF74DFE0C22184BA61802FB0033E0
:107B800030465D8012F079FB03280BD90321304683
:107B900012F03AFB0580238A0121033B83703046B3
:107BA00012F03AFB40F635439D420FD12046FFF7D5
:107BB00005FF05460028D9D003460121084A094897
:107BC00012F093FC2046FEF7C3FECFE7214606489D
:107BD00015F0B3FF0025FFF7B3FFC7E78CAB01201B
:107BE000A15A0400DC0C04005C1300202DE9F047CE
:107BF00086B0804691460C4600AF71B94FF0FF3019
:107C00004FF0FF31FFF7D6FD044660B96FF068050D
:107C100028461837BD46BDE8F087887AFEF7F0FDA4
:107C20003B4B83426DD101220021384615F09EFF67
:107C30002046FEF7EDFD0C23DFF8FCA003FB00A0BF
:107C40008760204612F088FA01464046FFF780FF21
:107C5000054618B12046FEF77BFED9E700233846DB
:107C60002C4A0BF021FC064690B14FF4FD732A4AD2
:107C70002A492B4811F06DFB32464146294811F044
:107C800068FB85F31188BFF36F8F0323184602DF6B
:107C90002046FEF7BDFD0C2358431AF8006056B38A
:107CA0006D468AB06A46204BD661C2E905381F4B43
:107CB0004FF43251136240F2024393841C4B1D482F
:107CC00042F8103F12F023FC2046AD46093EFEF775
:107CD0003FFE092E0CD8DFE806F0050B0B08170B4A
:107CE0000B0B0B146FF06E0592E76FF00C058FE72E
:107CF0006FF004058CE7B9F1000FABD0C9F8004074
:107D000086E76FF0150583E76FF00B0580E700BF8E
:107D10006C1B0020B4C40400E4570400C35A0400E0
:107D200031580400CC5A0400115B040034400400B4
:107D300005000001DC0C04008CAB012073B5064685
:107D40000D4642F22F00002101AAFFF74FFF044623
:107D500038B10121144A154812F0BEFB204602B08A
:107D600070BD0198C368B3F801203280B3F80330C6
:107D70002B80FEF7EDFD3388A3F11B02E02A04D926
:107D800002210B4A094812F0B0FB44F248112B883B
:107D9000A3F5A47292B28A42E0D90221054A0348AF
:107DA00012F0A3FBDAE700BF305B0400DC0C040038
:107DB000505B0400755B0400F0B587B006460DF11A
:107DC0000B01002000F01CFF0546002845D14FF0B4
:107DD000FF304FF0FF31FFF7EDFC074600283FD0A2
:107DE00019210C3012F0EFF904462946192217F038
:107DF00039FF9DF80B301C4A237392F8211192F839
:107E00002031601D994294BF06F1700106F17E0198
:107E100012F064FB938938462380D38903A96380D9
:107E2000B6F88C30114AA4F80D30B6F88E30A4F8AC
:107E30000F30B6F89030A4F81130B6F89230A4F8AC
:107E40001330012300930723FFF7A2FC00223946D9
:107E500042F20D00FFF7CAFE0546284607B0F0BD06
:107E60006FF06805F9E700BF08120020DC1200205F
:107E7000F8B50228054600AF3DD10021024608466C
:107E800002F0ECFA044680B90121254A254812F097
:107E900023FB032012F01DFD034620B10221224ADC
:107EA000204812F022FBBD46F8BD031DD3E8AF3FCA
:107EB000DB0706D5032101F021FE204601F0E2FD9B
:107EC000E7E7403015F04CFF10F00C0608D12946CA
:107ED0001448164A12F000FB314620462573EAE7A3
:107EE0002046FFF769FF0028E7D00121104A0D481E
:107EF00012F0F2FAE1E76C468AB06A460D4B4FF495
:107F00001251C2E905300C4B0648D36140F20133EF
:107F100013840A4B42F8103F12F0F9FAA546C2E763
:107F2000985B0400DC0C0400B4550400B65B04004C
:107F3000DC5B0400F85B0400344004000400000132
:107F400030B54FF0FF304FF0FF3187B0FFF732FC14
:107F5000044670B10025084A03A907230095FFF7DE
:107F600017FC2A46214642F20E00FFF73FFE07B0FB
:107F700030BD6FF06800FAE7DC1200202DE9F04315
:107F800085B05F4AB0F8018005460023104600AF77
:107F900048F4704132F8024BA14242D1002220F84D
:107FA0001320584A12F8039000F0B0FCEB782E1D15
:107FB000012B08BF544B304614BF002493F86F4088
:107FC00012F0FFF9314690B307F1080012F0EEF914
:107FD000D5F81130C7F80130B5F81530A7F80530DD
:107FE00001233B70E87878B33046FEF79BFD6C4682
:107FF00088B06A46454B4FF4E251C2E905304FF470
:1080000000739383424B434842F8103F12F07FFACB
:108010001321A546404612F0D5FA1437BD46BDE8F7
:10802000F0830133052BB5D14FF00009BCE72046A2
:1080300012F00BFC014607F1080012F04FFA31462E
:10804000384612F04BFACDE7022207F1080102F0A0
:1080500005FAEB78044623B96FF080012E4812F040
:1080600059FA002CC0D0204640F2E242B5F8013067
:1080700007F1080120F8703B12F030FAB5F817301C
:1080800053430022C4F88830B5F81930A4F8903072
:10809000B5F81B30A4F89230EB782273E3706BB91B
:1080A000394604F17E0012F019FA217A164BC1EB21
:1080B000C101194404F1770012F010FA072120469B
:1080C00001F01CFDB9F1000F05D00121204684F814
:1080D0000C9001F013FD204601F092FE204601F0C5
:1080E000D1FCE378002B98D1032012F0F2FB034679
:1080F000002892D00221094A064812F0F6F98CE7CE
:10810000B8E901203FF4012008120020145C0400AB
:1081100003000001DC0C0400DC120020B455040054
:1081200000B5C16889B0087820B109B05DF804EBEA
:10813000FFF79EBEB1F801308DF80000ADF80130B8
:10814000CB7801A88DF80330B1F80B300431ADF8CD
:108150001730B1F80930ADF81930B1F80B30ADF87F
:108160001B304B7B8DF81D3012F0B8F9084B684678
:108170001A689B88CDF80B20ADF80F30CDF8112090
:10818000ADF81530FFF7FAFE09B05DF804FB00BF4B
:10819000DC54040010B5F8F753FA034B1B6813B115
:1081A000BDE81040184710BDB0AB012073B52A4D93
:1081B0000646D5F86C0115F072FB48B90121274A33
:1081C000274812F089F96FF01204204602B070BD02
:1081D0006FF0020105F1D40012F09CF9012112F0B8
:1081E0008BF910EA010434D11E4B1E600A4605F5D6
:1081F000987015F0BBFC05F5AA7015F092FC1A48B2
:1082000015F09CFD6FF007034FF4486217491648BC
:1082100000940BF027FB1649134815F0F9FDD5F82B
:108220006C01144983681B689847044630B10346C3
:108230000121114A0A4812F058F9C6E726B902B0DE
:10824000BDE87040F8F7FCB905F1C4000BF004FB81
:10825000BBE76FF07704B8E708120020915D0400D7
:10826000DC0C0400B0AB012058A90020301D022016
:10827000A95D04003D730200B25D0400F0B5C5685D
:1082800001212F8887B0BCB2204601F049FD064687
:1082900040B923460121274A274807B0BDE8F040EE
:1082A00012F023B902ACD5F80220D5F806300194BB
:1082B0006989009114F0C5F848B34FF0FF304FF0D2
:1082C000FF31FFF777FA054648B901211B4A1A48E2
:1082D00012F002F9304601F0D5FB07B0F0BD1221D3
:1082E0000C3011F070FF0346224623F8027B06AFE4
:1082F000144603CCBC4218605960224603F10803BF
:10830000F6D1294642F21A00FFF722FCE2E74FF0CD
:10831000FF304FF0FF31FFF74DFA04460028D4D06C
:1083200002210C3011F04FFF2146078042F21B0062
:10833000EAE700BFDA550400DC0C0400CE5D04005F
:1083400073B5C368D9789A781E8842EA0122ADF8DD
:10835000002059791A79B4B242EA0122ADF802201C
:10836000D9799A79204642EA0122ADF804201A7A96
:108370005B7A012142EA0323ADF8063001F0D0FC1C
:10838000054658B901211D4823461D4A12F0ADF893
:108390000221204612F09DF902B070BD694601F03D
:1083A00015FF38B91E21204612F093F9284601F036
:1083B00069FBF1E74FF0FF304FF0FF31FFF7FAF9BB
:1083C00004460028F2D00E210C3011F0FCFE0023F0
:1083D0000680C0F80A30BDF8003021464380BDF861
:1083E00002308380BDF80430C380BDF806300381BD
:1083F00042F22000FFF7ACFBD8E700BFDC0C040022
:10840000DA55040038B5042104460C3011F015FF8C
:10841000034640885D7818B122461978FFF712F9B3
:1084200035B104480BF006F8BDE83840FFF788BBCB
:1084300038BD00BF38130020B0B50446032100AF9B
:108440000C3011F0FAFEE3680578197840F63543F0
:10845000B0F80100984215D16C468AB06A460F4BBD
:108460000F48C2E905310F4B4FF41251D36140F26E
:10847000013313840C4B42F8103F12F048F8A54624
:10848000BD46B0BD10B12246FFF7DCF8002DF7D095
:1084900006480AF0CFFFFFF753FBF1E7E55D040064
:1084A000DC0C0400344004000400000138130020F8
:1084B00038B50BF0B7FC2F4DD5F85431002B56D002
:1084C0000022002305F598700AF0EEFF00284ED137
:1084D0000022002305F5AA700AF07AFF044668B965
:1084E00040F6C243244A2549254810F032FF84F360
:1084F0001188BFF36F8F0323184602DFD5F8483188
:108500005BB101211F4A204811F0E6FFD5F8480170
:10851000FEF71EFA0023C5F84831204611F01CFE74
:10852000C5F848012046FFF749FA0346C8B10121C2
:10853000164A154811F0D9FF15480AF07BFF20466E
:10854000FEF766F90C22134B02FB0033588818B172
:1085500022461F21FFF776F82046FEF7F9F9FFF7CC
:10856000EFFAFFF7EDFABDE838400BF06FBC01F011
:1085700057FCF8E708120020E457040037550400C0
:10858000315804001D5E0400DC0C0400A15A0400F4
:10859000381300208CAB0120F8B506460024094DA5
:1085A000EF79E3B29F4202D86FF0010007E029465D
:1085B000304612F0AAF80735631C08B12046F8BD12
:1085C0001C46EEE70812002037B504460D4671B18F
:1085D0002846124912F099F848B929461048C4EBC8
:1085E000C404204412F09BF8002003B030BD68465C
:1085F00011F0CEFE0028F8D16846FFF7CDFF002825
:10860000F5DA074BC4EBC4006946184412F087F84A
:10861000002DE9D001462846E4E700BFCF5404000E
:108620000812002070B51A4E06223146054617F092
:1086300021FB38B34FF0FF304FF0FF31FFF7BAF8AE
:10864000044608B3062229460C3011F0C2FD21462B
:10865000002242F20500FFF7C9FA044648B110F1C2
:108660000D0F04D102210B4A0B4812F056F8204698
:1086700070BD33462A6843F86929AA88B28001226E
:1086800083F868200024F2E76FF06804EFE700BF8A
:1086900071120020835F0400E40C0400064BD3E851
:1086A000EFCF4CF4806CC3E8E2CF002AF7D1037A15
:1086B00019430172704700BFDC1200202DE9F3411D
:1086C000002104460222084601F0C8FE054648B1D2
:1086D00020460121FFF7E2FF284602B0BDE8F04145
:1086E00001F0D0B9404812F021F88206C0F34017DB
:1086F00002D5284600F004FC3C4D95F8213183B1A9
:10870000002012F053F860B10221394A394812F0C2
:1087100004F8002F65D0012002B0BDE8F04100F060
:10872000EFBB95F8212195F820319A4218D102210A
:10873000314A304811F0F1FF002242F2290011467F
:10874000FFF754FA10B101212C4ADFE795F82131E7
:10875000013385F82131237A43F004032372D8E7EB
:10876000224604F10108414612F82E0B11F0E1FFF8
:10877000064610B1224A01210EE095F8213101335D
:1087800085F82131237A43F00403237295F8A7304A
:108790005B0708D402211B4A164811F0BEFF0120D6
:1087A00012F004F8B5E74146684611F0B8FF01231E
:1087B0004FF0FF304FF0FF318DF80730FEF7FAFF32
:1087C000044660B1082269460C3011F002FD3246C1
:1087D000214642F24E00FFF709FA0028DFD00A4A8C
:1087E000C9E702B0BDE8F081DC12002008120020C9
:1087F000925F0400E40C0400B75F0400E85F04002B
:1088000008600400286004005260040000212DE983
:10881000F84302220446084601F020FE054640B116
:1088200020460221FFF73AFF2846BDE8F84301F051
:1088300029B9304811F07AFF8306C0F3401802D5F9
:10884000284600F05DFB002011F0B0FF2A4D0646DF
:1088500098B101210346294A294811F08AF995F86F
:10886000213113B1012011F0A1FFB8F1000F3FD069
:10887000BDE8F843012000F043BB95F8213195F89D
:1088800020219A420CD2013B85F82131237A0246FD
:1088900023F0040302201B49237207F083F9DEE76B
:1088A0004FF0FF304FF0FF31FEF784FF04F1010974
:1088B000074668B107210C3011F085FC494611F0DC
:1088C0002EFF3246394642F22800FFF78FF928B1D1
:1088D00001210D4A0A4811F020FFC0E795F8213127
:1088E000013B85F82131237A23F004032372B6E794
:1088F000BDE8F883DC120020081200206D6004003F
:10890000E40C040097A703009A600400084BD3E826
:10891000EF2F22F48061C3E8E01F0028F7D1530550
:1089200004D500220220034907F03CB9704700BF7C
:10893000DC12002093A803001FB500230190CDE9AD
:10894000023302208DF80C1001AA034907F02AF91E
:10895000029805B05DF804FB21A80300034610B49B
:1089600070B10B4991F8204191F821210CB194424A
:1089700009D2013281F821211A7A42F004021A72D6
:108980005DF8044B70475DF8044BFFF797BE00BFDE
:1089900008120020034610B4A0B10C4C94F820112A
:1089A00094F8212131B101318A4204DC5DF8044B95
:1089B000FFF72CBF12B1013A84F821211A7A22F074
:1089C00004021A725DF8044B704700BF08120020C1
:1089D00070B5044611BB20B3254911F096FE00BBCB
:1089E0002046FFF7D9FD00283BDA237853B9214808
:1089F000C279002A35D1214611F091FE0123C371BD
:108A0000104670BD012B04D1A37903F0C003C02B25
:108A100007D00121184A194811F07FFE6FF01500A8
:108A2000EFE7144DEB79012B1ED005F1D40011F0C6
:108A30007DFEC30707D4002CF0D020460C4911F06E
:108A400064FE0028EAD1EE792146731C3046EB71B2
:108A5000FFF7BAFD08B93046D3E7EB79013BEB717C
:108A6000CFE76FF07700CCE76FF00B00C9E700BFEE
:108A7000CF54040008120020BF600400E40C04007E
:108A80002DE9F341044640B91A4A02211A4811F06F
:108A900044FE002002B0BDE8F081002141F209004F
:108AA00001AAFFF7A3F8054608B1144AEDE7019EB5
:108AB0000622D6F80C80124908F10107384617F053
:108AC000D9F828B1062238460E4917F0D3F818B95C
:108AD0003046FDF73DFFDCE7D8F801303046C4F8FA
:108AE0000130BB882570A4F80530FDF731FF012067
:108AF000D0E700BFED600400E40C04000661040050
:108B0000DC540400D654040007B56846FFF7B8FFEC
:108B1000044BD87118B169460020FFF755FD03B02A
:108B20005DF804FB08120020F0B5304D89B0EC79F7
:108B3000002C53D195F8C26016F0010610D12C4AD2
:108B400002212C4811F0E9FDEC71162600240127C2
:108B5000EB79E0B298422CD3002B3FD000203BE0D1
:108B60006A4621464FF60940FFF740F808B1224A0D
:108B7000E6E7DDF800C0DCF80C104B7823B960465E
:108B8000FDF7E6FE1D4ADBE78B1C02AA01F1120489
:108B9000174618685968083303C7A3423A46F7D105
:108BA0001868344638609B886046BB80FDF7D0FE6D
:108BB000CAE708AB06FB003353F8182C33F8143C13
:108BC0006946CDF80120ADF805308DF80070FFF74B
:108BD000FBFC01340028BBD009B0F0BD00210846E1
:108BE00009B0BDE8F040FFF7F3BE00BF0812002057
:108BF00024610400E40C040050610400706104006E
:108C000038B50C4661B108480578012D04D1013012
:108C1000FFF708FD08B138BD002500202570FAE7F0
:108C20006FF01500F7E700BF0812002038B5104DAF
:108C3000EB7913B10024204638BDFFF765FF0446E9
:108C400028B10C4A01210C4811F067FDF3E7EB79DC
:108C5000002BEFD1FFF768FF04460028F1D1681C14
:108C6000FFF7E0FC04460028E5D0044AEAE700BF2D
:108C70000812002099610400E40C0400B8610400AB
:108C800070B505460E464FF0FF304FF0FF3186B00D
:108C9000FEF790FD0446A0B102210C3011F093FACA
:108CA000094A4670057003A9204605230095FEF782
:108CB0006FFD0022214642F20C00FEF797FF06B03E
:108CC00070BD6FF06800FAE7DC12002008B50C4BAD
:108CD0000246400903EB800011F0F8FD02F01F038B
:108CE00040FA03F313F0010006D122B9054811F050
:108CF000EDFD40F3C01008BD6FF07700FBE700BF4B
:108D0000B4AB0120DC120020084A430902EB8302C5
:108D1000012300F01F008340DB43D2E8EF0F18402F
:108D2000C2E8E10F0029F8D1704700BFB4AB0120C1
:108D300030B587B0002200235F480AF081FA00288E
:108D400040F098805D4811F0C1FD10F001035B4DCB
:108D50004CD02B1D93E8070006AB03E907005848E9
:108D600011F0B4FDC0F34013544811F0AFFD0146BB
:108D7000002871D073B10C2252490DEB020016F09D
:108D800079FF002871D000210846FFF779FF0446DB
:108D900000286BD14A4811F099FD420501D5FFF733
:108DA000B5FD0023ADF80930BDF80E309DF80C007C
:108DB000ADF80530BDF810308DF80400ADF807307F
:108DC000431E58420DF10901584111F072FD04464D
:108DD00000284BD14FF0FF304FF0FF31FEF7EAFC97
:108DE0000546002848D16FF068043FE0344811F090
:108DF0006DFD10F0800F344A0ED04FF480749089CE
:108E0000D1891269ADF80C40ADF80E00ADF8101024
:108E1000ADF812300592A2E72C4C03AB20686168D4
:108E200003C3A068186092F8D93024481C0744BFD7
:108E300005238DF80D3011F049FD800706D530234C
:108E4000ADF810306023ADF80E3088E71B4811F004
:108E50003DFD4107F3D482E73BB1FFF711FF044624
:108E600020B9184B2861C3E90100002412480AF018
:108E70005FFA204607B030BD072201A90C3011F07F
:108E8000A8F92246294642F20B00FEF7AFFE04463F
:108E90000028EBD19DF80D10012001F00101FFF732
:108EA000EFFE04460028E1D1064B06AA12E90700AE
:108EB00083E80700D9E700BFD0AB0120B4AB0120A5
:108EC000DC120020C4AB012008120020581304005B
:108ED00010B5094C44220021204616F0C3FE04F1CF
:108EE0001C0014F08DFD04F1300014F089FD002207
:108EF000024B1A6010BD00BFB4AB012000AC0120D2
:108F0000044B0038597C18BF012001F00101FFF724
:108F1000B7BE00BFB4AB0120032838B5054603D166
:108F2000BDE83840FFF704BFFFF7D0FE0446A8B9FC
:108F30000B4B6A0903EB8203012205F01F018A40F3
:108F4000D3E8EF0F1043C3E8E10F0029F8D1FFF792
:108F5000EFFE044610B12846FFF7D6FE204638BD86
:108F6000B4AB01202DE9F04F00F10C068DB00446A2
:108F7000304611F06AF90190884811F0A7FC00F022
:108F800001038648049311F0A1FCDFF82CA2C0F382
:108F900080030393019B13B90DB0BDE8F08F049BD0
:108FA00013B9039B002BF7D0238A082B07D8012184
:108FB0007B4A7C480DB0BDE8F04F10F0D1BD0921CF
:108FC000304611F03AF9037A228A01339A42054673
:108FD000EDD30123ADF82C307F238DF82630037AB2
:108FE00000F1010803445B7A8DF82530FF238DF8EA
:108FF00024300023ADF82A300278042A98BF6A4B47
:109000008DF8272098BF9B5CADF82830037A634821
:10901000029311F05BFC00F00107604811F056FC70
:1090200081466FB1BDF828305A0709D5297A3046F4
:10903000013111F0FAF8019B013BDBB20193A9E782
:10904000404611F0BEF900284ED0414606A811F066
:10905000ADF917B919F0040F5CD1DAF80030B3B1EB
:10906000304611F00AF98146029BB4F810B0DAF8E4
:10907000007023829DF8272033469DF9251006A80D
:10908000B8476369A4F810B013FA89F3E36006AB3C
:109090000893464B1A68002A3AD0136803B1083B7C
:1090A00052F8081CB9B11F46A2F1080330460593D7
:1090B00011F0E3F88146029BB4F810B02382059BBF
:1090C00031461B6808A898476369A4F810B013FAE2
:1090D00089F3E3603B46DBB19F681A68B7B1083F8C
:1090E000002AE3D13B46F7E76B78FF2B09D1304BE1
:1090F000186806909A889B79ADF81C208DF81E3070
:10910000A7E7414611F0A1FB0346F1E7002ACDD1C4
:10911000002308932148BDF8283011F0D7FB10F048
:10912000010783D1DB0781D50322384606A901F068
:1091300095F9814600283FF479AF022011F0C9FB70
:10914000D5F801304846C9F87E30B8F80430A9F89F
:10915000823098F8063089F8843011F031FAA8B1DD
:109160001F23394689F80C30484600F0C7FC4846B2
:1091700000F088FCFFF7DCFD034600283FF456AF03
:1091800002210C4A074810F0F4FC4FE74846022140
:1091900000F0B4FC484600F075FC47E7B4AB012092
:1091A000DB610400040D0400F4610400F8AB01204D
:1091B000CF540400B455040000AC0120F8B50546B6
:1091C000224811F083FB43070F463CD52A78012A39
:1091D00003D96FF015042046F8BD6B780F2BF8D833
:1091E00043F6FC746888031F9BB2A342F1D8A98898
:1091F0000B1F9BB2A342ECD88842EAD37AB9002273
:10920000002313480AF01CF804460028E3D1FFF7B6
:109210005DFD044640B10E480AF08AF8DBE711F024
:1092200036FB0028EBD1D4E728686968094E0A4B61
:1092300003C6A8681F6030602046FFF76DFE044635
:1092400006F12400E8E76FF00A04C4E7DC1200200E
:10925000E4AB0120B8AB012000AC01200020024BA0
:10926000186011F036BB00BF00AC01200A4B00F1C2
:109270000802196831B98160596839B9C3E9002217
:10928000002070478A4204D00968F3E70A605A60F8
:10929000F6E76FF010007047F8AB012008B50348FF
:1092A00011F014FB00F0010008BD00BFB4AB0120B9
:1092B00070B53D4B9AB01822002103A8029316F016
:1092C000D1FC44F2010309A8099311F00BFB099B9F
:1092D00069460493354B02A8059315F0B4FA03468A
:1092E00010B3334A0121334810F043FC1F25324BA1
:1092F000D3E8EF1F21F00101C3E8E21F002AF7D1F4
:109300002E4E0AF08FFD3468002C46D0002D2C4DD7
:1093100018BF0025043C23680BB1284698476468B1
:10932000002C3AD0043CF6E701AB4122009809A991
:1093300015F05BF9034608B1224AD3E7224A0DF142
:1093400025030DF1650153F8040B8B4242F8040B21
:10935000F9D101AB20221D49009815F026F90346EA
:1093600008B11B4ABEE700980BF0AEFE054610B1EF
:10937000184A0346B6E71449114811F0C0FA1648D6
:10938000203111F0BCFA154BD3E8EF1F41F010016A
:10939000C3E8E21F002AAAD0F6E70023C6E900339B
:1093A0000AF054FD1AB070BD1271000100000209EC
:1093B000F9610400C40C040004AC01200CAC0120D1
:1093C000A4F401201762040064F4012044F4012095
:1093D0003A6204005E620400C4F40120DC12002042
:1093E000042330B5A7B03D22002116A8159316F02E
:1093F00039FC304B1822002107A8069316F032FCE6
:1094000044F201030DA80D9311F06CFA0D9B20227C
:109410000893294B2949099306A804AB0BF0A4FE35
:109420000346E0B1264A0121264810F0A2FB6FF066
:1094300004040AF0F7FC244B1D6865B10020186095
:10944000224BD3E8EF1F21F00201C3E8E21F002AFC
:10945000F7D144B3A8470AF0F9FC27B030BD1C4B44
:109460000DF15502194603F1400053F8044B8342B5
:1094700042F8044BF9D105AB029320230E48CDE905
:10948000001315AA4123049915F08FF9034608B17A
:10949000104AC8E704980BF017FE04460028C8D00D
:1094A0000D4A0346BFE70DA8094911F028FA0DA897
:1094B000D0E700BF127100010000020944F401204E
:1094C0007E620400C40C040008AC012004AC01203E
:1094D00064F40120B4620400D0620400402208B5A4
:1094E000034916F0C7FBB0FA80F0400908BD00BF81
:1094F0003863040010B51D4B9AB0182204460021B1
:1095000003A8029316F0AEFB4FF4804309A8099319
:1095100011F0E8F9099B21460493154B0DF1250044
:10952000059304238DF8243011F0E9F904F12001AA
:109530000DF1450011F0E3F9412201AB09A902A8A0
:109540000BF012FE044602A815F0F5F92CB90198AB
:109550000BF0BAFD01201AB010BD064823460121C8
:10956000054A10F006FB0020F5E700BF124100019C
:1095700000000209C40C0400ED62040010B50028CC
:1095800034D01D4A136823B1043B984231D05B6844
:10959000F9E71A4BD3E8AF1F890707D5184802210E
:1095A000184A10F0DDFA6FF00F0010BD1468011DAD
:1095B00044605068116000B95160D3E8EF2F42F069
:1095C0000101C3E8E01F0028F7D1D30701D500202F
:1095D000EBE70D4BD3E8EF1F21F01001C3E8E21FCA
:1095E000002AF7D10948FDF7FFFAF0E76FF0150000
:1095F000DBE76FF07700D8E70CAC012004AC01206A
:10960000C40C040011630400DC120020A815002023
:10961000044BD3E8AF3F13F0100F034808BF0020FE
:10962000704700BFDC120020A4F4012070B505468D
:10963000194803688B4228D0184BD3E8AF3FDA06AD
:1096400026D5036813B16FF00F0070BD144AD2E83D
:10965000AF3FDB07F7D4D2E8EF3F43F00204C2E8A4
:10966000E64F002EF7D113F00204ECD10160294639
:109670000C4811F044F90C4805F1200111F03FF9B4
:109680000A48FDF7B1FA2046DFE76FF07700DCE724
:109690006FF07C00D9E700BF08AC0120DC1200208D
:1096A00004AC012064F4012084F40120981500200A
:1096B00070B505460B4B1C6844B154F83C3C3C3C2F
:1096C00013B12846297B9847E46BF5E7064C074E13
:1096D000B44200D370BD236813B12846297B984754
:1096E0004034F5E788AC01207C0B04007C0C0400BE
:1096F00010B50446FDF78CF8044901EB0011204633
:1097000010F0A0FEBDE81040FEF71ABA14AC01201C
:10971000002270B50446D1E901560748C1E901228B
:1097200014F00BFA3DB1314620462B46BDE870409F
:109730006FF06D02184770BDA41A002070B5054681
:10974000002200230E4809F0AFFEB8B90D4B1C688B
:1097500034B154F8343C3C3C03B19847E46BF7E730
:10976000094C0A4EB44204D32846BDE870400AF0C2
:1097700073B8A36803B198474034F3E770BD00BFE6
:10978000B419002088AC01207C0B04007C0C040080
:109790002DE9F843044640270025DFF85080EFF319
:1097A000118387F31288BFF36F8FE16929B983F3BF
:1097B0001188BFF36F8FBDE8F883206A0A68814281
:1097C00008BF2262E26183F31188BFF36F8FD1E992
:1097D00001694046C1E9015514F0AFF91EB10022FC
:1097E00049462046B047FEF7ABF9D8E7A41A002057
:1097F0001FB504460430D0E8EF3F43F48062C0E870
:10980000E12F0029F7D15B053CD411F09DF88003CE
:1098100024D5E178002937D0012941D0637B072B7B
:1098200030D1264B93F8D8309B062BD510F09AFEFA
:1098300040B30DF10E0103A8FEF780FA10BB2046DD
:10984000BDF80E20BDF80C1010F0FBFE0346C8B1A9
:1098500001211B4A1B4811F07AF813E0E37823B189
:10986000164B93F8D8301907D3D5204610F0CEFE0A
:10987000034620B10121144A124811F068F8637BB5
:10988000072BC6D004B010BD0C4B93F8D930DA07C3
:1098900008D4022302210D4A0A4811F058F8BDE706
:1098A0000023F7E7022320461A46009110F0E8FE55
:1098B00003460028B2D00121054AEDE70812002036
:1098C000D0630400A40C04007F630400A0630400C0
:1098D000B96304000448B0F8043100F58470002B2B
:1098E00008BF0020704700BF0812002030B50446B2
:1098F00016F0BEFB0D460D4A0D498BB00858D2F844
:10990000D810884205D120460BB0BDE83040FFF7A3
:109910003FBF24342146104614F0D6F91DB16946E4
:10992000204614F0E1F90BB030BD00BF0042012029
:109930000800000038B5002204468A4202D1002403
:10994000204638BD012004F1C403D3E8EF5F002DA9
:1099500004D1C3E8EC0FBCF1000FF6D102D0C8343B
:109960000244EAE7002CEAD0C4220021204616F087
:1099700079F904F14000044914F0E6F9034904F1CF
:10998000240014F076F9DBE751A9020053A9030083
:10999000F7B516460D4601210446FFF7A7FF012E35
:1099A00023D0022E50D123693BB130480121304AE7
:1099B00010F0D6F8204610F0F0FF256121690B8ADF
:1099C000012B51D9CA681288043292B293424BD308
:1099D00041D9012100922548264A10F0D4F82046AA
:1099E00003B0BDE8F04010F0D8BF206940B9224A6A
:1099F00031461E4810F0B4F8204610F0CEFF01E0CA
:109A00002F8A2FB9284603B0BDE8F040FCF7A0BF6D
:109A10000C3010F036FC87420CD9184A31461348F6
:109A200010F09EF800222046216901F065FA00231B
:109A30002361E7E720692A8AE9680C3010F0C9FB46
:109A40002846FCF785FFB9E7334601210C4A074851
:109A500010F07DFFD0E7002301222046236103B0F0
:109A6000BDE8F04001F048BA03B0F0BDA40C04001A
:109A7000EC6304006C6404000964040027640400BF
:109A80004E64040008B5C430D0E8EF3F013BC0E8A5
:109A9000E23F002AF8D13BB9044809F0CBFCBDE80D
:109AA0000840034809F0D8BE08BD00BFB419002023
:109AB000C815002010B5044610F078FF0AF0B2F97E
:109AC0000C4B04F1B801D3F824312BB90A4810F03B
:109AD00020FF0AF0BBF906E0994208D10AF0B6F976
:109AE0002046FFF7CFFFBDE81040FEF729B81B68FE
:109AF000EBE700BF081200202C130020F8B5457BCF
:109B000004468D420E4600AF1BD1082D98BF654B11
:109B10006C4688B094BF53F82530634B6A4663495E
:109B2000C2E905134FF400739383614B42F8103F71
:109B300000234FF4E4515F48FAF70CF9A546BD46FF
:109B4000F8BD4173D5B1022D1BD0637B082B00F209
:109B5000A58001A252F823F0A19B0200439C0200C1
:109B60000B9C02003F9B02003F9B02003F9B0200B8
:109B70003F9B0200919B02003F9B020010F016FFEA
:109B8000E3E78378012BE0D1403014F0EBF8DCE719
:109B9000002149480AF05CFD0023C4E90D33CEE7FB
:109BA000082DCCD8DFE805F02A0521172626212A22
:109BB0002A0004F14005284614F0D4F8012120467B
:109BC000FFF794FE204610F0E8FE0022002328460E
:109BD00009F0E6FEB3E7022010F07BFE034620B159
:109BE0000221364A334810F0B2FE237B13B12046DF
:109BF000FFF75EFD2046FFF745FFA0E73346304AFA
:109C000002212C4810F0A3FE99E7A378012B96D1EE
:109C10002C4B9D8A002D92D00A2347F6122640F243
:109C2000E73000215D434FF47A720023C5FB060143
:109C3000EEF7B2F802460B4604F1400009F07CFE54
:109C40007DE7237B3E2B0FD16D4688B06A461E4BC5
:109C5000C2E90534032342F8103F00234FF4C451F6
:109C60001448FAF777F8AD46164D05F58476616924
:109C700011B9FDF765FF62E7A2690B68914208BF61
:109C8000A36120466361FFF743FDB5F80431002B63
:109C900014BF3046002009F0CDFBE8E733460B4AFD
:109CA000AEE700BFE018040087640400916404007C
:109CB00003000001A40C0400D8150020A2640400D5
:109CC000D364040008120020EA6404001165040053
:109CD0002DE9F04706460F46904600254FF0C8098B
:109CE000DFF828A009FB05A010F060FE044620B1B3
:109CF00083781E4206D1FFF7C5FE0135052DF1D14F
:109D0000BDE8F0874146B8472046F4E750AA002056
:109D1000002201200149FFF7DBBF00BF8FA903002C
:109D20002DE9F04105460E460027DFF858804046F1
:109D300010F03CFE044658B1437B012B02D0073B98
:109D4000012B03D82388AB420BD02046FFF79AFEA5
:109D50000137052F08F1C808E9D100242046BDE8E5
:109D6000F081A3781E42F9D12B460221034A044810
:109D700010F0EDFD2046FFF785FEEEE72D650400AF
:109D8000A40C040050AA0020034BC01A034BC010BF
:109D90005843C0B2704700BF50AA0020295C8FC250
:109DA00070B51C46144305460E460DD016F060F9FA
:109DB0000E49D1F8D8400E4909588C4206D10221EB
:109DC0000C4A0D480FF0CCFE002213460B49002D23
:109DD00014BF2846084610F090F9044618B1711DCA
:109DE0000C3010F0E5F9204670BD00BF00420120A4
:109DF0000800000044650400A40C0400BC1A002004
:109E000010B50446054809F027FD204600F068FF1C
:109E10002046BDE81040FFF74BBC00BFB81500203E
:109E20002DE9F04F002387B000AFFB607B61B94B99
:109E30005A8B3AB1B84DD5F824413CB91C37BD46D0
:109E4000BDE8F08F1B68002BF4D1F7E754F8B83960
:109E500003B1B83B0026B14901E01C461346B5F8F2
:109E60000421002A00F05381D5F810214AB904F1E9
:109E7000B806002BE2D0D3F8B820002AEDD0B83ACB
:109E8000EBE70A68002AF2D0D4F8A420002AEED02A
:109E9000D4F8A820002AEAD0D4F8AC20002AE6D0D2
:109EA000637B072B68D120469047002864D004F1DB
:109EB000BC0010F049FD02285EDC204610F076FD63
:109EC00004460028BAD0637B072B40F01D81204652
:109ED000D4F8A430B5F8041107F110029847814670
:109EE000002800F00481B5F804213B699A4208D3A8
:109EF0000146D4F8A860204607F1140307F10C02CC
:109F0000B047D7E9038A7B693B60B9F81030002B72
:109F100000F0F480484610F0ABFA7860002840F07A
:109F2000F080B5F80431DFF804B2002B14BF5846B6
:109F300000200022002309F0B7FA78B9002200239C
:109F4000764809F045FA064600283BD1B5F80431B9
:109F5000002B18BF5E46304609F06CFA6FF00B0517
:109F60004846FCF7F5FCB8F1000F00F0AA802A463D
:109F700020463968C047A4E0D4F8B83004F1B802EC
:109F8000C6B9D5F82811C5F824318A4201D1C5F8DF
:109F9000283100232046C4F8B830D4F8AC309847B4
:109FA000002890D0637B072B40F0AE802046FFF75F
:109FB00081FD88E73360D5F828319A4208BFC5F89B
:109FC0002861E6E73B68C0F804808360B5F804B117
:109FD0000022DA454FF000034FF000014D4898BFD2
:109FE0001FFA8AFBFCF736FC804650B1FCF710FCE8
:109FF0004B4B5A4603EB00134946404610F0FDF91F
:10A000008046B5F8043194F8C0909A4584BF012386
:10A010007B607B689CBF09F102095FFA89F984F8CB
:10A02000C03004F1BC0ADAE8EF3F0133CAE8E23F8E
:10A03000002AF8D104F1140B3146584610F069FC9F
:10A04000A378012B57D108F10C03042118467B603B
:10A0500010F0DAF8228809F0FD0942EA093202809C
:10A06000B8F810207B68043A42800221184610F0AC
:10A07000D3F84046FDF7A2FC8146002844D0DAE838
:10A08000EF3F013BCAE8E23F002AF8D1314658468B
:10A0900010F062FC4B46234A0121234810F057FC84
:10A0A0004046FCF755FC20463146FFF731FBB5F83A
:10A0B00004311E48002B08BF002009F0BBF96FF0E7
:10A0C00004056E4688B06B46194ADC61C3E9052574
:10A0D0001A46042342F8103F4FF40151124800235E
:10A0E000F9F738FE1321B546204610F076FC2046DD
:10A0F000FFF7C8FCA2E66FF01509C0E76FF079051D
:10A100002EE76FF004052BE7FDF71AFDEFE79368E4
:10A11000FFDE00BF401B002008120020A41A002010
:10A1200014AC0120A15A0400A40C04001013002058
:10A130006D65040040F2E2432DE9F041D0F88860FB
:10A140000446B6FBF3F6031D184610F0FDFB82042F
:10A15000B6B213D5B4F88C20B2420FD8B4F88E2022
:10A16000B2420BD3D4E92412914207D1D3E8EF1FB6
:10A1700021F40051C3E8E21F002AF7D1104B1D68FB
:10A1800065B155F82C7C3C3D37B131462046B4F8DA
:10A190009230B4F89020B847ED6BF1E7094DDFF845
:10A1A0002880454501D3BDE8F0812F6937B131469C
:10A1B0002046B4F89230B4F89020B8474035F0E724
:10A1C00088AC01207C0B04007C0C04002DE9F041DC
:10A1D000074608460D4610F0C7F9064618B900268E
:10A1E0003046BDE8F081144B1C6884B154F8303C13
:10A1F0003C3C0BB9E46BF8E7294638469847002801
:10A20000EDD0284610F0B0F90028F3D1E7E70B4C69
:10A21000DFF82C804445E3D2E3680BB94034F9E71A
:10A220002946384698470028D9D0284610F09CF98E
:10A230000028F3D1D3E700BF88AC01207C0B0400D9
:10A240007C0C04002DE9F041C37804468BB900F181
:10A250007E06114B1D687DB13C3D04F170076B69B2
:10A260001BB13A46314620469847ED6B25B13C3D3F
:10A27000F5E700F17706ECE7084D094F04F17008A7
:10A28000BD4201D3BDE8F0816B691BB14246314646
:10A29000204698474035F3E788AC01207C0B04004A
:10A2A0007C0C0400F8B5437A05468372164610F01C
:10A2B00061FD0D4B1C684CB154F8243C3C3C1BB177
:10A2C00032462846697A9847E46BF4E7074C084F12
:10A2D000BC4200D3F8BDA3691BB132462846697A57
:10A2E00098474034F4E700BF88AC01207C0B0400A1
:10A2F0007C0C040038B505460C460F480521FFF7D5
:10A3000019FBC0B1057223680367A388A0F87430F5
:10A31000A37980F876300123437283728370074BF0
:10A32000C0F8A430064BC0F8A830064BC0F8AC30DB
:10A33000054BC0F88C3038BD50AA0020D5AB0200C8
:10A3400033A9030027A90300180028002DE9F041D4
:10A350000746884600250E4E304610F027FB04467F
:10A3600020B18378012B0AD0FFF78CFB0135052D36
:10A3700006F1C806F0D100242046BDE8F08142462F
:10A38000394610F021FC0028F6D12046ECE700BF4A
:10A3900050AA0020B0B500AF0D46FFF7D7FF044626
:10A3A00010B32846FCF7BEFB637B6D46082B98BFB5
:10A3B0000E4A8AB094BF52F823300D4B6A46C2E968
:10A3C00007030C4B0C4953620C4BC2E9051442F8CD
:10A3D000103F00234FF442510948F9F7BBFC2046D7
:10A3E000AD46FFF74FFB0120BD46B0BDE0180400AD
:10A3F0008764040001030204906504000500000264
:10A40000A40C040038B50446134810F09DFA420726
:10A4100002D46FF00A0038BD084610F0A5F810B954
:10A420006FF01500F7E7FEF739FF0028F1D10A4871
:10A4300010F08AFA0306C0F3C0150AD410F027FA08
:10A440000028EDD021462846FFF7A4FF0028E2D0DF
:10A45000E6E76FF07700DEE7DC1200202DE9F04739
:10A4600006460F46904600254FF0C809DFF844A085
:10A4700009FB05A010F09AFA044620B18378012B5D
:10A4800006D0FFF7FFFA0135052DF1D100240DE0CC
:10A4900037B13A46314610F097FB08B92046F0E74D
:10A4A000637B4345FAD1237AB342F7D12046BDE816
:10A4B000F08700BF50AA0020002210B58378044620
:10A4C0000B70C3784B70037A8B70437B81F8232029
:10A4D000023BDBB2062B8EBF13462848C35C2046E6
:10A4E00081F82030A378012B14BF0023637A81F810
:10A4F000213010F0F8FA81F82200A378012B39D12D
:10A5000004F170038B60237A1D4AC3EBC303134429
:10A510004B60E07804F17E0304F1770210B1184635
:10A5200013460246C1E9032340F2E242D4F88830E0
:10A530004B61B3FBF2F30B83B4F890304B83B4F868
:10A5400092308B83D4F8A0302BB15B7CDA0644BF09
:10A55000012381F82330D4F8A03013B15B7C9B0633
:10A5600001D4002010BD91F8233043F0020381F89C
:10A570002330F6E76FF01500F4E700BF56660400DD
:10A5800008120020F7B56E4605460D4B86E806001A
:10A590001C6844B154F8203C3C3C13B13146284679
:10A5A0009847E46BF5E7074C074FBC4201D303B073
:10A5B000F0BDE36913B13146284698474034F4E7CB
:10A5C00088AC01207C0B04007C0C04002DE9F041D8
:10A5D00005460E4617460E4B1C684CB154F81C3C01
:10A5E0003C3C1BB13A46314628469847E46BF4E7B9
:10A5F000084CDFF82480444501D3BDE8F081236A8C
:10A600001BB13A463146284698474034F3E700BF2D
:10A6100088AC01207C0B04007C0C04002DE9F04187
:10A6200005460E4617460E4B1C684CB154F8183CB4
:10A630003C3C1BB13A46314628469847E46BF4E768
:10A64000084CDFF82480444501D3BDE8F081636AFB
:10A650001BB13A463146284698474034F3E700BFDD
:10A6600088AC01207C0B04007C0C04002DE9F04137
:10A6700005460E4617460E4B1C684CB154F8143C68
:10A680003C3C1BB13A46314628469847E46BF4E718
:10A69000084CDFF82480444501D3BDE8F081A36A6B
:10A6A0001BB13A463146284698474034F3E700BF8D
:10A6B00088AC01207C0B04007C0C0400F8B5054636
:10A6C0000E460C4B1C6844B154F8103C3C3C13B192
:10A6D000314628469847E46BF5E7074C074FBC42E4
:10A6E00000D3F8BDE36A13B1314628469847403499
:10A6F000F5E700BF88AC01207C0B04007C0C040053
:10A70000F8B505460E460C4B1C6844B154F8083C9D
:10A710003C3C13B1314628469847E46BF5E7074CBB
:10A72000074FBC4200D3F8BD636B13B131462846D6
:10A7300098474034F5E700BF88AC01207C0B04004B
:10A740007C0C04002DE9F04105460E4617460E4BE1
:10A750001C684CB154F8043C3C3C1BB13A463146B1
:10A7600028469847E46BF4E7084CDFF8248044451A
:10A7700001D3BDE8F081A36B1BB13A4631462846B0
:10A7800098474034F3E700BF88AC01207C0B0400FD
:10A790007C0C0400F8B505460E460C4B1C6844B111
:10A7A00054F80C3C3C3C13B1314628469847E46BC6
:10A7B000F5E7074C074FBC4200D3F8BD236B13B13C
:10A7C0003146284698474034F5E700BF88AC012061
:10A7D0007C0B04007C0C04002DE9F04104460F467C
:10A7E00015469846002B6ED01B6823B10221394ACA
:10A7F00039480FF0B5F929462046FFF703FE064613
:10A8000000283FD12046294610F0B5F9044600281B
:10A810005CD097E80F00314D05F1080C8CE80F0073
:10A82000AB8A002B08BF4FF49673AB822B8A03B917
:10A83000AB892B826B8A03B9EB8929486B8210F0B4
:10A8400083F8430501D5FEF761F895F8212195F8C5
:10A8500020319A4219D903212046FFF74FF90220EF
:10A86000FEF75AFB054658B1022010F032F8204698
:10A870000021FFF743F92046FFF704F92E4601E0D7
:10A88000C8F800403046BDE8F08102212046FFF7BD
:10A8900035F920460FF094FE05460028F0D000213F
:10A8A00020462173FFF72AF92046FFF7EBF8032033
:10A8B000FEF732FB03460028E0D00221094A064891
:10A8C00010F045F8DAE76FF01506DBE76FF00B06DE
:10A8D000D8E700BFC9650400A40C040008120020DA
:10A8E000DC120020B455040038B5044608460D4675
:10A8F0000FF03AFE38B3154B93F8D830990707D4C8
:10A90000E37873B129462046BDE8384000F020BB0B
:10A9100094F898309A07F3D5201D10F015F84304E9
:10A92000EED42946204610F075F958B92B88A4F8C2
:10A930008C306B88A4F88E30AB88A4F89430EB8808
:10A94000A4F8963038BD6FF01500FBE70812002020
:10A95000F7B510F8333C0446A0F140060BBB304677
:10A9600010F0ABF9324B1D684DB155F8383C3C3D09
:10A970001BB1304614F8341C9847ED6BF4E72D4DAD
:10A980002D4FBD4205D3304603B0BDE8F040FFF780
:10A9900079B86B681BB1304614F8341C98474035C1
:10A9A000EFE710F83E3C012B3AD110F83D3C8BB953
:10A9B000FDF7C6FA693033D10221204A20480FF052
:10A9C000CFF840F239120023204603B0BDE8F04032
:10A9D00008F0E6BFA0F13C05D5E8EF3F23F40052B4
:10A9E000C5E8E12F0029F7D19B0411D5E36C694636
:10A9F0000093636D30460193FFF776FF034688B9F5
:10AA0000D5E8EF3F23F48053C5E8E23F002AF7D1B1
:10AA1000D5E8EF3F43F40063C5E8E23F002AF7D1F1
:10AA200003B0F0BD0221074A05480FF090FFEFE7A1
:10AA300088AC01207C0B04007C0C0400FE65040043
:10AA4000A40C040031660400F8B5194813F069F845
:10AA50001849174813F071F81749154813F06DF8A5
:10AA60001649134813F069F810F0B1FD05F020F80D
:10AA70000546D0B910F0E6F92E46114F38460FF0D2
:10AA800095FF044660B104300FF05EFFC30704D5A4
:10AA9000032120462572FFF731F82046FEF7F2FF2A
:10AAA0000136052E07F1C807E8D12846F8BD00BFDA
:10AAB000A41A002064AC012070AC01207CAC012001
:10AAC00050AA002008B503460121034A03480FF0AD
:10AAD00050F8002008BD00BFD8660400F40C040044
:10AAE00080B500AF88B06A46074BC2E90530032342
:10AAF00042F8103F00234FF4C2510448F9F72AF9F5
:10AB00006FF00B00BD4680BD00670400F40C04002C
:10AB100070B400235026094D06FB03F25419AA58BD
:10AB20002AB10133052BF7D170BCFFF7D9BF044B15
:10AB3000104663600C6070BC704700BF9CAC012085
:10AB40002C19040070B5044652EA03000AD015F02F
:10AB50008FFA074D074ED5F8D8503058854204BFBC
:10AB6000002213462046BDE870400431FFF718B9B3
:10AB7000004201200800000073B5054618462B6806
:10AB80000BB35B7B072B1ED1002A14BF02230123CA
:10AB90000E7A9E4209DD01210C4A0D4800960EF006
:10ABA000F2FF6FF0150002B070BDCB7A072BF8D919
:10ABB000C8618A6105F1300012F0BFFF284610F02D
:10ABC00053F80020EFE76FF07F00ECE72767040001
:10ABD000F40C04002DE9F0470E469146D0F8B04041
:10ABE00000AF4CB1483C236B6BB104F1300A5046C6
:10ABF00012F0B8FF054660B9FCF7A2FF0025284611
:10AC0000BD46BDE8F0872068B03010F04CF8A46C69
:10AC1000E7E70FF02DFC80B16C4688B06A462D4BFB
:10AC2000C2E90535032342F8103F00234FF4C25117
:10AC30002948F9F78FF8A546E0E728460FF08CFA87
:10AC4000E36C0546B3B9A38CB0F81080403B9BB2CF
:10AC50003F2B03D8238D984528BF9846042105F142
:10AC60000C000FF0D1FAA0F80080A38C438008F10B
:10AC70000403E364E36C2A8AB3420FD8934216D0EC
:10AC8000A38C403B9BB23F2B21D92068B03010F001
:10AC90000AF8236B13B120460FF0E6FFE36C9E42E7
:10ACA0002CBF00269E1BC9F80030E664A7E70022EF
:10ACB0000023504608F08CFBFBF74AFEA38CA3F15F
:10ACC00040023F2AE1D8054AAA61EB61DDE7002294
:10ACD0001346F9E747670400F40C0400F7AD0300DE
:10ACE000F7B504460026234D234FBD4201D303B0E0
:10ACF000F0BD2988204610F075F86B68019001A915
:10AD000020469847002830DB019B2A889A829A8443
:10AD100003F11002D2E8EF1FC2E8E06F0028F9D17A
:10AD20009E64DE649E60A16B03F10802F9B9C4E978
:10AD30000D221C60DE6003F1300012F0F2FE01987B
:10AD400043681B6803B19847019B1033D3E8EF1F9A
:10AD500041F00101C3E8E21F002AF7D101984368DE
:10AD6000DB6913B100F1100198470835BDE70A60AF
:10AD7000A263DEE7640B04007C0B0400F0B50D4613
:10AD80000646042185B005F10C000FF056FA2A8A18
:10AD900043880446934207D000931346464A012154
:10ADA00046480EF0F0FE10E0417839B90121444ADE
:10ADB000424805B0BDE8F0400EF0D2BE0278122A3B
:10ADC0000BD0132A03D0012A5DD105B0F0BD022BB0
:10ADD000FBD0022200923B4AE1E7082B3468EA6884
:10ADE00003D008220092384AD9E7637B072B02D0B0
:10ADF0000221364ADCE7E778A7B1022201200FF0F2
:10AE0000D6FF05460028E0D002210C300FF0DBF918
:10AE10000023294603704370204605B0BDE8F0408A
:10AE20000FF0F6BF13881320ADF808305388ADF843
:10AE30000A309388ADF80C30D3880222ADF80E307A
:10AE40000FF0B5FF05460028BFD002A92046FFF746
:10AE5000BDF90646022105F10C000FF0B4F956B118
:10AE600029460770477020460FF0D2FF204602A9FE
:10AE70000FF0D0FEA9E70123467003702946204653
:10AE80000FF0C6FFA1E7022113460C48104A0EF04E
:10AE900070FE61780222012035680FF088FF0446B9
:10AEA000002892D002210C300FF08DF900232146AA
:10AEB000037043702846B0E75F670400F40C040099
:10AEC00080670400A1670400CC670400FE670400EB
:10AED0000C68040008B50B8A032B06D80121044A2C
:10AEE00004480EF03DFE002008BDFFF747FFFAE7DB
:10AEF00034680400F40C040038B50B8A0546032BB3
:10AF00000C4609D801210F4A0F480EF029FE2046B1
:10AF1000BDE83840FBF71CBD042104F10C000FF024
:10AF20008CF9418828460FF084FF30B9074A0B4658
:10AF3000054802210EF01DFEE9E7436821465B69E2
:10AF40009847E4E752680400F40C04006F680400BA
:10AF500070B5124B0C46197805460131C9B201296A
:10AF600038BF01210822122019700FF020FF064679
:10AF700088B108210C300FF026F922883146028072
:10AF800062884280A2888280E288C2802846BDE82A
:10AF900070400FF03DBF6FF00B0070BDE4F4012076
:10AFA00023281FD81A2804D8431E182B0ED9062090
:10AFB0007047A0F11B03082B1ED8DFE803F0051D26
:10AFC0001B231D19251D05000320704701230F4A6F
:10AFD00083401A40C2B90E4A1A40002A14BF012009
:10AFE0000620704700F07F03522B05D100207047E8
:10AFF000012070470520704710F0400F0CBF06205D
:10B00000002070470420704702207047AAAA8A02D5
:10B01000545545012DE9F84F074608460C46FBF705
:10B02000F7FB18234343DFF8C880064608EB03020A
:10B03000D2F808A0E16807F15400D0E8AF0FC007CC
:10B0400009D40121264A27480FF01FFF6FF015058C
:10B050002846BDE8F88FE06800781071002248F8B3
:10B0600003200B78D22B0FD13B682146186811F0D2
:10B070005AFA054640B101211B4A1A480FF005FF54
:10B080002046FBF765FCE3E704F10C000FF0F5F850
:10B09000182303FB0683B4F810B09F600023814699
:10B0A0001A462146381DFFF767FD05460028CFD018
:10B0B00010F1690F04D101210C4A0A480FF0E5FE96
:10B0C0006369A4F810B013FA89F3E36018235E43B0
:10B0D00008EB0603C3F808A048F80650B8E700BF1D
:10B0E000AB680400940C0400C5680400D868040030
:10B0F00034AE012008B5EFF31181402383F31288A9
:10B10000BFF36F8F002303600F4B5A68C2B9C3E9C6
:10B11000000081F31188BFF36F8F0C4808F09CFB8F
:10B12000031E0CDA01210A4A0A480EF022FD002310
:10B1300083F31188BFF36F8F0323184602DF08BD26
:10B1400010605860E5E700BF2CAE01201C160020FF
:10B15000FB680400940C0400011F014812F0F1BBCD
:10B16000441800200121024A02480FF08EBE00BFA1
:10B1700024690400940C040070B503788AB0044676
:10B180000E4607AD032B20D8DFE803F002191B1D84
:10B1900011492846F5F7CBF8059563781E210493ED
:10B1A000A37830460393E3780C4A02932379019302
:10B1B00063790093A3790CF0C9FA0AB070BD08490D
:10B1C000E7E70849E5E70849E3E70A212846074A8F
:10B1D0000CF0BCFAE0E700BF5434040076340400FD
:10B1E0005B340400623404006C3404008F7104008A
:10B1F00010B5044600F15003D3E8EF1F41F0010100
:10B20000C3E8E21F002AF7D1201F0FF096FE04F1D9
:10B210007400044912F098FD2068BDE8104002F067
:10B22000FDBF00BF2DC602002DE9FF414FF0000811
:10B230004FF4205305460E46006802A914461768CD
:10B240008DF80880ADF80A300FF054F8A0B142F63E
:10B250000103286803A98DF80C80ADF80E300FF0BB
:10B2600049F848B123691BB15A88B24200D25E80C6
:10B27000012004B0BDE8F081616828680FF03AF859
:10B2800010B100232361F3E7E368A0681A786AB17C
:10B29000B7F81AC0798D038A8C4594BFC3EB0C03B1
:10B2A000C3EB0103934201DA0020E2E704210C30F2
:10B2B0000EF089FF20610680236929465E80074BD6
:10B2C0000194009338460023A2680FF056FF00282F
:10B2D000EADB2069003818BF0120CAE7E1B00300AB
:10B2E00073B50E46438D418B01328B4228BF0B460E
:10B2F0009A42054609D9022100921C481C4A0EF0C8
:10B3000042FC0024204602B070BD3046FFF748FEE4
:10B31000022812D0042810D014F0AAFE154B195898
:10B32000154BD3F8D83099421ED0144B1B685A1ACB
:10B3300018BF4FF0FF32134601E00023104A0021EE
:10B340001048FFF7FFFB04460028DBD0FBF760FA4C
:10B3500018220D4B012102FB003304F10C009D600B
:10B360000EF031FF0670CDE70022E4E7940C0400F4
:10B370004169040008000000004201207CAE012069
:10B380001C4E0E00E81A002034AE012070B50446B1
:10B3900001F10C000D460EF060FF266801462B8A75
:10B3A000EA68306810F000FF1E2100222046FFF7F7
:10B3B00097FF014630B90121044A05480FF065FDA9
:10B3C000002070BD20460FF0AAFDF9E76669040071
:10B3D000940C0400F0B51E4603680D46003904467F
:10B3E00018BF012187B01868174610F0EEFE38B973
:10B3F00004F154000FF0B6FE002848D1122014E0EA
:10B40000002E46D018220021684614F02BFC77B19C
:10B41000002239462046FFF763FF019038B91E48E5
:10B4200001211E4A0FF031FD112007B0F0BD236845
:10B4300031461B6830460093BDF83030184AADF8ED
:10B4400012300D9B8DF808500393BDF83830ADF8DD
:10B45000103001238DF814306B460FF0DAFD9DF8A3
:10B4600014307BB14FB10198FBF772FA324629468E
:10B4700020469DF814300FF027FF182D07D19DF8B6
:10B480001400D2E7019911B120460FF048FD0020C9
:10B49000CBE70120C9E700BF940C040083690400D6
:10B4A000A1AF03002DE9F3471768054689460068F8
:10B4B00051681446D7F804A00EF01CFF80460028FF
:10B4C0004BD195222946504610F0F2FC06462075D5
:10B4D00040B1E3681B780BB184F81480002002B0FF
:10B4E000BDE8F0872946504610F0A7FE10B90823A2
:10B4F0002375F3E7A06826750EF032FE02210C30AA
:10B500000EF061FE164B2061A0F8009000930194AC
:10B51000334629463846A2680FF02FFE002807DA86
:10B5200010F1FF0F32BF0E204042C0B22075D5E7A8
:10B530002369002BD2D0A0680FF08FFC7B8D7A8B13
:10B540009A4294BFC0EB0200C0EB0300E3681B7893
:10B55000984294BF00200120C1E70120BFE700BF4F
:10B560006BAE0300F7B5144605460E464FF49572D0
:10B570000146206810F09CFC207430B929462068F0
:10B5800010F05DFE20B908232374002003B0F0BD45
:10B590006B8A5B0612D501230193E3892946009348
:10B5A000AF68A389A2682068B84738B110F1FF0FCF
:10B5B00032BF0E204042C0B22074E6E700220023D2
:10B5C00009480EF09AFD606008B90923DCE706839C
:10B5D000E38943836068A289A1680C300EF0F9FD0D
:10B5E000002301202374D1E7C41B0020F7B50B8A88
:10B5F00004460D4607683BB90121284A28480FF048
:10B6000044FC002003B0F0BD012105F10C000EF058
:10B6100014FE7B7B0646072BF3D154F8043C002B29
:10B62000EFD0002203781F48043C10F8327000EB82
:10B63000C2019F420FD12A8A48788F78904220D940
:10B640000121009316481346174A0EF09CFA012F69
:10B65000D7D104231EE001321E2AE6D10221104870
:10B66000124A0EF086FA31780846FFF799FC002856
:10B67000C7D00528C5D00623002220460FF024FE9F
:10B68000BFE74B68204629469847012F0346B8D1AB
:10B690000028B6D000223178EFE700BF9C69040093
:10B6A000940C040054190400D1690400B769040023
:10B6B0002DE9F04F42F60103002591B0166880464F
:10B6C0000F4600680BA9D6F8049014468DF82C504C
:10B6D000ADF82E300EF00EFE002870D04FF420533F
:10B6E000D8F800000BA98DF82C50ADF82E300EF0D4
:10B6F00001FE38B1A3681BB15A88BA4200D25F80FC
:10B7000001200EE0616808460FF0A7FB728D738B75
:10B710009A4294BFC0EB0200C0EB0300032803D899
:10B72000002011B0BDE8F08F08460EF019FD054667
:10B7300060680FF092FB728B738D05F10C0B9A42CF
:10B7400094BFC0EB020AC0EB030A58460EF099FD05
:10B75000824537D260680FF080FB728D738B9A42FE
:10B7600094BFC0EB0200C0EB030070B96368987A25
:10B77000FBF746F8002200230EF0BFFC0546002828
:10B78000CED0014660680EF0FCFC00230093D8F890
:10B79000046010234146484602AAB047061E0EDB4D
:10B7A000227CE068B2422BD001460BA80EF0D0FDFF
:10B7B00060B9237C144A022114480EF0DAF9002300
:10B7C000A3609DE758460EF05CFDCEE7F2B202A9F9
:10B7D00006A80EF0BDFD10B90D4A3346EBE706A9E9
:10B7E0000BA80EF087FD0028E9D100230421637423
:10B7F00005F10C000EF0E7FCA0600780A3687EE76F
:10B8000002A914F037FAEEE7F0690400940C040082
:10B810000F6A0400F8B5124A0746002311480D4686
:10B820000EF06BFC044638B901212B460E4A0F4836
:10B830000EF09FF92046F8BD00F10C0609213046B4
:10B840000EF0B6FC2046FAF7E3FF1822084B012160
:10B8500002FB003330469F600EF0B5FC0570E9E74F
:10B860001C4E0E00E81A0020D8660400940C040058
:10B8700034AE01202DE9F04F06460024CB6887B096
:10B880001B78514F04933068436A73B9002C40F021
:10B89000908019213046FFF7BDFF0146002800F0D7
:10B8A000908030460FF03BFB83E024300EF03EFCEE
:10B8B0004FF000030546BB80BB68B0F818A0028AB1
:10B8C000C16841483B600EF084FCD6F800806B8B69
:10B8D000D8F824400593FCB1D4F800904FF0000B49
:10B8E000E4B9049B012B6AD1BB88002202933B6818
:10B8F000182101936B8B304600935346FFF76AFD86
:10B90000044628B10346182130462A8B0FF0DCFC90
:10B910002846FBF71DF8B6E7A146DFE7228B524524
:10B9200032D1628B002ADCD0B988059B581882423C
:10B930002ED1228AF888114481423EDC3846E168E3
:10B940000EF047FC2268BBF1000F14D1D8F8281084
:10B95000C8F824208C4201D1C8F8282000232046B2
:10B960002360FAF7F5FFB9F1000F0FD0D9F80020E6
:10B970004C469146B4E7CBF80020D8F828209442F2
:10B9800008BFC8F828B0E9E7A346ECE74A46EFE766
:10B9900007242846FAF7DCFF306824300EF0C6FB97
:10B9A00005460028F5D123465246182130460FF0AF
:10B9B0008BFC002007B0BDE8F08F0D24E9E70024E0
:10B9C000A6E70E20F6E700BFE81500202DE9F041BC
:10B9D0000E8A0446043EF6B2022E08468CB001D010
:10B9E000102E64D104210C300EF027FC0DF1080854
:10B9F00005884788011D324640460EF0A9FC002804
:10BA000057D09DB3002687B3AF422FD34FF42053B6
:10BA1000404601A98DF80460ADF806300EF06AFCCE
:10BA200040BB1422002107A814F01CF91121204664
:10BA3000FFF7F0FE0990002837D001210C30CDE946
:10BA400007480EF0C0FB00230A90394603701A4ADB
:10BA50000B93284607AB0FF0DCFA0A9B1B78FBB967
:10BA60000998FAF775FF0A2301E03D4601232A46AB
:10BA700010210EE042F60103404607A98DF81C6034
:10BA8000ADF81E300EF036FC0028CAD010232A462E
:10BA9000194620460FF018FC00200CB0BDE8F081DC
:10BAA000204609990FF03BFAF6E71120F5E704204C
:10BAB000F3E70E20F1E700BF29B202002DE9F043C1
:10BAC000036804460D4685B00121186810F07DFB1F
:10BAD00040B904F154000FF045FBB0BB122005B093
:10BAE000BDE8F08310220021684614F0BBF8212144
:10BAF0002046FFF78FFE029048B34FF00108DFF8B1
:10BB00005490009405F10C072B8A012B04D8204691
:10BB100002990FF004FA18E038460EF09EFB6B46CF
:10BB20004A46014606468DF80C800FF072FA9DF8E1
:10BB30000C30002BE8D00298FAF70AFF3246202199
:10BB400020469DF80C300FF0BFFB0020C7E7112006
:10BB5000C5E700BFC1B303002DE9F0430368044605
:10BB60000D4685B00121186810F02FFB40B904F193
:10BB700054000FF0F7FAB0BB122005B0BDE8F08317
:10BB800010220021684614F06DF80F212046FFF7BF
:10BB900041FE029048B34FF00108DFF85490009442
:10BBA00005F10C072B8A012B04D8204602990FF0CF
:10BBB000B6F918E038460EF050FB6B464A4601468F
:10BBC00006468DF80C800FF024FA9DF80C30002BFF
:10BBD000E8D00298FAF7BCFE32460E2120469DF8C6
:10BBE0000C300FF071FB0020C7E71120C5E700BF44
:10BBF00061B30300F0B51D46036804460E4685B0E8
:10BC000001211868174610F0E0FA38B904F1540021
:10BC10000FF0A8FA48BB122005B0F0BD65B31022A2
:10BC20000021684614F01EF839462046FFF7F2FD61
:10BC3000029018B3BDF828302946ADF8043001232E
:10BC400028468DF80C300E4A6B4600940FF0E1F94F
:10BC50009DF80C305BB10298FAF77AFE2A4631461D
:10BC600020469DF80C300FF02FFB0020D4E7204633
:10BC700002990FF054F9F8E70120CDE71120CBE746
:10BC800061B303002DE9F0410E8A0446043EF6B28A
:10BC9000022E08468CB001D0102E76D104210C3033
:10BCA0000EF0CBFA0DF1040805884788011D3246D5
:10BCB00040460EF04DFB002869D085B377B3BD42F6
:10BCC0002DD80121606810F080FA064678BB42F654
:10BCD00002038DF8000069464046ADF802300EF0D0
:10BCE00009FB20B342F60303404606A98DF818600D
:10BCF000ADF81A300EF0FEFAC8B1012D03D14FF69F
:10BD0000FF739F4213D004F154000FF02BFA002868
:10BD100014BF002012200CB0BDE8F0813D46012385
:10BD20002A46082120460FF0CFFA0020F3E7182218
:10BD300000210DEB020013F095FF09212046FFF7CB
:10BD400069FD0890F8B101210C30CDE906480EF0EC
:10BD50003AFA0023099003700A2339468DF82C30F3
:10BD6000284606AB0B4A0FF054F99DF82C302BB146
:10BD70000898FAF7EDFD9DF82C30D1E72046089998
:10BD80000FF0CDF8D1E71120C5E70420C3E70E205E
:10BD9000C1E700BFA5B402002DE9F0430F460446F9
:10BDA000062187B007F10C000EF047FA0588B0F8BD
:10BDB00002808288D7F80C90C5B10023B8F1000F3B
:10BDC00013D0454512D88DF800308DF804304FF46B
:10BDD0002053684601A9ADF80220ADF806300EF0F8
:10BDE00089FA064660B10A2301E0454601232A4646
:10BDF000062120460FF068FA002007B0BDE8F08366
:10BE00000146142201A83F7C13F02CFF0721204695
:10BE1000FFF700FD0290D8B10A2341468DF8153096
:10BE2000284601AB0B4ACDE9036901948DF81470E3
:10BE30000FF0EFF89DF815302BB10298FAF788FD56
:10BE40009DF81530D3E7204602990FF068F8D3E744
:10BE50001120D2E7B1B602007FB5CB6804461D8839
:10BE60005E8885B176B1B5420DD8102200216846B2
:10BE700013F0F8FE05212046FFF7CCFC019058B9DD
:10BE8000112007E0354601232A46042120460FF001
:10BE90001BFA002004B070BD6B4631462846084AA4
:10BEA00000940FF0B6F8029B23B90198FAF750FD01
:10BEB0000A23E9E7204601990FF031F8E9E700BFCE
:10BEC00029B003002DE9F0470D460446042186B051
:10BED00005F10C000EF0B1F92368B0F80090B0F84D
:10BEE000028001211868EF682E8A1FFA89FA10F083
:10BEF0006CF940B904F154000FF034F928BB12205A
:10BF000006B0BDE8F087BAF1000F43D0142200213B
:10BF100001A813F0A7FE236851461B685046019301
:10BF200001231E4A8DF81430F6B201ABADF8128031
:10BF30000397ADF810600FF06CF89DF8143033B132
:10BF40005246162120460FF0BFF90020D8E720689E
:10BF5000029924300EF0D5F817212046FFF75AFC3D
:10BF60000290C8B104210C300EF02DF90546A0F85E
:10BF70000090A0F80280029831460C300EF023F9B0
:10BF800039463246281D13F060FE204602990EF015
:10BF9000C6FFDAE70120B3E71120B1E765B502007B
:10BFA0002DE9F04182B000AF04468846002200230C
:10BFB00039463C4807F042F80546B0B16D4688B0B6
:10BFC0006A46394BC2E90534032342F8103F002387
:10BFD0004FF4C2513548F7F7BDFEAD466FF00B0682
:10BFE00030460837BD46BDE8F08114F041F8304BCB
:10BFF0003E681A582F4B29461A60301D302213F024
:10C0000031FE34603C6800220023C4E90155C4E9D4
:10C010000B552948391D7D6007F010F8064688B198
:10C0200023686C4688B06A462449C2E90513032395
:10C0300042F8103F4FF4C4512B461C48F7F78AFED4
:10C04000A546CBE77B680146B022184613F00AFEEE
:10C050001B4A82605C3011F064FD7B685433D3E886
:10C06000EF2FC3E8E16F0029F9D17B681C60E36A18
:10C070007D682BB904F10C0011F053FDC4E9096689
:10C08000E26A05F1A803C5F8A820226BE36202B9B1
:10C09000236317227B685A855A830433C8F800301B
:10C0A0009EE700BF281800202E6A0400940C0400AC
:10C0B000080000007CAE012044180020536A0400F0
:10C0C000F415002008B5437B072B06D002210C4A4B
:10C0D0000C480EF0DAFE002008BD04210EF0A9FE87
:10C0E00010B9094A0121F3E700F15003D3E8AF3F4B
:10C0F000DB0701D4054AF5E750F8040CECE700BF74
:10C10000FE670400940C0400786A0400AB68040025
:10C110002DE9F04F85B000AFB860EFF311884023F0
:10C1200083F31288BFF36F8F574C20460EF08BFEBF
:10C130002668054688F31188BFF36F8F00285ED00C
:10C14000FAF766FB182202FB00F35049C81851F8B1
:10C1500003A003690021D0E90248FB6090F8049035
:10C16000B0F806B013F07EFDA87AFAF749FB6969CA
:10C17000034659B16A7AD00706D45A6A284612682B
:10C180007B60926890477B6800226A612946184666
:10C1900011F0DEFCB9F1000F0DD064B1236853B18A
:10C1A0001B6843B1BAF1000F2DD001215346384A24
:10C1B00038480DF0DEFC16B30020B96811F084FD9C
:10C1C00000281CDA6C468AB06A46334B5361334B05
:10C1D000C2E906304FF400731384314B42F8103F2C
:10C1E00000234FF411512B48F7F7B4FD0023A54667
:10C1F00083F31188BFF36F8F0323184602DF1437D0
:10C20000BD46BDE8F08F201D0FF064F94846FEF7EB
:10C21000C7FE0528CFD801A353F820F061C2020061
:10C2200035C20200B7C1020061C20200B7C10200FC
:10C2300035C2020004F15403D3E8AF3FDA0705D456
:10C240000121184A13480EF020FEB4E7A36D002B1D
:10C25000B1D00023144A04F1780007F0A1FBAAE74B
:10C2600054F8543B1D68D4E8AF3FDB07E8D5B8F17C
:10C27000000FA0D0002403E02846F968C04701342D
:10C28000A3B25B45F8D396E72CAE012034AE012073
:10C29000936A0400940C0400B26A0400696B040001
:10C2A00004000001AB6804001C4E0E00F8B50F46F8
:10C2B0001646FFF707FFB0B1C46A20461CB150F81C
:10C2C000A84904B1A83C731C194638B1428D458B6E
:10C2D000AA4228BF2A469A4207D264B902210A4AD2
:10C2E0000A480DF046FC0020F8BD32463946BDE84C
:10C2F000F840FEF7F5BFD4F8A85005B1A83D204698
:10C300000B462C46E2E700BFCD6A0400940C040003
:10C3100007B50B460021024613F0AAFE01910F4912
:10C3200009580F480068884204D00E48D0F8D80059
:10C33000884201D10022134601A90B4806F07EFE77
:10C34000014648B9019B1C22184613F08BFC03469A
:10C35000184603B05DF804FB0023F9E7080000006D
:10C360007CAE0120004201206018002010B5044678
:10C37000806818B1FAF7ECFA0023A3602146BDE803
:10C380001040014811F0DDBA601800202DE9F34794
:10C39000044678300E4617461D4611F0E3FCA06DAA
:10C3A00058B918480221184A0EF06FFD204600F0D7
:10C3B0001DF9002002B0BDE8F087144B4FF00008D3
:10C3C000984205D12068C4F858800FF0B4F8F0E71F
:10C3D000D0F80490C0F80480A06DD0F818A0FFF742
:10C3E000C5FF2068C4F858800FF0A5F8B9F1000F18
:10C3F000DFD02068CDF800A03B46324629460068D1
:10C40000C847D6E7940C0400E86A040080AE012017
:10C4100070B5836D0446CA6843B319498B4225D071
:10C42000D5781DB3052D406806D00F2D1FD1437A56
:10C43000012B1CD8022107E0437A012BFAD9022BE9
:10C4400012D0032B13D104210EF05AFB08B1103087
:10C450000DD104F1780011F085FCA26D0020137C51
:10C4600043F00103137470BD0321EDE70E25002294
:10C470002B462046BDE870401146FFF787BF00BF3E
:10C4800080AE012070B5054650F8043C044655F8CE
:10C490000469002B3AD039B1436D002B36D01B7C98
:10C4A000DA0733D505231BE0304601F0FDFE737A31
:10C4B000012B2BD0646D4CB3237CDB0726D5E368BE
:10C4C000002BEFD028466269617CFEF709FF064623
:10C4D00068B9637C01210E4A0E480DF04AFB0E2319
:10C4E00000222846BDE870401146FFF74FBFE368C1
:10C4F000D4E90512984718B13046FAF729FAEEE761
:10C5000031462846FEF786FD0028F5D170BD00BFF4
:10C51000FF6A0400940C0400F7B550F8044C05467B
:10C52000002C5FD000F1A40104F12C000EF001FEFC
:10C530002E1F05F1580700220023384606F048FF59
:10C54000024690BB6B6D2BB101466FF0670330461E
:10C55000FFF71CFF002345F8043C05F15003D3E826
:10C56000EF1F21F00101C3E8E21F002AF7D1E36ABF
:10C57000002B37D104F1240630460DF0D7FDB8B9B1
:10C5800004F10C0600220023304606F021FF90B98A
:10C5900066689EB921461448266011F0D2F92868D1
:10C5A00003B0BDE8F04001F047BFFAF7D1F9C2E7A8
:10C5B000FAF7CEF9E0E7FAF7CBF9E3E7A2683368D8
:10C5C0009642636008BFA36077683FB1B3696FF0BC
:10C5D00067010093002320681A46B8473046FFF7EA
:10C5E000C5FED5E703B0F0BD2818002030B50546DC
:10C5F000044655F8043B89B018680EF005FB6946FF
:10C60000FEF7BAFD2846FFF787FF132160680EF09A
:10C61000E4F9034620B10121024A03480DF0A9FACA
:10C6200009B030BD1F6B0400940C0400B0B588B095
:10C63000044654F8783D00AF18680EF0E5FA394624
:10C64000FEF79AFD6D4688B06A460B4BC2E9053786
:10C650004FF400739383094B42F8103F00234FF4CB
:10C66000E2510748F7F776FB2046AD46FFF7BEFFDD
:10C670002037BD46B0BD00BF3D6B04000300000184
:10C68000940C040010B50C4618B311B3FFF71AFD53
:10C69000F8B1C36ABBB153F8A82902B1A83A996DA1
:10C6A0008C4209D07AB11346D2F8A820002AF6D0DD
:10C6B000996DA83A8C42F6D12046064A9A65BDE8A3
:10C6C0001040FFF753BE043021460EF032FD2046E5
:10C6D000F5E710BD80AE0120F8B51D460F461646A1
:10C6E000FAF796F81823044C03FB00400123C0E935
:10C6F0000376C3800575F8BD34AE012008B511F08E
:10C70000FCFF38B1034601210348044A0FF069F8E1
:10C710006FF0040008BD00BFCC0C04008C6B04005B
:10C720002DE9F041054600260C4CDFF83480274601
:10C73000621C6DB9414610460FF0A8F828B90136C1
:10C740000A2E04F11004F2D100273846BDE8F0812A
:10C75000284621780EF038FAF0E700BF14AF012028
:10C76000CF540400F8B506460F460024094D15F8CD
:10C77000013CB34207D1394628460FF087F810B183
:10C7800005482044F8BD0C34782C05F10C05EED199
:10C790000020F7E7D7E90120D6E90120F8B50646E1
:10C7A0000B4F4C1C01F165056EB12246304614F862
:10C7B000011C0EF009FA08B1601EF8BD0A34AC4243
:10C7C000F2D10020F9E7394620460FF05FF8F2E792
:10C7D000CF5404002DE9F041054600260C4CDFF84B
:10C7E00034802746621C6DB9414610460FF04EF862
:10C7F00028B901360A2E04F11004F2D10027384678
:10C80000BDE8F081284621780EF0DEF9F0E700BFA0
:10C81000C0AF0120CF54040038B50C4619466BB1A7
:10C8200003F114055B698AB9E268A360954200D1FF
:10C83000E36000230D681A464B61A847A3685BB903
:10C84000601C0649BDE838400FF038B81360E36853
:10C850009D4208BFE260ECE738BD00BFCF54040042
:10C860002DE9F8431E46BDF8203081460F46D1F829
:10C870000C80002B45D1731E012B45D8012E41465B
:10C88000157818BF1588FFF789FF0446C0B915B998
:10C890003046BDE8F8834146FFF780FF044638B9CB
:10C8A0001B4802211B4A0FF007F86FF01000F0E759
:10C8B00009F1700101300FF001F899F80830237088
:10C8C000D8F86C308BB92581B8F86430AB4203D00E
:10C8D000414638460FF047F8002DD9D10E49601C6B
:10C8E0000EF0ECFF25702581D2E72A4639464846EE
:10C8F00098470028CDDB01380128E4D96FF00D00FE
:10C90000C7E76FF00600C4E76FF00C00C1E700BF97
:10C91000CC0C0400A26B0400CF540400024608B5FE
:10C92000074901300EF0CAFF00230C3202F8043C24
:10C93000D2E8EF1FC2E8E03F0028F9D108BD00BFF0
:10C94000CF5404002DE9F041104B8168994213D176
:10C950000024C668176892F80480751C15F8013C1D
:10C9600043450CD1394628460EF090FF38B10023DC
:10C9700032193351536013810120BDE8F0810A342C
:10C98000642C05F10A05E9D1F6E700BF61C8020091
:10C990002DE9F04180460F4616461D46FFF7E2FEA0
:10C9A000044680B90F49FFF7DDFE044630B9BDE803
:10C9B000F04101210C4A0D480EF07EBF394600F8C7
:10C9C000018B0EF07BFF228963891AB92BB926816E
:10C9D000658104E0964238BF26819D42F8D8BDE8C3
:10C9E000F08100BFCF540400BC6B0400CC0C0400E9
:10C9F0002DE9F84F1646294B826807469A4230D1F6
:10CA0000C568B5F8643063B34FF00008DFF894B040
:10CA10006C1C05F1650A06F17009B4F807309BB18A
:10CA20002246304614F8011C0EF0CEF8E0B921463B
:10CA300014F8010CFDF78AFC30B1437B072B08BFCB
:10CA40004FF00108FDF71EF80A345445E5D1B8F15E
:10CA5000000F06D1AB6EA5F8648013B1414638468D
:10CA600098470120BDE8F88F4946307A0DF09FFDC8
:10CA700070B95D4502D130460FF06AF92046084989
:10CA80000EF01CFF002304F8013CA4F80730DBE79C
:10CA9000494620460EF012FFD6E700BF61C80200EB
:10CAA000CF540400441600202DE9F04706460D46F9
:10CAB0001D48002190461F469DF820A0DDF82490D7
:10CAC000FFF726FC044688B1456080F811A0C0F845
:10CAD0001490C760C0F818804A4651463046FFF7A8
:10CAE000E5FB054638B92046FFF740FC6FF00B0523
:10CAF0002846BDE8F087002201231146FFF7ECFD30
:10CB00002846A56042464946B847054618B1204622
:10CB1000FFF72CFCECE7214630460EF0E4FD05461D
:10CB20000028E5D0F3E700BF1C4E0E0073B50C469D
:10CB30000546082104F1100016460EF0B2FE12233D
:10CB400004223146CDE9003228462246024BFFF747
:10CB5000ABFF02B070BD00BFA7BD03002DE9F041DF
:10CB60001F46BDF818300646012B904634D83B448A
:10CB7000012B3D4633DCFFF7D3FD044668B9FFF7D0
:10CB8000CFFD044648B90221184A19480EF094FE18
:10CB90006FF010052846BDE8F08197B10023217A97
:10CBA00098F8002021FA03F0C70703D522FA03F012
:10CBB000C00717D50133032BF4D102F0070211434C
:10CBC0002172601C06F170010EF078FE337A204667
:10CBD00023700FF0FDF8DDE76FF00605DAE76FF080
:10CBE0000C05D7E76FF01205D4E700BFDB6B04003C
:10CBF000CC0C040010B56FF0020104460E480EF094
:10CC000064FE0D480EF04AFEC20704D50022002340
:10CC10000A4806F0C5FE20460EF09BFD50B12046A6
:10CC2000FFF77EFD30B1037ADB0703D5BDE8104086
:10CC30000FF0CEB810BD00BFF0AE0020C0AE002097
:10CC4000012110B514480EF02CFEC30723D4022195
:10CC500011480EF026FE084007D11049104A0B88F3
:10CC6000104CA24211D300B10B800F490F4811F0B4
:10CC70006BF840F2391200230C48F9F7AFFFBDE81A
:10CC800010400B490B4811F05FB85068083203445C
:10CC90009BB20120E5E710BDB4AF01204EEA0120B0
:10CCA0007C0C04008C0C040011CF020048AE002064
:10CCB0006DD20200C0AE002003462DE9F04148B11C
:10CCC000008A38B901244FF0140C1149DFF844E010
:10CCD000714501D3BDE8F081D1E90076BB4204D3B0
:10CCE0000CFB0672143A93420ED93444A2B2144695
:10CCF0000831EDE70CFB0578434507D00135621993
:10CD0000B54292B2F6D1F2E70025F8E71046E1E726
:10CD10007C0C04008C0C04002DE9F74F99464FF66B
:10CD2000FF73BDF830500746002D08BF1D46244B49
:10CD300090461B88009183423CD203B0BDE8F08F3F
:10CD400073682344BB4232D29CB208361D4B9E42CC
:10CD5000F6D3F2E74046895801930DF0CBFA019BD8
:10CD600090B101340AF1010AA4B273685345ECD9B9
:10CD7000009B9C42E1D8BC423168F2D30BFB0AF223
:10CD80008B18B8F1000FE5D1B9F1000F0BD1013DBF
:10CD90001846ADB221460E9A0D9B9847002DCCD077
:10CDA0000028DED1C9E7DA689145DAD1EFE74FF024
:10CDB000000ADAE701244FF0140B034EC6E700BF68
:10CDC0004EEA01208C0C04007C0C0400002110B5FC
:10CDD000E4B0182205A8CDE90011CDE9021112F046
:10CDE00041FF4FF41053ADF8103080231022ADF8FE
:10CDF00012304FF48063234C6946CDE906340DEBC5
:10CE0000020062AB08F0B0F9034630B11E4A0121BE
:10CE10001E480EF0E6FC64B010BD01464FF4AE7241
:10CE20000BA812F01FFF224662990BA811F062FCBA
:10CE3000034608B1164AEAE74FF6FF710120154A8A
:10CE40000BAB0FF028F81022134904AB0BA811F01C
:10CE500068FC0446629808F037F914B123460F4A7B
:10CE6000D5E721460C4B03F11002187812F8014D5A
:10CE70000131082903F8014B1070F6D108480EF073
:10CE800010FDC8E70002C003076C0400CC0C0400CE
:10CE9000306C0400E7B7030038AE00204E6C04008D
:10CEA000F0AE00202DE9F04116490446A1F1300012
:10CEB00015461E46BDF8187010F067FF12480EF0B8
:10CEC000EDFC010701D4FFF781FF2046FFF728FCA6
:10CED00068B1037ADA070AD500F10C0420460EF097
:10CEE000DDFCC30703D4022120460EF0DAFC102338
:10CEF0003A46069331462846BDE8F041034B0EF012
:10CF00003EBE00BF78AE0020F0AE002038AE00205C
:10CF100008B505480EF0C2FC030703D4BDE808407D
:10CF2000FFF754BF08BD00BFF0AE0020002307B5D7
:10CF30000193FFF7C1FE411C89B20846034A01ABC9
:10CF40000EF0A9FF019803B05DF804FB97B703004A
:10CF50002DE9F04387B0437B8046072B0C461646ED
:10CF600002AF40F0A58000233B7342F60303206824
:10CF7000FB8107F10C010DF0BDF90546002834D105
:10CF8000D4F80490B9F1000F05D101214B4A4C4867
:10CF90000EF092FC8CE001232146009007F108027C
:10CFA000C847031E11DA6E4688B002AAD361042373
:10CFB0004449C2E9051442F8103F4FF401512B4691
:10CFC0003F48F6F7C7FEB54672E0012B05D00121B8
:10CFD0003D4A3B480EF005FC6AE03B7A13F0300F07
:10CFE00066D02046FFF7A2FF0446002320683B736B
:10CFF00042F6021307F10C01FB810DF07BF918B129
:10D000002046FFF793FF0446002542F602192068E8
:10D0100039463D70A7F802900DF06CF910BB002363
:10D0200020683B7342F6021307F10C01FB810DF0FF
:10D0300061F9054600283BD1D4F80490B9F1000FFE
:10D04000A3D0022300902146404607F10C02C847B6
:10D05000031EA8DB022BBAD1BB891E4214BF0120DC
:10D06000002026E042F603032068391D3D71FB8055
:10D070000DF040F90028D2D04FF42053206807F17A
:10D0800008013D727B810DF035F90028C7D042F6CA
:10D090000103206807F10C013D73FB810DF02AF9B3
:10D0A0000028BCD02046FFF741FF04460028AED13F
:10D0B00000201437BD46BDE8F08300BF646C040057
:10D0C000CC0C0400786C04009E6C04002DE9F8433D
:10D0D000154689469422696806460EF0E9FE8046A8
:10D0E000002841D1022230466968FFF731FF00284D
:10D0F0003DD000211F48AF8AFFF70AF902370446E6
:10D1000080B11D211C4B47613A464174C0F80C8028
:10D11000436085613046FFF7C9F8074638B92046B5
:10D12000FFF724F96FF00B052846BDE8F8830123CB
:10D1300042464146FFF7D0FAA98A07F10C000231B6
:10D140000DF041F820F8029BAA8A296912F07DFDB2
:10D1500021463046A7600EF0C6FA05460028E3D007
:10D160002046FFF703F9DFE74FF0FF35DCE76FF00C
:10D170001505D9E71C4E0E009DB7030030B50446D7
:10D180008BB037480EF08AFB42070D4661D514B1CB
:10D19000637B072B60D168680590FFF78DFD2A68D7
:10D1A000ADF818003AB305A902912E490023019168
:10D1B000012100914FF6FF710593FFF7ADFD059B2F
:10D1C0001BB96FF001000BB030BD6B60059B04A96B
:10D1D000186800238DF8103042F60303ADF81230C2
:10D1E0000DF088F870B90598C3689B799B0605D443
:10D1F0006FF01500E7E70028E8D1E2E70EF004FE43
:10D20000ADF81800BDF818003CB1012301462A46CC
:10D210002046AB75FFF75AFFD5E76FF07F03079302
:10D220000223ADF8203042F60213ADF8123005AB00
:10D23000AC7502930C4B4FF6FF710193012304AAC6
:10D240000093234609958DF81040FFF765FD079878
:10D25000B9E76FF00A00B6E76FF07F00B3E700BFF1
:10D26000DC120020CBB70300F5D3020073B50446EF
:10D2700050F8083C00F130056FF00101A0F12006E4
:10D28000284601930EF021FB0D4B002044F81C3C76
:10D290000C4B314644F8183C01AB44F8103C0423D5
:10D2A00024F8080C24F8060C24F80C3CFFF766FF61
:10D2B00018B9022128460EF0F4FA02B070BD00BF82
:10D2C000941A0400F5CB02002DE9F84F904614683B
:10D2D0003F4B826805469A4200AF75D1D0F80C905A
:10D2E00009F1010609F1650AB6F80730F3B13246D3
:10D2F000204616F8011C0DF067FCB8B14FF495728A
:10D30000294620460EF0D4FD30B3032812D1EB4657
:10D3100088B06A462F4BC2E9053542F8100F00234A
:10D320004FF4C4512C48F6F715FDDD460A36564534
:10D33000DAD149E0052820460CBF4FF0030B4FF02F
:10D34000020B0DF012FC834506D998F804305B45BA
:10D35000ECD288F804B0E9E7494628460EF003FB12
:10D360001E4B994530D1207A04F17001FFF7FAF98C
:10D37000054648B303890BB943892BB32046FCF714
:10D3800003FD2B89164A22F82030698902EB8003BD
:10D39000598018231349144D03FB001300B202EB0C
:10D3A00080021A61042200EB40005D600F4D01EB2A
:10D3B000C00120469D609A82FFF7E0FE20B1012166
:10D3C0000B4A05480EF078FA0120BD46BDE8F88FFB
:10D3D00061C80200B76C0400CC0C040044160020A5
:10D3E000C2E901209CAE0120941A0400D9BD0300BB
:10D3F000CB6C04002DE9F84F1446454B82688146FA
:10D400009A4239D1D0F80CA0424B9A451CD1002643
:10D41000414D424F394628460EF038FA78B9072276
:10D42000294615F8010CFDF719F840BB2369294678
:10D430001A6915F8010C53881288FFF7A9FA01360A
:10D440000A2E05F10C05E5D10AF101070AF1650B79
:10D45000B7F80720A3899A420BD1394617F8010C77
:10D46000FCF774FF054620B1437B072B0AD0FCF77D
:10D4700009FB0A375F45EBD14FF0010844E0FCF7A8
:10D4800001FBDCE7DAF8703023B14946984708B968
:10D490002846ECE79422494628460EF009FD8046CE
:10D4A0000028F5D1A389022B15D1B7F8073013F066
:10D4B000020604D12846FCF7E5FAA660D9E728461B
:10D4C0002269A188FFF702FE0646B8B92269937D5A
:10D4D00001339375EEE7012B05D02846FCF7D2FA0D
:10D4E000C4F80880C5E7B7F8073013F00106E1D0AB
:10D4F00028462269A1880EF016FD06462846FCF74C
:10D50000C1FA002EA660B4DA4046BDE8F88F00BF2D
:10D5100061C8020044160020D7E90120CF5404005E
:10D5200073B5437B0446072B0D461AD1061D4FF4F5
:10D53000803130460EF0B5F9C30315D402232046DE
:10D54000CDE900332A460A4B0A49FFF7ADFA0446F3
:10D5500020B16FF4803130460EF0B7F9204602B0AA
:10D5600070BD6FF07F04F9E76FF07704F6E700BF56
:10D57000B5B90300D3B7030070B5437B0546072B4D
:10D580000C4686B040F0A1800B7C062B10D8DFE85B
:10D5900003F004045A5A629528000B68CBB11B783B
:10D5A0004BB1022B13D00121494A4A480EF019F918
:10D5B0006FF0150009E0082301930623224600932B
:10D5C0004549464B2846FFF76FFA06B070BD162353
:10D5D000F2E7102304212246CDE90031404B4149B6
:10D5E000F0E708680028E3D00678002EE0D14FF479
:10D5F000245302A98DF80860ADF80A300CF07AFEC9
:10D6000008B342F60213206803A98DF80C60ADF848
:10D610000E300CF06FFEB0B142F60313206804A97F
:10D620008DF81060ADF812300CF064FE58B142F67F
:10D630000413206805A98DF81460ADF816300CF0BD
:10D6400059FE0028B4D1082304222749CDE900322D
:10D650002246264BB6E7086880B300264FF42053D5
:10D6600002A98DF80860ADF80A300CF043FE0028DE
:10D670009ED042F60103206803A98DF80C60ADF836
:10D680000E300CF037FE002892D042F602032068DC
:10D6900004A98DF81060ADF812300CF02BFE0028B4
:10D6A00086D042F60303206805A98DF81460ADF812
:10D6B00016300CF01FFE00283FF47AAF04232246F8
:10D6C000CDE900330A490B4B7CE76FF07F007CE724
:10D6D000E86C0400CC0C0400D1BF030099BC03002B
:10D6E00025BA0300F9D6020021D8020055BA03007A
:10D6F00079DC0200E1B903002DE9F0478EB007465E
:10D7000016461C46169D31B12A4600216B680EB0A4
:10D71000BDE8F047184763B902213E4A3E480EF083
:10D72000CBF82A46002138466B6898470EB0BDE812
:10D73000F0871378062B08D0142B05D00121374A27
:10D7400035480EF04EF8ECE702214FF00008C246D3
:10D75000013C8DF81010A4B206F101093378A34200
:10D760000CD9002CDDD1B8F1000FDAD02A464146A1
:10D7700038460EB0BDE8F0470EF00CBC1422002174
:10D7800009A812F06FFAB9F8002093B2002BC8D0A4
:10D79000B9F802101FFA81F8B8F1000FC1D0434563
:10D7A000BFD89DF8103013B3022B25D02B7CADF8D9
:10D7B0000C10002B42F6010308BF4FF42053ADF8C4
:10D7C000063004AB029301AB099302ABADF83420F1
:10D7D0000C932A4638466B688DF804A009A998472F
:10D7E0000028A3D03378E41AA4B29944B6E7B9F874
:10D7F0000430ADF81230D9E709F104030DF111003E
:10D8000009F1140C53F804EB634540F804EBF9D12B
:10D81000CCE700BFFD6C0400CC0C0400076D0400D5
:10D820002DE9F04F91B0174681461C460A461A9ED4
:10D8300031B132460021736811B0BDE8F04F18478E
:10D84000317C022940F084804BB9A34AA3480EF0F2
:10D8500033F8324600214846736898475CE03B78CD
:10D86000062B08D0082B05D001219D4A9B480DF0BE
:10D87000B8FFEEE71146002542F6020A013C8DF89A
:10D880001810A4B207F1010B3B78A3420BD9002C6E
:10D89000DFD1002DDDD032462946484611B0BDE823
:10D8A000F04F0EF077BBBBF800801FFA88F5002D13
:10D8B000CFD0BBF802009DF81820ADF81400BBF8DB
:10D8C0000410ADF8161062B1022A15D0316831B3D8
:10D8D00006A80CF00FFD10B33B78E41AA4B29B44E9
:10D8E000D2E706AA04929BF806209BF8071042EAAA
:10D8F0000122ADF81A20E9E70A237081B181A6F868
:10D9000008804846019200933246764B7649FFF7ED
:10D91000CBF885B2002DBED111B0BDE8F08F4FF02D
:10D920000003102200210CA88DF80C30ADF80EA0D9
:10D9300012F098F903AA0B9204AA0E9248463246B6
:10D940007368ADF83C800BA998470028C4D1E3E781
:10D95000032967D113B902215F4A77E73B78072B88
:10D9600002D0152B80D102220025013C8DF8182011
:10D97000A4B207F101080DF1180A3B78A34286D83A
:10D98000B8F800B01FFA8BF5002D3FF462AF9DF898
:10D99000183063B1022B13D03168F1B150460CF04E
:10D9A000A9FCD0B13B78E41AA4B29844E5E798F812
:10D9B000053098F8062043EA0223ADF81A30EBE769
:10D9C00008F105030DF1190208F1150153F8040BD4
:10D9D0008B4242F8040BF9D1DEE798F80230B8F830
:10D9E00003208DF816304FF000038DF80C3042F60E
:10D9F00003030021ADF814200CA81022ADF80E305E
:10DA0000CDF810A012F02EF903AB0B9304AB0E93DC
:10DA1000324648467368ADF83CB00BA998470028D9
:10DA2000C0D179E733681D7835B95B884CB92A4A8B
:10DA300002212A480DF040FF324600214846736813
:10DA4000FAE6B846013C18F8012BA4B2A24200F253
:10DA5000E980012C01D8254AEAE7B7F80150002DEA
:10DA6000EAD0A3F52453042BE6D801A252F823F000
:10DA7000D1DA020039DA020041DB020097DB020052
:10DA80001DDC0200B8F8023010220021D6F800A0F8
:10DA90000CA8ADF8183012F0E5F806AB0E9332463C
:10DAA00048467368CDF82CA0ADF83C500BA99847B8
:10DAB00000283FF431AF3B78E41AA4B2A342984463
:10DAC00000F2B080012CC6D9B8F80050002DB3D0B8
:10DAD000032CD7D8064AABE7FD6C0400CC0C04003D
:10DAE000076D0400CDB9030041DC02001B6D04008A
:10DAF000296D0400B8F8023010220021D6F800A0E9
:10DB00000CA8ADF8183012F0ADF806AB0E93324603
:10DB100048467368CDF82CA0ADF83C500BA9984747
:10DB200000283FF4F9AE3B78E41AA4B2A34298442B
:10DB300078D8012C8FD9B8F80050002D3FF47CAF75
:10DB4000032CD7D83B4A73E7B8F8023010220021E3
:10DB5000D6F800A00CA8ADF8183012F083F806AB88
:10DB60000E93324648467368CDF82CA0ADF83C5071
:10DB70000BA9984700283FF4CFAE3B78E41AA4B233
:10DB8000A34298444ED8012C7FF665AFB8F80050F8
:10DB9000002D3FF451AF032CD6D8274A48E798F818
:10DBA000023000218DF8183098F80330D6F800A024
:10DBB0008DF8193098F8052098F804300CA843EA3D
:10DBC0000223ADF81A3098F806308DF81C3098F81A
:10DBD000082098F8073043EA02231022ADF81E30DF
:10DBE00012F040F806AB0E93324648467368CDF803
:10DBF0002CA0ADF83C500BA9984700283FF48CAE00
:10DC00003B78E41AA4B2A34298440BD8012C7FF6C7
:10DC100022AFB8F80050002D3FF40EAF082CBED84C
:10DC2000064A05E7002C7FF407AF002D3FF404AF50
:10DC300031E600BF376D0400456D0400536D0400EC
:10DC400070B5102B05461146049C0BD00121084AE3
:10DC500008480DF0C6FD2246284663680021BDE84D
:10DC6000704018472246BDE870400EF0FEB900BF74
:10DC7000076D0400CC0C04002DE9F04F8FB007466F
:10DC8000189D184629B953B90221544A54480DF039
:10DC900013FE2A46002138466B6898479BE01378AC
:10DCA000012B07D0022B20D001214E4A4C480DF009
:10DCB00098FDEEE70B464FF00409013880B2484565
:10DCC0008DF81030E5D34FF00008B0FBF9FBC246E9
:10DCD000541CCDF8008004AEBBF1000F08D12A46D9
:10DCE000384600990EF056F975E04FF01209E4E756
:10DCF00023880193BDF804300093B8F1000F53D18D
:10DD00009DF81030002B37D0022B3CD02968002919
:10DD100045D12B7C042B4DD14FF42053304602A922
:10DD20008DF808A0ADF80A300CF0E4FA00283BD0DA
:10DD300042F60103304603A98DF80CA0ADF80E3071
:10DD40000CF0D8FA80B342F60203304609A98DF8E8
:10DD500024A0ADF826300CF0CDFA28B342F6030328
:10DD6000304609A98DF824A0ADF826300CF0C2FA8F
:10DD700000BB4FF0010819E0A378E27843EA0223E0
:10DD8000ADF81230C2E7A31C0DF1110204F112012B
:10DD900053F8040B8B4242F8040BF9D1B6E7304636
:10DDA0000CF0A8FA0028B4D04FF000080BF1FF3BAC
:10DDB0004C4491E7102200210AA811F053FFBDF84E
:10DDC00004302A46ADF8343038466B68099609A904
:10DDD00098470028EAD10FB0BDE8F08FFD6C040031
:10DDE000CC0C0400616D040007B5437B0A46072B89
:10DDF0002CD14B683BB908234FF0040ECDE9003E0F
:10DE0000144B154909E0012B11D0097B5B000193EC
:10DE100041B1202311490093114BFEF745FE03B099
:10DE20005DF804FB0E230F4900930F4BF5E74B8978
:10DE300033B10C234FF0040CCDE9003C0B4BE0E771
:10DE40000A230221CDE90031094BDAE76FF07F00A8
:10DE5000E5E700BFE5BC030075DE0200FDBA030084
:10DE6000B9BA0300BDBA030091BA03000DBA0300AA
:10DE7000F9B903002DE9F04F85B002AF8046914615
:10DE80009A460E463C6B41B96BB925680023224681
:10DE90000093F1B24046A84730E0B1F5807F28BF3B
:10DEA0000E262568F2E76368002B71D123890AF1F9
:10DEB000FF35B4F80AB07B60ADB202F1010A002D63
:10DEC0004DD099F80030AB4228BF2B46012B0AD821
:10DED00002213E4A3E480DF084FC00230093224676
:10DEE00004212568D6E7BAF80020023B91B29BB224
:10DEF00041B90121374A36480DF0DEFC0C37BD46EA
:10DF0000BDE8F08F7868884201D88B4518D26D46FD
:10DF10008AB002AA304BC2E905317B68C2E9073BEF
:10DF2000052342F8103F00234FF422512848F5F70B
:10DF300011FFAD4600230093256822460E21A9E774
:10DF40002281009322460021404626680AF10203FE
:10DF5000B0470028D2D099F80030AB4206D921460C
:10DF60004046FFF741FF0028C8DAE3E723896289CA
:10DF70009A4205D10023009325682246194689E775
:10DF80000133238199F80030ED1AADB29A4496E737
:10DF9000CDF800A0134625682246A8470028ADD03A
:10DFA000238A013B9A4503DA009633462568E4E765
:10DFB000638921460AEB030540466581FFF714FF9C
:10DFC00000289BDA009633462568B6E7736D040097
:10DFD000CC0C0400AB6D0400BA6D040070B5437B3B
:10DFE0000646072B0D463CD1FEF7F4FB044658B914
:10DFF000FEF7F0FB0446002836D006F17001013030
:10E000000DF05CFC337A2370A3687BB10022143BD3
:10E010009D422CD018892989884204D19889A989E0
:10E02000884228BF01225B697BB982B9114A29461F
:10E030003046FEF77BFD024648B1A3681BB90E4986
:10E04000601C0DF03BFC104670BD143BE0E7A2687D
:10E0500005F114036A61E268A36002B9E36000227B
:10E06000F1E76FF07F02EEE76FF00B02EBE76FF086
:10E070007702E8E7E1B80300CF540400F8B5437B2A
:10E080000646072B0C464FD1FEF7A4FB0546002899
:10E090004DD08368002B4AD000221746143B9C4287
:10E0A00008D018892189884208BF01275B691BB104
:10E0B000143BF4E70122F9E7002A38D004F11000FC
:10E0C0000DF0ECFB430703D5214630460EF04DF82A
:10E0D000A7B104F1140105F108000DF01EFEAB68B4
:10E0E0003BB1002321461A4630462568A847002048
:10E0F000F8BD1049681C0DF0E1FBF2E721463046FF
:10E100000D4AA781FEF712FD0028F1D104F1140198
:10E1100005F108000DF001FEAB68002BE7D10549C1
:10E12000681C0DF0CBFBE2E76FF07F00E0E76FF0DB
:10E130001500DDE7CF540400E1B803002DE9F843F2
:10E140008C6806469046994654B3256805B1143D3F
:10E1500034F80C3C434520D1143C07E02C466D6953
:10E160002389FDB14345A5F11405F7D1A27B737A4C
:10E170009A4212D84A46214630462768BDF82030D8
:10E18000B84750B921463046FFF778FF034620B123
:10E190000221064A06480DF024FB2C46002DDED154
:10E1A000BDE8F8834345E1D0FAE700BF216E0400E3
:10E1B000CC0C0400F0B587B007460E461546FEF7B6
:10E1C00009FB0446C8B12A46314603A80BF0EAFF12
:10E1D000BDF81030042B10D9042103A80CF02DF841
:10E1E000BDF8101046880288B14208D2012133469A
:10E1F000084A094800950BF0C6FC07B0F0BD21465F
:10E20000031D00963846FFF799FF314603A80CF02E
:10E2100014F8DDE7406E0400CC0C040013B504468E
:10E22000009001204FF6FF716B460C4A8DF80400F8
:10E230000DF031FE20460CF098FC9DF80410884249
:10E2400009D220460CF05CFC034620B10221044AAE
:10E2500004480DF0C6FA02B010BD00BFC9D20200DA
:10E26000596E0400CC0C0400F8B50E4B05461B6833
:10E270000E461746A3B11C6804B1043C53F8043C95
:10E280001BB13A463146284698474CB1234664684C
:10E290001B681CB1043C002BF3D1F7E7002BF0D135
:10E2A000F8BD00BFB8AF01202DE9F04182B00123D5
:10E2B00000AF0546386000F17001007A3B710CF048
:10E2C00076F970B93B46204A4FF6FF7101200DF0F8
:10E2D000E2FD002128460DF078FF0837BD46BDE875
:10E2E000F0812846FEF776FA0028EBD08468002CEF
:10E2F000E8D0143C04F1100318460DF0CFFA0207E1
:10E300001FD418460DF0CAFA8307C0F3400618D48C
:10E31000214628460D4AFEF709FC002811DAE84696
:10E320008AB06A460A4BC2E90740C2E905350523AF
:10E3300042F8103F4FF4225133460648F5F70AFDE4
:10E34000C5466469D3E700BFC9D202005BB90300C8
:10E35000856E0400CC0C0400F7B504460E4600910F
:10E360008DF804004FF6FF7101206B462D4A0DF029
:10E3700092FD31462046FEF7F5F918B100230360FF
:10E38000436083600025284F17F8013CA3421BD14E
:10E39000394630460DF07AFAB0B124482844FEF7E9
:10E3A000BDFA0025224F17F8013CA34204D139469B
:10E3B00030460DF06BFA68B91035A02D07F1100743
:10E3C000F1D1002003B0F0BD1035A02D07F11007EA
:10E3D000DAD1E6E7174B1D44AB68002BF1D01C687F
:10E3E00004B1143C0027294623F8087C3A463846F5
:10E3F000143BFEF711FA54B9E3E7A2F11406002228
:10E400002346A78129461046FEF706FA344662697C
:10E41000002AF2D1234629461046A281FEF7FCF9D4
:10E42000CFE700BF45C9020015AF012014AF01209E
:10E43000C1AF0120C0AF01202DE9F84F04460346CB
:10E440004FF6FF7101202D4A0DF025FD2046FEF705
:10E45000C1F9064638B92046FEF762F9054600289C
:10E4600039D1BDE8F88F8568002DF4D055F81479BE
:10E4700007B1143F4FF0000804F17009C24601E0F3
:10E480003D461F4605F1100B6FF0080158460DF090
:10E490001CFA4946207A0CF08AF870B92B4642469D
:10E4A00031462046A5F80CA0FEF7B6F9002FD2D0D1
:10E4B0007B69002BE4D0143BE2E758460DF0EEF9FF
:10E4C000C307EBD473781BB14946701C0DF0F6F905
:10E4D00005F11408EAE704F170063146207A0CF0E1
:10E4E00066F820B92846BDE8F84FFEF717BA31465E
:10E4F000681CBDE8F84F0DF0E1B900BFF1C902009A
:10E50000034B42689A4204BF83691982704700BF77
:10E5100075DE020001460023074A10B5141DE018FD
:10E520000DF093FE08B1981810BD03F5BC73B3F558
:10E53000EB6FF4D1F8E700BFF8AE0020084B00F510
:10E54000B8701A68074BD0E8EF1F994204D1C0E8B1
:10E55000EC2FBCF1000FF6D1D0E8AF0F704700BF31
:10E5600098AC0120F8AE002008B5FFF7E7FF03469E
:10E57000C8B1D0E9001221B9002A0CBF0320022043
:10E5800010E032B1836813B9094B1B7833B904200A
:10E5900008E00749087828B19B6833B9003A18BFEA
:10E5A0000122500008BD0320FCE70120FAE700BF6C
:10E5B000E5F4012008B50121024A03480DF043FEAD
:10E5C000002008BDB56E04001C0D04000023024AA3
:10E5D00000F5A07005F0E4B91C4E0E0038B500231C
:10E5E00004461A46EC300D46FCF7C6FA58B16930BD
:10E5F00004D10121064A07480DF025FE2846BDE852
:10E600003840F8F7A5B92046BDE83840FFF7DEBF2F
:10E61000D86804001C0D04002DE9F041D0F8EC602E
:10E620000446F57890B0002D6AD1CF6810222946B3
:10E630000CA811F017FB237A052B50D8DFE803F064
:10E64000060303064F3ED4F8D8300C9306F1770347
:10E650000DF1200802937E3604F111030093CDF8EA
:10E660000C8001960CAB04F1270204F1370104F190
:10E67000C7000EF067FA002836D11022394640460E
:10E6800011F0F8FA002839D1627B237DCDE906002C
:10E690009A4294BF00920093ADF8140004F147032E
:10E6A000D4F8EC0005AA06A90CF0DDF9002820DA60
:10E6B0000121144A14480DF0C6FD15E0D4F8E030ED
:10E6C000002BC3D00DF1300C03F1100E6246186818
:10E6D0005968083303C273459446F7D1B6E7012160
:10E6E0000A4A09480DF0F7FD0825284610B0BDE894
:10E6F000F0810121201D0DF0FDFDF6E70B25F4E76B
:10E700000025F2E7EC6E04001C0D0400D06E04003E
:10E7100038B50446051D082128460DF0EBFD0849D3
:10E7200004F15700FAF782FF48B1082128460DF09E
:10E73000C7FD04480121044A0DF085FD082038BDBD
:10E7400003C603001C0D0400076F040070B5051D0F
:10E750000E46284604210DF078FD68B10022002104
:10E7600000230846FCF7EEF9044638B90421284690
:10E770000DF0C0FD204670BD034AF0E701210C30CA
:10E780000BF021FD0670F5E71C4E0E0070B50C2154
:10E790000546FFF7DBFF0446F0B140210C300BF0DB
:10E7A00012FD0E4B02461B68014603F1200053F890
:10E7B000046B834241F8046BF9D1203203F120014C
:10E7C00053F8040B8B4242F8040BF9D1284621463A
:10E7D000FFF704FF002070BD0820FCE760B00120B7
:10E7E00070B5CD680446EB78D0F8EC60102B01D002
:10E7F000062070BD2A7990F8E830134080F8E830A0
:10E800006A7990F8E930134080F8E9300223037404
:10E810002B68C0F81130AB88A0F81530AB781A0718
:10E8200006D5037B1B0703D5052104300DF062FDDF
:10E83000AB78980606D5237B990603D51421201DB5
:10E840000DF058FDAA78237BD20728D5DB0726D503
:10E850000D21201D0DF04EFD237BE17C2D7803EA78
:10E860000102100704D5E27AA07C0243D2071AD431
:10E87000042D1AD80B4313F0040307D02046FFF7EA
:10E8800073FE314B05EB85052B441B5C2372204640
:10E89000D6F8A0100DF0DFFC48B90320A9E700234B
:10E8A000A4F8E830D8E70523F0E70023EEE7D4F832
:10E8B000EC309B7A032B14D004D8013B012B1CD9DC
:10E8C000082096E7042BFBD1237D627B934228BF6F
:10E8D0001346102B8CD10521201D0DF0B6FC00280D
:10E8E000DBD0237A002BD8D00521201D0DF0ADFC04
:10E8F00018B9237A013B012BCFD9261D05213046BB
:10E900000DF0A3FC0028C8D02046FFF717FE002317
:10E9100084F8E83094F8E93003F0020384F8E93031
:10E920000A4B1D682DB9304606210DF0E3FC284640
:10E930005FE720460C210DF0DDFC0B210DF0C0FC43
:10E94000BDE87040FFF722BF7172040060B0012083
:10E950002DE9F04304468DB008AE10220021304668
:10E9600011F080F9237A052B34D8DFE803F0060391
:10E9700003063323D4F8D8300893D4F8EC3004F1EC
:10E98000470204F1C707CDE9017204F1270803F13A
:10E990007E0204F13709009241464A46773304F17A
:10E9A000970001F05FFEF0B1294A012129480DF0DE
:10E9B0004AFC14E0D4F8E430002BDED0354603F1F5
:10E9C00010072A4618685968083303C2BB42154627
:10E9D000F7D1D2E70121204A1E480DF07CFC082027
:10E9E0000DB0BDE8F083D4F8EC3004AD03F17E0245
:10E9F0007733019304F10A03029200934A463346A7
:10EA00004146384603950EF09DF808B1134ACCE70D
:10EA10000D2120460DF06EFC0D21FFF797FE0746F5
:10EA20000028DCD010210C300BF0CDFB2A46034629
:10EA3000154603CDB542186059602A4603F1080314
:10EA4000F6D120463946FFF7C9FD0020C8E700BFD0
:10EA5000206F04001C0D0400D06E0400356F04000C
:10EA600073B5047A0546022C23D844B190F8DC3003
:10EA7000D0F8D840DC4004F0010444F080040321C5
:10EA80002846FFF763FE0646D8B110210C300BF084
:10EA90009AFB009012482346006805F1270205F111
:10EAA00057010EF02AF8044680B13046F7F750FFC0
:10EAB00007E0032C08D0234601210A4A0A480DF03A
:10EAC0000AFC082002B070BD0024D8E73146284671
:10EAD000FFF784FD281D21460DF0F2FB2046F1E7EB
:10EAE00060B00120D06E04001C0D0400F7B5044690
:10EAF0000E46FFF723FD04F1570705463A46F36833
:10EB000003F1200153F8040B8B4242F8040BF9D1B6
:10EB100004F1770203F1200153F8040B8B4242F811
:10EB2000040BF9D13846FAF7D9FC08B303216A4A35
:10EB30006A480DF088FB0E21201D0DF0DBFBD4F898
:10EB4000EC60D6F8A03033B9307A06F1700100F0ED
:10EB5000BDFFC6F8A000D6F8A030A3B15A8A02F0D3
:10EB6000240282B15B7C99070DD4032003B0F0BD71
:10EB70003846FAF7BFFC30B958480221584A0DF020
:10EB800062FB0B20F2E7D4F8EC30DB780BB100200D
:10EB9000ECE7261D0E2130460DF057FB68B9514BAE
:10EBA00020223846196811F065F830B902214E4A22
:10EBB0004A480DF048FB0820D8E7237A052B00F2DD
:10EBC0008380DFE803F003490803815303212046D3
:10EBD0000DF090FB31E02046D4F8EC70FFF7AEFC6E
:10EBE00004214FF0FF3305460DEB0100019303F0C4
:10EBF000EDF90028DFD1019B3C4A84F8DC00B3FB2F
:10EC0000F2F102FB11330193C4F8D83055B12B68EF
:10EC100043B10B2130460DF06DFB38462B68D4F81C
:10EC2000D8109847032120460DF064FB0E210DF00B
:10EC300061FBFFF715FF002898D1304607210DF042
:10EC400059FB0820FFF766FC0028A0D1204603B03E
:10EC5000BDE8F040FFF75CBD0A2130460DF04AFBED
:10EC60006B68D4F8EC0098470E21B0E7102104F14E
:10EC7000270003F0ABF900289DD15DB3EB684BB3DF
:10EC80001B4BD4F8EC101B88E27AADF80430C9783D
:10EC9000A37CB9B9D20703F0010311D4002B08BF3C
:10ECA000032000238DF80500C4E9383330460C21D9
:10ECB0000DF020FBEB68D4F8EC0001A99847BCE705
:10ECC000581CEEE70320ECE701210A4A03480DF047
:10ECD00002FB70E7022049E7586F04001C0D040096
:10ECE000796F040060B00120956F040040420F006E
:10ECF00064130400D06E04002DE9F041044686B090
:10ED00000D46FFF71BFC04F1370706463A46EB6851
:10ED100003F1100153F8040B8B4242F8040BF9D1B4
:10ED2000D4F8EC30DD78002D40F08380237A052B79
:10ED300068D8DFE803F022030322672D94F8DC2073
:10ED4000D4F8D830D34003F0010343F080033A49AC
:10ED50000DF10808CDF800803A46096804F1570023
:10ED60000DF0CBFE58B10121344A35480DF06BFA55
:10ED70000825284606B0BDE8F0810023E7E7102209
:10ED8000414604F1170010F075FF08B10425F0E7C3
:10ED9000237A052B36D8DFE803F03B1D1D03353BF6
:10EDA00002AB2548009300683B4604F1270204F1BA
:10EDB000570101F0BFFC0028DAD1201D0A210DF017
:10EDC00099FA09210DF096FAB3680299D4F8EC008B
:10EDD0009847CEE794F8DC300133DBB2142B84F88B
:10EDE000DC3015D0102104F1270003F0EFF80028E3
:10EDF000BED1032120460DF07DFA06B0BDE8F041FA
:10EE0000FFF72EBE01210F4A0D480DF064FAAFE75F
:10EE1000231D072118460DF018FA20B109211846C4
:10EE20000DF068FAA5E7204606B0BDE8F041FFF70F
:10EE30008FBD05259DE700BF60B00120B06F0400C5
:10EE40001C0D0400D06E040038B504460D49A0F135
:10EE5000EC0554300EF078FF28460DF0AEFA0A4A61
:10EE600004F18403D3E8EF1FC3E8E02F0028F9D1B1
:10EE70004FF0FF338834D4E8EF2FC4E8E13F002996
:10EE8000F9D138BD29F90200F8AE0020B0B5D0F8AC
:10EE9000A04000AFC4B97030F7F744FE6D4688B0AB
:10EEA0006A460A4BC2E905304FF400739383084B5E
:10EEB00042F8103F074823464FF4E251F4F74AFF67
:10EEC0000820AD46BD46B0BD0020FBE7C96F040079
:10EED000030000011C0D040080B500AF88B06A4635
:10EEE000074BC2E90530032342F8103F00234FF4DB
:10EEF000C2510448F4F72EFF6FF00B00BD4680BDF1
:10EF0000DE6F04001C0D040030B40D4C00232246BB
:10EF1000D4F8EC503DB10133052B04F5BC74F7D1A6
:10EF200030BCFFF7D9BF4FF4BC704343054CD01839
:10EF3000EC33C0F8F0401A44284630BC0A607047F1
:10EF4000F8AE0020701B04002DE9F0410B46064688
:10EF500000AF0D2104300DF078F978B3DD68D6F8F4
:10EF6000EC30022003F170084246197A0DF0C9FB1B
:10EF70000446C8B94046F7F7D5FD6D4688B06A46E5
:10EF8000114BC2E905304FF4007393830F4B42F8E5
:10EF9000103F0F4823464FF4E251F4F7DBFE082000
:10EFA000AD46BD46BDE8F0812B462E3405F110027A
:10EFB00053F8041B934244F8041BF9D1304609214D
:10EFC0000DF098F90020ECE7037004000300000145
:10EFD0001C0D04002DE9F04105460DF07EF90446B4
:10EFE000002800F0C880071D042138460DF02DF9D7
:10EFF000002840F0C380022138460DF026F9002891
:10F0000040F0B580032138460DF01FF918B16FF0BC
:10F010000F00BDE8F081012138460DF016F90028F7
:10F02000F5D12046FFF78AFAD4F8EC3006469B7AF1
:10F03000032B15D005D8013B012B1BD96FF0150010
:10F04000E7E7042BFAD12046FFF78EFA032804D114
:10F05000002EF3D0F368002BF0D04A4B1B7807E06A
:10F060002046FFF781FA032804D1002EE6D0F3688A
:10F07000002BE3D0D5F8A0306BB10021EC22204664
:10F0800010F0F0FD102104F1270002F09FFF70B195
:10F090006FF06800BDE7287A05F1700100F016FDF9
:10F0A000C5F8A0000028E8D16FF00B00B1E70521FA
:10F0B00020460DF01FF9FAF7ABFA334B0121186027
:10F0C0002046FFF743FB80460028E1D006210C30A4
:10F0D0000BF079F82B4B054620461E78FFF744FAD3
:10F0E0002A4AF600F6B20328127818BF46F0040642
:10F0F00004F5BA73D3E8EF1F013103D1C3E8E02F61
:10F100000028F7D1D3E8AF3F0BB146F00106204607
:10F11000AE70FFF729FA1E4B28701B784BBB1D4BB6
:10F120001B786B701023EB70AB78414613F0010332
:10F1300014BF032200222B716A7184F8E8306B79C6
:10F14000204684F8E930012363722B68C4F80A3042
:10F15000AB88E381FFF742FA204602210DF0CAF89E
:10F160000B210DF0C7F8032138460DF0C3F800203D
:10F170004FE70123D5E76FF07F004AE76FF0040007
:10F1800047E700BFE5F4012060B00120E8F401206A
:10F19000E6F40120E7F401202DE9F743051D0646BA
:10F1A000D0F8EC40CB68284602210DF04EF800283C
:10F1B0006CD1032128460DF048F8002866D10121C2
:10F1C00028460DF042F8002860D1324A1278002A11
:10F1D0005ED093F8008018F0080F08F00F0757D0A2
:10F1E000D4F8A03053B15B8A03F02403BBB92046A6
:10F1F000FFF7F0FE002841DB0F2144E004F1700925
:10F200004A462020217A00F0E3FCC4F8A00030B97F
:10F210004A460420217A00F0DBFCC4F8A000D4F8B0
:10F22000A0100029E3D018F0040F11D04B7CDA07AE
:10F230000ED43046FFF798F903283B4602D003214D
:10F24000154A01E00221154A15480DF044F8CEE7B1
:10F250004B8A9B0601D43B46F1E70B7C01F11C0273
:10F260000093204601F11E0314310BF0FCFB002833
:10F2700008DA01210B4A0A480CF0E5FF082003B028
:10F28000BDE8F083012128460DF034F80020F6E7B0
:10F290000320F4E7E5F401201D700400447004002D
:10F2A0001C0D0400EC6E0400F8B5D0F8EC400646E6
:10F2B000D4F8A030051D002B33D102213D4A3E4831
:10F2C0000CF0C1FF07213D4B5F5CD4F8A0304BB17F
:10F2D0001B7C002B57D1D4F8A0000DF026FA002398
:10F2E000C4F8A030022128460CF0AFFF48B9072F20
:10F2F00094BF334B1F213A46204698BFD95DFAF799
:10F30000D1FF032128460CF0A0FF38B32D4B1B681A
:10F3100023B31D6805B10C3D53F8083C002B3BD1CD
:10F320003DE051BB0D2128460CF08FFF254B0746D1
:10F330001B689BB11D6805B10C3D53F80C3C13B123
:10F340003946204698474DB12B46ED681B681DB1E4
:10F350000C3D002BF4D1F7E7002BF1D130460DF036
:10F360002CF8637B072B24D1627AA37A9A4220D0AF
:10F370002046BDE8F8400DF0D9B80139C9B20E29D0
:10F38000A1D90927A1E7022128460CF05EFF002839
:10F39000A1D1A7E70C3D23B1394620469847002D5F
:10F3A000DCD02B46ED685B68002DF3D1002BF3D148
:10F3B000D4E7F8BD737004001C0D040062720400F1
:10F3C0005172040090AC0120F8B5031D06460F46AB
:10F3D000184602210CF039FF044620B1B6F8E84087
:10F3E000B4FA84F46409032118460CF02EFF80B1AE
:10F3F00039463046FFF758FFC4B1022119481A4A6E
:10F400000CF021FF0521D6F8EC000BF0E6FA002005
:10F41000F8BD012118460CF018FF0028E8D10F2193
:10F4200018460CF012FF0028E2D1E5E7052130462E
:10F43000FFF78CF9054688B101210C300AF0C3FEB4
:10F44000234607702246294606F1EC00FBF794FBA1
:10F450000028DCD02846F7F77BFAD8E76FF0680081
:10F46000D6E700BF1C0D04009D70040038B50025D0
:10F470000D4C0621201D0CF0E8FE78B1D4F8EC30DC
:10F48000DB785BB92046FFF781F9014610B12046D1
:10F49000FFF79AFF0C2120460CF02CFF0135052DBB
:10F4A00004F5BC74E5D138BDF8AE00200E4B10B5A4
:10F4B000044618604FF0FF324FF0FF330B4803F063
:10F4C000BFFE0B4804F072FA084803F031FF34B96C
:10F4D0000221BDE81040074A07480CF0B4BEBDE861
:10F4E0001040FFF7C3BF00BF60B00120C816002066
:10F4F000DC160020F57004001C0D04002DE9F3411A
:10F500000B8A04460E4643B901212D4A2D480CF0C2
:10F510009AFE002002B0BDE8F081012106F10C0046
:10F520000AF08BFEA4F1EC05E83C074604212046D6
:10F530000CF08BFE3B7828B1234A022121480CF0C5
:10F54000CAFEE6E70E2B01D9204AF6E7DFF88C80E9
:10F5500058F833204AB902211D4A1A480CF0BBFE64
:10F5600007212846FFF730FFD3E7194628460CF05D
:10F5700012FF3B7860B902211248164A0CF0ABFE2C
:10F58000032120460CF061FE0028C2D00821E8E7E4
:10F5900008EBC301328A0979914208D00121009316
:10F5A000084813460C4A0AF0EEFA0A21D9E7314618
:10F5B000284658F83330984701460028A9D0D0E7AC
:10F5C0000E7104001C0D0400297104005A7104001E
:10F5D0007C71040096710400D1690400981B04003A
:10F5E0002DE9F04784B090F8E930D1F80C8023F091
:10F5F000020380F8E930D0F8EC6098F80030044657
:10F6000000AF06F17009BBB398F8063003F0C003F1
:10F61000C02B31D04046F7F785FA6E4688B06C466D
:10F620004FF4007A2546624BDFF89481C4E9053037
:10F63000A4F81CA045F8108F00232A464FF4E2518D
:10F640005C48F4F787FB4846B546F7F76BFAA546E2
:10F65000594BA4F81CA0C4E90530C4F810805548E3
:10F6600000232A464FF4E251F4F774FB0A20B54612
:10F670001037BD46BDE8F08707224146484610F0E6
:10F68000F9FA68B14146307A00F01CFB054638B102
:10F69000014620460CF0DFFD28B328460DF045F862
:10F6A0000D21201D0CF0D1FD002863D04A46022018
:10F6B000317A0DF026F80546B8B94846F7F732FA20
:10F6C0006C4688B06A463D4BC2E905304FF4007382
:10F6D00093833B4B42F8103F4FF4E2512B463548A1
:10F6E000F4F738FBA5460820C2E7F378002B3BD19E
:10F6F00006F17E03187801282AD19A7902F0C00217
:10F70000402A25D1D3F80120C5F83E20B3F80530B2
:10F71000A5F8423096F87030D3B196F8763003F001
:10F72000C003C02B14D027493A1DC7E90198FD60DA
:10F73000FAF7CEFAD8F800303046C5F80130B8F8FC
:10F740000430A5F8053098F80630EB71FAF77AFD29
:10F7500000212846F9F7F0F848B1164802211A4A64
:10F760000CF071FD032083E706F17703C2E728461A
:10F77000F9F7F4F894F8E9305B0703D50A2120463D
:10F780000CF0B8FDF37823B1B4F8E81061B10020B3
:10F790006EE794F8E930002BF6D1D4F8EC00FFF7CF
:10F7A00075FB0028F0D063E72046FFF77DFDEEE70C
:10F7B000B17104001C0D0400D66F04000370040036
:10F7C00003000001FBC30300C57104002DE9F041F3
:10F7D0000E460446D0F8EC80FEF7B0FEF668012134
:10F7E000054633780F48104A271D0CF074FD0A2196
:10F7F00038460CF0D0FD38B16DB920463178FFF7AE
:10F8000053FD0020BDE8F0810B2138460CF0C3FD0C
:10F810000028F1D1F1E72B69002BEED04046984744
:10F82000EBE700BF1C0D0400007204002DE9F0415D
:10F830000546A0F1E80604460F463046012155F87A
:10F84000EC890CF0A8FD002861D0DFB1032130461F
:10F850000CF0FBFC00285AD03846F7F7F5FF0138CA
:10F86000C0B208288CBF00242E4B4FF0020198BF75
:10F870001C5C30460CF03EFD21462846BDE8F041B8
:10F88000FFF712BD98F80B30002B40D00321304613
:10F890000CF0DBFC20B92846BDE8F0410CF08DBD32
:10F8A000052130460CF0D1FCB8B114F8043C1F0718
:10F8B00007D514F8033C180703D5112130460CF086
:10F8C00019FD14F8043C23F0080304F8043C14F870
:10F8D000033C23F0080304F8033C14F8033CD90765
:10F8E00017D5062128460CF005FD022130460CF004
:10F8F00001FD98F8033013B914F8033C3BB92068B4
:10F90000FFF7C4FA18B934F8041C0029B5D0BDE8D3
:10F91000F0819A0701D50821E4E75B07E5D50A21C4
:10F92000E0E700BF5972040037B5A0F5A075A0F557
:10F930009E74D4E8AF3FD5E8AF2F0121009207486D
:10F94000074A0AF020F928460821FFF7ADFC0421F8
:10F95000204603B0BDE830400CF0CCBC1C0D0400C8
:10F96000227204002DE9F84300AF04460CF0B5FC08
:10F97000054670B3061D032130460CF066FC40B30B
:10F98000D4F8A00008B10CF0D0FE04F1700949468B
:10F99000207A00F09BF88046C4F8A000E0B9484601
:10F9A000F7F7C0F86C4688B06A463E4BC2E90530AE
:10F9B0004FF4007393833C4B42F8103F4FF4E251F5
:10F9C0003A484346F4F7C6F90821A5462846FFF70A
:10F9D000FBFCBD46BDE8F8830E2130460CF035FC3B
:10F9E00028B1D4F8A020537C43F0020353742B7A3F
:10F9F000032B11D823B1052130460CF026FCA0B909
:10FA0000D4F8A020537C23F020035374D4F8A02012
:10FA1000537C23F001030DE0053B012BF0D8D4F813
:10FA2000A020537C43F020035374D4F8A020537CCF
:10FA300043F0010353742B7D697BD4F8A0208B42E3
:10FA400028BF0B463046137405210CF0FEFBD4F89A
:10FA5000A0305A7C10B342F010020D2130465A7487
:10FA60000CF0F3FB0028B4D02021D4F8A0000CF057
:10FA700058FED4F8A03005F147021E33573552F82E
:10FA8000041BAA4243F8041BF9D10023D4F8A02098
:10FA900053619361D4F8A02093839AE722F0100277
:10FAA0005A7496E703700400030000011C0D040063
:10FAB000012208B5034B04481A70F9F75FFD0020D6
:10FAC00008BD00BFE5F40120E41600202DE9F8434D
:10FAD00080460D46002605241E4FDFF8809017F85B
:10FAE000013C43450BD107222946384610F0C2F8A5
:10FAF00028B94423184803FB0600BDE8F883052C09
:10FB000007D107224946384610F0B4F8002808BF4C
:10FB100034460136052E07F14407E0D1052C17D0F5
:10FB200044235C430C4B611C03F804802E68CA1804
:10FB30005E50A988E0189180A9790D349171112245
:10FB400002210273E21819550023A2F80130D4E70C
:10FB50000020D2E765B0012064B00120CF5404003A
:10FB60002DE9F34105460E4617460D4C04F5AA78DB
:10FB7000638A7BB12378AB420CD1D4F80100B4F88E
:10FB80000520E379009039466846ADF804208DF8E9
:10FB90000630B04744344445EAD102B0BDE8F081B4
:10FBA00064B001202DE9F04105460E461746074C8A
:10FBB00004F5AA78638A2B4202D039462046B04722
:10FBC00044344445F6D1BDE8F08100BF64B0012063
:10FBD0002DE9F04106460F46904600240D4DB5F83C
:10FBE000113033420DD015F8013CBB4209D1072238
:10FBF0004146284610F03EF818B907482044BDE8B1
:10FC0000F0814434B4F5AA7F05F14405E7D1002022
:10FC1000F5E700BF65B0012064B001202DE9F04197
:10FC20000B780746012B0D4602D00020BDE8F0817D
:10FC30008B7903F0C003402BF7D100241E4E01F155
:10FC4000010836F82C3C9A070CD516F83E3CBB420E
:10FC500008D106223146404610F00CF810B917487A
:10FC60002044E3E74434B4F5AA7F06F14406E8D122
:10FC70000024134E05F1010836F81C3C9B0714D5EF
:10FC800016F82E3CBB4210D1414630460AF01FFB0D
:10FC900058B10A4BD5F8010004F13E029850D11832
:10FCA000B8F80420E0188A80C0E74434B4F5AA7F8D
:10FCB00006F14406E0D1B8E7A2B0012064B001200B
:10FCC00092B00120F8B506460F4600240A4D15F8FB
:10FCD000013CB34208D10722394628460FF0CAFF3B
:10FCE00010B906482044F8BD4434B4F5AA7F05F1A4
:10FCF0004405ECD10020F6E765B0012064B0012096
:10FD000070B506460E4B1C6874B959B10022002329
:10FD10000C480AF0F2F9054658B901210A4A0B4885
:10FD20000CF011FD204670BD238BB342FAD024683D
:10FD3000EAE70146068302480AF0E3F92C46F1E7B8
:10FD4000CCB10120F01B002099720400B40C040017
:10FD500008B50121024A03480CF0F5FC002008BD5B
:10FD6000C2720400B40C040010B50368044633B931
:10FD7000BDE810400221144A14480CF0E4BC0020F5
:10FD8000134A116829B90221124A10480CF0DBFC11
:10FD90000AE08B4214D1196860B95068116083423F
:10FDA00000D1516000221A602068F6F7D1FD0023CF
:10FDB000236010BD016051688B4208BF5060F1E7BD
:10FDC00008460968DEE700BFF9720400B40C0400BD
:10FDD000CCB101202473040030B5038A8BB01E2BF4
:10FDE00007D8574A012157480BB0BDE830400CF006
:10FDF000AABC1F210C300AF020FA0378044623B174
:10FE00000221514A4F4809F0B4FE0121B4F8010023
:10FE1000F9F786FF054608B94C4AE3E7217800293F
:10FE200040F08C80E3788DF804306279237943EADE
:10FE30000223ADF80630A3798DF80830E3798DF808
:10FE40000930237A03F00102C3F340038DF80B302D
:10FE5000637A8DF80A2003F001038DF80C30E37A01
:10FE60008DF81030237B8DF81130627B8DF81220D5
:10FE7000E37A2BB1A37A03F00103C3F10203DBB2EF
:10FE80008DF80D30237B2BB1A37A13F0020F14BF32
:10FE9000012302238DF80E302AB1A37A13F0040F48
:10FEA00014BF012202228DF80F20E389002103F004
:10FEB00001038DF81330238A284603F001038DF8DF
:10FEC0001430A37CC3F34002C3F380038DF81520E4
:10FED0008DF81630B4F8133001AAC3F340038DF83F
:10FEE0001730B4F81330C3F380038DF81830B4F82A
:10FEF0001330C3F3C0038DF81930B4F81530ADF8E2
:10FF00001A30B4F81730ADF81C30B4F81930ADF829
:10FF10001E30B4F81B30ADF82030637F8DF82230EE
:10FF2000A37FADF824108DF823308DF82610FAF752
:10FF30004DFB2846F9F7A6FD0BB030BD0022F6E7D1
:10FF4000DB610400B40C0400437304007D730400FF
:10FF500030B5038A8BB0212B07D8584A0121584865
:10FF60000BB0BDE830400CF0EEBB22210C300AF0A3
:10FF700064F90378044623B10221524A504809F03B
:10FF8000F8FD0121B4F80100F9F7CAFE054608B9E9
:10FF90004D4AE3E7217839B10022FAF717FB2846EA
:10FFA000F9F770FD0BB030BDE3788DF8043062795D
:10FFB000237943EA0223ADF80630A3798DF808309F
:10FFC000E3798DF80930237A03F00102C3F340038B
:10FFD0008DF80B30637A8DF80A2003F001038DF859
:10FFE0000C30E37A8DF81030237B8DF81130627B72
:10FFF0008DF81220E37A2BB1A37A03F00103C3F149
:020000040003F7
:100000000203DBB28DF80D30237B2BB1A37A13F002
:10001000020F14BF012302238DF80E302AB1A37AF8
:1000200013F0040F14BF012202228DF80F20E38980
:10003000002103F001038DF81330238A284603F0D2
:1000400001038DF81430A37CC3F34002C3F3800393
:100050008DF815208DF81630B4F8133001AAC3F3CB
:1000600040038DF81730B4F81330C3F380038DF8D4
:100070001830B4F81330C3F3C0038DF81930B4F856
:100080001530ADF81A30B4F81730ADF81C30B4F8AC
:100090001930ADF81E30B4F81B30ADF82030637F56
:1000A0008DF82230A37F8DF82330B4F81F30ADF8DF
:1000B000243094F821308DF826306EE7DB6104009F
:1000C000B40C0400437304007D73040037B5038A45
:1000D0004A2B07D8154A0121154803B0BDE8304026
:1000E0000CF031BB4B210C300AF0A7F80378044622
:1000F00023B102210F4A0E4809F03BFD0121B4F85B
:100100000100F9F70DFE054608B90B4AE3E721782F
:1001100049B90334019401AAFAF780FA2846F9F79D
:10012000B1FC03B030BD0022F6E700BFDB61040084
:10013000B40C0400C4730400F47304002DE9F0430C
:100140004FF00008038A8BB00E2B0546CDF80480D3
:1001500007D8534A012153480BB0BDE8F0430CF0D7
:10016000F2BA0F210C300AF068F807880446012122
:100170003846F9F7D5FD064608B94B4AEAE7E37A6F
:10018000012B45D0CDF82480A37B002B35D105A9C8
:10019000B4F805308B80B4F80730CB80A37A4B726B
:1001A000E37A8B72237BC3F30303CB72237BC3F30A
:1001B00003130B73637A0B72637B4B73A37B8B7399
:1001C000E37A0F3B18BF4FF0FF33CB7300230B7064
:1001D0004B80A3780B70B4F803304B80E37A012B8B
:1001E00002D03046FAF7D6FAA37A012B1AD130465C
:1001F000F9F748FC0BB0BDE8F0830DF10808404664
:100200002A8A04F10F0109F0CDFFCDF82480BEE762
:1002100094F80A80B8F1010F12D0244A0221214833
:100220000CF091FA3046F9F72DFC00213846FFF723
:1002300067FD01900028DDD001A8FFF795FDD9E703
:10024000A37B0BB91A4AE9E741463846B5F8109046
:10025000FFF756FD054610B94146164ADFE7038A07
:1002600023B10221144A0F480CF06DFA284605F11B
:100270000C0809F03DFF40460AF003F8814508D913
:10028000FFF766FD0028CDD00C490195C1F810801C
:100290007EE74A46404604F10F0109F09AFFF3E772
:1002A000DB610400B40C04003574040070740400B5
:1002B000C3740400F07404001E750400B8B101207A
:1002C0002DE9FF4100230393038A0746072B07D834
:1002D000464A0121464804B0BDE8F0410CF033BA6B
:1002E00008210C3009F0A9FFB0F800800446012174
:1002F0004046F9F715FD064608B93E4AE9E7E579B3
:1003000005B13D8A00214046FFF7FAFC074650B987
:100310000121394A36480CF016FA304604B0BDE8DF
:10032000F041F9F7AFBB038A13B90221334AF1E771
:1003300055B100F10C08404609F0A3FF854249D9A8
:10034000FFF706FD0028E8D0E3782D4D03976B7288
:1003500023796A7BAB726379C3F30303EB7263792E
:10036000C3F303132B73A379934205D002210092A8
:100370001F48244A09F007FC2279AB7B0F2A03D1DE
:10038000EA7B9A4288BFEB73E2791344AB7323791B
:10039000012B0BD01A493046FAF7FCF9384609F020
:1003A000A7FE1422002116480FF05CFCE378012B15
:1003B000B3D02379012B14D10221134A0C480CF03D
:1003C000C2F93046F9F75EFB03A8FFF7CDFC04B095
:1003D000BDE8F0812A46404604F1080109F0F9FE23
:1003E000B2E703A8FFF7C0FC97E700BFDB6104009A
:1003F000B40C0400357404004A750400C37504008D
:10040000B8B10120F67504007074040030B5038A99
:1004100089B0202B07D83E4A01213E4809B0BDE8EB
:1004200030400CF090B921210C3009F006FF037820
:10043000044623B10221384A364809F09AFB0121CB
:10044000B4F80100F9F76CFC054608B9334AE3E754
:10045000217800295AD12379E1783BB9FAF72EF9AE
:10046000284609B0BDE83040F9F70CBBA2796379A2
:10047000FF2A1CBF43EA0213DBB28DF80530E37993
:100480008DF804108DF80630237A00218DF807309E
:10049000637A01AA8DF80830A37A8DF80930E37ADF
:1004A0008DF80A30237B8DF80B30637B8DF80C3090
:1004B000237E8DF80D30637E8DF80E30A37E8DF88F
:1004C0000F30E37E8DF81030237F8DF81130637F7D
:1004D0008DF81230A37F8DF81330E37F8DF8143040
:1004E00094F820308DF81530D4F80E30CDF8163051
:1004F000D4F81230CDF81A30E38AADF81E30FAF78E
:10050000B5F82846F9F7BEFA09B030BD0022F6E783
:10051000DB610400B40C0400557604007676040018
:1005200038B5038A022B06D8114A0121BDE83840AC
:1005300010480CF008B903210C3009F07EFE037856
:10054000044623B102210C4A0A4809F012FB01219A
:10055000B4F80100F9F7E4FB054608B9074AE4E7F7
:100560002178FAF7CDF82846BDE83840F9F78ABA7D
:10057000DB610400B40C0400B7760400E1760400EB
:1005800030B5038A87B0142B07D8314A012131488E
:1005900007B0BDE830400CF0D6B815210C3009F09A
:1005A0004CFE0378044623B102212B4A294809F066
:1005B000E0FA0121B4F80100F9F7B2FB054608B9E9
:1005C000264AE3E7217961B90088FFF799FB01909A
:1005D00038B120480221224A0CF0B5F801A8FFF7F3
:1005E000C3FB217889BBE3788DF8043023798DF83B
:1005F000053063798DF80630A3798DF80730627A7B
:10060000B4F8073043EA02430293A37A01AA8DF8B3
:100610000C30B4F80B30ADF80E30B4F80D30ADF846
:100620001030B4F80F30ADF81230B4F81130ADF826
:100630001430B4F81330ADF816302846FAF782F8C3
:100640002846F9F71FFA07B030BD0022F5E700BFD2
:10065000DB610400B40C0400267704005177040029
:10066000977704002DE9F0479AB01646DDE9239705
:100670000CAA84468A4690461D462C4B03F1300E48
:10068000144618685968083303C473452246F7D1E5
:1006900018681B79614620602371202204A80CF0A1
:1006A00014FA6B462022224804A900F071F804468F
:1006B000C0BB102251460DF135000CF006FA102295
:1006C00031460DF145000CF000FA294611F8013BC6
:1006D00006220DF156008DF855300CF0F6F92299EE
:1006E000062211F8013B0DF15D008DF85C300CF035
:1006F000ECF94B4635224146684600F049F804467D
:1007000080B948460CF0EBF9012335228DF83030E2
:1007100041463B46684600F03BF8044610B938466F
:100720000CF0DDF920461AB0BDE8F087661304002E
:10073000C877040070B50E461D46144698B00146B1
:10074000202204A80CF0C1F9202231460CA80CF09C
:10075000BCF91022294614A80CF0B7F91022214642
:1007600068460CF0B2F96B465022184604A900F016
:100770000FF840B9039B054A1BBAB3FBF2F102FB29
:1007800011331C9A136018B070BD00BF40420F00B7
:100790002DE9F0418EB007460C461546002118227F
:1007A00008A81E460FF05EFA4FF41053ADF81C3047
:1007B0008023ADF81E304FF44063DFF860801022D4
:1007C000CDE90938394605AB07A804F0CDFC03464E
:1007D00048B10F4A0F48012109F0CBF96FF004002E
:1007E0000EB0BDE8F08106AB0293102322464146CD
:1007F000CDE9006305982B460DF0CAFF0446059825
:1008000004F062FC2043EBD0034A2346E2E700BF3A
:10081000E2770400AC0C0400FE7704000002C00381
:100820000122024BC3F80424704700BF002008E0F7
:10083000084B70B5C31A0D4607499B10044659432F
:10084000402206480CF0D7F92B4601462046BDE869
:1008500070401847E8B10120B76DDBB664010400B1
:10086000402373B50B4C0093041B0B460D460A49FD
:10087000A41061430646094A09480CF0E7F9011E35
:1008800005DA30462B4602B0BDE87040184702B08A
:1008900070BD00BFE8B10120B76DDBB6B5CC030079
:1008A00064010400F8B500220121054640F205105C
:1008B000F5F71AFC0F4801F05FFC0446B8B90CF0DC
:1008C0004CFD2F690C49384609F012F8031E09DB6C
:1008D00001263E642D69084905F11C0009F008F85D
:1008E000031E02DA1C462046F8BDEE64FBE76FF0FB
:1008F0000404F8E7350A0300241C04007FB5002235
:100900000123CDE9022304ABCDE90433094A6B4648
:10091000CDF800D0CDF804D00CF0C5F9002805DBE7
:1009200043F609520023684602F0BEFD07B05DF8A9
:1009300004FB00BFC9CC030010B5EFF311844023C2
:1009400083F31288BFF36F8F074A136823F0020105
:10095000DB07116002D401200CF0F9FC84F311884C
:10096000BFF36F8F10BD00BF38B201200C22104BB7
:10097000014602FB0033002030B4D3E90E529863E5
:10098000EFF31180402484F31288BFF36F8F1C6C47
:1009900004F0C00444F002041C6480F31188BFF327
:1009A0006F8F1DB12B4630BC0248184730BC7047D2
:1009B000E8B101206401040010B4EFF31182402378
:1009C00083F31288BFF36F8F1748016841F0020468
:1009D0000460C80708D482F31188BFF36F8F012029
:1009E0005DF8044B01F0B8BB1049D1F80C14C903F1
:1009F000F1D5EFF3118083F31288BFF36F8F0C49A9
:100A00000B6C03F0C00343F002030B6480F3118806
:100A1000BFF36F8F82F31188BFF36F8F00205DF8F3
:100A2000044BFFF7A3BF00BF38B2012000E0105015
:100A3000E8B10120022808D0042808D1044B186C22
:100A400010F0070003D1FFF791BF0120FBE77047CB
:100A5000E8B101202DE9F041012207463449D1E8EF
:100A6000EF3FC1E8E02F0028F9D133B931493248CE
:100A70004B60CB608A6008F04EFF7B1E012B28D8AC
:100A8000012F06D12D4BD3F8503403F00303012B73
:100A90001FD00DF0B7F90546E8B9294B1B78D3B143
:100AA00004220646254BC3F80823244CDFF8948023
:100AB000D4F84C24D4F84C34D20315D503F00303F6
:100AC000012B01D0012F0FD165B386F31188BFF33D
:100AD0006F8FBDE8F081EFF31186402383F3128816
:100AE000BFF36F8F0125E0E7BDB1304609F0C0FAD2
:100AF000D4F8403413F0FF03DAD1D4F80821002AE7
:100B0000D6D0C4F80831D4F8083120220123C4F823
:100B10004034C8F8A0212361CAE7002120200DF04D
:100B20002EFAE5E70422054BC3F80423D1E700BF02
:100B3000E4B10120D4B1012004B2012000E0105042
:100B400055F9012000E100E008B507480CF0A7FEC8
:100B500038B10648F5F70CFE0448F2F733FD0020E3
:100B600008BD6FF01200FBE728020400710B0300C0
:100B70000A2838B50446074D04D1AB680D21284634
:100B80005B689847AB6803485B68E1B298472046CA
:100B900038BD00BF280204002DE9F04340F20635BD
:100BA0004768D00648BF4FF0030C3B7C02EA0505BE
:100BB00058BFC2F3401C87B001F01F06B5F5837F14
:100BC000144646EA43168DF803C046D00DD8062DCC
:100BD00045D005D8A5B1022D12D06FF0150039E02F
:100BE000B5F5807FF9D101250AE040F20222954255
:100BF00037D0B5F5407F36D0B5F5007FEDD104256F
:100C00000123220303FA01F12FD57B685960B868EC
:100C100080BB5F2E06F01F034FEA561173D83C4A83
:100C200052F8212084F4803102EB8302D2F8803024
:100C3000C1F30041C4F3404423F4706344EA410427
:100C400023F00F031C4344EA8C0444EA0524C2F851
:100C50008040002007B0BDE8F0830925D0E70825D3
:100C6000CEE70625CCE70525CAE7630344BF7B68CA
:100C70009960CCE731460DF102020CF070FD14F4DE
:100C8000403F80460CD13146B8680CF081FDB8F188
:100C9000000FDED19DF80210B86801F077FCD8E7AC
:100CA0004FF0000901ABCDE90199CDE90439CDF848
:100CB0000C903146B86803AA0CF095FC4845C8DB97
:100CC00014F4003314D09DF8033084F48034C4F35A
:100CD00000448DF80E308DF80C508DF80D404B46C9
:100CE0003146B86803AA01F09FFB0028CFDAB0E7CD
:100CF000CDE904330DF1030303933146B86803AA29
:100D00000CF071FCF1E7203350F82330FFDE00BF18
:100D1000481C04004209022A034670B503D0012A88
:100D200018D0CAB170BD0E4E326951680029F9D091
:100D3000012503F01F030C689D400029F2D08A684A
:100D40002A4002D030464B6898473CB12368214680
:100D50001C46F2E7034EE7E7034EE5E72346F6E7D6
:100D6000B80104009C0104008001040038B5456806
:100D7000A868C0B10CF006FD0146A0B9A86801F052
:100D8000CDFB044688B902460949A8680CF0E4FC8A
:100D900022460121DB20F5F7A7F92246012140F286
:100DA0000D10F5F7A1F9002038BD6FF00400FBE746
:100DB000150D0300F0B544681646A068227C01F0CA
:100DC0001F0587B045EA421500286CD0B6F5001F14
:100DD00004D129460CF030FD002055E06268607CAB
:100DE000B6F5800F50624FF0000001AA01905060EC
:100DF00039D1B3F1007F14BF052304238DF80430EB
:100E00000023CDE904230393E3680DF1030723FADC
:100E100001F111F0010139D1B6F1A07F36D105F011
:100E20001F035F2D4FEA551003F120033ED8214ADE
:100E300052F8202052F82330DB0727D43A462946BF
:100E4000A0680CF08CFC163018D002972946A068D8
:100E500003AA0CF0C8FB002816DB01222946A06873
:100E60000CF098FCB8E7B3F1C06F05D0B3F1007F88
:100E700014BF01230223C1E70323BFE73946A0685B
:100E800001F08EFB0028E0DA07B0F0BD3A462946B3
:100E9000A0680CF064FC0028D8D19DF80310A0686D
:100EA00001F074FBD2E76FF08500EDE751F82330D5
:100EB000FFDE00BF481C0400036803F01F025F2B25
:100EC00002604FEA53129ABF024B53F822000020EF
:100ED000704700BF901C04002DE9F04F15460746EF
:100EE00040F2FF19DFF868A1DFF868B185B000EBC8
:100EF0008101B94203D1002005B0BDE8F08F3A6806
:100F0000C2F3C323082BC2F3080400F29E804C45B1
:100F100008BF4FF0FF34B2F1D05F1AF803804FEAF8
:100F2000126310D2192B12D8DFE803F01422646187
:100F3000292F61111111111111111111111111111B
:100F4000111167717477382B6AD04E2B52D06FF025
:100F50008500D1E7C5F80446601C14D0012603A81B
:100F60000394FFF7A9FF039B06FA03F3436004E031
:100F7000C5F80C46621C06D00026324613E0631CFE
:100F8000C5F800465FD10437B3E7661CC5F80446D0
:100F9000F9D0012603A80394FFF78EFF0122039BDB
:100FA00002FA03F383603B68039403F400400028D3
:100FB00018BF002203A818BF012601930092FFF773
:100FC0007BFF039C019B00EB8400D0F88040C3F3BF
:100FD000412C009A4FEA082343EA8C03134304EAA6
:100FE0000B04234343EA4603C0F88030CBE7C5F83F
:100FF0000846BFE7C5F81046AEE7C5F86045621C75
:101000003B68C0D0C3F30043002BC2D0A6E7C5F8AD
:101010006445F4E7C5F86845F1E7C5F86C45EEE7C7
:1010200003A80394FFF748FF039B00EB8300D0F86D
:10103000803023F0E04343F08043C0F88030631CED
:10104000A1D0012699E70026A4E76FF0150053E729
:1010500073780400F0F0FCFF2DE9F04104460D46E2
:1010600047680CF0CFFE88B14021EFF311831A4698
:1010700081F31288BFF36F8F60680068D0F8300189
:10108000D0B983F31188BFF36F8FEEE71E4B1B7847
:10109000002BE9D04FF04008642663681B68D3F842
:1010A0003031FBB901200CF05EF9013EF5D1002191
:1010B00020200CF064FFEFE77B6A00201D7063685E
:1010C000796A1B68C3F83C170121C3F84017C3F8BD
:1010D0003001D3F83001196582F31188BFF36F8FA7
:1010E000BDE8F081EFF311831A4688F31288BFF34D
:1010F0006F8F61680968D1F830110029DCD183F362
:101100001188BFF36F8FD2E755F9012070B40D4CF1
:10111000D4E90065901B63EB0501400940EAC1601A
:101120004101891945EBD065C4E90015002400256B
:101130000549C1E90023054BC3E9004570BC03F034
:101140005DB900BF70B6002058B6002068B6002018
:1011500008B500220121E420F4F7C6FF164A00205A
:10116000D2F8183723F44033C2F8183701F078FB6F
:10117000002820DB0120114901F0FEFB00281ADBCA
:1011800001F048FB0E4B20F01F00C3E900010D4B9E
:101190000022C3E900014FF0FF304FF0FF310A4B4E
:1011A000C3E90001094B0A49187A01F043FB6722A1
:1011B0000020084B1A6008BD00200E505417002074
:1011C00070B6002050B6002058B600204C17002002
:1011D0000D11030060B2012008B501F01BFB064AA7
:1011E000D2E90032C01A054B61EB0201C3E90001EC
:1011F000400940EAC16008BD70B6002068B6002012
:10120000F7B5224B0146224F187A224BD7E90056F8
:10121000D3E900239E4208BF954211D1B1F1806FFE
:101220000ED24901012938BF012101224D1946F191
:101230000006C7E9005603B0BDE8F04001F026BC47
:10124000154BDFF858C0D3E90043DCE9002CA418A3
:1012500043EB0C0C4FF0200E22466346C1FB0E23DD
:10126000954276EB0301C7E900230DD2291B66EBFB
:101270000C04C82974F10004B4BF012100210091BD
:1012800001F0CCFB03B0F0BD0021F8E74C170020C3
:1012900060B6002058B6002070B6002068B6002066
:1012A00008B5034903480BF05EFF6FF0150008BD59
:1012B000AE780400440D04002DE9F041074688464D
:1012C0000025104E27FA05F212F0010210D128FA7B
:1012D00005F3DB070ED5317930680BF034FF044697
:1012E00040B1094909480BF03EFF2046BDE8F081B6
:1012F0000122F0E70135042D06F10806E2D10024B1
:10130000F3E700BF841D0400C9780400440D040005
:1013100070B500250B4E4FF4003130460BF0FEFE49
:10132000044648B90135042D06F10806F3D1BDE89D
:1013300070400F21FFF7C0BF034904480BF013FFB3
:10134000204670BD841D0400DF780400440D0400B5
:1013500003280A4610B503D9BDE81040FFF7A0BF27
:10136000074B03EBC001097953F830000BF0EBFE9B
:10137000044618B1034904480BF0F5FE204610BDA1
:10138000841D0400C9780400440D040002460B4685
:10139000014801F055BF00BF44190020014801F089
:1013A000C7BF00BF44190020014902480CF08CBCA3
:1013B00068B20120583F0120094B93F80231042BF9
:1013C00002D1810709D47047022B02D1020704D44D
:1013D0007047082B03D1830601D5FFF7E5BF70479F
:1013E0004FF5012010B403460A46044881680C6892
:1013F000194623465DF8044B184700BFD40104008A
:10140000B0B5002484B000AF3B1D7C600A22BC60F4
:10141000C7F80B403960014618460EF04DFC6D468A
:101420008AB003466A4639680D48D161C2E90503AE
:101430004FF4007313840B4B42F8103F4FF41151DB
:1014400023460948F2F786FCAD4684F31188BFF3C2
:101450006F8F0323184602DF1037BD46B0BD00BFB3
:101460000D79040004000001140D0400F0B591B0E2
:10147000064600AF0D464A484A490CF0FAFB07F110
:101480002C00CFF7F7FB6C4688B06A46464B536199
:10149000464B93614FF400739383454B42F8103FE2
:1014A0004449454807F12C03F2F754FCA54643484C
:1014B0000CF0F5F950B90121414A3F4808F050FBC2
:1014C0006FF0120420464437BD46F0BD3D4B07F196
:1014D0000800BB60CFF736FC034638B101213A4A19
:1014E000354808F046FB6FF01504EBE74FF0FF308E
:1014F0004FF0FF31FFF74AFF04460028E2D133499D
:101500003348CFF775FB044610B1FFF747FFD9E723
:1015100034237B7521233875F875387607F114006C
:10152000BB75D7F74FFC20B1FFF738FF6FF085048C
:10153000C8E740F6012307F11C00FB6187F8204053
:10154000D7F740FC0028EFD1022307F12400C7F8A9
:10155000254087F82430D7F735FC0028E4D140F641
:10156000A66307F10C00FB60D6F7B2FD0028DBD1C3
:101570000123381D3B71EBF735F80028D4D144F630
:10158000206307F110003B61D6F7AAFD0028CBD1FC
:10159000FFF704FF33690F481D60F5F79DFB91E7E6
:1015A00068B201201FD203002C5A040032790400D3
:1015B00003000001C01C4001140D0400D40104000C
:1015C00059790400E51303007979040078B6002006
:1015D00009170300B913030030B5484887B0CFF7A7
:1015E000A7F90446002840F083800525CFF754FB77
:1015F000E6F7F5FBE6F7F5FBE6F7F5FBCFF766FB5D
:10160000E6F7F5FBCFF770FBCFF786FBE6F7EDFBD0
:101610000121204603AA8DF80C50CFF7EBF90028E2
:1016200065DB0221204603AA8DF80C40CFF7E2F9D2
:1016300000285CDB08230721204603AAADF80C3004
:10164000CFF7D8F9002852DB4FF0FB13039340F299
:1016500003230321204603AAADF81030CFF7CAF9BF
:10166000002844DB0421204603AA8DF80C40CFF764
:10167000C1F900283BDB1F230621204603AAADF851
:101680000C30CFF7B7F9002831DB03232946204679
:1016900003AA8DF80C30CFF7ADF9002827DB16210F
:1016A000204603AA8DF80C50CFF7A4F900281EDBC2
:1016B00040F201131721204603AAADF80C30CFF7F2
:1016C00099F9002813DB48F6DB03984213DD01216A
:1016D00000900B4A0B4808F056FA002383F3118858
:1016E000BFF36F8F0423184602DF6FF00B00044630
:1016F000204607B030BD0020F9E700BF0114030009
:101700009D790400140D040073B53E4C94F8023129
:10171000D3B194F80231042B38D120783E2826D159
:10172000A678B31E5E425E41002200233146F5F7E3
:10173000DDFA0546E8B9C6B1002384F8023102B0EB
:10174000BDE87040FFF730BE4FF0FF304FF0FF3183
:10175000FFF71CFE48B9204604F5817100F020FC1B
:101760000546FFF71BFE002DD3D002B070BD00264A
:10177000DAE762780232234905F10C0008F029FD0E
:10178000214B29461B6821489847D5E7022B24D1D5
:10179000002200230820F5F787FA05460028E4D048
:1017A00063880433B3F5817F23D94FF4817201211B
:1017B00000921748174A08F0E6F96FF00B03012171
:1017C000154A134808F0D5F9002383F31188BFF3B5
:1017D0006F8F0423184602DFAEE7082B0BD10023DE
:1017E00000222020F5F760FA638805460028D8D14A
:1017F000BBE71A46BFE70121084A054808F0B9F9D6
:101800009AE700BF4FF5012064B2012044020400B2
:10181000140D0400C07904001A7A0400E179040070
:10182000F7B5714D06462B78002B40F0AF830423AB
:101830008DF807306D4B04881F68B7B10DF10603B2
:101840000DF10702691CB84701280ED09DF806303B
:10185000002B40F00E839DF807300E22AB70012361
:101860006A70EB70AC80A8710CE3B4F5105F4FEABE
:10187000942309D25BB1013B072B08D8DFE803F0C2
:1018800009072A6C070707BA3F2B00F09382012053
:10189000EFE2304640F2064230F9033B934213D068
:1018A00040F21D42934212D0012042F20C039C42AE
:1018B00000F2618340F206439C4200F0DA8240F27B
:1018C0001D439C421CD1D4E2D5F788FEEDE7D5F745
:1018D00043FFEAE7304640F6634230F9033B934268
:1018E0002ED010DC40F6034293421DD040F62D422C
:1018F00093421CD040F601429342C8D1CFF76AFA16
:101900000128A8D1C3E740F67B4293421BD040F6A2
:101910007C429342BBD19DF80730354902338DF8A4
:101920000730EAF772FDEBE7E6F750FAE8E79DF8D3
:1019300007302F4903338DF80730EAF75EFADFE707
:10194000CFF75AFADCE79DF80730294904338DF8C0
:101950000730EAF736FDD3E73388A3F58053013B20
:10196000082B94D801A252F823F000BF911903006C
:10197000A3190300B71903008F1803008F18030081
:101980008F1803008F1803008F180300D719030066
:101990009DF80730164808338DF80730EAF71BFA30
:1019A000AEE79DF80730124840338DF807300BF052
:1019B00038FC00204FE700229DF8073008338DF8EF
:1019C00007300B4B1A605A60EB7A23F0600343F048
:1019D0006003EB72EDE79DF80730054806338DF89C
:1019E0000730EAF767FA8BE752F6012078B2012058
:1019F00059F60120304630F8033BA3F50053013B74
:101A0000962B00F2A182DFE813F09700A800B10046
:101A10009F02BA009F029F029F029F029F02BD0089
:101A2000C000C300C6009F029F029F029F02C90020
:101A3000CC00CF00D800DB00E400ED009F029F0245
:101A4000F0009F029F029F029F029F0215011E014C
:101A500027019F029F022A012D01300133019F02BD
:101A60009F023C013F0142014B01540157019F027B
:101A70009F029F029F029F029F029F029F029F025E
:101A80009F029F029F029F029F029F029F029F024E
:101A90009F029F029F029F029F029F029F025A0184
:101AA0007B01840163019F029F029F029F029F02AC
:101AB0009F029F029F029F029F029F029F029F021E
:101AC0009F029F029F029F029F029F029F029F020E
:101AD0009F029F029F029F029F029F029F029F02FE
:101AE0009F029F029F029F029F029F029F029F02EE
:101AF00087019F0266016F019F029F0272019F0290
:101B00009F029F029F029F029F029F029F029F02CD
:101B10009F029F029F029F029F028D0196019901E1
:101B2000A201A501AE01B101BA01BD01C001C3010D
:101B3000CC01CF01D2018A01CFF768F942F27703D5
:101B40009C4261D942F296039C4200F2738142F2B8
:101B50007D039C4200F2ED81D2E69DF80730B0484B
:101B600003338DF80730D5F72FFDE7E79DF80730F1
:101B7000AB4808338DF80730EAF7A6FBDEE7EAF753
:101B8000B6F9DBE7D5F7CEFED8E7EAF79CFAD5E75A
:101B9000D6F7AEF9D2E7D6F711FACFE7EAF7B6FAF9
:101BA000CCE7EAF72BFBC9E79DF807309C490733E0
:101BB0008DF80730EAF7A9F9C0E7EAF775FBBDE74A
:101BC0009DF80730964910338DF80730EAF751F940
:101BD000B4E79DF80730924808338DF80730EAF7EC
:101BE00006F9ABE7EAF7BEFBA8E79DF80730083334
:101BF0008DF807307023EB714023EB7242F27703CC
:101C00009C4200F28C81002042F263039C4200F26D
:101C1000AC8142F219039C427FF647AE42F2320396
:101C20009C4200F02681A4F50153033B012B3FF6B3
:101C300067AE1EE19DF80730794902338DF8073011
:101C4000EAF784F97AE79DF80730754804338DF890
:101C50000730D5F74BFD71E7D5F730FD6EE7EAF7B2
:101C600052F86BE7EAF772F868E7EAF7A2F865E777
:101C70009DF807306A4801338DF80730EAF7A7F876
:101C80005CE7EAF786F859E7EAF77AF856E79DF84D
:101C90000730634808338DF80730EAF78BF94DE7D2
:101CA0009DF807305E4904338DF80730EAF7AAF94A
:101CB00044E7D5F725FD41E7EAF7DAF93EE79DF875
:101CC0000730574802338DF80730EAF7B1F835E7A7
:101CD000EAF781F932E79DF80730514905338DF86D
:101CE0000730EAF7D2FB29E7EAF7F6FB26E79DF88B
:101CF00007304B4902338DF80730EAF70AFC1DE73D
:101D00009DF80730464804338DF80730EAF7A1F80C
:101D100014E7D5F70FFC11E7EAF7C0FC0EE7EAF786
:101D200071FC0BE79DF807303D481C338DF80730F8
:101D3000EAF7DAFC02E7EAF72BFDFFE69DF8073049
:101D4000374902338DF80730EAF7D9FEF6E6EAF7AD
:101D500064FDF3E69DF80730314902338DF8073012
:101D6000EAF791FDEAE6D6F72FFAE7E69DF80730A5
:101D70002B4902338DF80730EAF7CFFDDEE6D6F7C0
:101D80006FFADBE6EAF7E0FED8E6D6F70FFCD5E619
:101D90009DF80730224902338DF80730D6F774FCDE
:101DA000CCE6EAF705FFC9E6D6F772FDC6E6EAF724
:101DB0008DFFC3E630464FF60B4230F8033B9342AB
:101DC00024F0080211D8B3F57C4F7FF660ADA3F57F
:101DD0007C43013B0A2B00F2D780DFE803F023317C
:101DE000D5D5D56AD5D558616D0003F2FD2189B2EC
:101DF00018293FF64CADA3F57D43033B182B00F2A9
:101E0000C380DFE803F062C165C1C1C1C168C1C15F
:101E10007AC1C16B6E77C17DC186C1C1C1C1890064
:101E200059F601209DF807305A480C338DF80730D9
:101E3000E5F7DFFF4FF6025224F00803934241E535
:101E400000209DF8073040338DF80730514B188043
:101E5000EB7923F0230343F02303EB712B7A23F078
:101E6000070343F007032B724FF602539A427FF4A5
:101E7000A0AD0F236B700423AB700123E8702B71AE
:101E8000A5F80540012300202B7003B0F0BD9DF89C
:101E90000730404817338DF80730E5F7C6FFC9E72C
:101EA0009DF807303B4820338DF80730E5F7E1FF18
:101EB000C0E7E5F7B8FFBDE79DF8073035480133C7
:101EC0008DF80730E5F7F2FFB4E7EAF78BFBB1E7EF
:101ED000D6F7FEF8AEE7EAF74BFBABE7EAF766FBAF
:101EE000A8E79DF807302B4903338DF80730EAF750
:101EF00069FB9FE7D6F7F4F89CE7E5F7EDFF99E774
:101F00009DF80730234904338DF80730E5F7EAFFE1
:101F100090E7D6F7EDF88DE7D6F7F6F88AE742F2C4
:101F200096039C422ED842F27D039C427FF641AD3F
:101F30000020A4F501533E3B174A9BB222FA03F35B
:101F4000DB077FF5DDAC94E742F277039C420AD9C8
:101F500042F296039C4217D842F27D039C427FF6E0
:101F600096AC0120E5E701204EE6A4F50153243BA1
:101F70000A4A9BB2E2E7A4F500530D3B41F241222D
:101F80009BB2DBE7002055E7012053E74FF0FF301D
:101F90007BE700BF59F6012081504D01F502080092
:101FA00038B5094C0D4623781BB9BDE83840E6F733
:101FB000DCB9A278611C02320DF047FE0020042338
:101FC00020702B7038BD00BF52F6012070B5054659
:101FD0000E46084C20460BF062FC38B1A368294637
:101FE0002046B2B21B68BDE8704018476FF012007F
:101FF00070BD00BFD40104004FF40071014802F02D
:10200000E9BC00BF55F70120322337B50125ADF8F3
:10201000043000231C216846104A8DF80630ADF8C4
:1020200000508DF80230E5F78BFA044698B90AF0B3
:1020300052FE80B2E3F7EAFF2A4621468520F4F7F4
:1020400053F82A462146E520F4F74EF82A46214661
:102050008A20F4F749F8204603B030BD7120030010
:10206000014902480BF030BE84B20120583F0120E4
:10207000B0B5002484B000AF3B1D7C600A22BC6078
:10208000C7F80B403960014618460DF015FE6D4645
:102090008AB003466A4639680D48D161C2E9050332
:1020A0004FF4007313840B4B42F8103F4FF411515F
:1020B00023460948F1F74EFEAD4684F31188BFF37D
:1020C0006F8F0323184602DF1037BD46B0BD00BF37
:1020D000727A040004000001640D04000122054B23
:1020E00005491A63A3F54323D3F818050860C3F81C
:1020F0001825704700E0105080B201200122044BE7
:102100005A63044B1A68044BC3F81825704700BF84
:1021100000E0105080B2012000B0045003460221BC
:10212000014A024807F025BD9A7A04008C0D04008C
:1021300028B1022806D10420034B1B681847024B24
:102140001B68FBE7FFF7EABF94B20120014B0220B6
:102150001B68184794B2012028B1012807D100203C
:102160000349E3F763BE034B02201B68184770471F
:102170003121030094B20120014B18600020704708
:1021800094B20120064BD3F840231C2A05D1D3F882
:102190004403431E5842584170470020704700BF17
:1021A00000C0FF0003689A070CD50368DB070DD554
:1021B0000922074BC3F80C250F22C3F8042501227E
:1021C0001A60FEE7034B0360EF3B0360704700BFFC
:1021D00000801050F000FA5008B50123454A4648E7
:1021E000C2F80038454AD2F840231C2A04BF444AAA
:1021F000C2F80C34FFF7D6FF0830FFF7D3FF0830E2
:10220000FFF7D0FF0830FFF7CDFF00F5F470FFF7C0
:10221000C9FF3C4AD2F88C3043F44063C2F88C309A
:102220000022D30003F57F0303F54043D3F80014E5
:1022300001310AD0D3F8001439B1D3F800140132B7
:10224000D3F80434402A0B60EBD12A4BD3F8402456
:10225000002A4BD0FFF796FF48B1284BD3F8342320
:10226000294B9A429EBF234B284AC3F84026FFF7CA
:1022700089FF18B1264B274AC3F8AC27FFF782FF26
:1022800048B134221B4BC3F82426D3F83C2622F451
:102290000022C3F83C26204BD3F80026D20744BFC7
:1022A0006FF00102C3F800261C4BD3F8182522F06A
:1022B0000302C3F81825D3F8182542F00302C3F827
:1022C0001825104AD2F88C1041F44061C2F88C10E5
:1022D000D2F8881041F47001C2F88810BFF34F8F14
:1022E000BFF36F8F0022C3F8A02508BDC822C3F832
:1022F0004024AFE70000125000C50D5000C0FF00A1
:102300000030055000ED00E0001D0A1840E0A91E55
:1023100000A0085078000A0400E0105000B00450FB
:10232000036803F01F025F2B02604FEA53129ABF4B
:10233000024B53F822000020704700BFB01D04007C
:10234000034A4309D35C00F01F001844C0B2704731
:10235000C67A0400F0B50646002487B0114F0191FB
:1023600017F8012B06AB03EBD20313F8143C02F071
:102370000702D34013F0010306D10134032CEFD13F
:102380000023184607B0F0BD074A03AD07CA85E829
:10239000070055F824100A6A46F824200A62002A29
:1023A000EBD0EEE7D67A04004C0E0400F7B50446F5
:1023B0000846FFF7C5FF06B204EB4606B38A0D4692
:1023C000DB072BD520460BF0EBF8294620460BF017
:1023D00057F858B120460BF069F80022276800B280
:1023E00007EB8003C3F81025C3F8102529462046C3
:1023F0000BF085F8002101A8B1820195FFF790FF4D
:10240000019B00EB8300D0F88020064B134043F083
:102410000203C0F88030084603B0F0BD6FF015002D
:10242000FAE700BFF0F0FCFF2DE9F043044685B069
:10243000084616461D46FFF783FF0F46804636B313
:1024400020460BF028F818B920460BF019F828BBE5
:102450000FFA88F904EB4909B9F8143013F01C0F8E
:1024600002D07378012B19D001238DF80F3000238F
:102470003846CDE90063721CB31C0DF10F010AF060
:10248000A7FFB9F8143043F00303A9F81430002D66
:1024900040D0394620460AF0FEFF20B96FF0150003
:1024A00005B0BDE8F0830022297823684FEA810C4B
:1024B00003EB8103C3F81025C3F810250FFA88F247
:1024C00004EB4202938A23F4604323F020039382B7
:1024D0006E78FEB12468A8786444D4F810550E4B89
:1024E00036042B40C4F8103541F6F07306F440363C
:1024F00003EA07130005D4F81055334300F48010A5
:1025000003432B43C4F81035938A43EA413343F025
:10251000200393820020C3E70FE0ECFF70B590F832
:102520007440054690F8756044BB4622214614303D
:102530000DF098FB2146134A2B6852F836608E4204
:1025400012D1002440F20D10C3F84441D3F84421C5
:102550000D4A934208BFDB20F3F7A4FD0123204678
:1025600085F874302B6670BDCAB2920002F5807097
:10257000442A04BF1C501A580131E0E76FF077007D
:10258000F1E700BFBC1D040000A00D5090F87500DD
:10259000024B03EB80000AF002BF00BF5C17002073
:1025A00010B5064B90F875000C4603EB80000AF05E
:1025B000DCFE0028A4BF2070002010BD5C170020A6
:1025C0002DE9F04F814659F8043B8BB0D3F8141332
:1025D00090F8754000936C4BC9B241F400318046CD
:1025E00053F8342000980AF0B4FF810305463AD529
:1025F0000023CDE907330993634B07A803EBC4031A
:102600005B6819460193FFF7A5FE042303EBC4039F
:1026100003934FF0000B5D4B0DF11C0A0293029ADD
:10262000594912F8013B0292039A02EBD3028A5CE9
:1026300003F0070322FA03F3DA071AD40BF1010BB4
:10264000BBF1030F0AF1040AE9D14FF40031002273
:1026500000980AF07EFF019907A8FFF77BFE00288B
:10266000D7D125F400350124002D75D10BB0BDE87C
:10267000F08F474B5B440493DAF800100029DDD05B
:1026800091FAA1F1B1FA81F1049B1C7841EA44145A
:102690002046FFF755FE08EB4000878AC808BB08B4
:1026A000059301231AF8002001F0070103FA01F154
:1026B00022EA01020AF8002006A80694FFF730FE7D
:1026C000069A059B203250F82220C7F382065B074A
:1026D0003746C2F3014223D54846D6B221463A4690
:1026E0000AF0EEFE06A80694FFF71AFE069B2033BA
:1026F00050F82330C3F301439E4207D10021204606
:102700000AF0AFFE314620460AF0ABFE06A806945A
:10271000FFF706FE0122069B02FA03F30362ABE712
:10272000022A0DD1032120460AF09BFE06F0050384
:10273000012BEBD13A46214648460AF0C1FEE5E7B7
:102740000221204605920AF08CFE032EF2D0059A53
:10275000032ADBD1022EECE795FAA5F3B3FA83F353
:10276000009904FA03F225EA020503F5A27251F872
:10277000222008EB43034846B3F86410C2F3014239
:102780000AF09EFE70E700BFBC1D0400D67A04006C
:10279000D67A04000123034A03FA00F09368034346
:1027A00093607047A813002073B504460191EFF3BE
:1027B0001186402383F31288BFF36F8F0B4D019B6B
:1027C0006A6801A8134001930AF0CFFD002807DBD7
:1027D00001226B68824023EA02036B6020700020B4
:1027E00086F31188BFF36F8F02B070BDA81300206D
:1027F000074B027AD3F8101521F001010A43C3F800
:1028000010250268C3F8A4264268C3F8AC267047B6
:1028100000200E504FF0FF326FF0404330B5044CB3
:10282000D4E90001824273EB0105F9D330BD00BF4A
:1028300040270E5030B50C25074B1C1894F8544017
:1028400005FB0433C3E9031218750123034A8340CF
:10285000C2F8243330BD00BFA813002000200E5062
:10286000F0B53D4D85B02C78002C6FD13B4A01ABC3
:1028700007CA83E807003A491846D1F8102522F024
:102880000202C1F81025FFF7B3FF0723672202F009
:1028900001012144013BCCB24FEA5202F7D1052C91
:1028A00057D119464FF0010C2B4E00246720CFB2B0
:1028B00004E00CFA02F220EA0200013490FAA0F2DD
:1028C0005FFA84FEBE45B2FA82F2F2D3013132756C
:1028D00005292A4482F8547006F10C06E5D101213D
:1028E000002420489A0801FA02F212F0670F18BF7C
:1028F0001C500433302BF5D1E420F3F7D3FB184BF5
:102900001949D3F8102503F5C07322F00202C3F869
:10291000902340F6FF72C3F8A82100221A60A3F5A5
:10292000807004338B420260F8D101240C4B0F4AB3
:102930001C660F4B5D201B68B3FBF2F358430D4B35
:102940002343984700202C7005B0F0BD6FF077004E
:10295000FAE76FF08B00F7E7A8130020580E040089
:1029600000200E5000210E50B0210E5040420F00AA
:1029700058170020B013040038B5254B0C46D3F887
:10298000102595073DD4D3F8102542F00202C3F874
:102990001025C0B1D3F8482712F0010202BFD3F8C6
:1029A000481741F00101C3F84817194BD3F84017F5
:1029B000D3F844174900F9D42AB9D3F8482722F0AC
:1029C0000102C3F84827134B134A1B681049B3FB95
:1029D000F2F303EB4313BBB1D1F84027D1F84457CE
:1029E00015F080450BD14FF0FF312046FFF7DCFE9C
:1029F000002803DB2078FFF7CDFE284638BD013BD9
:102A0000E9E76FF07700F9E76FF07300F6E700BFD2
:102A100000200E505817002040420F0070B51D4690
:102A20001446184A9DF81060131893F8543000B2F9
:102A30000C3302EBC30142F833404D60C5F3130180
:102A4000AEB10201104E02F1A04202F562228000F6
:102A5000C2F820450644C2F82415336833B1FFF7A5
:102A6000D9FEA042A94101D20023336070BD030109
:102A700003F1A04303F56223C3F82045C3F82415EE
:102A8000F4E700BFA813002000210E50F0B50E4D52
:102A90002B1893F8543000010C3355F8334005EBF4
:102AA000C3077E68641800F1A04021F0004146F1A0
:102AB000000641EAC27100F5622045F833407E60AD
:102AC000C0F82815F0BD00BFA8130020F7B5284BAB
:102AD000284CD3F82C6304F188070EB903B0F0BD7D
:102AE00096FAA6F00123B0FA80F08340DA43224937
:102AF00026EA0306231893F85450830019440C2344
:102B000003FB0543DB6873B3D7E8EF3F03EA020C2E
:102B1000C7E8EECFBEF1000FF6D1C340DB0719D5F1
:102B2000020102F1A04202F56222D2F82435D2F865
:102B30002025D1F800C0BCF1000FCED04FF0000C22
:102B4000C1F800C00C2101FB054529690091E96825
:102B50008847C2E705F10C0304EBC30C54F833209B
:102B6000DCF80430E5E70A68002AB6D00B60B4E769
:102B700000200E50A813002000210E50044B40EA04
:102B80000120C3F80005D3F80024D207FBD5704715
:102B900000B0045008B5124BA822002118460DF0D1
:102BA00061F803220F49026142610F4A8161C261EB
:102BB0004FF480520262002282624262C262016667
:102BC0000A49034641661021816609490267C266C7
:102BD000426711F8010D98540132102AF9D108BD4D
:102BE00070100020D97A04007000002060000020DE
:102BF000F27A04002DE9F84F1826DFF87C800746AA
:102C000006FB008E00FB0666DEF82440DEF828C0D6
:102C100046447368A4458946154603EB040022D850
:102C2000DEF820B0ABEB040A0AF1FF339A4203D876
:102C30000DF00BF82C440FE063449A4219D8524629
:102C40002C440DF002F8B4EB0B0405D0224670685A
:102C500009EB0A010CF0F9FF1823012003FB07839D
:102C60005C62BDE8F88F0CF1FF3CACEB040C9445C2
:102C7000DED20020F5E700BF701000201822034BC1
:102C800002FB00339A6A586A801A7047701000205D
:102C9000002310B4084A0949C85C12F8014D844267
:102CA00005D10133102BF7D15DF8044B70475DF867
:102CB000044BFFF76FBF00BFF27A040070100020D2
:102CC00010B50446F0F776FF03480121034A06F0E9
:102CD00047FF20460AF0EEFD940D0400F37A04004D
:102CE0002DE9F84304460D4600AFEFF31188402369
:102CF00083F31288BFF36F8F0428294A98BF294BAA
:102D0000E9468AB09668117C98BF53F820306A462D
:102D100088BF254BC2E9073140F201332348938431
:102D2000234BC2E9050442F8103F00234FF4315110
:102D30002048F1F70FF8CD4645B1EB69C3F308031E
:102D400023B101211C4A1B4806F00AFF2EB1304670
:102D50000BF061F808B1037803B91848E9468AB066
:102D60006A46174BD061C2E9053640F2013313843D
:102D7000144B42F8103F00234FF411510D48F0F767
:102D8000E9FF2946CD462046FFF79AFF88F31188D0
:102D9000BFF36F8F3046F3F70BF9BD46BDE8F883FC
:102DA00098B20120CC1D0400027B0400107B0400BB
:102DB00005000001940D0400387B0400ED59040067
:102DC000597B04000400000138B50A4B53F8204039
:102DD000013053F82050A54200D838BD606830B1AA
:102DE000037EDB0701D40AF042FD0834F3E72368D1
:102DF0009847FAE7E01D0400012270B5294B032033
:102E000086B01A70FFF7E0FF0BF071FA0420FFF7AD
:102E1000DBFF254C254D2646AE4204F1300410D38D
:102E200001F000F8204C224EAC4226D301F00EF8FF
:102E3000EEF708F91F4A137B23F00103137306B062
:102E400070BD54F80C3C059354F8103C049354F8AE
:102E5000143C039354F8183C029354F81C3C01931F
:102E600054F8203C009354E90A2354E90C0100F083
:102E7000D5FD54F8303C5E65CDE7D4E90A23B3F1C3
:102E8000FF3F08BFB2F1FF3F05D052EA03012068BF
:102E900003D101F097F83034C6E73146183001F01D
:102EA0001DFAF8E755F90120D80A0400D80A0400F1
:102EB00015DF030028410120D82370B5134E0122ED
:102EC00003FB0066002386B0CDE904230F220193A3
:102ED000CDE9023218234FF4A0720D4D0D4903FBCA
:102EE0000055044602FB00110B4B3046009500F0E4
:102EF00095FD737B2C7423F004037373074B01342B
:102F000003EBC423EE606B6006B070BD504001203F
:102F100098B2012020390220B3D9030020310220C9
:102F2000BFB50020FFF750FF2A4B03F5006282F384
:102F3000088883F30A88E023274C002584F8223090
:102F40002023E37725766576A57684F82050636A9A
:102F5000224F43F4E023636284F82350F2F7A6FF84
:102F6000F3F782F94FF0FF33A362E362F3F724FB38
:102F7000F3F7A2F9F0F77CFD194800F0BDFD012040
:102F8000FFF722FF0220174CFFF71EFF00F092FF11
:102F9000154B16499C61164B4FF480520593012343
:102FA0002046CDE90353CDE901553B46009500F09D
:102FB00035FD0646627B204622F0040262730AF069
:102FC00066FF2846FFF778FF3A4631462046F3F77A
:102FD0001DF900BF2031022000ED00E0F92D0300B3
:102FE000F84201202841012098B20120603A0220D5
:102FF000BF36040038B5064C064DAC4201D3002064
:1030000038BD2046D4E901120AF05CFC1434F4E720
:103010007C18002090180020002038B5054C064D83
:10302000AC4200D338BD20460AF071FC0028F9DB21
:103030001C34F5E7281800207C18002073B50C46D6
:10304000EFF31181402585F31288BFF36F8FC568B8
:103050005DB125602B68C360836901338361002003
:1030600081F31188BFF36F8F11E052EA030603D199
:103070006FF00B002560F3E7CDE90023024608302E
:1030800000F016FE18B9034B9B681B69236002B061
:1030900070BD00BF98B201202DE9F34104460E46F1
:1030A0009DF8200004F10808EFF31187402181F317
:1030B0001288BFF36F8F256AE1688D4247D2256879
:1030C000AC4218D0BDB128460AF07EFC05F11800CC
:1030D0000AF0DFFF3146A26828690CF0B6FD002334
:1030E0002846C5F88C300AF0D2FE4046394600F03A
:1030F00073FE002038E0A268D8B13146E0690CF0D8
:10310000A4FDE369A26813446269E361934201D1BB
:103110002369E361236A10210133236204F124004F
:103120000BF096F80028E0D187F31188BFF36F8F7A
:103130001AE0A1692369994208BF6369314608BF53
:10314000A361A069801AA0610CF07FFDE2E752EA5A
:1031500003010CD00749404689680E61CDE9002380
:103160003946224600F0A4FD02B0BDE8F0816FF0C0
:103170002200D9E798B20120F7B50446084604F1C9
:103180000807EFF31186402181F31288BFF36F8F98
:10319000216A00293AD0A268A1690CF056FDA36902
:1031A000A268256813446269A361934204BF23693E
:1031B000A361236AAC4203F1FF33236234D0284673
:1031C000002D32D00AF000FC05F118000AF061FF72
:1031D000A2682969E0690CF038FDE369A268284615
:1031E00013446269E361934204BF2369E361236A84
:1031F000013323620024C5F88C400AF048FE3846AB
:10320000314600F0E9FD204603B0F0BD52EA03016B
:1032100010D00A4989680861CDE900233146224669
:10322000384600F045FDEFE7002086F31188BFF334
:103230006F8FE9E76FF02200F7E700BF98B2012037
:103240002DE9F341044617461E46EFF3118840234B
:1032500083F31288BFF36F8FC368334A7BB18068F2
:103260009168884219D057EA060318D188F311886B
:10327000BFF36F8F6FF00F0002B0BDE8F08191686F
:1032800091F90E100133E36093682161A36088F324
:103290001188BFF36F8F0020EEE72169F2E791F903
:1032A0000E1090F90E306FF07E029942A8BF1946B9
:1032B0009142B8BF11468B422DDD0AF099FB0546BD
:1032C00022464146CDE90076184800F0F1FC00287E
:1032D000E1D0EFF31186402383F31288BFF36F8FA1
:1032E000A068D0B1236821699C420AD04BB193F900
:1032F0000E309942A8BF19466FF07E039942B8BFBD
:1033000019460AF075FB40B13146084800F064FDEB
:103310006FF00A00B0E70025D2E7002DF4D186F364
:103320001188BFF36F8FF3E798B2012056F901209F
:10333000F8B583680546002B40D0234A9268934233
:103340003FD1C368012B03D9013BC3600020F8BD06
:10335000EFF31187402383F31288BFF36F8F016966
:1033600080680AF045FB2C68AC4207D10023C5E910
:10337000023387F31188BFF36F8FE7E7002CF5D096
:10338000D4E90032002613605A60637BC4E900660A
:1033900023F002036373A66004F118000AF079FEBB
:1033A000AC6094F90E3020462B61C4F88C600AF0B2
:1033B0006EFD3946054800F00FFDC7E76FF01500B8
:1033C000C5E74FF0FF30C2E798B2012056F901205F
:1033D00037B51146EFF31185402282F31288BFF30F
:1033E0006F8F04689CB12368426823F00303944202
:1033F000036008BF4360012120460AF086FB0446B3
:1034000085F31188BFF36F8F204603B030BD51EABA
:103410000302F5D000F10802CDE900131046294659
:1034200000F046FC0028EFD1014B9B681C69EBE7DC
:1034300098B2012070B5EFF31186402383F3128810
:10344000BFF36F8F0468A0421BD0D4B1D4E900321F
:10345000002513605A60637BC4E9005523F0020322
:103460006373A56004F118000AF013FE2046C4F847
:103470008C500AF00CFD3146BDE87040094800F060
:10348000ABBCD0E902329A4218BF013302218360FB
:1034900010300AF0DDFE0028EDD186F31188BFF36D
:1034A0006F8F70BD56F9012013B5EFF311814024E1
:1034B00084F31288BFF36F8F846844B1013C846049
:1034C00081F31188BFF36F8F002002B010BD52EA64
:1034D000030406D181F31188BFF36F8F6FF00F00E3
:1034E000F3E7CDE900230246014800F0E1FBECE7F9
:1034F00056F901202DE9F8430546EFF311884023E2
:1035000083F31288BFF36F8F00266FF00A093746E6
:103510002C68A54216D0ACB1D4E9003213605A60D1
:10352000637BC4E9007723F002036373A76004F1AF
:1035300018000AF0AEFD2046C4F88C900AF0A7FCF3
:103540000126E5E700230221AB6005F110000AF037
:103550007FFE30B92EB988F31188BFF36F8FBDE8B5
:10356000F8834146BDE8F843014800F035BC00BF90
:1035700056F9012007B5074B4FF4805200930649D6
:103580004FF0FF33054800F06DF9002003B05DF8FF
:1035900004FB00BFF81D0400604A02200042012025
:1035A0002DE9FF41044640274E4EEFF3118887F383
:1035B0001288BFF36F8FD4F8DC50F5B9022104F103
:1035C000F4000AF0E3FA002868D004F1EC050022C8
:1035D000012128460AF001FD0028F8D100234FF010
:1035E000FF3202934FF0FF334146CDE900233E48BE
:1035F00004F1E40200F0B0FDD7E7D4F8E0202B6836
:103600009542C4F8DC3008BFC4F8E030D4F8F43098
:1036100043F00203C4F8F430EB6823F0040343F0F2
:103620000103EB606B6888F31188BFF36F8F284646
:103630009847EFF3118887F31288BFF36F8FEB6819
:10364000D80623F0010236D4EA60EB689A0716D553
:10365000306823F00203EB6088B10021036870B189
:103660004268954235D1036869BB72683360824213
:1036700000D17360002340F8083BFFF7DBFED4F86D
:10368000F43023F00203C4F8F43088F31188BFF358
:103690006F8FDB0589D400F015FC86E7D4F8F43091
:1036A000D9069BD5C4F8F40088F31188BFF36F8F57
:1036B00004B0BDE8F08123F01103EB6005F11000C8
:1036C000FFF7B8FEC1E70B607368834208BF716003
:1036D000D0E723B11A68014618461346BFE71A46D9
:1036E000F9E700BFBCB2012056F9012070B5C368EC
:1036F0000546C3F340069B070C460DD50122002169
:1037000004F108000AF032FA00232360054B6560DB
:103710005A681AB9C3E90044304670BD14605C6051
:10372000FAE700BFBCB20120F8B5C36804469A07A7
:103730000F46C3F340062ED45B071CD40B680BB9AD
:1037400083680B60E368DD0742BFA36802263B6025
:103750003D6858BF0126002D3CD0204B9A68D5F813
:10376000D8309A420AD0D5F8F430D807C3F3800293
:1037700014D46FF0120600233B6025E00AF042FBF0
:10378000D5F8F4300028F0D1D907C3F3C002F0D542
:1037900052B15B0708D46FF00F06ECE7002AFAD1AC
:1037A000C3F3C003002BF6D100232360D5F8E0302B
:1037B00063B9C5E9374428460AF003FAE36843F0E1
:1037C0000403E3603B68A3603046F8BD1C60C5F8A5
:1037D000E040F0E76FF01506CDE700BF98B201209A
:1037E000F8B5C368064603F00503002B0C4614BF6A
:1037F000012700271CD085680122002104F1100058
:103800000AF0B4F9204613490AF033FAE36843F0AA
:103810001003E360F3685B0712D5336823606BB96C
:10382000D5F8E03033B9C5E9374428460AF0C9F97C
:103830003846F8BD1C60C5F8E040F6E73460F4E7B0
:10384000D5F8DC302360D5F8E030C5F8DC40002B3B
:10385000EBD1F0E7A3DB0300014601480AF034BADC
:1038600000420120F0B50446002089B0C4E93700C9
:103870000E9D04F1E400C4E9390004F1EC00C4E950
:103880003B0055B32879002840F2011008BF012001
:10389000C4F8F40000204FF0FF364FF0FF37CDE9B9
:1038A0000330CDE90100CDE9066720460C4B0094BA
:1038B00000F0F6F855B1296811B120460AF0A8FACF
:1038C0006B791BB1237B43F001032373204600F087
:1038D00079FBC4F8D84009B0F0BD0120D8E700BF9B
:1038E000A135030037B501900846EFF3118440215C
:1038F00081F31288BFF36F8FC16811F01E0F16D1CC
:1039000053EA020508D101A9FFF70EFF84F31188DD
:10391000BFF36F8F03B030BD41F00801C160019962
:1039200010308161034900F0D9FC0120EEE700204E
:10393000ECE700BF37DC030001460148FFF7D2BFC8
:1039400000420120F7B50C4616461D460190EFF3E4
:103950001187402383F31288BFF36F8F08460AF064
:1039600021F955EA060309D1204601A9FFF7DCFE3B
:1039700087F31188BFF36F8F03B0F0BDE368324661
:1039800043F00803E360019B0449A36204F11000C3
:103990002B4600F0A3FC0120EAE700BF37DC030060
:1039A00001460148FFF7CEBF004201202DE9F0415A
:1039B0000546EFF31187402383F31288BFF36F8F1F
:1039C0000468A04222D00CB3002620460AF00DFA6B
:1039D00004F118000AF05DFBB0462046C4F88C8064
:1039E0000AF055FA2C680136A54208D03CB12046B1
:1039F0000AF0FBF904F118000AF04BFBEDE7394639
:103A0000054800F0E9F93046BDE8F08187F31188F8
:103A1000BFF36F8F0026F6E756F901202DE9F0433A
:103A2000984685B000F15803C0E91633109B002575
:103A300003730423073222F0070643730F9B01EB45
:103A400006090F4683734946C0E906558560C5736C
:103A50000446F1F7EBFF0E9B073020F00700E0670C
:103A6000C4E91D7602930D9BA9EB000901930C9B01
:103A70004A460093394643462046F2F783FB074BFC
:103A800065659B6884F870500BB1D3F88030484668
:103A9000C4F8803005B0BDE8F08300BF98B20120C3
:103AA000F0B5002587B00595109DDDE912760495E7
:103AB0000F9D044603950E9D02950D9D01950C9D4D
:103AC0000095FFF7ABFFB6F1FF3F08BFB7F1FF3F2F
:103AD00005D056EA070305D1204600F073FA2046C8
:103AE00007B0F0BD3A46334604F11800014900F032
:103AF000F5FBF4E715DF030040F201138381002397
:103B000010B50446C0E91D3300F0F0FD014B9C6088
:103B100010BD00BF98B201206FF00A01094A9368F6
:103B2000C3F88C100849C3F888004B6843F08053F1
:103B30004B60002383F31188BFF36F8F9368D3F832
:103B40008C00704798B2012000ED00E070B590F94C
:103B50000D20437B002A36DBD90634D11B4C63F0A1
:103B60007F032246437352F81C3F216A934207D1D8
:103B7000C0E900210860206211E09942F8D01B687A
:103B8000002BF5D090F90E5093F90E60B542F4D0A9
:103B9000AE42F2DD5968C0E9003108605860E5695D
:103BA000954200D005B9E568A3685A7BD20604D1D6
:103BB000DA897F2A01D9AA6932B1AB4202D02846FC
:103BC00000F00CFBA56170BDA361FCE798B2012079
:103BD00038B590F90D200146002A437B04DA03F042
:103BE0007F0343730AF019F90D4D2A4652F81C4F12
:103BF000AB68944200D004B9EC688B4207D05A7B82
:103C0000D20604D1DA897F2A01D9A2692AB1A34256
:103C100002D0204600F0E2FA2346AB6138BD00BF77
:103C200098B20120B3F1FF3F08BFB2F1FF3F03D0CC
:103C30000249183000F052BB704700BF15DF030087
:103C400038B5194CA168206A0B68814214BF1A4626
:103C5000002249680B605960A368216A2AB9134A97
:103C6000C3E900210B6023620CE093F90E0092F986
:103C70000E50A84214D0854212DD5168C3E90021DC
:103C80000B605360E569094B9D4200D005B9E568BA
:103C9000A3689D4202D0284600F0A0FAA56138BD75
:103CA0009142DCD01268D9E798B20120B4B2012069
:103CB000F8B5DDE906670D4B0C46986811460C4ACD
:103CC0001060EFF31182402282F31288BFF36F8FEE
:103CD0009D6828460AF0B3F8284632463B46FFF76F
:103CE000A1FF2046BDE8F840FFF716BF98B20120BB
:103CF000C4B20120F8B50446EFF31187402383F3E3
:103D00001288BFF36F8F437B49B203F01F02002A72
:103D10000CBF0126002639D103F07F032D4D4373DC
:103D20000AF07BF82A46437B817363F07F03437379
:103D300052F81C3F934227D1286AC4E9002004604E
:103D40002C620FE09842F8D01B68002BF5D093F955
:103D50000EC06145F6D08C45F4DD5968C4E90031E8
:103D60000C605C60EC69944200D004B9EC68AB680C
:103D70009C4202D0204600F031FAAC6187F31188F2
:103D8000BFF36F8F3046F8BD286ADEE79B071ED56C
:103D900085680AF042F881732B689D4209D16B68EF
:103DA000C4E900531C606C60E8E76A689342F6D08F
:103DB0001B68002BF3D093F90E209142F5D08A4274
:103DC000F3DD5A68C4E9003214605C60D6E78173A1
:103DD000D4E700BF98B2012049B9EFF3058030B9AC
:103DE000054B9A699B689A4201D0FFF795BE81F313
:103DF0001188BFF36F8F704798B20120034648B90E
:103E0000EFF3058232B9064A91699268914201D076
:103E1000FFF782BE83F31188BFF36F8F704700BF37
:103E200098B20120EFF31181402383F31288BFF38E
:103E30006F8F054B9A68D37B013BD37381F3118855
:103E4000BFF36F8F704700BF98B2012070B5EFF3DA
:103E50001186402383F31288BFF36F8F144DAB6834
:103E6000DA7B0132DA732A4652F81C4F944200D0B2
:103E700004B9EC685A7BD20604D1DA897F2A01D9C9
:103E8000A2692AB1A34202D0204600F0A7F9234636
:103E9000AB6186F31188BFF36F8FEFF3118040237E
:103EA00083F31288BFF36F8FBDE87040FFF7A6BFA2
:103EB00098B20120024B03F11C02C3E907227047AC
:103EC00098B2012070B5EFF31186402383F3128876
:103ED000BFF36F8F1B4CA168206A0B68814214BF2F
:103EE0001A46002249680B605960A368216A2AB902
:103EF000154AC3E900210B6023620CE093F90E0020
:103F000092F90E50A84218D0854216DD5168C3E9D7
:103F100000210B605360E5690B4B9D4200D005B951
:103F2000E568A3689D4202D0284600F057F9A561D4
:103F30003046BDE87040FFF7EFBD8A42D8D0126826
:103F4000D5E700BF98B20120B4B20120F8B550EA1D
:103F5000010306460C4603D1FFF7B4FF0020F8BD6D
:103F6000EFF31187402383F31288BFF36F8F124D55
:103F7000124BA8681860FFF72BFEA868234632464C
:103F80000F49183000F0AAF9AA680446537B384656
:103F900043F004035373FFF7BFFDAB68D3E90A2373
:103FA000B3F1004F08BF002AD8D10AF09AF8201ABE
:103FB00020EAE070D3E700BF98B20120C4B201202C
:103FC00015DF030038B50446EFF31185402383F372
:103FD0001288BFF36F8F437B5B070FD518300AF051
:103FE00058F8637B204623F004036373FFF7AEFDAC
:103FF0002946BDE838400448FFF7EEBE85F3118836
:10400000BFF36F8F38BD00BF56F90120014B986890
:10401000704700BF98B201202DE9F8430446077BA2
:10402000EFF31185402383F31288BFF36F8F437B37
:10403000190705D585F31188BFF36F8FBDE8F883A5
:10404000D90943F008025DD14273A36813B1204639
:1040500009F0EBFE04F118000AF01BF8A66D04F15C
:104060005808B04511D04FF0000976B1304609F03C
:10407000DCFE06F118000AF00CF83046C6F88C9009
:10408000FFF764FDA66DB045EFD1DFF8C880D8F822
:1040900008309C423ED1EFF30589B9F1000918BF01
:1040A0004FF00109D8F81C60284A964200D00EB99A
:1040B000D8F80C60B34202D0304600F08FF82046AA
:1040C000C8F8186005F0BEFFB9F1000F02D0204813
:1040D000FFF712FDD8F808309C4231D1EFF3058389
:1040E00073BB227BD20718D42846FFF715FDFB07C8
:1040F000A4D5002383F31188BFF36F8F04231846E0
:1041000002DF9BE703F07F0343F00803437309F0EA
:1041100084FE9AE74FF00009C4E785F31188BFF3E6
:104120006F8F83F31188BFF36F8F0423184602DF6C
:10413000EFF31180402383F31288BFF36F8FD4E72E
:1041400085F31188BFF36F8FD1E700BFB4B20120B0
:10415000F842012098B20120D3B5DDE90667089C3A
:10416000CDE90067FFF7A4FD1CB1034B9B681B69F9
:10417000236002B0D0BD00BF98B20120427B03464D
:1041800012F01F0210D10A4988420DD0094908686F
:1041900068B1D9897F2909D893F90E20064B1B688D
:1041A0009A42B8BF00207047002070471046704701
:1041B0005040012064170020C8B201200122044BA6
:1041C000C01A044BC0105843034B1A54704700BF29
:1041D000D0430120ABAAAAAA56F9012070B50D4B15
:1041E0000D4D1E7CFFF7CAFF06EB460305EBC3052A
:1041F0000446284609F04DFF0022084B9A553CB171
:10420000621E2846BDE870400549D31700F066B825
:1042100070BD00BF98B20120D043012056F90120A3
:10422000BD41030038B5EFF31185402383F31288B5
:10423000BFF36F8F0F4B104A9C681068A04206D1E5
:10424000FFF7CCFF85F31188BFF36F8F38BD0021D6
:104250001B7C1160094AD35C002BF3D02046FFF78A
:104260008DFF0028EED0637BDB0601D1FFF7E8FC71
:104270002046E5E798B20120C4B2012056F901209A
:10428000024B1868984208BF00207047681700204A
:10429000034B1B680BB9FCF79FBF0020704700BFA2
:1042A000CCB2012030B570B10B4B5B6898420AD09C
:1042B000036843B1D3E90421D0E90445121941EB65
:1042C0000501C3E90421D0E9003213605A600023DC
:1042D000C0E9003330BD00BF68170020B3F1FF3FD5
:1042E00008BFB2F1FF3F2DE9F84F04469946154645
:1042F0001F467AD08160EFF31188402383F3128840
:10430000BFF36F8FB9F1000FDFF8E8A020DBFFF7F4
:10431000BFFFDAE90027013549F100092D1849EB03
:10432000E07306464FF00109C4E90453AD1843EBAE
:104330000707FFF7A5FF0346DFF8BCE0DEF804A09F
:10434000EBB9C4E900EACAF80040CEF8044028E01E
:104350006FF00103DAE900125B1A4FF0FF3161EBF5
:1043600002025B1B62EB0902012B72F10001BCBF70
:10437000012300224FF00009C0E90432D9E7D3E954
:10438000041CD4E904208A4270EB0C0B24DA891A4D
:104390005A686CEB0000C3E90410C4E900321460F1
:1043A0005C60FFF76DFF84420ED1114B1B685BB957
:1043B000B9F1000F02D1FFF76BFF0646304609F056
:1043C00051FE0021FCF71CFF88F31188BFF36F8FAB
:1043D00028463946BDE8F88F521A60EB0C009A4522
:1043E000C4E90420ADD01B68AAE700252F46EFE7FB
:1043F000CCB20120E8430120681700202DE9F047E6
:10440000EFF31185402383F31288BFF36F8F254F9D
:104410004FF0000838604FF00009FFF731FF224EDF
:104420003B68D6E9001E4FEAE37C50B1D0E9044274
:10443000A3427CEB020A19DAE41A62EB0C02C0E92F
:10444000044200245B184EEB0C022046C6E9003201
:104450003C6009F007FE2146FCF7D2FE85F3118887
:10446000BFF36F8FBDE8F047FFF7DCBE61184EEB7E
:10447000E473C0E90489C6E90013FFF713FF85F36D
:104480001188BFF36F8F83689847EFF3118540233E
:1044900083F31288BFF36F8F3B681B1B3B60FFF7F2
:1044A000EFFEBDE7CCB20120E843012010B5EFF3E9
:1044B0001184402383F31288BFF36F8FFFF7E8FE68
:1044C0000346054AD2E90001181841EBE37184F371
:1044D0001188BFF36F8F10BDE8430120F8B5064681
:1044E000EFF31187402383F31288BFF36F8F0268C5
:1044F00022B187F31188BFF36F8FF8BDD0E90A545A
:10450000691C44F10003022973F1000334D3013D17
:1045100044F1FF34002CBCBF15462C4609F0E5FDE4
:10452000013041F10001401944EB0101012871F112
:1045300000014ADB09F0D9FD6FF00203013041F1BF
:104540000001401944EB010183426FF000438B41AD
:1045500040DB09F0CAFD6FF001024FF0FF3301307C
:1045600041F10001401944EB0104121A63EB04030A
:1045700030461A49FFF7B2FE336B01333363336AB7
:104580006BB187F31188BFF36F8F3046336A98475A
:10459000EFF31187402383F31288BFF36F8F334605
:1045A00053F8184F9C42A4D0002CA2D0204609F00A
:1045B0007DFC0023C4F88C3087F31188BFF36F8F24
:1045C0002046BDE8F84009F062BC6FF001024FF0F0
:1045D000FF33CDE700224FF00043C9E7DD4403007D
:1045E0002DE9F04105461C4690461F46EFF3118623
:1045F000402383F31288BFF36F8FB4F1FF3F08BFEE
:10460000B2F1FF3F05D186F31188BFF36F8FBDE88C
:10461000F081002C09DB012A74F10003BCBF0122E8
:10462000002412F1FF3844F1FF37284609F031FD2C
:10463000DDE90623C5E90A23002342462B63284609
:104640003B460249FFF74AFEDDE700BFDD440300B9
:1046500038B50346EFF31185402282F31288BFF389
:104660006F8FC160012181600068834206D185F3AC
:104670001188BFF36F8F0024204638BDD0E9003287
:1046800013605A600023C0E9003309F09EFD2946FB
:1046900004460248FFF7A0FBEEE700BF57F90120F0
:1046A0002DE9F04105460E46174609F0ABFB30B93F
:1046B000074B9B68D3F8804014B9BDE8F081054CE6
:1046C0003B46324629462046BDE8F04109F0DFBDB1
:1046D00098B201207C18002002460021014B0248BC
:1046E00009F0D5BDCF9103007C180020014BC0F824
:1046F000803070477C1800200146024A0020FFF7F6
:10470000CFBF00BFCF91030001680E4A034691421C
:1047100015D1C169A2F11022A2F1EF1291420ED17E
:104720008268012A0BD8C26812B101698A4206D098
:10473000586928B19B691B1A58425841704701209B
:10474000704700BF55AA00FF70B50D4B9E68A6B11B
:104750003046FFF7D9FF044678B9F3686BB935697D
:104760000DB9204670BD2846FFF7CEFF28B9EB688B
:10477000B34202D12E462D69F2E70124F1E700BFD2
:10478000D0B201202DE9F041444B454C05461B6851
:1047900020468846984718B100242046BDE8F0819D
:1047A000A4F1140754F8144CFB68DCB1BC68CCB11C
:1047B000002D66D0B8F1000F65D008FB05F6B6FBFA
:1047C000F5F5A84561D1311D5FD8B20711D026F0AB
:1047D000030204321C4603E06168914257D2A46987
:1047E000002CF9D12F4B2E481B6898470028D4D0B5
:1047F000D2E73246EEE7891A232904F120051CD8B6
:104800000123A360D4E90523AAB19361A3690BB185
:1048100062695A610023C4E905333B69DB0703D5AC
:10482000FFF792FF002835D13246002128462C465A
:104830000BF018FAD6E7FB60E8E702F1200C04EB76
:104840000C032039C3E90110DC60216916481961A5
:1048500044F80C00A0F11020A0F1EF10D86101B1D4
:10486000CB6061695961A069986141B18B619969B7
:1048700001B14B6101212361C4E90121CAE7FB6059
:10488000F5E72C46AEE74446ACE70446AAE7A06845
:104890000028B0D0012002F02BFF00BFA01700209D
:1048A000E4B201209C17002055AA00FF70B5464BCA
:1048B000464C05461B6820469847002840F08280F9
:1048C000002D43D054F8143CA4F11406002B3DD025
:1048D000B268002A3AD09D4203D3726813449D42C5
:1048E00002D3012002F004FFA5F120042046FFF7C7
:1048F0000BFF0028F5D155F8183C012BF1D155F8E4
:10490000143C45F8180C3BB39A682ABB55F81C2C8C
:1049100002F120015A680A445A6055E905321A61C9
:1049200055F8145C2B6903B1DD602022002120467C
:104930000BF098F9286910B18368002B2ED03369E9
:104940009B0703D5FFF700FF0028CAD1BDE87040E0
:104950001F4B1E481B68184755F8100C00282AD01A
:10496000836843BB42686368134420336360036910
:104970002361D4E905239AB9CBB94369636182699C
:10498000A261B3B19C61A36903B15C61236903B106
:10499000DC60202200210BF065F9D0E72C46E1E72E
:1049A0009361A369002BE8D062695A61E5E7F3607F
:1049B000F7E7F460E7E7F36845F8083C03B15C61AA
:1049C000F460BCE770BD00BFA0170020E4B2012076
:1049D0009C17002038B50C462822002105461548B2
:1049E0000BF040F9144B15481B68984714491548BB
:1049F00000F038F8232C1CD915F003031FBF043C2A
:104A0000E418C3F10403ED182246002128460BF0F8
:104A100029F9084B0C49C3E90054203C9D606C60A7
:104A20009A6811609A68A1F11021A1F1EF11D1618A
:104A3000DA6038BDD0B20120A4170020E4B2012012
:104A4000AD4803008547030055AA00FF014B1B68D2
:104A5000184700BF74170020014B1B68184700BFA0
:104A600070170020024B1860024B0020196070473D
:104A7000741700207017002010B50A46044619B1BB
:104A8000024B00211B68984710BD00BF781700201B
:104A9000F8B50D4E0D4C0E4D33680E4898476778AB
:104AA0002B680C48984733680B489847022F08D169
:104AB0002478E31F5C425C412B68074898472046F6
:104AC000F8BD0024F8E700BFA0170020F8B20120CD
:104AD0009C170020301900201C1900200E4B0340A9
:104AE000B3F1607F06D1B1F5885F14BF6FF0860027
:104AF00000207047B3F1707F0BD101F4E043B3F5B0
:104B0000005F06D111F4E06F0CBF6FF0860000204B
:104B100070476FF0860070470000C07F8A42F8B58A
:104B200006460D4600F0188101F0FE41B1F1C06F5C
:104B30006BD18D4C22F4875121F01F01A14222F04C
:104B4000FF0015D0894988422CD022F4FF7121F052
:104B50000101B1F1062F2CD004F5C064A04207D0AA
:104B600004F57454A14203D0A4F58444A1421DD19C
:104B7000D1B221BB8BB122F4FF7323F00103B3F157
:104B8000062F06D07A4922F4FF6323F007038B42F5
:104B900003D122F4807225F48075954214BF002061
:104BA0000120F8BDD1B251B9824208D0002BE9D121
:104BB000F3E7D1B219B9B2F1062F40F0D1806B4EB4
:104BC00025F4FF7121F00101B14225F0FF0411D05D
:104BD00006F58856B4420DD0664F25F47F7626F050
:104BE0000306BE4206D0644EB44203D006F57456A6
:104BF000B142BFD115F0FF01BCD0604E41F0007151
:104C0000B14204BF02462546B4E7B1F1A06F17D107
:104C100002F0FE43B3F1A06F40F08C8082EA0503FE
:104C200033F47E1340F086802E0440F18380C5F378
:104C30000540C2F3054290428CBF00200120B0E73E
:104C40004F4B9D4209D1A3F500439A4200F0848066
:104C50004C4B22F47E109842A0E7B1F1407F69D11D
:104C600002F0FE43B3F1407F64D182EA050030F4E4
:104C70007E145FD131462846FFF730FF00286DD102
:104C8000414B12F47C1103EA020318D0B3F1607FA8
:104C9000C2F305413DD13D48D3B243F00073834296
:104CA0003DD003F17E43043B112B01D83848C45C4E
:104CB00015F47C1FC5F3054333D18C426EE7B3F185
:104CC000607F0DD13148D3B243F0007383421ED0D0
:104CD00003F17E43043B112BDDD82E49C95CDAE792
:104CE000B3F1707F19D106F4E043B3F5005F03D14F
:104CF0000121C6F30223994006F4E043B3F5005FB7
:104D0000D6D10120C6F3022600FA06F4D0E710211E
:104D1000C1E7B3F1707FCBD1EEE70024C8E71024E0
:104D2000C6E712F47C1F01D1A34215D02C0401D593
:104D30008B4281E725F0004323F47F03B3F1106F2A
:104D40000CD102F0FE43B3F1106F07D112481040AE
:104D500040F01060A84221E7012022E7002020E770
:104D6000002B7FF416AF18E70003000600020006D0
:104D7000004000060004000600090006FF000002D3
:104D80000093C004000140050000C07F0300000242
:104D9000C77B0400C77B04000000FFF62DE9F04745
:104DA000884692461C4600F023FC064600283CD16B
:104DB000D8F80070B7F8009009F4E043B3F5804FDD
:104DC000BB6808BF2AF0010A3AEA030325D164B39D
:104DD000BAF5006F2CD0AAF50052D2F1000A4AEBC6
:104DE000020A2A4B24F0FF029A4224D114F0FF0554
:104DF00004D0274B45F000759D423BD053462246D8
:104E00004846F968FFF78AFE054670B953462246C0
:104E100048463969FFF782FEA8BB6FF0840600237D
:104E20003846C8F8003000F0A9FC3046BDE8F087ED
:104E30004FF0010AD5E7174B9A42D7D0A3F5885314
:104E40009A42D3D024F4FF7323F00103B3F1062F69
:104E5000CCD011498A42C9D0104A9342C6D0A2F59B
:104E600084429342C2D004F0FE43B3F1407F04D1A8
:104E70002304C3D56FF08606D1E7B3F1A06FF7D056
:104E8000034B9C42B9E72E46CFE700BF0003000664
:104E9000FF0000020013000600090006004600069D
:104EA00070B5114B05461B6810480E4698470446DE
:104EB00018B16FF08F04204670BD6B6933602B7F93
:104EC000012B04BF02232B77094B18BF30601B68EE
:104ED000064818BF6FF0960498470028EBD0002CC6
:104EE000E7D06FF09604E6E7A0170020081900202D
:104EF0009C17002038B500F0FE43B3F1407F044614
:104F00000D4602D06FF0860038BDFFF7E7FD0028A0
:104F1000FAD114F47C1F12D0C4F30543032B137091
:104F200022D9284A2240B2F1607F3DD1264AE4B21C
:104F300044F0007494422BD1102BE5D9E2E7214BC9
:104F40002340B3F1607F15D11F49E3B243F00073F2
:104F50008B4202D110231370D6E703F17E43043B4A
:104F6000112B04D9002313706FF08500CCE717498B
:104F7000CB5CD3E7B3F1707FF4D101F4E043B3F538
:104F8000005FEFD10123C1F302218B40DBB2C5E703
:104F900004F17E44043C112CB4D80D4A125D9342B6
:104FA000B0D8142BB0D9DFE7B2F1707FAAD105F4E5
:104FB000E042B2F5005FA5D10122C5F30225AA4067
:104FC000EDE700BF0000C07F03000002C77B0400C4
:104FD000C77B040000232DE9F34113604768D0F834
:104FE000148004460E463846114609F0DBFC05469F
:104FF00088B9384609F0D8FC054660B9FFB277B9E0
:10500000B8F1000F05D1A36823F0031323F47F4305
:1050100063B16FF08605284602B0BDE8F08101213A
:10502000606909F099FC0028EDD1F2E74FF6F873BA
:1050300062889A4227D8154B15481B6827799847EC
:1050400010B16FF08F05E6E707B901A8314600F00F
:105050008DFA104B05461B680D48984710B1002D7E
:10506000D9D1EEE7002DD6D10FCCD6F800C06646D8
:105070000FC694E8070086E80700002FCBD1019BFC
:10508000CCF81430C7E76FF08505C4E7A0170020FF
:10509000081900209C17002010B5044660B1074B8A
:1050A00007481B689847204609F04EFABDE81040B3
:1050B000044B03481B68184710BD00BFA017002011
:1050C000081900209C17002037B50446C0B101A97B
:1050D00000F08EFA044698B91F4B20481B68984789
:1050E0001F4D38BB0198037F032B11D109F045FCFC
:1050F0002B6804461948984728B10CB96FF08F0403
:10510000204603B030BD002C08BF6FF08704F7E7DE
:10511000022B1BD1032303770379FF2B19D043699B
:10512000104A03F14043A3F58053934202D800F0A4
:10513000DBFC0446019809F020FC2B68002818BF0E
:105140000446064898470028DAD0D6E76FF0960460
:10515000F0E76FF08404EDE7A017002008190020A5
:105160009C170020FFDFFF3F2DE9F04116461F4648
:10517000002288B0038805468846CDE904220796B8
:105180003A60002E62D0B6F1005F80F09E8023F07E
:10519000FF03B3F5E24F02D0B3F5824F22D1284688
:1051A00009F0B3F80446002840F08380EB686BB147
:1051B0006A885AB12B8803F44F41B1F5824F05D16B
:1051C000DBB2222B37D02DD8122B39D04246002308
:1051D00008EB060112F8010B914243EA0003F9D1F2
:1051E000002B33D0284605AA04A9FFF7F3FE044696
:1051F000A0B9049B9B6A63B3049B41465A88284626
:10520000069206AA029203F1280201929A6A00927B
:105210005B6A324600F02CFB044678B30498FFF733
:105220003BFF46E0273BDBB21B2BCFD8284921FAB6
:1052300003F3DB07CAD50732B6EBD20FC6D205E0BF
:1052400040F209239A42F6D1402EBFD86FF086046F
:105250002FE06B681B0A07D10799049809F034F90D
:1052600004460028C8D0D9E732464146284607AB55
:1052700000F0A2FA04460028EED0CFE70499069B7E
:105280004A88D2B94B804FF6F873069A04989A422E
:1052900018D82B8813B102889A4210D16B8813B1A9
:1052A00042889A420BD13946FFF7FAFD044600289E
:1052B000B4D1204608B0BDE8F0819A42E3D06FF047
:1052C0008604ABE76FF08504A8E76FF08504F0E78C
:1052D0000102000C38B504460D46FFF7D9FB30B18A
:1052E0002A462146BDE83840024809F089BB6FF0E4
:1052F000880038BDFCB2012070B51D4E1D4C3368CE
:105300001D4898472378590744BF23F004032370AE
:1053100023789A0705D500F00FF9237823F00203CC
:105320002370164D14482B689847336814489847E3
:10533000637813B1134809F066FB00230421114878
:105340006370FFF799FB2B680D48984733680A484C
:1053500098472378DB0705D509F02FFB237823F046
:10536000010323702B680448BDE87040184700BF54
:10537000A0170020F8B201201C1900209C17002063
:1053800030190020FCB201202DE9F041FFF780FB2D
:1053900018B100242046BDE8F081364F36483B68FE
:1053A0009847044620B16FF08F04FFF7A5FFF1E79F
:1053B000324D2B78D80706D409F0FDFA04462B7835
:1053C00043F001032B702E4E2B483368984710B1E1
:1053D000002CE8D0E9E7002CE7D13B682648984745
:1053E00004460028DFD12B78990706D400F09CF8FA
:1053F00004462B7843F002032B7033681E4898470D
:105400000028E5D1002CD0D13B681B4898470028E4
:10541000C9D13368184895F8008098470028C2D150
:105420003B681848984704460028BCD16B7843B9BC
:1054300018F0010F05D0144809F0DFFA02230446E2
:105440006B7033680F4898470028C1D1002CACD14D
:105450003B68094898470028A5D12B7806485A0789
:105460005CBF43F004032B7033689847002890D04A
:1054700099E700BFA01700201C190020F8B20120F6
:105480009C17002030190020FCB2012038B5074CD1
:10549000074B20461B689847064B204693F88055DB
:1054A000054B1B689847284638BD00BF1C190020D3
:1054B000A017002000B301209C17002000F14043FA
:1054C0001F2B70B505460E460CD82C22154C02FB3E
:1054D0000344237F022B02D16369834218D06FF00B
:1054E0008B001AE0012109F037FAB8B10D4B002208
:1054F0001C46197F022902D15969A94205D00132FF
:10550000202A03F12C03F4D1E9E72C2303FB024406
:10551000204609F014FA00B9346070BD6FF08700BE
:10552000FBE700BF00B301200122024B002083F8FB
:105530008025704700B301202DE9F0410A4C002579
:1055400026464FF0010803272046C4F8208027771D
:10555000013508F0F9FF202D04F12C04F4D10023CB
:1055600086F88035BDE8F08100B30120F8B5064625
:105570000F46FFF78BFF80B300241B4B22461D46CE
:10558000197FD1B13CB9022905D1196A19B9197924
:10559000002918BF1C460132202A03F12C03EFD149
:1055A00014B96FF08C0006E0204609F0C8F92046D7
:1055B00008F0CAFF10B100240DE01C46237F7BB920
:1055C0000123237736B1094B651BAD105D4305F10F
:1055D0008045356000203C60F8BD6FF08800EAE748
:1055E0006FF09600E7E700BF00B30120A38B2EBA4F
:1055F00000232DE9F0410B6090B005460E46FFF701
:1056000045FF002800F0AF80584B59481B68984769
:10561000804668B931462846FFF750FF10F18C0FDD
:105620000446544F0AD03B685148984710B10CB912
:105630006FF08F04204610B0BDE8F081314640463F
:10564000FFF794FF044618B13B6849489847F1E7D3
:105650000122336801465D61336809A85A601C2243
:1056600035680AF0FFFA002200236869CDE90623B5
:10567000414A00F14043A3F580539342CDE90444ED
:10568000039405D9284608F05FFF6FF0870420E0F7
:1056900006AA03A909F0BAF90446002837D1039BEA
:1056A0006A690A93DBB2002B08BF00220346CDE9EA
:1056B0000000DDE906010E9209AA00F067F910F179
:1056C0008A0F044608D030680CBB08F03DFF6FF02D
:1056D000960400233360A6E704A909A800F086F821
:1056E0000446A0B92846049908F0EEFE044670B9B5
:1056F000DDE9060105AB0193AB6A09AA00936B6A69
:1057000000F044F9044648B1284608F012FF30681A
:1057100008F01AFF14F18C0FDBD1B6E7059B09AC3A
:10572000AB620FCC0FC594E8070085E8070033682B
:105730009A68D00413D49A68910444BF42F400627A
:105740009A6033681A7F012A04BF02221A773068F0
:1057500009F0F5F8044600283FF465AFB9E742F4D4
:1057600080629A60E7E76FF0880463E7A017002083
:10577000081900209C170020FFDFFF3F10B50B4BDE
:1057800004461B680A48984718B16FF08F042046FA
:1057900010BD204609F0F1F8064B04461B6804488A
:1057A00098470028F3D0002CF1D1EEE7A017002095
:1057B000081900209C170020194610B400244368E3
:1057C0000C60084C1A0AB4EB132F02D0064B9A4215
:1057D00003D15DF8044B00F017BB6FF086005DF855
:1057E000044B7047004E80004B4E800010B40024E4
:1057F00043680C60084C1A0AB4EB132F02D0074B15
:105800009A4203D15DF8044B00F0FEBA6FF08600B7
:105810005DF8044B704700BF004E80004B4E800087
:105820002DE9F041456804462D0A0E461746984674
:1058300006D00E4CA54214D06FF08600BDE8F08172
:1058400005886D0407D443463A4631462046BDE8F4
:10585000F04108F0E7BF00F053FD10F1860FEDD1E5
:10586000F1E7BDE8F04100F04BBD00BF4B4E8000BA
:105870002DE9F04FDFF880B0D0F804E085B0BBEB45
:105880001E2F0446DDE90E890D4616461F46DDF83B
:1058900040A04FEA1E2C1CD0DFF860E0F44518D081
:1058A000BCF1000F22D1CDE9019ACDF8008000F0C3
:1058B000C5FC10F1860F1BD13B46324629462046D7
:1058C000CDE90F9ACDF8388005B0BDE8F04F08F06B
:1058D0000EBE3B46324629462046CDE90F9ACDF80A
:1058E000388005B0BDE8F04F00F0A8BC6FF086002E
:1058F00005B0BDE8F08F00BF004E80004B4E800029
:1059000030B44468240A06D0064DAC4206D030BC00
:105910006FF08600704730BC08F033BE30BC00F03A
:1059200057BD00BF4B4E80002DE9F7430D46DDE922
:105930000A891646134942681F46B1EB122F0446E6
:105940004FEA12230ED0104A934200D0ABB93B4627
:10595000324629462046CDE9008909F027FA10F1A0
:10596000860F0CD13B46324629462046CDE90A89AE
:1059700003B0BDE8F04309F019BA6FF0860003B038
:10598000BDE8F083004E80004B4E8000F0B4DFF89D
:1059900030C05468DDE90456BCEB142F4FEA1427DD
:1059A00002D0064CA74204D1CDE90456F0BC00F069
:1059B000FDBC6FF08B00F0BC704700BF4B4E800009
:1059C000004E80002DE9F043DFF84890DDB24468D6
:1059D00045F000754D45DDF82C804FEA1424DDE9D3
:1059E0000767DDE909CE0CD014B1094DAC420CD1EA
:1059F000CDE90AE8CDE9087C0796BDE8F04309F057
:105A000018B96FF08500BDE8F0836FF08600FAE703
:105A10004B4E800005000002F7B5089E0E4FF5B210
:105A2000044645F000754868BD424FEA10200DD08D
:105A300010B10A4DA8420CD1009604F1080009F0FB
:105A4000EDF808B90523236003B0F0BD6FF08500C1
:105A5000FAE76FF08600F7E7050000024B4E800082
:105A6000F7B5089E0E4FF5B2044645F0007548683C
:105A7000BD424FEA10200DD010B10A4DA8420CD102
:105A8000009604F1080009F0CBF808B9052323605B
:105A900003B0F0BD6FF08500FAE76FF08600F7E71E
:105AA000050000024B4E80002DE9F04144681D4680
:105AB000DDE9087CDDE90636240ADDF828E003D0BC
:105AC000DFF82080444508D1CDE909E5CDE9077C20
:105AD0000696BDE8F04100F0EDBF6FF08600BDE82E
:105AE000F08100BF4B4E80004268044BB3EB122F95
:105AF00001D109F087B96FF0850070474B4E8000E7
:105B000010B50C4C20680AF012F80B4A1368591CA7
:105B100011604BB9094A4820D2F8003443F007031A
:105B2000C2F80034F0F7BEFA2068BDE810400AF071
:105B300004B800BF8017002084B801200080045002
:105B400038B5164D286809F0F2FF154B1C68013C6A
:105B50001C60ECB94820F0F7B3FA0722114BC3F8E8
:105B60000823D3F8002422F00702C3F80024C3F866
:105B70000041D3F80021C3F80441D3F804214FF4C5
:105B80008072C3F80841D3F80831074BC3F8882165
:105B90002868BDE8384009F0D0BF00BF801700205A
:105BA00084B801200080045000E100E070B5154D7C
:105BB000154E2B68B34222D0FFF7A2FF01F0F0F997
:105BC000124A134B134952F8040B43F8040B8B424F
:105BD000F9D101F035FA38B108F01AFF0446FFF7A1
:105BE000AFFF3CB92E6005E000F01CFE044618B182
:105BF000FFF7A6FF204670BD09F0ADF9EEE70024DF
:105C0000F8E700BF7C17002011736500041E040034
:105C100000C080511CD38051F8B505460E46184689
:105C20001C2117461C4608F0B9FF6B6821491A0A67
:105C3000B1EB132F1BD1204A337822611F4A13F096
:105C40000303E26066610CD0023303F00303012B0F
:105C500026D86B880733DB086360194B236000206C
:105C6000F8BD6B880733DB086360164BF6E7164B0D
:105C70009A4212D16A69154B1344022B13D900239F
:105C8000224642F8183FC4E9033362616A69104B47
:105C90009A4201D12023E7E747B1C4E90067DEE774
:105CA0006FF08400DCE76FF08500D9E76FF09600B5
:105CB000D6E700BF4B4E8000BD6403001FEF03001A
:105CC0000000002040008151004E8000FF3F008016
:105CD00004C0FF7F0022074BC3F81021C3F80C213A
:105CE000C3F80021C3F80421C3F80821C3F8142124
:105CF000704700BF0050045008B5FFF7EBFF0123C9
:105D00000360104B0A6832B9D3F80C211AB9D3F8E2
:105D10000821002AF6D00B687BB90B4B99420ED0B4
:105D2000A3F58473D3F80831002B0CBF4FF0FF307C
:105D30006FF00200FFF7CEFF08BD0020FAE74FF03A
:105D4000FF30F7E7005004500851045038B50546BD
:105D50000C4691B10021012007F070FD0848094967
:105D6000C0F80055C0F80445FFF7C6FF00210446FF
:105D7000084607F063FD204638BD6FF00104FAE7DE
:105D80000050045000510450034B0449C3F800056F
:105D90000348FFF7B1BF00BF005004500451045046
:105DA0000450045010B504460021012007F046FDC0
:105DB000064B0749C3F800450648FFF79DFF002141
:105DC0000446084607F03AFD204610BD0050045036
:105DD000085104500850045038B50C4659B1074DCD
:105DE0000749C5F800050748FFF786FF10B9D5F841
:105DF0000835236038BD6FF00100FBE70050045008
:105E0000105104500C50045070B51C4E4468028868
:105E1000B6EB142F43884FEA142513D14069184B71
:105E200098420BD003F5FF437D330344012B02D886
:105E3000B2F5105F20D06FF0860016E047F2121323
:105E40009A42F7E70F488542F5D102F44F40B0F58A
:105E5000824F0BD144F21210073382424FEAD30330
:105E600001D15B00013300200B6070BDB2F5885F8B
:105E700002D10733DB08F6E70223F4E7004E800087
:105E800001C0FF7F4B4E80002DE9F0478046002483
:105E90004FF010091E4E94B00DF1270525F01F0597
:105EA00006F1200A012210211A4808F01CFE2B19C5
:105EB00000935246102320211548CDF8049000F09D
:105EC00053FE0746F8B9D6E90C321034013342F1DB
:105ED0000002302CC6E90C32E4D1B8F1000F04D036
:105EE00022464146284608F0F1FD2E46084C0FCECA
:105EF0000FC496E80F00203584E80F0095E80F00E6
:105F0000103484E80F00384614B0BDE8F08700BFB5
:105F1000F043012010440120F0B5194D194FAB6B2F
:105F20008DB0BB4229D0184E306809F000FE4023E6
:105F300000221946284608F026FE3021684608F05F
:105F400043FE044678B96846FFF79EFF044690B9C1
:105F5000302302461946684608F015FE0122002348
:105F6000C5E90C23AF63306809F0E7FD204608F06F
:105F70004FFD0DB0F0BD0E24F5E70020F9E700BF9E
:105F8000F0430120B4A5B4A5841700202DE9F04FFB
:105F900099B00DF1570802F10F0982460E461446DA
:105FA00028F01F084FEA191922B1002967D0B2F56D
:105FB000803F64D8334F344D386809F0B8FDD5E9D7
:105FC0000C3213430BD15046FFF7A6FF834630B186
:105FD000386809F0B2FD584619B0BDE8F08FD5E930
:105FE0000C2319EB020243F10003B3F5803F14D3F5
:105FF000302102A808F0E8FDB8B902A8FFF744FF75
:1060000083460028E4D130230246194602A808F04E
:10601000BAFD00220023C5E90C23DFF870A03CB9CB
:106020002046FFF731FF8346D2E76FF0920BCFE7B0
:10603000102C4FF001024FF010015046A14628BF2E
:106040004FF0100908F04FFD102352462021CDE9F2
:1060500000830D4800F088FD83460028B8D14A46E9
:106060003046414609F0F1FDD5E90C32013342F1E9
:106070000002C5E90C32A4EB09044E44CFE76FF0EF
:10608000860BA8E784170020F0430120104401206C
:10609000F0B40568049C8DBB14F47C1604600AD02F
:1060A000C4F30546194D24F47E14AC42466029D150
:1060B000F0BC00F07FB8164D2540B5F1607F0DD1E2
:1060C000144FE5B245F00075BD4215D005F17E458F
:1060D000043D112DE6D8104E765DE3E7B5F1707FF3
:1060E000E0D10D8805F4E047B7F5005FDAD101266D
:1060F000C5F30225AE40D5E71026D3E76FF0880040
:10610000F0BC70476FF08500FAE700BF0002C003E3
:106110000000C07F03000002E07B040010B40468AC
:106120004CB16AB1094B24F47E149C420AD15DF84B
:10613000044B08F0A8BD6FF088005DF8044B704771
:106140001046FAE76FF08500F7E700BF0002C003D2
:10615000F8B51E46036805460F4603B311B3416800
:10616000914222D8124A23F47E13934211D108F0AF
:10617000F3FD044678B905F10C0138466A6809F068
:1061800064FD6B684FF4AA712846336008F006FD81
:1061900003E06FF09604002333602046F8BD6FF0F3
:1061A0008804FAE76FF08604F7E76FF08904F4E7F4
:1061B0000002C0032DE9F0410E46114632881D460B
:1061C000B2F5105F0446736830D10F2D0AD8194814
:1061D0001A0AB0EB132F07D0174B9A4204D06FF076
:1061E000860220E0202DFAD804F59A772A46384610
:1061F00004F58C7809F029FD2A4643463946304695
:10620000FFF70AFD024670B9414604F1200000F094
:1062100007FD024618B1BDE8F04108F0F9BB1023B4
:10622000A360012323771046BDE8F0816FF085025B
:10623000F9E700BF4B4E8000004E80004FF0000C8D
:106240002DE9F04F8DB0DDF860900588DDE9166A24
:10625000C9F800C004460F4690460393CAF800C030
:10626000002E44D0D0F804C0DFF890B04FEA1C2EC6
:10627000BBEB1C2F26D104A94569FFF7C5FD0146DC
:10628000C8B9049B9E421AD35FFA85FB5946434620
:106290003A46204600F06CF9014660B95846CDE90F
:1062A000006A039B05AA00F01DFB014618B9BDF862
:1062B0001630C9F8003008460DB0BDE8F08F6FF019
:1062C0008901F8E7BEF1000F14D125F0FF04B4F501
:1062D000E24F04D10DB0BDE8F04F09F073B9B4F549
:1062E000824F07D10DB0BDE8F04F09F092B96FF0C1
:1062F0008601E0E76FF08501DDE700BF4B4E8000CF
:106300002DE9F043DFF8A090D0F804C00546B9EBC2
:106310001C2F0F4616469846048893B04FEA1C2E51
:106320002DD142880732B2F5C47F4FEAD20937D265
:1063300024F0FF02B2F5E24F11D14A4606A909F056
:10634000D5F848B905ABCDE901834A463B46284616
:10635000009606A9FFF772FF13B0BDE8F083B4F50D
:10636000105F06D0B4F5885F03D042F204039C426C
:1063700016D14A4606A90020FFF708FEE1E7BEF164
:10638000000F0DD14AB124F0FF04B4F5E24F07D15C
:1063900013B0BDE8F04309F0A9B86FF08600DBE761
:1063A0006FF08500D8E700BF4B4E800030B4074C3B
:1063B000041961F10005032C75F1000502D330BC0E
:1063C00000F090BA6FF0850030BC7047FF3F00804E
:1063D0002DE9F84304881E4604F44F43B3F5824F79
:1063E0009046DDE908270D460CD0B4F5885F0ED144
:1063F00042462946304609F028FC0020C7F80080B4
:10640000BDE8F883E4B2422CF2D0122CEFE74388C7
:106410000733B2EBD30F4FEAD30921D3DFF84C8017
:10642000D8F8000009F083FB284608F078FD044600
:1064300030B94A4630460C4909F007FCC7F80090CD
:10644000284600F03BF80546D8F8000009F075FB37
:10645000002D14BF28462046BDE8F84308F0D8BAFE
:106460006FF08900CCE700BF0000002088170020F3
:106470006029F8B505460E4618D80E4F386809F061
:1064800056FB284608F04BFD08F0C2FA044640B916
:1064900009493246284609F0D8FB6021064808F031
:1064A0007DFB386809F049FB2046F8BD6FF0890490
:1064B000FAE700BF881700200000002008B5037825
:1064C0009B0705D00548602108F068FB002008BD47
:1064D00008F041FD0028F5D00220F8E70000002078
:1064E000F7B5224943680446B1EB132FDAB239D12C
:1064F000032A03D16FF0840003B0F0BD466901A9FF
:10650000F5B2284608F0B5FC0028F5D16A462146C8
:10651000019808F083FC0028EED10446009FA742B2
:1065200019D89DF8043007F0070223F01F0343EA4F
:10653000820301A88DF804308DF80560FFF7BEFFD7
:106540003946284608F0B0FC0028D5D103B0BDE894
:10655000F04008F0C1BC6019FFF716FC0028C9D153
:106560000134DBE76FF08B00C6E700BF4B4E8000C5
:106570002DE9F04F89B007460C4615461E4608F037
:10658000ABFC78B97B690090C3F3013262F305106C
:106590008DF8000010F0300007D1B96889070FD0DE
:1065A0006FF0860009B0BDE8F08F102808D1BDF863
:1065B000023023F4F87343F4A873ADF8023081E09D
:1065C000F968DFF850C261450AD0DFF84CC2614576
:1065D00012D0DFF848C2614550D12421009B01E070
:1065E0001421009B61F3933300933B88B3F5105F54
:1065F00013D06FF08500D5E7BB685B04F9D53B8805
:1066000003F44F41B1F5824FF3D1DBB2122BF0D13D
:106610003821009B61F39333009300234FF0010B6B
:10662000984619469C46D7F808E0DFF8F49159F8E7
:1066300004AB1EEA0A0F08D00BFA0CF343EA080376
:1066400003F07F08012341EA0A010CF1010CBCF1BF
:10665000070FECD12BB19DF8033068F347038DF899
:1066600003303EEA0101C4D17B88FF2B11D008D84A
:10667000802B3BD0C02BBCD102230BE0DBB2F82B2C
:10668000B6E7B3F5807F33D0B3F5C07FB1D1062331
:1066900000E003239DF8021063F306118DF8021049
:1066A00018B91EF0030F7FF47BAF3B79022B2CD07F
:1066B00020D8012B7FF474AFBDF8021063F3C8112A
:1066C000ADF80210012A39D0032A23D0002A7FF422
:1066D00067AF3B88B3F5105F8BD1182E04D0202E06
:1066E00002D0102E7FF45CAF474F2BE00123D1E79F
:1066F0000423CFE7032B02D0FF2B7FF451AF0221FD
:10670000BDF8023061F3C81357E7BDF8023043F417
:10671000C07352E7412E0ED0202E05D006D8102E81
:1067200002D0182E7FF43CAF384F0BE0302EFBD058
:10673000612E7FF435AF0135013EF5E7302E7FF451
:106740002FAF334F4FF000080F364FEA1619C145EF
:1067500015D11F2E1CD81C22002101A809F082FA95
:106760004FF0000A4FF0FF39D04518D11F2E04D941
:10677000BA20FFF717FB002835D1002012E704EB01
:10678000080008F017FA00283AD008F10108DEE7FF
:106790004146204608F088FB0028DCD002E707EBE2
:1067A0000A124FEA0A130692BAF1000F1ED1009A9C
:1067B0000792BDF802202B44C2F3C11205920DF1DD
:1067C000040C03F1100E624618685968083303C2BE
:1067D00073459446F7D101A904EB0A00FFF7B6FA16
:1067E00038B108F079FB6FF09200DBE6CDF81C9031
:1067F000DFE71C2101A808F0D1F90AF1010AB3E78B
:106800006FF08A00CEE600BF4000815100000020FA
:106810001084045000444004000002090002C00338
:106820002031040010B590B01C22002101A809F00D
:1068300019FAF82008F0BEF908B3202200200DEB69
:106840000201FFF7A3FB0446F8B901A84FF48071D9
:1068500008F0DAFA0E4B0F4904930F4BCDE9011300
:106860000E4BF821069320230DEB0302FFF780FE69
:10687000202104460DEB010008F090F905E0F92015
:1068800008F098F90028D8D10446204610B010BD71
:106890000010C00400240001014B4E80F800FF7F6F
:1068A00073B5C5B20E46284601A9144608F0E1FAB0
:1068B00088B9BDF80630C3F3C113013BDBB2022B2C
:1068C0008FBF6FF08600054AD25C054B9EBF134315
:1068D0003360C4E9005002B070BD00BFF27B040019
:1068E000004B4E802DE9F04385B0884601A906464D
:1068F00014461D460C9F08F0BCFA48B9B6F1F803DF
:1069000048F1FF38022B78F1000804D26FF08600BE
:1069100005B0BDE8F08308F0DFFA0028F8D1002CBC
:10692000F4D09DF8048018F00F0240F0A280BDF86A
:106930000630C3F3C113013BDBB2022B00F29C8093
:10694000554908F03008C95C544BB8F1100F43EAC0
:106950000103636038D1524B2360204602A9FFF740
:1069600053FA0028D4D1029BBB4200F2918044F23A
:10697000121221880198914204BF042205F8012BCC
:106980000D9A214613609DF804302A78C3F3011351
:1069900063F301022A7003AA08BF07F1FF3708F06A
:1069A0003DFA0028B4D12B78039A6E7062F3840309
:1069B0002B70238803F44F42B2F5824F54D13946ED
:1069C0002846FFF755FDA3E7134691469DF80710AB
:1069D00034484908E9B94946204608F015FA019BB0
:1069E000C3F38533242B1FD0382B21D0142B49D14E
:1069F0004FF410522C4BE3609DF806302280C3F315
:106A00000213013B052B40D8DFE803F02C162426A7
:106A10003F29CA0705D5062B31D850F8232049EA6B
:106A2000020949080133D5E74FF410521F4BE2E742
:106A300047F212121E4BDEE7C0236380B8F1000F4D
:106A40008BD1B2F5105F02D119F0030F85D06FF032
:106A500096005DE7FF23F0E74FF48073EDE74FF416
:106A6000C073EAE78023E8E7B3F5885F7FF450AFAF
:106A7000A5E76FF088004BE76FF0910048E76FF0F3
:106A8000830045E76FF0920042E76FF098003FE720
:106A90006FF089003CE700BFF27B0400004B4E80A2
:106AA0000110800120310400004440040002C003B2
:106AB000000002092DE9F04700240588274E86B022
:106AC00091469846DDE911A305F44F421E4023F09C
:106AD0000043B2F5824F23F47F0318BF2546B3F17C
:106AE000106F0F461E4B418846F01066CAF80040F2
:106AF0000CD19E420CD1038823F0FF03B3F5E24F83
:106B00000CD06FF0860006B0BDE8F0879E4202D040
:106B1000144B9E42F5D16FF08500F4E7EDB22846A4
:106B200005AA00F067FBB8B9059B5C684C45E8D145
:106B3000284600F09FFB0028EDD0109B22460293D0
:106B40000F9B394601930E9B05980093CDF80CA03E
:106B5000434600F0B3FCD6E72046D4E70000FFF63A
:106B600000000209000001092DE9F3411D464FF420
:106B70008073284C8046002017460E46019300F093
:106B800099F901AB23601123234A0121C4E90223AF
:106B900004F11003636040F61103E36104F1200384
:106BA00063612123089AE3621C4B46F000561A6089
:106BB000099A45F0005542F00052C3E90112202223
:106BC000C4F81080A6612762A5626162DA60BFF333
:106BD0005F8F4FF0A3421460BFF35F8FBFF35F8FEF
:106BE0001361BFF35F8FBFF35F8F03235363BFF363
:106BF0005F8FBFF35F8F9363BFF35F8F08F036FA49
:106C0000431C0446FAD0002000F07EF9204602B072
:106C1000BDE8F08198B801200400002088B8012068
:106C200070B504460D4619B10A688B681AB953B994
:106C30006FF021063BE033B94B6823F00802102ABD
:106C400001D0202B35D12046256108F07FFA064679
:106C500000282CD1184B04F17801236001236360D4
:106C6000AB6804F114009A069B01DBB202F0E0422B
:106C70001A4342F48032112300F020F8AB6893B934
:106C80002A68A3691A606B68A26943F00053936095
:106C90002268A36992699268DA60A3691033A361DC
:106CA00063680133636000221023C4E90223304685
:106CB00070BD6FF04106FAE73C310400026100F15B
:106CC0001402826000F110024160C2600A604268F2
:106CD000034991604268D360436810334360704752
:106CE00004000020BFF35F8F094A1368BFF35F8F72
:106CF00043F48071BFF35F8F1160BFF35F8F23F4A4
:106D00008073BFF35F8F1360BFF35F8F704700BF67
:106D10000010805108B5FFF7E5FFBFF35F8F064A0B
:106D20001368BFF35F8F43F00103BFF35F8F1360FE
:106D3000BFF35F8F08BD00BF0010805170B5002603
:106D4000C0E9006605460C46FEF7DAFE01232B700B
:106D5000FFF7C8FFBFF35F8F204BDB68BFF35F8F88
:106D60009B08013BACB3226842B19A4205D9FEF7B9
:106D7000E7FE6FF03F002E7070BD1346D4E9011599
:106D8000E068002908BF4FF40071002808BFF12017
:106D90002469BFF35F8F114A9360BFF35F8FBFF326
:106DA0005F8F1564BFF35F8FBFF35F8F5064BFF3D6
:106DB0005F8FBFF35F8F5163BFF35F8F44F4802415
:106DC00044F00104BFF35F8F1460BFF35F8F0020B6
:106DD000D2E74FF40071F1202546DAE70010805128
:106DE00070B503780D461446002B53D0BFF35F8F68
:106DF0002D4A136BBFF35F8F5908C3F34203052B72
:106E00004BD011F0060F02D14FF0FF3070BD436838
:106E1000D3B9BFF35F8F5368BFF35F8F032BF3D9F1
:106E2000224B2349BFF35F8FD2F88060BFF35F8F9F
:106E3000BFF35F8F43F8046BBFF35F8F8B42F1D1D9
:106E4000FFF768FF01234360BFF35F8F164B9A681B
:106E5000BFF35F8F0132B4EB021F21D8BFF35F8F06
:106E60005A68BFF35F8FB4EB820FCDD884B1BFF304
:106E70005F8FD3F88020BFF35F8F291D05F8012BAA
:106E80008D424FEA122204F1FF34EFD0002CF5D1ED
:106E90000020BBE76FF02000B8E76FF05100B5E7C6
:106EA0006FF03F00B2E700BF00108051101080511A
:106EB0002010805110B50446FEF722FE104B1868D2
:106EC00008F035FE0CB101232370BFF35F8F4FF044
:106ED000A3430022DA61BFF35F8FBFF35F8F4FF0F0
:106EE000FF321A63BFF35F8FBFF35F8F3422DA6123
:106EF000BFF35F8F0122034BC3F8042310BD00BF13
:106F0000881700200080045010B5044638B9FEF7F9
:106F100017FEBDE81040074B186808F00EBE037856
:106F20003BB1FEF70DFE034B186808F006FE002388
:106F3000237010BD8817002038B5164CD4F80051C6
:106F4000C5B1BFF35F8F4FF0A343996ABFF35F8F63
:106F5000BFF35F8F4FF0FF321A63BFF35F8F0023E1
:106F6000C4F80031D4F800310B4B1868BDE8384044
:106F700008F0F6BDD4F8083153B100F0ABF808F0D2
:106F800072FAC4F80851D4F808310121034BECE738
:106F900038BD00BF00800450901700208C170020DF
:106FA00008B5074B186808F0CAFD064B186808F0CA
:106FB000C6FDBDE80840002248201146EFF794B80E
:106FC000901700208C17002038B5094B1C7864B14D
:106FD000084B4FF0FF311D68284608F0B2FD4FF016
:106FE000FF310446284608F0B9FD204638BD00BFF1
:106FF00055F901209017002038B5074B4FF0FF31AD
:107000001D68284608F09DFD04464FF0FF312846D4
:1070100008F0A4FD204638BD8C17002010B5064CA2
:10702000E36C3BB9214651F84C3B986908F038FABB
:107030000123E364014810BDC8B8012014B9012040
:1070400010B50B4B0B4C236003F5C0436360246108
:10705000FFF7E4FF50B1236D0020B3F5007FCCBFF4
:107060004FF480634FF40073A36010BD0E20FCE763
:1070700000208051C8B8012010B50446114B186893
:1070800008F055FD104B1A68236122605A6862604F
:107090009A68A2600D4A12689A660023A364FEF7FC
:1070A0002FFD04220A4BC3F80423204608F0CCF934
:1070B00020B9204608F0CDF900B910BDFFF79CFFBC
:1070C000F3E700BF94170020C8B80120683104001E
:1070D0000080045000487047C8B80120042210B551
:1070E0000446084BC3F80823FEF72AFD064A236925
:1070F00012689A6600236364044BBDE81040186868
:1071000008F01BBD00800450683104009417002073
:10711000244B0340B3F5806F2FD017DC402B2ED0CB
:1071200008DC102B2DD0202B2DD0181E18BF0120CD
:1071300040007047B3F5807F27D0B3F5007F26D09D
:10714000802B08BF0B2018BF02207047B3F5804F7B
:107150001FD00ADCB3F5805F1DD0B3F5005F1CD0F3
:10716000B3F5006F08BF0620EDE7B3F5004F16D06A
:10717000B3F5803F08BF0320E5E7112070470A20E0
:1071800070470C207047092070470820704707207F
:1071900070471420704705207047042070470F2067
:1071A000704700BFF0FF010070B50F4E0F4C054651
:1071B000306808F0BCFC206830B980220C49FEF72A
:1071C000E5FE70B9202323602368094A013B236050
:1071D000002452F823202A60306808F0AEFC2046D4
:1071E00070BD0224F8E700BF9817002034B90120D1
:1071F00038B9012012281BD0A0F11203302B2DD852
:1072000026280DD81738C3B20B2B27D8164818419B
:1072100000F00100C0F1FF2000F57F007A307047D8
:107220002738C3B21148D84000F0010087387047B2
:10723000B1F5807F0ED006D8E0290CBF6FF0850035
:107240006FF086007047B1F5C07F0AD040F2092385
:107250009942F2E7064B0020136070476FF08600FA
:1072600070476FF085007047EEF7FFFF1102000CCA
:10727000FC320400A0F11203DBB21E2B9DBF0348B9
:10728000D84000F001000020704700BF21022142D9
:1072900070B50446A4B0466811A80D46FFF7ECFE91
:1072A000174B11A8196808F0F5F821466B46002223
:1072B00011A808F037FB044680B911A808F0D6FAE7
:1072C000DDE900120346284608F037FA11A808F055
:1072D0008CFB11A808F0CFF8044648B111A8FFF7BD
:1072E000FDFE204607F094FB0446204624B070BD06
:1072F00011A8FFF7F3FE3146684607F04FFCF4E7AC
:107300000C33040070B5D51D1C78ED080646042C1E
:10731000084611464FEA450286B002F101021DD12E
:107320000A9C94421AD1104C104A344044F0106424
:1073300094424FF0000414D15A1CCDE902526A1C49
:10734000134401AACDE904530194FFF753FF18B980
:10735000019802A9FFF79CFF06B070BD6FF0860090
:10736000FAE72046F8E700BF0000FFF60000020938
:107370002DE9F0410388C76803F44F44B4F5824F08
:1073800008BF1C4603F4E0401E4B18BF00248C4687
:1073900000259846E4B21E78A6421ED1D3E90261C8
:1073A000B0F5804F08BF0E461168D3F804E019B954
:1073B000664508BFC2F800E0116871450DD1664509
:1073C00003D06FF08600BDE8F081142303FB058332
:1073D0001B7C43B96FF08500F5E70135132D03F1F0
:1073E0001403D8D1EDE7422C09D1074B9F4206D0B8
:1073F00003F20B139F4202D00A339F42E1D10020D7
:10740000E1E700BF80310400000800062DE9F341E8
:1074100005881F4605F44F43B3F5824F0E4680465C
:1074200041881BD1EDB2422D3DD8402D13D8A5F196
:107430001203DBB21E2B36D81D4A42FA03F3DA07D9
:1074400031D4CC1DE40864000134089BA34207D268
:107450006FF0890024E0CC1DE408F6E700242546FF
:10746000284601AAFFF7C6FED0B9D8F80420114B70
:10747000B3EB122F19D0123DEDB21E2D15D80E4BC5
:10748000EB40DB0711D539460423019A01F8013B93
:10749000304600F09FF807F0BBFA08B9099B1C6062
:1074A00002B0BDE8F0810024DAE76FF08500F7E76D
:1074B000DEFFFFBF004E80002100004070B5144683
:1074C000C4B01D460FABCDE90121CDE904320392D2
:1074D00020AB10220646002107A8069308F0C2FB45
:1074E000489A630001339A426CD12B78042B69D1FE
:1074F0004A9B9C4269D86B1CCDE90743631C1D4421
:10750000304607A9CDE90945FFF7C2FE0446002829
:1075100055D131A8FFF7B0FD2D4B31A8196807F000
:10752000B9FF0A25002231460BAB31A808F0FAF961
:107530000446002834D131A808F098F904460246E0
:107540000B9901A808F0D0F8DDE90C12234607A832
:1075500008F0F3F831A808F048FA31A807F08BFFDB
:107560000446E8B9013DDDD131A808F0BCF9054673
:1075700031A808F07BF903AB0246D5E9000108F019
:10758000CCF8049B039A0C93059B49990D93069B99
:107590000BA80B920E9308F0A7F84B9B0B9A1A605E
:1075A000DDE9031007F0FAFADDE9051007F0F6FA55
:1075B000204607F02DFA044631A8FFF78FFD20463C
:1075C00044B070BD6FF08604F9E76FF08904F6E708
:1075D000243304002DE9F04796B0814603A80E46F7
:1075E00015465768FFF748FD254B03A8D3F800A0C0
:1075F0004FF00008514607F04DFF6B460022294628
:1076000003A808F08FF9044618B103A8FFF766FD38
:1076100021E03A464946009808F0BCF8DDE901232C
:10762000294603A808F04DF903A808F0DEF903A8DD
:1076300007F021FF0628044611D108F10108B8F12E
:107640000A0F04D0514603A807F024FFD5E703A88A
:10765000FFF744FD6A24204616B0BDE8F0870028F5
:10766000D3D103A808F03FF905463A4601683046F1
:1076700008F0EBFA3A466968F01908F0E6FAC4E750
:10768000243304002DE9F0434FF0000985B005468E
:10769000CDF8049000F10C07EFF31188402383F339
:1076A0001288BFF36F8F8368594003EA02060A40CD
:1076B00053400E4901AACDE9023906F0B1FC019C04
:1076C0003CB12046C4F88C900021646E06F0FFFBAC
:1076D000F6E7DDE9023223EA020338464146AB60B1
:1076E000FCF77AFB304605B0BDE8F083EFFB030002
:1076F00008B5054B044613B10021AFF3008001F03B
:1077000079FA2046EFF724F800000000F8B50E4B98
:1077100006461D68AB789B0712D56F6816F8014BBB
:1077200029462CB90A20B847002805DB204609E085
:107730002046B8470028F1DAAB7843F00403AB7079
:107740004FF0FF30F8BD00BF441704000CB430B553
:1077500089B005460C461C22002101A808F082FAD7
:10776000022305958DF806300D4B029323462CB16C
:10777000B4F1004F28BF4FF00043013B1D440DAA58
:107780000C9901A80695009200F01CF914B1059B14
:1077900000221A7009B0BDE8304002B0704700BF47
:1077A0005F000400242A2DE9F041044601D8012A93
:1077B0004CD1364B162208F05BFC1A5001B10C601C
:1077C00000273846BDE8F08135462E4616F8010BF5
:1077D0002028F9D0A0F109070346042FF4D92B285B
:1077E00036D02D2837D14FF0010CAE1C6B78302BE2
:1077F00038D1307840F0200078282FD132F01000B6
:107800002CD173783446102202360CF10040002748
:107810000138B0FBF2FE02FB1E08392B82BF03F1D8
:10782000FF3343F02003263B303B9A421ED9774575
:1078300002DC03D1984501D24CF0020C354607FB1F
:107840000237344615F8013B2E46E6E70546BCE70D
:107850004FF0000CC9E74FF0000CC8E7002A08BF42
:107860000822D2E7002A08BF0A22CEE701B10C6045
:107870001CF0010F18BF7F421CF0020FA1D0034B78
:107880002222074608F0F4FB1A509AE70C00000089
:107890002DE9F04101260746B24201DCBDE8F08146
:1078A0003B461F4613F8014B002CF7D0252CF8D18E
:1078B0001C780237252CF3D00023DFF804819C4686
:1078C0001D461F2D18D8A4F1200EBEF1100F09D9A6
:1078D000A4F1300EBEF1090F1ED80A24202504FBA6
:1078E00003E304E028FA0EFE1EF0010F06D017F89D
:1078F000014B002CE5D128E07F2D1CD8A4F1300EDF
:10790000BEF1090FE9D9242C10D1BCF1000F46D0EB
:10791000B34246D00023EAE724F0040EBEF12A0F5A
:10792000F8D06C2C09D145F08005E0E724F0040E76
:10793000BEF12A0FEED06C2C22D06C2C1BD8682CF8
:1079400023D06A2C28D04C2C26D0BCF1000FA5D017
:10795000B445A1D144F020070B68A7F1650CBCF138
:10796000020F01D9612F1ED1073323F0070308331B
:1079700001360B608FE7742CB9D07A2CB7D0E4E7CE
:107980002C0648BF45F40075CDE7EC0548BF45F42B
:10799000007545F48075AAE745F42075A7E79C4675
:1079A000B8E76324D6E7692C02D007D8632C03D04C
:1079B0002F0601D5AC05D7D40433D9E7732CF6E7ED
:1079C000892801002DE9F04F436893B08046019368
:1079D00083789807CDE9061216D50B4600250B9241
:1079E0001F789FB1252F15D00133059341463846A6
:1079F000019B01359847002880F22A8498F80230CC
:107A000043F0040388F802304FF0FF35284613B0E6
:107A1000BDE8F08F5F789A1C252F0592E6D00024F0
:107A20002646A246A346BBF11F0F32D8A7F120037A
:107A3000102B0AD8DFE803F02409092A0909091BD9
:107A400009090922092709091900A7F13003092B9F
:107A50002DD92A2F39D154B90B9B1BF0400F53F865
:107A6000042B0B9329D0164601E04BF0010B059B2C
:107A700013F8017B0593002FD5D15BE04BF0020B8F
:107A80004BF0040BF3E74BF0080BF0E74BF0100B57
:107A9000EDE7BBF17F0F3FD8A7F13003092BD8D812
:107AA0001BF0400F03D00A2202FB0636DFE70A2252
:107AB00002FB0A3A4BF0200BD9E7B2F1000AF9DADF
:107AC000CAF1000A4BF0280BD1E72E2F05D11BF08D
:107AD000400F9BD14BF0400BC9E7242F1CD1002C49
:107AE00000F03E81079B1BF0400F0B930AD15246DA
:107AF0000BA90698FFF7CCFE0B9B1A1DD3F800A02C
:107B00000B92B4E732460BA90698FFF7C1FE0B9B18
:107B10001A1D1E680B92AAE76C2F00F00E8100F26E
:107B20000581682F00F011816A2F00F016814C2F1B
:107B300000F0138134B1079B22460BA906980B93E2
:107B4000FFF7A6FE002E47F02009B8BF2BF0400B30
:107B5000A9F16503BCBF00261FFA8BFB022B40F284
:107B60000481B9F1610F40F05882FF431BF0400FD0
:107B70000CA84BF4C05407F0200308BF4FF0FF36A9
:107B8000049331460B9B073323F0070303F10802EC
:107B900093ED000B0B92049A08F0C8F90130C3B2C0
:107BA000B342029301DB029B5E1E01230C9FA3469E
:107BB0004FF07009039307F10903122B0DD907F158
:107BC0006303C62B40F20A8107F2E73340F2CE721C
:107BD000934294BF0323042303939DF8342002F0BF
:107BE0000C0312F0010240F014811BF0020F40F070
:107BF0000D811BF0040400F0F380002B40F00C8199
:107C000020231BF4405F20D1029A002E02F148028B
:107C100008BF01266A44133A029921B112F8011DE6
:107C2000302900F02E811BF0100F029A18BF324647
:107C3000391DC0F22B81B74280F22881BA424BF441
:107C4000005B40F325817E1C961B1BF400520892BA
:107C500000F0208127EAE774013403B10134002EDB
:107C600000F02081721C1444A245CCBFAAEB04048E
:107C700000241BF0090F04D12C44A54240F01781C9
:107C800000243BB118464146019B01359847002826
:107C9000FFF6B4AE1BF4006F12D041463020019BBA
:107CA00098470028FFF6AAAE049B41460235C3F16F
:107CB0007800019B00F0F80098470028FFF69EAE80
:107CC0001BF0080F05D12C44AC4240F0FC80254647
:107CD0000024089B002B00F0158127EAE77A764202
:107CE000A7EB0A07029B0AF1FF3A05F10109414699
:107CF000BB4289BF0CAB3020FB1858795645019B1D
:107D000000F3EA809847002807F10107FFF676AEF6
:107D1000BAF1FF3F08D141462E20019B9847002829
:107D2000FFF66CAE05F102094D46DBE7742F3FF418
:107D30009EAE7A2F3FF49BAEFCE61BF0800F18BF7F
:107D40004BF4007B4BF0800B91E61BF4807F18BF57
:107D50004BF4007B4BF4807B89E64BF4207B86E67A
:107D600026465446B346B24681E6FF431BF0400F19
:107D700007F0200308BF0626B9F1650F04930B9B9B
:107D800003F1070323F0070303F1080293ED000B4F
:107D90000B9211D1711C00224BF4805BC9B21346C7
:107DA00011290CA828BF112100F0F2FA0C9FC3B2D0
:107DB000029302230393FEE6B9F1660F05D14BF45B
:107DC000005B334601221121EAE7F1B200224FF0B5
:107DD00065090129134638BF0121E1E70223FBE6CB
:107DE000002B3FF40EAFBAF1030F39DC9DF83430AD
:107DF000A14E13F0080FA14B08BF1E463746B946E7
:107E000017F8010BA0BBAE1BB14478E023BB2B23BA
:107E1000F7E61BBB2D23F4E62022BAF1040F12DD96
:107E20001BF0080FAAF104040ED12C444146202077
:107E3000019B0135029298470028FFF6DFADA5426D
:107E4000029AF3D192B1002441461046019B0135BC
:107E500098470028CADAD1E52B22DEE72D22DCE79D
:107E60001BF0080FAAF10304C0D1DEE71446BDE7FA
:107E7000049B4146C01A019BC0B298470028BEDA55
:107E8000BCE502990139C9B20291C5E6561EDCE68D
:107E90000026DAE61BF4006F039A0CBF03240524C6
:107EA0001444DAE61BF0100F18BF0134DCE6099326
:107EB0004146019B20209847002805F10105099BB8
:107EC000BFF6DBAE9AE541463020019B013598476D
:107ED0000028BFF6F9AE91E598470028FFF68EAD71
:107EE0001BF0100F0BD0BAF1FF3F08D105F10209CA
:107EF00041462E20019B98470028FFF67FAD4D4656
:107F00004C442CE241469DF83500019B98470028DF
:107F1000FFF674AD002E65DD41462E20019B98478B
:107F20000028FFF66BAD4FF0010A029B4146D34695
:107F30009A45B7BF0CAB302053445879019B984702
:107F40000028FFF65BAD0AF1010A5645EDDA02356D
:107F50005D44049B4146A9EB0300019BC0B29847D6
:107F60000028FFF64BAD002F4146019BB6BF2D20E8
:107F70002B207F4298470028FFF640AD039B042B3F
:107F80003DD14FF47A794146019B0335B7FBF9F6B1
:107F900006F13000C0B298470028FFF62FAD09FB6C
:107FA00016774FF064094146019B0135B7FBF9F69E
:107FB00006F13000C0B298470028FFF61FAD09FB5C
:107FC00016774FF00A094146019B0135B7FBF9F6D8
:107FD00006F13000C0B298470028FFF60FAD09FB4C
:107FE000167713E01BF0100F01D10135B1E74146C0
:107FF0002E20019B023598470028AADAFEE4039B55
:108000000235032BCDD0039B012BDAD107F13000D1
:1080100005F101094146C0B26CE7A7F16303122BD9
:1080200000F2FF80DFE813F013005700FD00FD00B1
:10803000FD00FD005700FD00FD00FD00FD00FD00FE
:108040001701F800FD00FD002C00FD00B9000B9B9E
:1080500001240CAF1A1D1B680B928DF830301BF0F9
:10806000080F2ED03E19B946B1452CD1EF1BB944AB
:10807000AAEB040443E700BF0F7D0400BD400400E9
:108080000B9B1A1D0B921F68AB4B002F08BF1F469E
:108090001BF0400F384614BF31464FF0FF3107F058
:1080A0001BFE0446DBE741462020019B9847002841
:1080B000FFF6A4AC013EB442F5D35544B246AD1B25
:1080C000D0E75646F7E7414619F8010B019B984760
:1080D0000028C9DA92E41BF0800F0B9B35D01BF40B
:1080E000007F2DD0073323F0070303F10802D3E903
:1080F00000010B922BF0100900291FFA89F936DADA
:10810000404249F4806961EB41010DF1300B0A23D3
:108110005A4607F0EDFD19F0400FA0EB0B0B65D0B0
:1081200029F001025E4592B240F3B280002F00F0C8
:10813000A98019F010033446914626D002345CE041
:108140001A1D18680B92C117D4E71A1D1BF4807F03
:1081500019680B9201D10846F5E71BF4007F19BF9F
:1081600048B241F3C01108B241F3C031C2E750EA4E
:108170000103CAD11BF0400FC7D0002EC5D12BF090
:10818000110B34461FFA8BF9B34640F2064319EA45
:1081900003031CBF013400232FE02BF0100B0A2334
:1081A0001FFA8BFB1BF080040B9A57D01BF4007155
:1081B00015BF0732101D22F007020B900FBF106889
:1081C00002F108010B91D2E9000150EA010252D1FB
:1081D0002BF016091BF0400F1FFA89F94FD0002E23
:1081E0004DD12BF0170B1FFA8BF9B34619F0100382
:1081F00052D0002F4ED10BF1010419F0080F5ED1BF
:1082000019F0010F06D0A2456EDDAAEB040404EBC1
:108210000B06544622464DE04BF0100B10237827F6
:10822000C0E7B9F1780F04D1C7F1780343F0100328
:10823000B8E741462520019B98470028FFF6DEABB2
:1082400041463846019B98470028FFF6D7AB0235D8
:10825000059BFFF7C5BB08230027A3E7111D106886
:108260000B911BF48071B0D01BF400711ABFC0B227
:10827000214680B2A9E72BF0060B1FFA8BF90DF10E
:10828000300B45E729F0110934461FFA89F97CE7DC
:108290009146ABE75C4651E75C4676E7CDE90223C1
:1082A00041462020019B98470028FFF6A7AB029A81
:1082B000039B01329245F1DC2C1BA5181446F3B147
:1082C00041463020019B98470028FFF697AB6FB9D5
:1082D0000135A9462E44A6EB09035B4521DC5D462A
:1082E0000CAE5DBBD944C3E65E4693E7023541461A
:1082F0003846019B98470028EBDAFFF77FBB40F236
:10830000064319EA030FE4D019F0020F05F1010545
:10831000414614BF2B20202019F4806F18BF2D2058
:10832000E7E741463020019B09F101099847002801
:10833000D1DAFFF763BB00BF137D0400013D414666
:10834000019B705D98470028CBDAFFF757BB414689
:108350002020019B013598470028FFF64FAB631B97
:10836000002BF4DC74E700BF1FB502AB074A009393
:108370004FF0CC3307F0A0FDDDE90201C00840EA70
:108380004170C90805B05DF804FB00BFCDCCCCCC72
:108390002DE9F04F9DB055EC104BCDE90C322A463B
:1083A000C5F313030B91290DD20FC5F30A5507909E
:1083B0008DED050A0A9275B922461A431BD1302366
:1083C0000126056043710A9B43F0020303713046A6
:1083D0001DB0BDE8F08F40F2FF7295424DD1059A75
:1083E000002613430A9B079A14BF43F0080343F087
:1083F00004031371EBE7059A4FEA83089A46B14DDF
:1084000002F001020992059A48EA92789700012247
:108410001646C5F1000B0892584600F019FAB5F15E
:10842000FF3FACBF8146A0F10109ABEB090B09EBA3
:1084300005035846069300F011FA18A9A0F17D052E
:10844000584600F02BFA14AB089AA9EB05050193E6
:1084500012AB02925146009318AA2B46059807F0DA
:108460006EFCB9F1010F04460D4600F2D880099B5D
:10847000002B40F0CB8001276FE0059A43F4801A6F
:10848000A5F2354502F001024FEA8A080992059AE1
:10849000134348EA92784FEA82074BD140F2FE73C9
:1084A00019420CBF01260026002D3246B1DB2846BA
:1084B00000F0C8F90346032DC8BF013B18460693D8
:1084C00000F0CCF9069B7C3018A95D1B05441846CA
:1084D00000F056FA14AB18AA0598019312AB514656
:1084E000029600932B4607F02AFC069B04460D4695
:1084F000152B00F2888016AB734A3846414600932C
:108500004FF0CC3307F0D8FC169B179A9B0843EA30
:10851000827303EB8303BB42DDE9129A0CD1384628
:10852000414600F0A3F9069B83428CBF0027012738
:10853000002612E00126B7E7099B002B53D1013F2B
:1085400048F1FF31B81B61F1000100F08FF9069B83
:10855000099F83428CBF002601260D9B002B40F013
:108560009380DDF82CB04FF000084FF00A0ACDF8E8
:108570002080CDF81480DDE91201FFF7F5FE149B91
:10858000CDE90E01184615991093FFF7EDFE0E9BED
:1085900081460F9A98420B461191934180F08E804C
:1085A00020462946FFF7E0FE0AFB09F3109AB8F1CE
:1085B000000F14BF002707F001070AFB10480D4603
:1085C000934214BF002606F001060E9B5FFA88F85E
:1085D000044612930F9BCDE91339119B1593089B09
:1085E00001330893C7E7B81C48F1000100F03EF9D9
:1085F000069B83428CBF00200120B9EB00006AF18A
:108600000002CDE9120200273E46A6E7129B012791
:10861000139A013B42F1FF32CDE9123288E7B9F1FA
:108620003E0FF0D84FF0FF33A9F12000C9F120012F
:1086300003FA09F203FA00F023FA01F103FA09F34D
:10864000024327EA03070A4328EA020857EA080711
:108650000CBF012700276BE700FB02FC0133A1FBE5
:10866000001262448C4275EB020CF5D2069A134458
:108670000C9A1344D20F9342B8BF13460B9A9A42F6
:10868000A8BF1A4693466EE70A2100220123084636
:10869000E8E70AFB03F00131A2FB0A2303449442FA
:1086A00075EB0300F5D2594510DDBBF1000F02D187
:1086B00054EA05030AD00123059371E70A22002337
:1086C0000121ECE7CCFBFFFFCDCCCCCC7EB34FF04F
:1086D0000A0A149B159918460F93FFF745FE0F9B46
:1086E0000AFB00F281460E919A4220D1B8F1000FA8
:1086F00014BF002707F00107DDE91201FFF734FE80
:1087000010900F9120462946FFF72EFE0F9B0AFB83
:108710001048109A04460D465FFA88F81292CDE987
:1087200013390E9B1593089B01330893D1E7069BE1
:10873000089A13449946002F5DD0B8F1050F5AD11D
:1087400014F001034DD1059A32B9DDE914239D429D
:1087500008BF944262D0059B18194FF00A044FF0ED
:1087600000024FF0010645F100012546A04271EBE1
:10877000020756D2FBB1B3451DDA0D9B73B106EB70
:1087800009030C9A1A44012A13460B9AB8BF012315
:108790009A42A8BF1A46964293460CDD053009F16D
:1087A000010906F1FF364FF00A024FF0000341F1D4
:1087B0000001DFF7F1FA5E450FFA89F9079BA8BFC0
:1087C0005E4636B2B14406F1050809F1FF37984418
:1087D0004FF00009B1452BDB079B0A9A1F601A7105
:1087E000F5E5059B2BB9DDE914239D4208BF9442B2
:1087F00009D00123B0E7059B53B9DDE914239D425D
:1088000008BF944204D1099B002BF2D1002EF0D076
:10881000B8F1040F94BF002301239DE74FF0040833
:10882000F1E705FB02F70136A4FB05423A449DE758
:108830000A220023DFF7B0FA303209F1010908F803
:10884000012DC7E7014B5843800C704741340100AC
:10885000014B5843000D7047FB2E0B00024B584351
:10886000C00C0130704700BF4F93120070B5034633
:10887000094A00204FF0CC364FF0333506FB03F4A5
:1088800002FB0144A3FB023121449D4275EB01042C
:1088900001D30130F2E770BDCDCCCCCC1A232DE949
:1088A000F04FB0FBF3FA334E03FB1A0389B00446D2
:1088B0000D4606EB0A1653B9D6E90023C1E9002399
:1088C000D6E90201C5E9020109B0BDE8F08F2A4AE4
:1088D00002EBC303D3E9008904AB40464946009349
:1088E000D6E9022307F0E8FA06AB83460F46404676
:1088F00049460093D6E9002307F0DEFA00238146BB
:10890000DDE9066216EB0B0652EB070828BF0123D0
:1089100033B1049B059A013342F10002CDE90432E0
:1089200020460391FFF79AFF07461A2000FB0AF042
:10893000FFF794FF3F1A3246434648460399009793
:1089400007F0D5FA0D4A4FEA141C640004F01E0328
:1089500052F82C40DC4004F003042418304641F166
:108960000001DDE90423C5E900414146009707F015
:10897000BEFAA7E788140400B81304003C330400CF
:108980002DE9F04F1A2700F11905DFF8E8A089B0AA
:1089900004460E46B5FBF7F56F434FEA051B0AEB9D
:1089A00005153A1A0AD1D5E90023C1E90023D5E912
:1089B0000201C6E9020109B0BDE8F08F2B4B03EBC1
:1089C000C203D3E9008904AB404649460093D5E988
:1089D000022307F071FA5AF80B206B68013ACDE9CF
:1089E000020106A963F1000340460091494607F0E1
:1089F00063FA8A46029900238146DDE906526D1822
:108A0000039952EB010828BF012333B1049B059A57
:108A1000013342F10002CDE904323846FFF71EFF70
:108A200007462046FFF71AFF3F1A2A4643464846A4
:108A30005146009707F05BFA0D4A4FEA141C640098
:108A400004F01E0352F82C40DC4004F0030401340F
:108A50002418284641F10001DDE90423C6E900415C
:108A60004146009707F043FAA3E700BFB81304009C
:108A7000903304005815040010EE902AF0EE407A6E
:108A800022F00041B1F1FF4F10B506D810EE100AE8
:108A900020F00043B3F1FF4F04D977EEA07AB0EE97
:108AA000670A10BDB2F17E5F03D1BDE8104000F04F
:108AB000B7B8941704F0020444EAD0748BB9022CBE
:108AC00008D0032CEBD1DFED407A9FED407A77EEB2
:108AD000C77AE4E7DFED3E7A9FED3C7A77EE877A5E
:108AE000DDE739B9002802DADFED3A7AEDE7DFEDAC
:108AF0003A7AF1E7B1F1FF4F2CD1B3F1FF4F1DD11D
:108B0000022CDFED327A0BD0032C10D0012C02D0D6
:108B10009FED327AE2E79FED327A77EE677ABEE731
:108B2000B0EE087ADFED2D6A46EE877AB7E7B8EE49
:108B3000087ADFED2A6A56EE877AB0E7022CC9D0B0
:108B4000032CC0D0012CDFED277A9FED277A47FE5A
:108B5000877AA4E7B3F1FF4FC4D05B1AB3F1F45F97
:108B60004FEAE35112DBDFED1C7A9FED207A77EEBE
:108B7000C77A012C1AD0022C1FD0002C8FD09FED69
:108B80001C7A77EE877A9FED127AA0E7002A01DA45
:108B90003C3108DB87EEA00AB0EEC00A00F040F8D6
:108BA000F0EE407AE5E7DFED107AE2E717EE903A73
:108BB00003F1004307EE903A71E79FED0D7A77EEEF
:108BC000877A9FED037AA8E7DB0F49C06042A20DC8
:108BD000DB0F4940DB0FC9BFDB0FC93FDB0F493F4C
:108BE000DB0F49BF00000080000000002EBD3B33BA
:108BF0002EBDBB3338B5074D074C641BA41024B9F8
:108C0000064B0BB1AFF3008038BD013C55F8243062
:108C10009847F4E70000000000000000000000009A
:108C200010EE102A22F00043B3F1A14F12D3B3F19A
:108C3000FF4F02D930EE000A7047002A9FED4F0A1D
:108C4000CBBFDFED4F7ADFED4F7A37EE800A37EE9C
:108C5000C00A70474C498B4211D8B3F1445F0BD224
:108C6000DFED4A7AB7EE007A70EE277AF4EEC77A33
:108C7000F1EE10FA00F381804FF0FF3315E0444924
:108C8000F0EEC07A8B424FD8A1F5D001B7EE007A52
:108C90008B4241D877EEA76A002336EEC77AF0EE12
:108CA000006A77EEA67A87EE270ADFED3A7A591C3A
:108CB0009FED396ADFED395A60EE006A26EEA67A3A
:108CC00007EE276ADFED367A46EE077A9FED356AC2
:108CD00007EE876ADFED347A46EE077A9FED336A56
:108CE00007EE876ADFED327A57EE275ADFED317AE9
:108CF00055EE877ADFED305A57EE875ADFED2F7A3F
:108D000055EE877A67EE877A46EE267A67EE807AA6
:108D10001FD130EE670A704777EEC76A012377EEFE
:108D2000877A86EEA70AC0E725498B420BD8F7EE73
:108D3000086A0223B7EE007A37EEE66A07EEA67AF3
:108D400086EE070AB1E7BFEE007A032387EE270A13
:108D5000ABE71C49002A1C4801EB830100EB8303AD
:108D600093ED007A77EEC77A77EEC07A91ED000A3C
:108D700030EE670AB8BFB1EE400A70476821A233EF
:108D8000DA0FC93FDA0FC9BFFFFFDF3ECAF24971F0
:108D9000FFFF973FD769853C59DA4B3D6BF16E3D3C
:108DA000356B883D6E2EBA3D2549123EABAAAA3ED0
:108DB00021A215BD95879D3D388EE33DCDCC4C3E1F
:108DC000FFFF1B40F4330400E4330400704700202D
:108DD0007047FAF72FBB00F0CCBE38B505F085F927
:108DE0004FF47A74A0FB040547F61222002304FB1B
:108DF0000151DEF7D1FF38BDFAF77CBBFAF720BA94
:108E0000FAF796BA836800EBC101B3F5004F2CBFA7
:108E100051F8220031F81200704700EBC101806860
:108E2000B0F5004F2CBF41F8223021F812307047C6
:108E3000012208B5FFF7E6FFD04008BD836800EBCC
:108E4000C101B3F5004F08D34B681AB143F00103D9
:108E50004B60704723F00103FAE74B881AB143F0E7
:108E600001034B80704723F00103FAE7530001220E
:108E7000FFF7D3BF8368B3F5004F34BF0423082343
:108E8000C91A081AC00870478368481CB3F5004F18
:108E900034BF042308230833A0EBD300B0FA80F0DA
:108EA000C0F11F0070472DE9F041174603220E461E
:108EB0000446FFF7A7FF8642054607F104080AD1DA
:108EC0000122E368BA4023EA0203E360002344F886
:108ED0002830BDE8F081314602222046FFF792FF9C
:108EE00006462B4601460322204644F82850FFF749
:108EF00094FF334629462046BDE8F0410222FFF7A1
:108F00008CBF70B50D4686680446FFF791FFB6F535
:108F1000004F014601D3012809D02046FFF7B4FFD6
:108F2000294602462046BDE87040FFF7BCBF70BD31
:108F30002DE9F0470546FFF7A7FF05EB800ADAF8B1
:108F4000109088460646B9F1000F1BD00327DAF8C7
:108F5000104028462146FFF76BFF404507D33246B5
:108F600021462846FFF79FFF2046BDE8F0870322F1
:108F700021462846FFF746FF013FCAF8100001D0FE
:108F80008145E4D14FF0FF34EB680136B4401C401A
:108F9000EAD094FAA4F2B2FA82F2131D55F82340F3
:108FA000DEE72DE9F04114460E460546FFF740FF87
:108FB000A4EB0608371B0744424631462846FFF714
:108FC00055FF3A4621462846FFF750FF4346002208
:108FD00021462846FFF721FF21462846FFF728FFB4
:108FE0003B46211800222846BDE8F041FFF715BF97
:108FF0002DE9F041164604460F46FFF719FF3146AA
:1090000005462046FFF714FF05442A463946204608
:10901000FFF72CFF31462046FFF70AFF2B46311899
:1090200000222046BDE8F041FFF7F7BE2DE9F041F0
:109030000D4686680446FFF7FBFEB6F5004F014675
:1090400001D3012832D02046FFF71EFF04EB800138
:109050000E6996B90122E36882401343E36002225D
:109060000D612B4629462046FFF7D7FE03222946ED
:109070002046BDE8F041FFF7D0BE0222314620462F
:10908000FFF7C0FE0746034629462046FFF7C5FE08
:109090000322334629462046FFF7BFFE39462B46BA
:1090A0002046FFF7BAFE02223146E1E7BDE8F08133
:1090B000F8B50C460546FFF7BBFE261801223146DF
:1090C0002846FFF79FFEC3070CD431462846FFF71A
:1090D00018FF21462846FFF7ABFE214622182846F6
:1090E000FFF786FF002221462846FFF78BFE271A4E
:1090F000012239462846FFF785FE10EA020613D101
:1091000039462846FFF7FDFE214632462846FFF73E
:1091100079FE2246211A2846FFF76AFF2146324689
:109120002846FFF76FFE241A21462846BDE8F8407E
:10913000FFF77CBF38B571B1056800222846FFF7FC
:1091400099FE044601462846FFF778FE2146BDE811
:109150003840FFF7ADBF38BD70B5056809B90020CC
:1091600070BDAB6801F00704B3F5004F2CBF0822B7
:10917000042207341444E40804EBD1049C4228BFC1
:109180001C4628462146FFF7D3FE06460028E6D0B7
:1091900001462846FFF74CFEA04209D93444314627
:1091A00028462246FFF7FDFE21462846FFF73EFFF0
:1091B000284601223146FFF741FEAB68B3F5004F68
:1091C00034BF0423082303EBC6031844C8E7114641
:1091D000FFF7C2BFB2F5802F2CBF082304232DE96F
:1091E000F0410026D21A8C18CD1D25F0070524F079
:1091F0000704641BE408056021462846AC60EE6065
:10920000FFF742FE421D9200013002F107074FEACC
:10921000D7073146A2F1100205F11000B8BF32465F
:1092200006F020FD3A4631462846FFF71FFE33463A
:10923000324631462846FFF7F0FDA4EB07082846E2
:1092400031460122FFF7FAFD42463946FFF70EFE8E
:109250003B46324639462846FFF7DFFD2146284681
:10926000FFF704FE4346324621462846FFF7D5FD68
:10927000214628460122FFF7E1FD3946BDE8F041CD
:10928000FFF7D4BE2DE9F04706460D46174698462F
:109290002BB34FF0000A98F8004093F80190DB7868
:1092A000A40004EB430498F802301C444444CA452B
:1092B00009D339463046AC46D8F8042008F10803F3
:1092C000BDE8F047604714F8013B0AF1010A204667
:1092D00048F82340E7F733F801300444E7E76FF03C
:1092E0001500BDE8F08770B50025024628461446F3
:1092F00014F8013B0BB9184609E098B18D4207D12B
:10930000702B04D0A3F140023A2A0BD8002070BD84
:10931000A3F140063A2E05D853780135941C002B52
:10932000E9D00020252B224608BF80F00100DEE7AF
:109330000020704700F091BB0FB407B504A951F8A5
:10934000040B019100F089FB03B05DF804EB04B05D
:1093500070470FB407B504A951F8040B0191FFF74A
:10936000E9FF03B05DF804EB04B0704710B5036982
:10937000024613F0080009D11368D4689C429BBFD1
:109380000120126AE31AD31A0B6010BD002318469D
:10939000FAE713B501A90446FFF7E8FF20B1019BE6
:1093A000E268013B13440193206A019BC01A013813
:1093B00002B010BD10B5044650182269236AD207C6
:1093C00002D5013B184010BD984228BFC01AFAE7E9
:1093D00010B504460A46C168FFF7ECFF2369E06058
:1093E00023F00803236110BD38B50D46C2698B0018
:1093F000016843F00203044642F8213001682A461E
:10940000FFF7D8FFE3686168984208BF23692060CE
:1094100008BF43F008032A46204608BF2361FFF730
:10942000C9FF606038BD2DE9F74FC768C6699B4624
:1094300006EB8703009316F82730044603F0030376
:10944000022B884691464FF000030BD01360CBF8F7
:10945000003023699B0713D44FF0000A504603B035
:10946000BDE8F08F56F8271013608908CBF800305C
:10947000EFD0FFF7ADFFE368A3604FF0010AEDE71F
:10948000A3690098984716F82720054612F0010AAC
:10949000E2D012F002021FD0B8F1000F03D0414613
:1094A0002046FFF7A1FF61682A462046FFF782FFAA
:1094B000D4E902219142606006D12A462046FFF796
:1094C00079FF4FF0000AA060A2682260E260226982
:1094D00042F008022261C1E7014620460192FFF7EF
:1094E00077FFE368A360B8F1000F04D02168E36957
:1094F000019A43F8212005EB0802CBF800202168EF
:109500002046FFF757FF2369206043F008032361DB
:1095100016F827306FF3000306F82730009BC9F8D0
:109520000030AAE770B504461546FFF743FF2368ED
:10953000834205D12369216023F00803236170BDB4
:10954000E269AB0043F0020342F8213061682A4629
:109550002046FFF72FFF6060F1E738B50369044646
:109560005B0706D5456AFFF714FF85422CBF65628D
:10957000606238BD38B50D4604461C22002106F055
:1095800071FB0022EB68A361AB6863612B68E36148
:109590006B68626223622A6923B1591E194208BFAF
:1095A00042F001022261012204F128000021BDE8FD
:1095B000384004F0DBBA2DE9F04F002587B0009366
:1095C000036A04468B420E469246A94603950595CA
:1095D00039D3EFF3118B402383F31288BFF36F8FDE
:1095E000059AD8462AB129462046FFF79BFF00235B
:1095F000059304A92046FFF7B9FE04990746B14236
:109600002AD32268E369204613F8221003EB82096B
:1096100021F0030103F8221021683246FFF7CAFE49
:10962000E3682060984212D0002788F31188BFF3C6
:109630006F8F039929B162690AB1204690470023D0
:109640000393002FC5D1484607B0BDE8F08F2369CA
:1096500043F008032361E7E718B12046FFF7C4FE93
:10966000E3E7009B5AEA03021CD0019104F0CAFB15
:109670000199B8B9BBF1000F14D187F31188BFF37A
:109680006F8F5246009B04F12800F9F70DFFEFF3AE
:109690001188402383F31288BFF36F8FB0FA80F7ED
:1096A0007F09C2E7204605AB03AA2568FFF7BBFE8A
:1096B0000746BAE770B50446836908460D469847E1
:1096C0000246EFF31186402383F31288BFF36F8FB6
:1096D0002B78204643F001032B706168FFF76AFE88
:1096E00060602046FFF739FF86F31188BFF36F8F64
:1096F00070BD2DE9F041044640270020EFF31186AC
:1097000087F31288BFF36F8F236913F0080FA368E4
:1097100002D16268934200D9226AD21AE1695AB929
:1097200086F31188BFF36F8F18B104F12800F9F7A1
:1097300081FE4FF0000834E011F8232001EB83088C
:1097400012F00305ECD0022D03D151F82350AD08DF
:1097500005D1D00713D44046A36998470546A168B0
:109760002A462046FFF726FE2946A0602046FFF73E
:109770002FFE86F31188BFF36F8F0120BEE742F002
:10978000020201F82320A3694046A56898472946AC
:1097900002462046FFF70EFEA06086F31188BFF355
:1097A0006F8F4046BDE8F081F8B5044683690846EE
:1097B0000D4698470646EFF31187402383F312883E
:1097C000BFF36F8F2B786FF300032B7023699B0718
:1097D00005D5E268E36903EB82039D421AD12B7839
:1097E0006FF341032B70D4E90231994204D1324620
:1097F0002046FFF7DFFDA06031462046FFF7E8FD79
:1098000087F31188BFF36F8F04F12800BDE8F8409B
:10981000F9F710BE2B6860F39F032B60F0E7EFF3BE
:109820001181402383F31288BFF36F8F036913F014
:10983000080F836802D14268934200D9026AD31AA2
:1098400081F31188BFF36F8F181E18BF0120704776
:10985000038B13F0070305D10368002B0CBF002016
:1098600003207047022B05D1408BB0FA80F04009ED
:1098700080007047012B05D10368002B0CBF00202E
:10988000052070470020704710B50C4600B111B993
:109890006FF0150010BD081D00F094F80028F9D1F4
:1098A000A368032BF6D9F3E72DE9F0410D460746EF
:1098B0001946281D90461E4600F098F8044638B117
:1098C0003346424629463846A446BDE8F041604743
:1098D000BDE8F08110B4EFF31182402484F31288C4
:1098E000BFF36F8F41615DF8044B0121E9F78ABE38
:1098F00038B50C46054658B151B10B6843B14B68B9
:1099000033B11C22002106F0ADF900202C6138BDD6
:109910006FF01500FBE770B505460E46FFF7B4FF84
:10992000041E14DBEFF31182402383F31288BFF38C
:109930006F8F4FF6FF716B8B2C8B8B4204F00704FB
:1099400007D182F31188BFF36F8F6FF00A042046AE
:1099500070BD022C0CD101336B8382F31188BFF3ED
:109960006F8F0023224631462846FFF79DFFEEE722
:10997000062C14D8DFE804F004131313041A0400AF
:10998000002333606B683BB9C5E90066ACB90221BE
:109990002846E9F737FEDAE71E606E60F6E782F3E5
:1099A0001188BFF36F8F6FF00404D0E782F3118842
:1099B000BFF36F8F6FF08504C9E782F31188BFF39F
:1099C0006F8FC4E7034640B1426802F00302022AE7
:1099D00006D0032A04D0012A05D06FF01500704785
:1099E0001A68002AF9D000209860704710B54268C4
:1099F000034602F00302022A4FF00004816007D000
:109A0000032A02D05C60002001E018685C6010BD91
:109A100018685C600028F6D0FAF71AFEF3E7704782
:109A200003785B075FBF03684288C3F34A2303EBF5
:109A300012105DBF173020F007008008002070472B
:109A40000020704703F066BB0346D3E8EF0F421CCB
:109A5000C3E8E12F0029F8D170471FB50023CDE9F5
:109A600002011A4619461846CDE90033EAF7F6F91D
:109A700005B05DF804FB0120E9F7A8BF002070479E
:109A80004368DA7101224368196043685A71E9F743
:109A90008FBF70B515460C4669B1D2E901369B1BE4
:109AA00099420AD813680A460146981906F0CDF87B
:109AB000AB682344AB60204670BD6FF01B00FBE732
:109AC00070B50E4615461946044618B9BDE87040F3
:109AD000E9F77CBF33B1C2F34A231030120D1844AA
:109AE00006F0B3F8C4E900562046BDE87040EAF736
:109AF00011B92DE9F3415F1C4FEA8708064608F1CA
:109B0000170020F0070080080C461546E9F7DAFF39
:109B100000238DF80470ADF805308DF8073068B17A
:109B20000346019AA8F1040143F8102F2A4629445C
:109B300052F8045B8A4243F8045FF9D100233146AE
:109B4000A20102F4E07242EA482222F07F4222F4AB
:109B5000700222F03F0202B0BDE8F041FFF7B0BF53
:109B600007B50123019201AAFFF7C3FF03B05DF817
:109B700004FB07B5CDE9002302236A46FFF7B9FFCE
:109B800003B05DF804FB1FB5CDE90123069B01AAD4
:109B900003930323FFF7ADFF05B05DF804FBF8B5B1
:109BA00006460D4614461F4604B9F8BD2146284610
:109BB0003A46B047241A0544F6E710B54268044611
:109BC000D2E9002381680068FFF7E9FF002263689B
:109BD0001A6010BD38B54B6805461A68CB680C464C
:109BE0009A4202D10846FFF7E8FF6368D3E8EF2FF7
:109BF000511CC3E8E01F0028F8D1A36800209D5441
:109C000038BD0A2838B504460D4602D10D20FFF7AD
:109C1000E1FF29462046FFF7DDFF002038BD2DE992
:109C2000F043054687B008460E8891F800900C4630
:109C3000D1F808801746EAF761F9011EC6F38216CB
:109C4000C9F3C2091EDB4846EAF776F80346214607
:109C500051F8102B6088C2F34A22002A01EB02045B
:109C600008BF00210022C0F30B10CDE90407CDE9A5
:109C700002142846414601960092EAF76BF907B0B4
:109C8000BDE8F0830023E2E7436800201B685B68BF
:109C90009961704743681B681A685268536070473F
:109CA00001212DE9F04143681B685A6811771D684E
:109CB0002F68D5E90136D3E900481CB96B681C60F0
:109CC000BDE8F081214630464246B847241A064492
:109CD000F3E743681B681868EAF7A8BA70B54368E9
:109CE0000C461D686B689869E9F74CFE21460346EF
:109CF0000F222868BDE87040184770B50446D0F8B8
:109D00003401A8B10026451EAE4201DD00200FE05F
:109D1000721902EBD2725210D01CC30004EBC000C7
:109D20000089884201D2561CEEE702D80433E018BD
:109D300070BD551EE8E7FFF713BF002310B50446BA
:109D4000C0F83431D4F8500110B9C4F8580110BD2E
:109D5000D4F8542103689042C4F8503108BFC4F8C5
:109D6000543104F0ACFAEDE7034610B5D3E8EF0F39
:109D700000EA0102C3E8E42F002CF7D110BD70B552
:109D800004460D46FFF7D9FF6FF0010104F59C7002
:109D9000FFF7EAFFD4F85C319B682BB12946626873
:109DA0002068BDE87040184770BD10B50446FFF745
:109DB000C4FF6FF0010104F59C70FFF7D5FFD4F8E4
:109DC0005C315B6823B1D4E90001BDE8104018475D
:109DD00010BD37B54FF4205300240546016868468E
:109DE0008DF80040ADF8023000F084FA18B9286808
:109DF000083803B030BD42F60103296801A88DF888
:109E00000440ADF8063000F075FA0028EFD0204687
:109E1000EFE737B542F6030300240546016801A8C1
:109E20008DF80440ADF8063000F064FA18B92868DF
:109E3000083803B030BD2046FBE700687047F7B52F
:109E400000F11C0531B1A94203D20025284603B018
:109E5000F0BD0D46002642F60307D0F8343100EB82
:109E6000C30000F11C040835AC42EED9296801A8F2
:109E70008DF80460ADF8067000F03CFA0028F2D1CD
:109E8000E4E770B505460E46002421462846FFF754
:109E9000D6FF044638B1FFF7BCFF0168304600F03A
:109EA00029FA0028F1D1204670BD034600F11C02BA
:109EB00019B1914202D2002070471146D3F83421E3
:109EC00001F1080003EBC2031C33984228BF0020B5
:109ED000704713B5FFF7E9FF044618B90024204680
:109EE00002B010BD00238DF8043042F60303016870
:109EF00001A8ADF8063000F0FDF90028EFD1EDE73C
:109F000070B5054616460C4621462846FFF7E1FF88
:109F1000044628B13046216800F0ECF90028F3D15E
:109F2000204670BD38B500F59C7504466FF00201FF
:109F30002846FFF719FF83070DD504F5B27003F02B
:109F4000EEFE2046FFF7F9FE6FF001012846FFF70D
:109F50000BFF002038BD6FF07700FBE710B504461B
:109F600023780846052B06D8032B0ED8023B012B7D
:109F700006D9012010BD063B012BFAD8022200E0D1
:109F800000222146EAF786FCF3E70122F9E7EFF722
:109F900065B9FFF7EEBDFFF7E3BDD0E8EF3F43F053
:109FA0000103C0E8E23F002AF7D17047F8B5074641
:109FB0000C461646EAF7D8FE054680B100F14C0182
:109FC0003846F4F70BF820B110F1160F00D100203D
:109FD000F8BDC5E91146A368A0802360F7E76FF0DC
:109FE0001500F5E710B50446EAF7BEFE70B190F82B
:109FF000403033B1436AB0F8B8106FF07F022046AA
:10A0000098472046BDE81040EBF74EB910BD05F06B
:10A0100029BE05F01ABE01460068EBF773BC08B50F
:10A02000EBF700FDBDE80840EBF720BD0A46012133
:10A03000FFF796BD00210120EBF764BC436F83F36B
:10A040000B887047ECF7BEB861B662B680F3118832
:10A05000BFF36F8F704772B6002383F31188BFF38D
:10A060006F8FBFF34F8F30BF62B6BFF36F8F7047F4
:10A0700072B6002383F31188BFF36F8FBFF34F8F46
:10A0800020BF80F31188BFF36F8F62B6704740E83E
:10A0900000F313F4803FD8B208BF6FF0150070478B
:10A0A00030B50C684B6885B00A894D890094013B36
:10A0B00024F01F04234402F01F0242EA451223F059
:10A0C0001F0369468DF808200393ECF72BF905B0C0
:10A0D00030BD08B5ECF758FB08B5D1E90431984715
:10A0E000002008BD08B5ECF73BFB002008BD704719
:10A0F000002303824369C3607047416A8968ECF7B3
:10A10000A9BBEFF31182402383F31288BFF36F8F53
:10A1100000230B60436833B9C0E9001182F3118852
:10A12000BFF36F8F704719604160F7E7034610B5C2
:10A13000EFF31181402282F31288BFF36F8F006822
:10A1400028B15C680268A0421A6008BF5A6081F3B7
:10A150001188BFF36F8F10BD027A0132027270470F
:10A16000034618465B68002BFBD17047426810B568
:10A170002AB10B461C465B68002BFBD16260416034
:10A1800010BD10B5044620B908460B7A01330B7296
:10A1900010BD034618465B68002BFBD1FFF7E6FFB6
:10A1A0002046F5E792B281600160C28082807047EC
:10A1B00083680B440360704703680B6043684B601F
:10A1C00083688B6070478388026819448180D01847
:10A1D000704730B484880568A3188380281930BC80
:10A1E00005F033BD10B5838802685C1C8480D154AF
:10A1F000D01810BD838830B502689D1C8580D418A6
:10A20000D154090A617030BD034600689A88401A2B
:10A2100011441860998070470268531E0360838858
:10A220000133838002F8011C704703468288521A6A
:10A2300082800068084418607047034600689A8866
:10A24000521A01449A801960704710B503680121C1
:10A250001C78FFF7EAFF204610BD10B50368022105
:10A260001C88FFF7E2FF204610BD10B503680421EB
:10A270001C68FFF7DAFF204610BD02688068101ADC
:10A2800070478388C2888168D21A03685B1AD01A23
:10A29000704730B5054614460A8885B08B78ADF80E
:10A2A000002000210D220DF103008DF8023005F091
:10A2B000D9FC6A466946284602F0FBFF28B9BDF87A
:10A2C00000209DF802302280A37005B030BD13B588
:10A2D0000C4601AA0331FFF7DCFF48B903222046F0
:10A2E00001A905F0C7FCB0FA80F0400902B010BD2A
:10A2F0000020FBE710B50C46017822788AB08A422C
:10A300000FD06946ECF776FC204605A9ECF772FC05
:10A3100010220DF115010DF1010005F0ABFC0AB0A2
:10A3200010BD012A06D0022A07D072B9408863887E
:10A33000C01AF4E740686368FAE71022611C013034
:10A340000AB0BDE8104005F095BC6FF01500E6E7D7
:10A35000042A0AD0102A0DD0022A4FF0000315D18A
:10A3600003700B88438001207047012303700B6842
:10A370004360F8E7022300F8013B01F1100351F8B4
:10A38000042B994240F8042BF9D1ECE718467047AA
:10A39000012310B50621044600F8013BF7F716FE2D
:10A3A00018B9A37963F03F03A37110BD0B68036074
:10A3B0008B8883808B798371037823F00203037089
:10A3C00070470078C0F34000704738B50446807A83
:10A3D000ECF716FA6169054649B1637ADB0704D4E4
:10A3E000436A20461B689B689847002363612146A7
:10A3F0002846BDE8384003F0ABBB2DE9F04101F140
:10A400000C080C46054600F10C01404617461E4656
:10A41000FFF7D2FE4046FFF730FF012310FA87F026
:10A4200068826B72394640462F82FFF7FEFEE36872
:10A43000284673600023628AE3607281638234601D
:10A44000BDE8F08138B50C46D1E900320546DA6046
:10A450000B684A895A820868ECF77AFA204610227B
:10A46000002105F0FFFB2846BDE83840FFF7ADBFEF
:10A47000438A23B9C068B0FA80F0400970470020D1
:10A480007047D0F8A03083B15A7CD1070DD5D206E1
:10A490000DD51B7C102B14BF032304234372807A39
:10A4A00098428CBF0020012070470223F6E7032367
:10A4B000F4E70F2807D80D280BD8052808BF03207C
:10A4C00018BF02207047132803D01A2808BF0120A4
:10A4D000F6E7012070477047FFF742BB0B68036047
:10A4E0008B8883808B7983717047FFF742BB0B4663
:10A4F00001461878ECF756BC034610B5D3E8EF0FC9
:10A5000040EA0102C3E8E42F002CF7D110BD00237C
:10A51000E9F720BCD0E8EF3F0B40C0E8E23F002A5B
:10A52000F8D170477047C0F30723537000231171AF
:10A530009370C1F30723090C10709171000E090A82
:10A54000D0705371D171704738B504460D46ECF7A1
:10A55000CDFE5F3005D129462046BDE83840ECF7F6
:10A56000FDBD38BD0020704710B503884288934276
:10A5700019D8052B17D9B2F5486F14D88388B3F5CD
:10A58000FA7F10D240F67644C088A0F10A0189B261
:10A59000A14208D801339BB25343B3EB800F34BFC1
:10A5A0000120002010BD0020FCE70020704708B506
:10A5B000F5F788FB18B1408A003818BF012008BDA4
:10A5C000EDF7FABB70B506460D464FF0FF304FF081
:10A5D000FF31EDF7EFF8044668B103210C30FFF7C7
:10A5E000F2FD068085702146BDE87040002240F2F1
:10A5F0000640EDF7FBBA6FF0680070BDC3681878CD
:10A6000008B1EDF735BC1846EDF7B8BC38B54FF0DA
:10A61000FF3105464FF0FF30EDF7CCF8044668B146
:10A6200002210C30FFF7CFFD2B882146038000224A
:10A63000BDE8384042F21600EDF7D8BA6FF0680076
:10A6400038BDF8B507460E464FF0FF304FF0FF31EA
:10A650001546EDF7AFF8044678B106210C30FFF748
:10A66000B2FD3B884680038085802146BDE8F840E6
:10A67000002242F22200EDF7B9BA6FF06800F8BD8F
:10A680002DE9F047814688464FF0FF304FF0FF310B
:10A6900017461E469DF820A0EDF78CF80546A0B1A0
:10A6A00007210C30FFF78FFDB9F8003080F80280E9
:10A6B0000380C7700671A0F805A02946BDE8F047E1
:10A6C000002242F23200EDF791BA6FF06800BDE867
:10A6D000F08770B506460D464FF0FF304FF0FF3162
:10A6E000EDF768F8044618B9BDE87040ECF72CBDEA
:10A6F00003210C30FFF767FD068085702146BDE819
:10A70000704042F22100EDF723BA072208B505F0A8
:10A71000B1FAB0FA80F0400908BDFFF721BA0B6822
:10A7200003608B8883808B7983717047D0E8AF0F8B
:10A730007047F8B50F46144638BB4FF0FF304FF066
:10A74000FF31EDF737F8054610B327210C30FFF73E
:10A750003AFD224606463946FFF7E1FFC31D04F1E4
:10A76000100152F8040B8A4243F8040BF9D110226D
:10A77000002106F1170005F075FA2946BDE8F840FA
:10A78000002242F22700EDF731BA6FF01500F8BD54
:10A790006FF06800FBE7037A02465B0705D50146C8
:10A7A0002E3211F8010BFFF7C4BF704738B54FF0D8
:10A7B000FF3105464FF0FF30ECF7FCFF044658B17F
:10A7C00029460C30FFF70EFD2146BDE83840002237
:10A7D00042F22D00EDF70ABA6FF0680038BD70B58F
:10A7E000044686B00E4601300131FFF78EFF2E344D
:10A7F000162200210546684605F034FA1022694603
:10A80000204605F037FA40B11022204606F12E010D
:10A8100005F030FA002808BF0125284606B070BDB3
:10A8200038B54B6805460C4673B90B7A13B9037AF1
:10A830005B0709D520682A7803789A4204D0294614
:10A84000FFF7CDFF00B1656038BD10B50C4630B9DB
:10A8500019B1F5F7E3F900B1441C204610BD0024FE
:10A86000FBE707B580B906216846F7F7AFFB40B9AB
:10A870009DF80530684603F03F038DF80530EDF78D
:10A88000D1FE03B05DF804FB6FF01500F9E701207D
:10A890007047037AD90704D523F001030372EEF75A
:10A8A0005DB8990704D523F002030372EEF772B87E
:10A8B000704710B50C4631B10020FFF7D2FF08B940
:10A8C0000123237010BD6FF01500FBE7D0E8AF0F38
:10A8D0007047032808B501D0EEF716FABDE8084026
:10A8E000EEF726BA0368D90444BF43F480630360DB
:10A8F00003689A0444BF43F400630360704701F1A6
:10A900002003013813F8012D8B4200F8012FF9D1F3
:10A91000704700230B60436813B9C0E9001170470A
:10A92000196041607047D0F8B000003818BF0120AE
:10A9300070470846896918301160426800211A6022
:10A9400010F80D2C05F08EB9D0E8AF0F7047FFF767
:10A9500010B92438EEF71CBF002203680BB9184663
:10A9600070478B4210D10B6842B942680360914234
:10A9700000D14360002301200B60704713604368DF
:10A98000994208BF4260F5E71A461B68E6E7437B39
:10A99000072B01D1EEF72CBF704710B504460069B4
:10A9A00018B1EBF7D5FF0023236110BD034610B5A6
:10A9B00000F1C4021046FFF7C7FF60B1411CD2E8A6
:10A9C000EF4F844204D1C2E8EC1FBCF1000FF6D176
:10A9D000F0D1184610BD0346FBE710B5437B044693
:10A9E000023B062B25D8DFE803F00D0424242417AE
:10A9F000220001730021EFF781F8BDE8104002202A
:10AA0000EEF78ABA8378012B11D1403003F0AAF90E
:10AA1000BDE81040EDF794BA0088FFF7D3FD38B9D0
:10AA2000637B072B03D108212046EFF767F800204E
:10AA300010BD6FF07F00FBE710B50446D0F8A00012
:10AA400028B9207A04F17001F5F73CF938B1E278C1
:10AA5000438A2AB913F0210F14BF0120002010BD32
:10AA600013F0240FF8E72DE9F843089E8146102ED5
:10AA70000C4690461F462FD84FF0FF304FF0FF3165
:10AA8000ECF798FE054658B31C210C30FFF79BFBF2
:10AA90000346B9F80020394623F8022B2268C0F893
:10AAA0000220626800F10C045A60B8F800303246A7
:10AAB0004381204605F0C9F8102E05D00021C6F1CB
:10AAC0001002A01905F0CEF82946BDE8F84300228F
:10AAD00042F21900EDF78AB86FF01500BDE8F8836F
:10AAE0006FF06800FAE782780346012A06D1C07A3F
:10AAF00028B1D3F8A00010B1007C70470020704747
:10AB000010B583780446012B29D1437B072B29D12B
:10AB10000A0601F07F030FD5021DD2E8EF0F40F4C3
:10AB20000040C2E8E10F0029F7D12046A37201F0EE
:10AB3000FDFC88B9002010BD427A9A42FAD2827A8E
:10AB40009A42F7D2021DD2E8EF0F20F40040C2E88B
:10AB5000E10F0029E9D0F6E7637AA372EBE76FF023
:10AB60001500E8E76FF07F00E5E78378012B0CBF65
:10AB7000407A0020704737B505460C46FFF721FCA8
:10AB80002946A8B16846FFF711FC69460020EFF797
:10AB9000B1FB58B12388A0F88C306388A0F88E30C0
:10ABA000A388A0F89030E388A0F8923003B030BDBD
:10ABB000FFF74BFE0346006800909A889B79ADF83A
:10ABC00004208DF80630E0E738B5037A04468B425E
:10ABD000154615D100F170010722284605F04AF804
:10ABE00080B1E378072243B904F17E01284605F0DD
:10ABF00041F8B0FA80F0400938BD04F17701F5E77B
:10AC00000020F9E70120F7E78378012B0CBF7030B3
:10AC100000207047F8B507460D464FF0FF304FF063
:10AC2000FF31ECF7C7FD0646D0B10E210C30FFF71F
:10AC3000CAFA04460E22002105F014F83B8831467A
:10AC400023802B88002263806B8842F21300A3804C
:10AC5000AB88E380EB882381BDE8F840ECF7C6BF02
:10AC60006FF06800F8BD704710B50446F9F7DAF8E0
:10AC7000234653F8482BD2F8B01061B9A164D2F83A
:10AC8000B41061B9C2E92C33F9F7E0F82068BDE8E7
:10AC90001040EEF70FBF8B42F6D00968EDE70B606E
:10ACA000C2F8B430F0E703682BB141681A688B42F0
:10ACB000026008BF4260704770472DE9F843446B5B
:10ACC000002C55D054F8085905B1083D002701E083
:10ACD0002C461D46D4E900682EB3F9F7A3F80022EC
:10ACE000D6F8B03004F1480163B1994232D1A36C77
:10ACF00042BBD6F8B420C6F8B030914201D1C6F8B4
:10AD0000B430A764F9F7A2F804F130090022002357
:10AD10004846F8F75DFB0646F8B9D8F804300BB1A1
:10AD2000204698472760E3680BB120469847D8F83B
:10AD300020300BB120469847D5B1AB68002BC7D067
:10AD4000083BC5E71360D6F8B430994208BFC6F88F
:10AD5000B420D6E71A461B68C6E7B36923B16FF083
:10AD60006D02F169206898473046EBF7F1FDCDE7B9
:10AD7000BDE8F88338B5436B0D46BBB1184650F8B3
:10AD8000084904B1083C53F8043C9B680BB12946C0
:10AD900098475CB12046A468436824B19B68083C8E
:10ADA000002BF4D1F6E79B68002BF0D138BDF8B545
:10ADB0000F4600210546164600234FF2244208465E
:10ADC000EFF7C0FE044620B92846BDE8F840EFF78B
:10ADD00079BE04210C30FFF7F6F905704770468004
:10ADE0002046F8BD406B28B1838B08388B4201D0D8
:10ADF0008068F8E7704710B54AB989B2FFF7F2FFEB
:10AE000028B143689B6913B1BDE81040184710BDD5
:10AE100038B50D460521FFF7E5FF002329461A4600
:10AE2000EFF7AAFE044610B12846EBF791FD204645
:10AE300038BD406B28B1838908388B4201D08068C7
:10AE4000F8E7704770470346006828B15968026800
:10AE500088421A6008BF5A6070470346002003B951
:10AE600070471A8A5B681044F9E710B5D46802315C
:10AE7000237813B92170012010BD8B42FBD0038AC7
:10AE8000023B038200201061F6E7FEF769BE2DE960
:10AE9000F04104468868FFF7E0FF638D628B0D4642
:10AEA000934228BF134683421DD30027A165D1F8E2
:10AEB00008808F60F8F7B6FF41462046F0F7AAF801
:10AEC000064638B1C5F80880A765F8F7BFFF3046D9
:10AED000BDE8F081618D638B2846994228BF1946F1
:10AEE000F3F70EFBF1E76FF07906F0E708B50368BA
:10AEF0000A8A1868C968F3F75DF9002008BD38B5FB
:10AF0000054601F10C000C46FFF7A7F92D68014634
:10AF1000238A2868E26801F047F9002038BD38B577
:10AF200004460D46F0F776F830B1294604F15C008E
:10AF3000BDE8384002F001BE38BD70B40568EA6A69
:10AF400052B3136803B1A83BA2F1A8040022114632
:10AF500000E0A83B844207D0668D648BB14238BFC5
:10AF60003146A24238BF22461C462BB1D3F8A83046
:10AF7000002BEED18442EFD1438D408B8B4201D820
:10AF800090420BD9824238BF02469942286838BFA6
:10AF9000194670BCF3F768B91146EDE770BC70470D
:10AFA00073B51446014605464FF49572206800F0CB
:10AFB0007FFF207530B92946206801F040F920B99B
:10AFC00008232375002002B070BD237AB3B1A3F12A
:10AFD0001802534253419B000193638A2946009310
:10AFE000AE68238AE2682068B047002808DB238A1D
:10AFF00098420CD1002301202375E4E70223EBE7FC
:10B0000010F1FF0F03D34042C0B22075DAE70E20E3
:10B01000FBE71FB5CDE9012300231A460093F1F7A2
:10B020007BFE05B05DF804FBF8B5936805460F4656
:10B030001446166863B9506801210C30FFF7C3F855
:10B04000A0602B681B78002B14BF02230123037020
:10B05000A3681B78012B03D0022B1FD000201CE01B
:10B060002B681B78002BF9D1606804210C30FFF7A6
:10B07000AAF8E06007802A68E36852885A8061680D
:10B08000728D738B088A9A4294BFC0EB0200C0EBAA
:10B090000300042894BF00200120F8BD2B681B7812
:10B0A000022BDBD1606812210C30FFF78CF8E060D6
:10B0B00007802B68E268591C0232113351F8040BE7
:10B0C000994242F8040BF9D16168728D738B088A3A
:10B0D0009A4294BFC0EB0200C0EB03001228D9E7EC
:10B0E000D0680431037813B90170012070478B4296
:10B0F000FBD0002091680B8A043B0B8210617047E3
:10B1000070B504460E46002200230846F8F760F9A1
:10B11000054658B101462046EFF77CFF044618B1BA
:10B120002946304602F014FD204670BD6FF0010440
:10B13000FAE70022036803B970478B420FD10B680E
:10B140003AB942680360914200D1436000230B602A
:10B15000704713604368994208BF4260F6E71A4699
:10B160001B68E8E7D0E8EF3F43F00802C0E8E12FB2
:10B170000029F7D1C3F3C00070472DE9F04F044612
:10B1800085B0104690469946FFF767FE638B628D47
:10B190008B46934228BF1346834240F293806368F4
:10B1A00040460393FEF7DCFF4FF0000A0646404698
:10B1B000FFF753FE628B638D06F10C079A4294BF32
:10B1C000C0EB0205C0EB03053846FFF75AF885428D
:10B1D00017D24046FFF741FE628B638D9A4294BFBF
:10B1E000C0EB0205C0EB03058DBB98F80A00EBF736
:10B1F00007FB00220023FEF780FF064630B95746C2
:10B2000036E03846FFF73DF80546EDE70146404693
:10B21000FEF7B7FF4046FFF720FE628D638B06F115
:10B220000C079A4294BFC0EB0205C0EB03053846F9
:10B23000FFF727F885421FD24046FFF70EFE628DCA
:10B24000638B9A4294BFC0EB0205C0EB0305F16823
:10B25000328ACDF80090DBF804700A44039859460E
:10B26000ABB2B847071E0CDABAF1000F18BF574649
:10B27000384605B0BDE8F08F3846FFF702F80546BE
:10B28000E5E70E9BB3B9394606F10C00FEF79BFFCC
:10B290004046FFF7E2FD638D628BB944934228BFBD
:10B2A00013468342BA441FFA89F9A8D9AF423FF442
:10B2B0007EAFA4E7394630460F9A0E9B9847002888
:10B2C000E1D19CE70027D3E72DE9F04106469046FF
:10B2D0001F460D46B9B104220121F0F701F80446DA
:10B2E00018B9BDE8F041EFF73DBF04210C30FEF77F
:10B2F0006AFF0570A0F80180C77021463046BDE89E
:10B30000F041FFF70CBEBDE8F08130B50C4685B0CA
:10B31000054601F10C00FEF7A0FF228A03460292C7
:10B32000E26828460192002211460092F0F752F896
:10B3300005B030BD30B50C4685B0054601F10C00B6
:10B34000FEF78BFF228A03460292E26812210192E5
:10B350000022284600921322F0F73CF805B030BDD9
:10B3600000232DE9F34117681446D7F804800146FD
:10B37000137306469522404600F09AFD0546207359
:10B3800030B93146404600F058FF28B908232373EE
:10B39000002002B0BDE8F081CDE9005531463846C5
:10B3A000A388A268FFF7E9FE002807DA10F1FF0F73
:10B3B00032BF0E204042C0B22073E9E70120E8E727
:10B3C00000232DE9F34117681446D7F8048001469D
:10B3D000137306469522404600F06AFD0546207329
:10B3E00030B93146404600F028FF28B908232373BE
:10B3F000002002B0BDE8F081A068798D7A8B038AC5
:10B40000914294BFC3EB0103C3EB0203012BEFDDB9
:10B4100002210C30FEF7D7FECDE900558046A38807
:10B4200031463846A268FFF7A8FE031E06DA13F17C
:10B43000FF0F2ABF5B420E23DBB2D8E70120A8F83A
:10B440000030D6E707B5CA680C21138852880092ED
:10B450000D22F0F7CFFB03B05DF804FB07B5002227
:10B46000CB680A211B8800920B22F0F7C3FB03B0C4
:10B470005DF804FBF8B5CB6804461F88BBB2162BF9
:10B4800024D90321F0F7C6F9064608B302210C308F
:10B49000FEF799FE00256FF00803457003703146F2
:10B4A0002046FFF73CFDF7236383236867851B680D
:10B4B0000433D3E8EF1F41F48031C3E8E21F002AD0
:10B4C000F7D12046FFF739FD2846F8BD0420FCE7F8
:10B4D0000E20FAE7F8B5054650F8044C071F00F1B6
:10B4E0005003D3E8EF1F21F00401C3E8E21F002A54
:10B4F000F7D1FCB16B6D83B9636873B1201DFFF7A1
:10B50000A2FC064601463846FFF7C1FC90B16368CD
:10B510003360A368666003B9A660384605F1580138
:10B52000FFF7EEFD30B1384604F10C01BDE8F840FC
:10B53000FFF7E6BDF8BD2DE9F041C46A074634B314
:10B5400054F8A86906B1A83E002307F104081D4677
:10B5500001E034461646A26D92B905B983B940465A
:10B56000FFF771FC054650B101462046FFF78FFCFE
:10B5700068B17B682B60BB687D6003B9BD60234602
:10B580002EB1D6F8A820002AE3D0A83AE1E7BDE81A
:10B59000F08138B50546D1E8AF3FDB0716D550F846
:10B5A000040C98B16B6D8BB90430FFF74CFC04466A
:10B5B00060B10146281FFFF76AFC38B155F8043C1A
:10B5C0005A6822609A685C6002B99C6038BDF1F7E5
:10B5D00037BB08B5F0F776FD08B3C26A02B313684B
:10B5E00003B1A83B32F88E0C32F87E2C904228BF73
:10B5F000104643B913E0934228BF1346984238BF20
:10B600001846A1F1A803D3F8A8105A8B5B8D002926
:10B61000F1D19A4228BF1A46904238BF104608BD61
:10B620001046FCE70A8A0023C968F0F7AFBEFFF7AF
:10B63000F9BFFFF7F7BFFFF7F5BFFFF7F3BFFFF75E
:10B64000F1BFFFF7EFBFFFF7EDBFFFF7EBBFFFF76E
:10B65000E9BFFFF7E7BFFFF7E5BF70B5CE68044667
:10B6600033880D469AB2162A06D8002204231146C2
:10B67000BDE87040F0F78ABEF72243854283FFF7AA
:10B680005CFC0023314620462A8AF1E770B50E465D
:10B69000F0F718FD044628B93046EBF759F96FF07A
:10B6A0007F0070BD00F10C052846314602F045FAD6
:10B6B000E06A38B150F8A84904B1A83C2946FFF720
:10B6C0001FFD20B90020ECE71C466FF00100002CA4
:10B6D000F8D0D4F8A83023B90230F5D020461C4663
:10B6E000ECE7A83BF8E738B505460C46F8F79AFBB7
:10B6F0002846F0F7E7FC20B9F8F7A8FB6FF07F00C9
:10B7000038BD0023236083683BB9C0E90144FFF7DB
:10B7100012FFF8F79BFB0020F2E71C608460F6E75D
:10B7200010B50C46F0F7CEFC90B1C36A43B153F8A4
:10B73000502CA83B9169A14209D0D3F8A830F5E775
:10B74000406828B18369A34202D00068F9E7104637
:10B7500010BD0120704708B5F0F7B4FC78B1C36A9A
:10B760006BB1A83B03F15402D2E8EF0F20F00800C0
:10B77000C2E8E10F0029F7D1D3F8A830F0E708BDFF
:10B7800008B50421FFF755FB20B15030D0E8AF0FCA
:10B79000C0F3C00008BD10600020704710B5029CC7
:10B7A000A36833B1B1F5807F28BF0E21CAB221460C
:10B7B0009847A37DE268013BDBB2A37522B11BB9B8
:10B7C0002046BDE81040104710BD10609180002059
:10B7D0007047B1F5807F28BF0E21009AC9B2136867
:10B7E0001847FEF7C6B9F0B5076806463D78144617
:10B7F00089B0E5B97B88B3F5245F04D011D8A3F5EF
:10B800002053032B13D8ADF80A10022220460DF165
:10B810000A01F0F773FF70B16FF01502C4F86021F0
:10B8200006E003F55643FF339BB2042B1DD90125D7
:10B83000284609B0F0BD7B88022220460DF10A019E
:10B84000ADF80A30F0F75AFF0028E5D1009003AABE
:10B85000132331467768B847021EDFDB03A9204671
:10B86000F0F74CFF0028E2D0D6E7ADF80A1002222C
:10B8700020460DF10A01F0F741FF0028CCD17B886A
:10B880000222ADF80A300DF10A01E8E7072208B5F7
:10B8900004F0F0F9B0FA80F0400908BDD0E8AF0F2D
:10B8A0007047034610B5D3E8EF0F40EA0102C3E842
:10B8B000E42F002CF7D110BDFEF752B90B680360DE
:10B8C0008B8883808B7983717047034610B5D3E8EA
:10B8D000EF0F00EA0102C3E8E42F002CF7D110BDFE
:10B8E0002DE9F0410C46069D06466FF0040105F176
:10B8F0001000FFF7EAFFF4B13046F0F76BFF0146A6
:10B9000048B3836853B10022186805F1140C2BB1B9
:10B91000634508D12B463046F0F77EFFB4F5807FB3
:10B9200028BF0E240FE020B107681A4603463846A8
:10B93000EDE70746F9E7AB892BB9234622462946AE
:10B9400030462F68B8476B682BB12A463046E1B2C3
:10B95000BDE8F0411847BDE8F08111F1680F01D052
:10B96000FFF7BEBF70472DE9F04107460C460026A1
:10B970004D1C01F16508294615F8010CEEF7E6FCAF
:10B9800030B1B5F807309E4238BF1E46EEF77AF860
:10B990000A354545EFD1B4F86430B34208D0A36E00
:10B9A000A4F8646023B131463846BDE8F041184739
:10B9B000BDE8F08108B502210C30FEF704FC6FF001
:10B9C0000802034600201A70587008BD10B51446CE
:10B9D00002210C30FEF7F7FB63890380002010BDC5
:10B9E00010B5144604210C30FEF7EDFB23890380CB
:10B9F000E3894380002010BD10B5144602210C30AD
:10BA0000FEF7E1FB23890380002010BD10B514462A
:10BA100004210C30FEF7D7FB238903806389438020
:10BA2000002010BD38B5154600F10C040421204655
:10BA3000FEF7C9FB2B890380EB8943802B7C33B94C
:10BA40004FF420512046FEF7D5FB002038BD42F6CA
:10BA50000101F7E738B5154600F10C040421204632
:10BA6000FEF7B1FB2B890380EB8943802B7C022BF3
:10BA700004D0032B09D02B68598801E042F602015B
:10BA80002046FEF7B7FB002038BD42F60301F7E77A
:10BA900070B51446002500F10C066268EBB29A42BC
:10BAA00005F1010501D8002070BDA268304632F8CA
:10BAB0001310FEF79FFBF0E7FFF7EABFF7B5089D0D
:10BAC00006460C462F6851B973B900232A460893DD
:10BAD000E1B23046BC4603B0BDE8F0406047B1F586
:10BAE000807F28BF0E24F0E7009313462A46B8470C
:10BAF000089423462A4621462F68EAE7F0B50D460A
:10BB000087B0114606461A460C9C5DB983B9276872
:10BB1000002322463046BC46E9B20C9307B0BDE88C
:10BB2000F0406047B5F5807F28BF0E252768EFE716
:10BB300003A8FEF737FBBDF81030012B08D800230F
:10BB400000932246194630462568A84707B0F0BD45
:10BB5000022103A8FEF771FB0346BDF8102033F85D
:10BB6000027B0021974228BF1746009722463046A5
:10BB70002568A847394603A8FEF75FFBDBE738B521
:10BB8000BDF810401546A2420CD84CB16BB1A21AB8
:10BB90008A42A8BF0A4694B22246591904F055F8C1
:10BBA000204638BD6FF00600FBE76FF00D00F8E7A8
:10BBB00030B585B0C96814461D46F0F7EFFD00B1F9
:10BBC00000890223ADF80E00009329462046BDF8F7
:10BBD00020200DF10E03FFF7D2FF05B030BD1FB5D9
:10BBE0000C461946E36810461C78BDF818203CB195
:10BBF00010240133069404B0BDE81040FFF7BFBF26
:10BC00005B88ADF80E30022300930DF10E03FFF7B1
:10BC1000B6FF04B010BD30B51D46002385B01446F4
:10BC20008DF80C30F0F77CFD10B1037A8DF80C30F4
:10BC30000123294600932046BDF8202003ABFFF7DF
:10BC40009EFF05B030BD2DE9F04114461D46BDF8FC
:10BC50001870EBF771FF0646E4F771FB80B20690AF
:10BC600033463A4629462046BDE8F041FFF787BFF4
:10BC700030B585B014461D46FEF797FC0223ADF89B
:10BC80000E00009329462046BDF820200DF10E033A
:10BC9000FFF775FF05B030BD38B5144600F10C054F
:10BCA00006212846FEF78FFA23890380E389438023
:10BCB000237C002B42F6010308BF4FF420538380FE
:10BCC00021680B781BB1022B06D0002038BD284616
:10BCD0004988FEF78FFAF8E7102228460131FEF76F
:10BCE00078FAF2E738B5154600F10C040421204635
:10BCF000FEF769FA2B8903806B894380E9680B782A
:10BD00002BB920464988FEF775FA002038BD10226D
:10BD100020460131FEF75DFAF7E7002203680BB910
:10BD2000184670478B4210D10B6842B942680360D5
:10BD3000914200D14360002301200B6070471360E3
:10BD40004368994208BF4260F5E71A461B68E6E778
:10BD500070B500F1700605463146007AFEF727FC03
:10BD600004463146287A3CB1F0F7FCFC18B10023B8
:10BD700003604360836070BDF0F7F4FC0028FAD0E4
:10BD8000046044608460F6E7022A10B508D10023FD
:10BD900000F170011A46007AF0F7FAFD022010BD9A
:10BDA000FFF7D6FFFAE738B5144600F10C0502217B
:10BDB0002846FEF708FA63890380A1892846FEF722
:10BDC00019FA042104F11000FFF76BFD002038BDC3
:10BDD00001210C30FFF765BD38B504461546FFF765
:10BDE000B8FC40B12046F0F79BFC20B1037ADB079A
:10BDF00001D5FFF7EDFF35B9207A04F17001F0F7B6
:10BE0000B1FC00B1856038BD13B5044610B90020FF
:10BE100002B010BD00238DF8043042F60303006821
:10BE200001A9ADF80630FEF765FA0028EFD1E36806
:10BE300098880028ECD12046F0F73EFF013080B210
:10BE4000E6E770B5CC681E46A37988B008468DF841
:10BE50000C301546FFF7D8FFADF80D0024682378A5
:10BE60006BB96388ADF80F3005230093314628463F
:10BE7000BDF8302003ABFFF782FE08B070BD631C35
:10BE80000DF10F02113453F8041BA34242F8041BB6
:10BE9000F9D11323E9E71FB5CDE9012300231A46A1
:10BEA0000093F0F739FF05B05DF804FBFFF791BB95
:10BEB00038B54C8AD3070546C4F30E0404D514F0F4
:10BEC000950F2AD04B6843B3900704D514F4957F9F
:10BED00025D08B681BB3144014F4DE7F0DD0EB7AB1
:10BEE0002BB92846FEF7A8FDD8B9052038BD14F0B7
:10BEF000300F04D114F4C07F07D10020F6E72846A4
:10BF0000FEF733FE0228F5D8EFE7D5F8A030002B76
:10BF1000EBD05B7CDB06E8D5EFE70220E6E7032009
:10BF2000E4E70F20E2E7F8B514460F469422616873
:10BF30000646FFF7BDFF20BB012230466168F1F7DE
:10BF400007F808B3A2891B2130460232F0F7AEF998
:10BF50000546E0B1A1890C300231FEF734F920F832
:10BF6000027BA289A16803F070FED4E9041228467E
:10BF70000123F0F7B1FB29463046BDE8F840FFF752
:10BF800085BB4FF0FF30F8BD6FF01500FBE76FF099
:10BF90000B00F8E770B50B460546144629B9214653
:10BFA0002846F1F7E9FA28B970BD4FF6FF729142C1
:10BFB00007D121812246284663680021BDE87040F0
:10BFC0001847E28901339BB29A422381E7D2F1E715
:10BFD0002DE9F04F89B006461446129F11B913F0AF
:10BFE000030807D03A46002130467B6809B0BDE817
:10BFF000F04F1847C14642F6010AC3F3870302EB2C
:10C000008305AC4207D13A464146304609B0BDE807
:10C01000F04FFFF7BFBF3A7C6388002A14BF524637
:10C020004FF42052ADF802201022ADF808301FFA6C
:10C0300083F83B68B4F800B000210DEB02000193D7
:10C040008DF8009003F00EFE01AB06933A463046A1
:10C050007B68CDF80CD0ADF81CB003A99847043428
:10C060000028CED109B0BDE8F08FF0B553898FB06C
:10C07000ADF80C3093890546ADF80E30022304A8C4
:10C08000144616898DF8103002900DF1110301F15C
:10C09000100251F8047B914243F8047BF9D12168E6
:10C0A000C1B9002142F6020310220AA88DF804103B
:10C0B000ADF8063003F0D6FD01AB099302AB0C934B
:10C0C000224628466368ADF8346009A9984728B924
:10C0D0000FB0F0BDFEF70EF90028E2D02246284648
:10C0E0002189FFF757FFF3E72DE9FF479046DDE988
:10C0F0000D9A427B1E46072A05460F469DF83030B2
:10C100002BD1C27A2ABB23B3D22106F10E02F0F75B
:10C11000CDF8044630B302210C30FEF754F800236A
:10C12000078000220027CDE9002331464246204601
:10C13000CDE90277EAF72AFC494620463B465246BB
:10C14000F0F7CAFA2146284604B0BDE8F047FFF7E9
:10C150009DBA52212846B21CD9E76FF07F0004B087
:10C16000BDE8F0876FF00B00F9E773B504460D46A4
:10C17000F7F758FE29462046FFF7D2FA014620B9C4
:10C1800002B0BDE87040F7F761BE46682046F0F7A0
:10C1900079FAF7F75BFE2EB100230E211A462046EE
:10C1A0000095B04702B070BDF7B50D46044616467F
:10C1B0001F46F0F70FFB014628B133462A462046BA
:10C1C0000097F1F7BBFF03B0F0BD2DE9F041054644
:10C1D0008846F0F7A5FA0446D8B1037ADB0718D5EC
:10C1E00000F10C073846FFF759FB10F0010610D19B
:10C1F000B8F1000F0ED06FF002013846FFF765FB73
:10C2000010F0020F284608D0FFF7A5FA2046FFF7E6
:10C21000DFFD01263046BDE8F081FFF79AFA0028DD
:10C22000F8D02846FFF7ACFA0028F3D06FF00201EF
:10C230003846FFF74AFB2846E6E701207047012011
:10C24000704707207047FDF78BBCD0E8AF0F08415F
:10C2500000F00100704738B50A46034609B90120CD
:10C2600038BD488A10F0240FF9D0197D5D7B147C0D
:10C27000A94228BF29468C4201D90020F0E7840654
:10C2800008D4507C197AC0070BD4187A003818BF2C
:10C290000120E5E70521181DFFF7D7FF0028F0D1A1
:10C2A000EBE70029E9D00521181DFFF7CEFF18B9EB
:10C2B000197A01390129E0D9527CD207CFD4E4E7B9
:10C2C00001238B40DB43D0E8EF2F1A40C0E8E12F79
:10C2D0000029F8D17047FDF74CBC08B50621FEF7E0
:10C2E000A8FD18B9BDE80840F2F764B9EC3808BDFC
:10C2F0000720704701238B40D0E8EF2F1A43C0E896
:10C30000E12F0029F8D1704708B50E21FFF7F2FFA1
:10C31000002008BD38B504210446F2F717FA054697
:10C3200098B110210C30FDF74EFF04F1270304F102
:10C33000370253F8041B934240F8041BF9D12046FE
:10C340002946F2F74BF9002038BD0820FCE738B544
:10C35000CD6804460B210430FFF7B2FF2B4604F1F1
:10C36000170205F1100153F8040B8B4242F8040B3D
:10C37000F9D1D4F8EC30DB783BB920460421FFF743
:10C38000B9FFBDE83840FFF7C5BF002038BD072022
:10C39000704707207047012303FA01F1CA4330B503
:10C3A000D0E8EF3F03EA0204C0E8E54F002DF7D1E3
:10C3B000194214BF0120002030BD70B5044600258D
:10C3C000D0F8EC60031DD3E8EF2FC3E8E15F00294C
:10C3D000F9D104F5A07001F0C5FC2572D4E8EF3F57
:10C3E000C4E8E25F002AF9D1F3782BB92046BDE812
:10C3F00070400B21FFF77EBF70BD70B500F1700675
:10C4000005460C4607223046096803F033FCB8B9EC
:10C4100063681A682A679A88A5F874209B7985F85A
:10C420007630D5F8A0305BB1A268934208D062683C
:10C430001168C3F801109188A3F805109279DA7198
:10C4400070BD2DE9F84FDDF82C80044692461F465A
:10C45000BDF82890FFF741FF054600285AD0061D79
:10C46000B9F1000F27D15AEA070324D1032130463E
:10C47000FFF7EBFED0B301213046FFF7E6FEA8B38D
:10C480002C7D6B7B05F147019C4228BF1C46224650
:10C49000404603F0DAFB0F2C06D80021C4F110024D
:10C4A00008EB040003F0DEFB30460121FFF722FF1A
:10C4B0000120BDE8F88FD4F8A030F3B904F1700B77
:10C4C0005A462020217AF3F783FBC4F8A00030B944
:10C4D0005A460120217AF3F77BFBC4F8A000B9F19A
:10C4E000000F0AD15AEA070704D006E0D4F8A030BA
:10C4F000002BE3D0D4F8A01071B90F213046FFF71C
:10C50000A4FE20B1022206212046EDF7CBFE2846EC
:10C51000FFF753FF0020CCE74B8A9B06EDD50C7C40
:10C520001E312246B4E76FF085007047F7B5C37837
:10C530000446002B5FD1FFF7D0FE054600285DD0F2
:10C54000061D03213046FFF780FE20B16FF00F0477
:10C55000204603B0F0BD01213046FFF776FE0028EB
:10C56000F4D10F21201DFFF770FE28B1204603B043
:10C57000BDE8F040F2F72EBDD4F8A03083B904F145
:10C5800070073A462020217AF3F722FBC4F8A00076
:10C5900030B93A460420217AF3F71AFBC4F8A00018
:10C5A000D4F8A0100029E1D04B8A13F0240FDDD07D
:10C5B000A27A022A09D9487CC007D7D5032A04D019
:10C5C0009B06D3D50B7C102BD0D10B7C204600933F
:10C5D00001F11C0201F11E031431FEF744FA044676
:10C5E0000028B5D128460B21FFF784FE01213046F3
:10C5F000FFF780FEACE76FF01504A9E76FF07F044A
:10C60000A6E770B504460820F1F784FF0546E8B1B7
:10C61000061D08213046FFF753FE002C3CD00721B1
:10C62000FFF74EFE234605F1970204F1200153F86F
:10C63000040B8B4242F8040BF9D10A213046FFF774
:10C6400004FE70B109213046FFF754FE0720F1F7D0
:10C6500061FF044610B3F2F75BF80146F0B12046E3
:10C6600017E010213046FFF7F0FD09210028EAD13C
:10C670003046FFF7EAFD0028E8D0D5F8EC30DB784B
:10C68000002BE3D12846F2F763F901460028DDD0FC
:10C690002846F2F799FED9E70B21F9E770BD70B58E
:10C6A0000446A0F1EC0650F8543BE83CD3F8A05007
:10C6B00001F058FB03212046FFF7C7FDA0B1082178
:10C6C0003046F2F7F1FD3DB16B8A13B16B7C9B07ED
:10C6D00002D5284600F029F83046BDE870404FF4F6
:10C6E000BC72002103F0BEBA01212046FFF7ADFD68
:10C6F0000028E4D10F212046FFF7A7FD0028DED156
:10C70000E1E770B504460D461646F3F761FA38B90D
:10C7100031462846F3F7DAF910B1438A1C434482C4
:10C7200070BD438A19434182704710B5037A0446AD
:10C730005B0701D5ECF72EF92046BDE810404422F6
:10C74000002103F08FBAFDF70BBA07B5002100886E
:10C75000F3F7D6FA019010B101A8F3F705FB03B087
:10C760005DF804FB02888378002042EA03431B0B38
:10C7700042F30B0283F4006392B2A3F5006362F309
:10C780000F009BB282B063F31F4002B070474FF0BE
:10C79000FF33C0F80130C0F80530FC237F2203705E
:10C7A000C3701F2382704372704738B54FF0FF315A
:10C7B00005464FF0FF30EAF7FDFF044668B102215D
:10C7C0000C30FDF700FD2B88214603800022BDE8D8
:10C7D000384042F28A00EBF709BA6FF0680038BDC2
:10C7E00070B506460C464FF0FF304FF0FF31EAF7C8
:10C7F000E1FF0546D8B105210C30FDF7E4FC328895
:10C80000028094F903200271A278C2700022827023
:10C8100022788270617811B142F00202827029465A
:10C82000BDE87040002242F28D00EBF7DFB96FF0F7
:10C83000680070BDF8B507460C464FF0FF304FF06A
:10C84000FF311646EAF7B6FF0546002840D01C2106
:10C850000C30FDF7B8FC3A8802802278C6708270EE
:10C86000627802F003020271617811F0300FC1F3B7
:10C87000011208BFFF224271A27829468271E27834
:10C88000C2712279027262794272A2798272E2796D
:10C89000C272227A0273E27CC275227D0276627DC8
:10C8A0004276A27D8276E27DC276D4F80920C0F875
:10C8B0000D20D4F80D20C0F81120B4F81120A0F8F4
:10C8C0001520BDE8F840002242F29000EBF78EB947
:10C8D0006FF06800F8BD38B54FF0FF3105464FF0F6
:10C8E000FF30EAF767FF044668B102210C30FDF71C
:10C8F0006AFC2B88214603800022BDE8384042F2C2
:10C900008C00EBF773B96FF0680038BD70B5064660
:10C910000D464FF0FF304FF0FF31EAF74BFF044672
:10C9200088B104210C30FDF74EFC3388214603808A
:10C930002B78002283706B78C370BDE8704042F2A0
:10C940009400EBF753B96FF0680070BD70B5064600
:10C950000C464FF0FF304FF0FF31EAF72BFF054652
:10C96000002835D017210C30FDF72DFC32880280CD
:10C97000227882706288A0F80320A288A0F805209F
:10C98000E288A0F807202289A0F80920E268C27294
:10C99000C2F30721120C0173427322698273C2F33E
:10C9A0000721120CC1730274227D29464274627DF4
:10C9B0008274A27DC274E27D0275227E4275627E1F
:10C9C0008275BDE87040002242F29300EBF70EB989
:10C9D0006FF0680070BD37B50446002142F289004F
:10C9E00001AAEBF703F900286DD10198C3685A78C2
:10C9F0001D7822705A8862801A7922715A79627180
:10CA00009A7902F00102A2719A79C2F34002E271AE
:10CA1000DA7902F0010222725A7A22739A7A6273E8
:10CA2000DA7AA2735A7A2AB11A7A02F00102C2F1B2
:10CA30000202D2B262729A7A2AB11A7A12F0020F04
:10CA400014BF01220222A272DA7A2AB11A7A12F0F3
:10CA5000040F14BF01220222E2729A8902F001023D
:10CA6000E273DA8902F0010222741A7CC2F34002F6
:10CA700062741A7CC2F38002A274B3F81120C2F36C
:10CA80004002E274B3F81120C2F380022275B3F8B9
:10CA90001120C2F3C0026275B3F81320E282B3F82A
:10CAA00015202283B3F817206283B3F81920A283DC
:10CAB000DA7EA2771B7FE3770023238484F8223079
:10CAC000E9F746FF284603B030BD531E194402441F
:10CAD00011F8013900F8013B9042F9D1704710B5C7
:10CAE000431E00F11002073013F8011F12F8014D28
:10CAF00083421C701170F7D110BDF0B50E4614467C
:10CB00001D4697B00146202205A81C9FFFF7DDFFB8
:10CB1000202231460DA8FFF7D8FF2146102201A898
:10CB20008DF85450FFF7D1FF3B46412205A901A8DB
:10CB3000F3F72EFE044610B93846FFF7D0FF204623
:10CB400017B0F0BD2DE9F04316461D4697B00446D8
:10CB5000DDE91F98102205A8219FFFF7B6FF1022DC
:10CB6000314609A8FFF7B1FF102229460DA8FFF7AB
:10CB7000ACFF03221E9911A8FFF7A7FF494611F841
:10CB8000013BD9F801008DF847308B8806221290BE
:10CB900012A8ADF84C30FFF798FF414611F8013B61
:10CBA00006228DF84E30D8F801300DF14F00CDF847
:10CBB0004F308B88ADF85330FFF787FF21461022A6
:10CBC00001A8FFF782FF3B46412205A901A8F3F720
:10CBD000DFFD044610B93846FFF781FF204617B045
:10CBE000BDE8F0830C220369C9B201FB0233186C63
:10CBF00000F00700704770B5C9B20369EFF3118503
:10CC0000402484F31288BFF36F8F0C2606FB013497
:10CC1000246C14F0C00408D0A24206D085F3118819
:10CC2000BFF36F8F4FF0FF3070BD012271430B4493
:10CC30001A6485F31188BFF36F8F43680B445B68F8
:10CC400098470020F0E78022FFF7D5BFF8B5069F90
:10CC50000469C9B2EFF31186402585F31288BFF34A
:10CC60006F8F0C2569430C44256C05F0070CBCF153
:10CC7000010F0BD1276486F31188BFF36F8FC4E9CE
:10CC80000E2343685B5898470020F8BD05F0C005A7
:10CC9000AF4286F31188BFF36F8F0CBF6FF0770040
:10CCA0004FF0FF30F1E713B580240094FFF7CEFF7B
:10CCB00002B010BD10B41C240069CBB203FB040009
:10CCC00000215DF8044B10471046F6F7B3BB00F0A7
:10CCD0003DBBF5F73BBA40F272607047084608B5B5
:10CCE0001146F8F7F7FA002818BF6FF0040008BDE6
:10CCF00008B5F8F749FB002818BF6FF0040008BD1D
:10CD0000436800205B68DB680B607047436802EA99
:10CD100001005B6821EA02015860002099607047B9
:10CD2000436800205B6859607047436800205B6877
:10CD30009960704743685A68136821EA03000B4002
:10CD4000506000209360704710B503695868F8B1CF
:10CD5000884219D19C680868A142586000D1986047
:10CD6000002008602AB15A680A609A68596002B9BE
:10CD70009960002010E0814206D108682060986820
:10CD80008142EDD19C60EBE7044600680028F2D1B7
:10CD9000002AE8D16FF0150010BDF5F711BC30B5D1
:10CDA00043681360057A446804EBC504A34202D3C8
:10CDB0006FF0010030BD5C798C4201D00833F0E7A0
:10CDC0000020F7E710B40269436811681B68D3F8C4
:10CDD000304171B184B100240C611168C97B19B96B
:10CDE0004FF48051C3F8081311688C7B24B10023E1
:10CDF0008B735DF8044B7047D3F8141121B10021F7
:10CE0000C3F81411D3F8143112681368002BF0D052
:10CE100051685DF8044B184743681B68D3F88004D9
:10CE2000C3F88004704742681368D3F84C0150B1CE
:10CE30000020926A12780A70C3F84C01D3F84C2192
:10CE400001229A6270474FF0FF307047002A0FDDD1
:10CE500042681368D3F84C0158B10020C3F84C0164
:10CE6000D3F84C010120926A12780A7098627047D8
:10CE70000020704710B543681C680369EFF3118008
:10CE8000402282F31288BFF36F8F1A68D17B39B9C1
:10CE9000917301221B68DA734FF48053C4F8043392
:10CEA00080F31188BFF36F8F10BD03691A68D17BBF
:10CEB00021B10121917300221B68DA737047026966
:10CEC00003461168C87B40B15B681B68D3F830012A
:10CED00018B100230B6113689889704743681B6879
:10CEE000D3F84C01003818BF0120704743681B6815
:10CEF000D3F8042312035CBF4FF40022C3F80423C9
:10CF0000704743681B68D3F80423120344BF4FF4EF
:10CF10000022C3F808237047202243681B68C3F827
:10CF200004237047202243681B68C3F80823704716
:10CF300038B5436804461D68D5F80433DB0405D4CE
:10CF4000D5F8040310F4002006D138BDFFF7B7FF71
:10CF50000028F5D00120F8E72046FFF7BFFF003892
:10CF600018BF0120F1E701207047036918680160CC
:10CF70001B685A60704713B501AA0446FFF70FFFFC
:10CF8000002805DB019B226819791868F3F7A4FFD4
:10CF900002B010BD38B5054644680121E068FFF7CE
:10CFA000EAFF6B6819686369C1F82435E28BA38BCB
:10CFB000A07E1343228C1343628C1343627E9BB288
:10CFC0000243207E02431343C1F86C3569680B6845
:10CFD000D3F8002242F48022C3F800220822C3F8CA
:10CFE00000254A6A0121C3F83C270022C3F84027E4
:10CFF0001965D3F830110029FBD0C3F800256D68FE
:10D000000021E8682C68FFF7B6FF0823C4F8003554
:10D010002A7A52B9AB6AC4F804370123C4F8083736
:10D02000C4F84C21D4F84C21A362002038BD10B5BF
:10D030000446002201214FF48270E9F755F84FF4BD
:10D040008270E9F72FF82046BDE81040FFF7A2BF35
:10D0500010B5044600220121C720E9F745F8C72092
:10D06000E9F720F82046BDE81040FFF793BF10B560
:10D07000044600220121C620E9F736F8C620E9F768
:10D0800011F82046BDE81040FFF784BFF8B50669E7
:10D090000546336801279C8910339442A8BF144683
:10D0A000D3E8EF2F002A03D1C3E8E07F0028F7D1AF
:10D0B0000CBF3B46002325D133682246986802F016
:10D0C000C4FDEFF31180402383F31288BFF36F8F09
:10D0D0006B6831681B68D3F830213AB914460A618D
:10D0E00080F31188BFF36F8F2046F8BD8A68C3F8BC
:10D0F0003C270022C3F84047C3F83021D3F8302141
:10D100001F65EDE71C46EFE708B50220F3F7A2FC28
:10D11000002008BD08B5F5F77DFB08BD034670B4D7
:10D120000C46DA88006819792243012405698C408D
:10D130002B6812F0010F866814BF2343A3432B60B2
:10D14000336870BC1847012303FA01F103691B68B7
:10D15000194203D022B183681B6903E0002AFAD088
:10D160008368DB6818470A460121FCF7F9BC0121F6
:10D17000F4F7EEB80021F4F7EBB810B54FF0FF303C
:10D180004FF0FF31F4F702F9044628B9C3F760FD08
:10D19000044618B1F4F702F9204610BDF4F7FEF882
:10D1A0002046E9F799FDF7E738B50B8A0D463BB104
:10D1B00001F10C00FDF749F8012818D0022803D02E
:10D1C0006FF01504204638BD4FF0FF304FF0FF31AF
:10D1D000F4F7DCF804460028F4D1E868DBF7BAF885
:10D1E0000446F4F7DBF8ACB1F4F7DEF8EAE74FF009
:10D1F000FF304FF0FF31F4F7C9F804460028E1D1C1
:10D20000E868F4F70DFB0446F4F7C8F8002CD9D110
:10D21000F4F7CAF82846E9F79BFB0024D2E7F4F7B5
:10D2200073BA10B531220021044602F01BFD202301
:10D2300023708023A3706FF03F0363710423A372F4
:10D240000C2323732823A3730223E3736FF03F039C
:10D2500023746FF01F0323750423A3751823E3754C
:10D260006FF07D032376172363763C23A3766FF05C
:10D270000303E3760923237707236377302384F8B6
:10D2800020306FF03F0384F82130792384F8223076
:10D290007E2384F82330802384F82630072384F803
:10D2A00027306FF0650384F82C30102384F82F307A
:10D2B00010BD08B50323E2F787FF002008BD08B5BD
:10D2C000F4F79AFE002008BD08B5F8F75DF848B1FC
:10D2D000002383F31188BFF36F8F0423184602DF06
:10D2E0006FF0040008BD08B54FF0FF314FF0FF307C
:10D2F000F4F74CF8E2F770FFBDE80840F4F74EB8D9
:10D30000684620F007018D4601B5DAF779F8BDE8E7
:10D31000014085467047684620F007018D4601B5FB
:10D32000D9F752FDBDE8014085467047684620F0B8
:10D3300007018D4601B5D9F739FDBDE801408546A5
:10D34000704708B5E2F7B0FC002008BD704701281F
:10D3500002D10020D8F786BD70477047D8F7C8BB08
:10D3600003460020184700F07EBA024610B5116847
:10D3700091B1B1FA81F3C3F11F000123834021EA87
:10D380000303D2E8EF4F8C4204D1C2E8EC3FBCF17A
:10D39000000FF6D1EBD110BD6FF00B00FBE710B51D
:10D3A0000368CB40DB0710D401238B40026843EABB
:10D3B0000201D0E8EF4F944204D1C0E8EC1FBCF169
:10D3C000000FF6D1F2D1002010BD6FF01500FBE781
:10D3D000F7B51646DDE90847019001A81D46F4F7A8
:10D3E0009FFF019BB6F1000C18BF4FF0010C00EB42
:10D3F00083000B1E18BF0123002D43EA4C0314BF0A
:10D400004FF00C0C4FF0000C002C43EA0C0314BF3F
:10D410004FF4706C4FF0000C002F43EA0C0314BF64
:10D420004FF4403C4FF0000CD0F8802043EA0C034E
:10D4300022EA030301B109780EB136787600194368
:10D440000DB12D78AD0031430CB12478240229436D
:10D450000FB13F783F040C433C43C0F8804003B019
:10D46000F0BD1FB50DF10F03019300238DF80F10D0
:10D470001A4619460093FFF7ABFF05B05DF804FBB1
:10D4800010B504460846F4F75BFF04EB4004A08A9D
:10D49000C0F3401010BD10B504460846F4F750FF25
:10D4A00004EB4004A08AC0F3400010BD10B5044650
:10D4B0000846F4F745FF04EB4004A08A400B10BD7A
:10D4C00070B5044608461646F4F73AFF083034F8BB
:10D4D00010300D46DA0509D5C3F3432304EBC3022C
:10D4E0003146284654F8333052689847A3682BB128
:10D4F00031462846E268BDE87040184770BD10B557
:10D5000004460846F4F71CFF00B204EB4000838A8F
:10D51000DA051DD5C3F3432123F4F853838204F1C4
:10D52000120204F1580032F8023F13F4807F03D056
:10D53000C3F3432399420BD08242F4D1002204EB7F
:10D54000C1035A6004F16000BDE81040FFF727BF37
:10D5500010BDF0B5044600200127054684469542DB
:10D560000AD1D4F8443133B10023C4F84431D4F89B
:10D57000443140F40030F0BDEBB29B0003F58076FF
:10D580009B0807FA03F3194208D054F806E0BEF1ED
:10D59000000F03D044F806C0A65918430135DEE752
:10D5A00038B504460D46FFF76BFFB0B12046FFF7D4
:10D5B00072FF90B92046FFF779FF0123226883406C
:10D5C000C2F81833236800B203EB8003D3F81025A8
:10D5D00022F00302C3F8102538BD2846BDE83840C4
:10D5E0000021FFF73EBF2DE9F0431746044685B002
:10D5F0000846F4F7A5FED7F800800E460546B8F1B8
:10D60000000F1FD02046FFF746FF18B12046FFF756
:10D6100037FF30BB00230DF10F02CDE900338DF849
:10D620000E308DF80F30304643460DF10E01FFF7F6
:10D63000CFFE2AB204EB4202938A23F0020343F0A6
:10D64000010393827B68002B34D03146204693F847
:10D650000080D3F80490FFF71EFF28B1B9F1000F46
:10D660001FD06FF0150028E028B204EB4000838A39
:10D6700023F4604323F020038382B9F1000F10D01C
:10D68000B8F1030FEDD87B6821685B6893F800C0A0
:10D6900001EB8C01B8F1000F12D1C1F81085C1F86F
:10D6A00010852AB204EB4202938A23F01C0343EA5A
:10D6B00088039382BB6853BB002005B0BDE8F083AC
:10D6C000D1F8102522F00302C1F81025226802EBE0
:10D6D0008C03D3F8102522F4473222F47C72C3F86D
:10D6E000102541F6F072D3F8101502EA061242EA4C
:10D6F00008420A43C3F8102504EB4C03A3F8646006
:10D70000838A43EA4C3343F020038382C9E73146DE
:10D71000D3E900782046FFF7F2FE002FCCD06368F3
:10D720009F4206D004F16000FFF71FFE002804DAD4
:10D73000C3E7A3689845F5D1002004EBC003C3E913
:10D7400001782DB204EB4505AB8AC0B243EA402311
:10D7500043F48073AB82AFE7C0E90312704770B542
:10D7600004461546FFF78CFE48B10846F4F7E8FD7D
:10D7700004EB40040020A38A5B0B2B7070BD6FF09C
:10D780001500FBE790F87400003818BF01207047BF
:10D79000F4F70CBE2DE9F34104461746FFF770FE7F
:10D7A0000D46266800B32046FFF775FE8046D8B9BF
:10D7B0002046FFF77BFE05B2AD0005F5807246F806
:10D7C00002802168B2582944D1F8102542F00102A4
:10D7D000C1F810252FB10122216802FA00F3C1F827
:10D7E000143302B0BDE8F081D6F8143328469B0309
:10D7F0005CBF4FF40033C6F81433F4F7A1FD04EB1B
:10D800004004A38AC3F38203042B11D0052B11D04B
:10D8100001A80195F4F784FD019BC168D94001F08E
:10D8200001010231284602B0BDE8F041FFF719BE00
:10D830000321F7E70221F5E7FFF7B2BEC9B2F5F71A
:10D840009DB908B5F5F724FA002008BDEFF3118063
:10D85000402383F31288BFF36F8F704780F31188E2
:10D86000BFF36F8F704708B1E9F728B9704710B55B
:10D87000436904463BB90020E2684042537843F0D4
:10D880000103537010BD98470028F4D00028B8BF9A
:10D890004042FF28A8BFFF20E3681870ECE740B1C2
:10D8A000C368587810F001001EBF1878B0FA80F0F5
:10D8B00040097047EFF31183402383F31288BFF3CD
:10D8C0006F8FFEE710B400F10C04C0E903445DF86B
:10D8D000044BFBF77FBC38B50446EFF311854023BA
:10D8E00083F31288BFF36F8FFBF724FC04F10C0065
:10D8F00000F032FB30B1294604F11400BDE8384095
:10D90000F6F76ABA85F31188BFF36F8F38BD4169A6
:10D91000826842EA010313F003030FD1C360036975
:10D92000013B03FB0122002B01DA00207047C16894
:10D93000013B11604169C260521AF4E76FF01500B3
:10D9400070472DE9F04105460F46EFF3118840235B
:10D9500083F31288BFF36F8FC668FEB90468A042D4
:10D960001CD0DCB1D4E9003213605A60637BC4E997
:10D97000006623F002036373A66004F1180000F050
:10D9800088FB2046C4F88C60276100F080FA41468D
:10D9900005F10800BDE8F041F6F71EBA3E60AB693C
:10D9A000EF60013BAB6188F31188BFF36F8FBDE877
:10D9B000F081402408B5EFF3118384F31288BFF39C
:10D9C0006F8FFCF748FBF6E7D0E9003213605A602E
:10D9D0000023427BC0E9003322F0020242738360DD
:10D9E000704713B501240094F5F756FB02B010BD43
:10D9F00090F90E308B4201D0F6F77CB900207047C9
:10DA000003460020C3E90033C3E902007047D0E9B0
:10DA1000003213605A600023427BC0E9003322F0D9
:10DA200002024273836070472DE9F8439146044631
:10DA30000D469DF8202000F10807EFF311864021E4
:10DA400081F31288BFF36F8F02B14568D4F8088064
:10DA5000474518D0B8F1000F15D04046FFF7D7FF63
:10DA600008F1180000F015FB00234046C8F88C3080
:10DA7000C8F8109000F00BFA38463146F6F7ACF9CA
:10DA80000020BDE8F883A3B10820F6F735FE002892
:10DA900038D00122C0F804900260016801F003014F
:10DAA0005DB922680A430260626820606AB96060FA
:10DAB0000BE04846C9F80030EFE72A68032A16D879
:10DAC0000160616869B9C4E90000042104F1100033
:10DAD00000F0BEFB0028CFD186F31188BFF36F8F13
:10DAE000CFE70A6802F0030202430A60DFE722F090
:10DAF00003020A4302602A6802F0030240EA0203BA
:10DB00002B60E2E76FF00B00E6E710B5044630B19A
:10DB10000268930703D0446809B100F0D0FB2046A7
:10DB200010BD0023C0E9003300F10803C0E902334F
:10DB300000F11003C0E904337047012307B50093D7
:10DB400000230A461946FFF76FFF03B05DF804FB98
:10DB5000002307B50A4600931946FFF765FF03B097
:10DB60005DF804FB00210068FFF7CFBF5AB18A427D
:10DB700009D300F11003C0E90212C0E90000C0E9B6
:10DB80000433002070476FF01500704701230268CE
:10DB90008B4022EA0303036022FA01F000F0010047
:10DBA0007047704710B5032104460C30FFF7EEFFB5
:10DBB00030B104F1100000F06CFAB0FA80F04009C6
:10DBC00010BD20B10022E430114600F006BA7047C3
:10DBD00070B5C3680446C3F340069B0716D4856836
:10DBE00002210C30FFF7D2FF80B1D5F8DC206AB1FA
:10DBF00094421DD122689EB9D5F8E030C5F8DC20EA
:10DC00009C4201D1C5F8E02000232360E36813F0B3
:10DC10001F001EBF43F00203E36040F0020070BD2E
:10DC20003260D5F8E020944208BFC5F8E060EBE729
:10DC300016461268DBE773B50446EFF311854023FF
:10DC400083F31288BFF36F8F0023A0F11006032126
:10DC500004380193FFF79AFF28B1A369304601A960
:10DC60000193F5F761FD85F31188BFF36F8F02B063
:10DC700070BD38B504460D461022002101F0F2FFB8
:10DC8000656038BDEFF31183402282F31288BFF341
:10DC90006F8FC06800F01F0083F31188BFF36F8F90
:10DCA000704713B501900846EFF31184402383F3C6
:10DCB0001288BFF36F8F01A9F5F736FD84F3118841
:10DCC000BFF36F8F02B010BD10B5FFF7EAFF041E5F
:10DCD00008DDEFF31180402383F31288BFF36F8FC9
:10DCE000F6F78CF8204610BD70B50D46EFF311869F
:10DCF000402383F31288BFF36F8FF5F771FD04465D
:10DD000086F31188BFF36F8F38B14FF0FF324FF0B9
:10DD1000FF3305F11000F5F7C7FB204670BD10B5C5
:10DD2000EFF31184402383F31288BFF36F8FFFF763
:10DD30004FFF84F31188BFF36F8F10BD08B5F82231
:10DD4000002101F08FFF08BD38B530220D460021BB
:10DD5000044601F087FF4FF480736560E36038BDCF
:10DD6000FFF790BF38B50446EFF31185402383F3E6
:10DD70001288BFF36F8FFFF715FF2046FFF728FFCC
:10DD800085F31188BFF36F8F38BDF8B504460D4693
:10DD9000EFF31186402383F31288BFF36F8FC368BC
:10DDA00003F01F03002B14BF0127002705D186F3C2
:10DDB0001188BFF36F8F3846F8BDFFF7F3FE20469A
:10DDC000FFF706FF29462046F5F790FC86F31188F9
:10DDD000BFF36F8F0028EED04FF0FF324FF0FF33CC
:10DDE00005F10800F5F760FBE5E7D0E900321360C4
:10DDF0005A600023427BC0E9003322F002024273E2
:10DE000083607047EFF30580003818BF012070472A
:10DE10006FF05700704700207047D0E90032136060
:10DE20005A600023C0E90033704708B5FFF7F5FFDB
:10DE3000437B23F0020343730023836008BD38B59E
:10DE400004460D46F5F7C4FE637B43F0020363739B
:10DE5000E5B1A5602B689D4209D16B68C4E9005308
:10DE60001C606C6012E06A689A42F6D01B68002B56
:10DE7000F3D094F90E2093F90E108A42F3D0914218
:10DE8000F1DD5A68C4E9003214605C6038BD10B539
:10DE9000EFF31184402383F31288BFF36F8FF5F7FC
:10DEA00055FE84F31188BFF36F8F10BD08B5EFF3F3
:10DEB0001181402282F31288BFF36F8F83680BB108
:10DEC000FFF7B3FF81F31188BFF36F8F08BD38B53B
:10DED000EFF31184402383F31288BFF36F8F002385
:10DEE00090F87050427B80F870302DB121B184F3EE
:10DEF0001188BFF36F8F38BD12F0280FF7D18368F8
:10DF00000BB1FFF792FF437B23F004034373F5F754
:10DF10001DFEECE701211838FFF7D9BF08B503460D
:10DF2000EFF31181402282F31288BFF36F8F0068F4
:10DF3000834207D008B1FFF778FF81F31188BFF360
:10DF40006F8F08BD0020F8E710B5FFF7AFFFBDE801
:10DF50001040183000F09DB838B505460468002020
:10DF6000AC4200D138BD002CFCD02046FFF7ECFFBE
:10DF70002046FFF78CFF2C680120A542F1E770B521
:10DF800005460E46F5F7E2FFB6F1FF3F08BFB5F1D3
:10DF9000FF3F0446284612D04FF47A7547F6112009
:10DFA000002147F612220023C4FB0501D9F7F4FE35
:10DFB000B0F1004F71F1000128BF6FF0004070BD5B
:10DFC00008B5C3171F3043F10003400940EAC3609E
:10DFD000C117F5F7BBFF400108BD38B5EFF3118558
:10DFE000402383F31288BFF36F8F0468A04213D0DD
:10DFF000A4B1C4F88C1022612046FFF716FF04F18B
:10E00000180000F046F82046F5F7A0FD012085F342
:10E010001188BFF36F8F38BD0020F8E72046F6E780
:10E020002DE9F04105460E461746EFF311884023CF
:10E0300083F31288BFF36F8F0468A0420FD10020D2
:10E0400088F31188BFF36F8FBDE8F0813946204611
:10E05000B0470028F4D16B68A342F0D02468002CAC
:10E06000F4D1ECE708B50246F6F70AF970B1D0E949
:10E0700004319B1A61EBE272B3F1004F72F10001BF
:10E0800004DA002AACBF1846002008BD6FF000403B
:10E09000FBE7024638B5EFF31185402383F312887E
:10E0A000BFF36F8F0368CBB1F6F7EAF8044610466A
:10E0B000F6F7F8F800224FF000438442C0E9042349
:10E0C00006D1F6F7E5F8FFF7CDFF0021F3F798F852
:10E0D000002085F31188BFF36F8F38BD6FF01500F6
:10E0E000F7E708B5F6F7E2F908BDF6F7DFB9B3F1DF
:10E0F000FF3F08BFB2F1FF3F70B506461D4614460C
:10E1000014D01A4316D0002B08DBF6F7CFF9041908
:10E1100041EB0501C6E90041304670BD6FF00103D7
:10E120001C1B4FF0FF3363EB0501F3E74FF0FF34A7
:10E130002146EFE70024FBE7B3F1FF3F08BFB2F150
:10E14000FF3FF8B5074616461C4610D054EA0203B6
:10E1500011D0F6F7ABF9B0420A46A14103460AD204
:10E16000F31A64EB0204C7E900343846F8BD4FF0F7
:10E17000FF331C46F7E70023FBE70023C0E9081242
:10E1800000F11802C0E90622C0E9003303634363CB
:10E19000704710B50446FFF77CFFA8B9636A0BB15E
:10E1A0002046984704F11800FFF7B8FE60B1FFF76A
:10E1B0006EFEEFF31180402383F31288BFF36F8F5D
:10E1C000BDE81040F5F71ABE10BD2DE9F041846896
:10E1D00005460E46D4B16378012B22D114F8533C86
:10E1E0009A0711D5A4F160073846FFF7ADFE082E57
:10E1F0000CBF6FF003030023E36214F8533CDB060B
:10E2000002D13846FFF743FE002323700020EB685D
:10E21000A860C3F38632164366F39433EB60BDE81F
:10E22000F081022BF0D12378002BEDD054F8048C30
:10E23000B8F1000FE8D004F11400FFF72AFF002323
:10E24000A4F1140739464046E362FFF72AFDDBE7F5
:10E2500038B5EFF31185402383F31288BFF36F8F36
:10E260000468A04211D0D4E9003213605A60002340
:10E270002046C4E90033FFF7A8FF85F31188BFF3F8
:10E280006F8F201E18BF012038BD0024F5E704322F
:10E2900070B504460ED2EFF31185402686F312883E
:10E2A000BFF36F8F41F00401984785F31188BFF3E6
:10E2B0006F8F08B9002070BD40F8044BFBE720B118
:10E2C000011F50F8040CFFF706BB704770B5A0FBA8
:10E2D000015424B92846F6F7FFF9064610B900267E
:10E2E000304670BD2A46214601F0BCFCF8E7704775
:10E2F00000207047704710B5044608B1F6F7BCFB24
:10E300002046BDE81040F6F7A7BB0346C068E0B161
:10E310005888D0B11B8803F44F42B2F5824F09D11F
:10E32000DBB2272B2AD008D8172B0FD0222B34D0C2
:10E33000122B16D06FF085007047302B2FD0413B49
:10E34000012BF7D8FF2839D100207047C028FBD017
:10E35000E128F9D0B0F5807F0CBF00206FF0860077
:10E36000704720F02003C02BEED020F08003B3F5DF
:10E37000807FE9D040F209239842EDE7E928E3D015
:10E38000EF28E1D040F21B139842DDD040F2991300
:10E390009842D9D040F23B23EEE7E928F1E720F09C
:10E3A0002003C02BD0D020F04003B3F5807FCBD02A
:10E3B000B0F5C07FC8D0B0F5007FCDE7B0F5E07F05
:10E3C000CAE73AB1002918BF00232121D21A184404
:10E3D00001F048BC70472DE9F04F9B46002389B0FF
:10E3E0008DF81B30159B9146DDE912A7002B0D46D9
:10E3F0000B460CBF4FF400624FF4806207A9DDF8B2
:10E400005080F6F7CBFC0446D0B9079E28463188E9
:10E410000DF11B02F6F76EFD044688B99DF81B301E
:10E42000BB421FD8CDE90338CDE901BACDF8009041
:10E430002B46D6E909123046F7F7C4FA044608B16C
:10E44000C8F800703A4621465046D8F80030FFF729
:10E45000B8FF0798F7F792F9002C18BF204609B0CB
:10E46000BDE8F08F6FF08904EAE741F20623984295
:10E470001AD8B0F5905F09D241F2010398420CD04E
:10E48000B0F5885F09D06FF0850070476923A0F56B
:10E49000905080B2C340DB07F5D511F0070F0CBFD9
:10E4A00000206FF086007047B0F5105FEBD121F0CF
:10E4B0004003802B06D0B1F5807F0CBF00206FF0A9
:10E4C000860070470020704770B5446A05460E46C6
:10E4D0003CB90120F6F7BAFA686228B12046AE626C
:10E4E00070BD6FF08A00FBE76FF08C00F8E7F8B5BD
:10E4F0001E460F4615460388C2B103F4E043B3F548
:10E50000805F02D0B3F5005F10D1089BE90019606D
:10E510000088FFF7AAFF044630B92A46394630463C
:10E5200001F093FB079B1D602046F8BD6FF085044A
:10E53000FAE710B50446406A10B1A16AFFF7DBFEA6
:10E540000020C4E9090010BD38B50546FFF7F1FF0A
:10E550002B7F0446012B0ED0023B012B0ED82B6AD9
:10E56000012B18BF6FF096042C220021284601F0E1
:10E5700079FB204638BD2B6A002BF2E76FF096043A
:10E58000F2E738B5049D1446AA420BD8184601F0AC
:10E590005CFB00212A1B204401F064FB0020059B4A
:10E5A0001C6038BD6FF08900FBE77FB50E461D4645
:10E5B0001446BAB1002301222B6003A9F6F7EEFB43
:10E5C00070B9CDE9004503983346D0E90912F7F751
:10E5D00097F904460398F7F7D1F8002C18BF2046A6
:10E5E00004B070BD6FF08900FAE7F0B50F461E4623
:10E5F000154685B00AB3002303A91A463360F6F71F
:10E60000CDFB044638B9039803885B0406D4F7F7BA
:10E61000B5F86FF08604204605B0F0BDCDE9005690
:10E620003B46D0E90912F7F77FF904460398F7F75C
:10E63000A5F8002C08BF0446EDE76FF08904EAE76F
:10E6400010B50368044653B100F0CFF900232360EE
:10E65000A38823F4FF7323F00103A38010BD1846A1
:10E66000FCE72DE9FF41984600230C46016805466A
:10E6700017460393A9BB4FF4AA72083001F0F2FACF
:10E68000B8F1000F20463B4614BF4FF480624FF4B0
:10E69000006203A9F6F782FB044620BB039E3846BE
:10E6A00031882A1DF6F726FC0446E0B96B7931461D
:10E6B00068F300036B7100972846D6E90923B8F187
:10E6C000000F0BD0F7F7A8F9044660B90398F7F7E5
:10E6D00055F80446204604B0BDE8F081F7F7C0F9CC
:10E6E000F2E76FF088042846FFF7AAFF0398F7F7D0
:10E6F00045F8EFE70123FFF7B4BF38B504680546D6
:10E7000064B112B90024204638BD00F057F9044620
:10E710000028F7D02846FFF793FFF4E76FF088044E
:10E72000F1E72DE9F0411746026805460E46984686
:10E7300082B14279D2070DD502795AB1BA4216D8C0
:10E7400000F045F9044638B9A6B92846BDE8F041BD
:10E75000FFF776BF6FF088040023C8F800702B71B4
:10E7600046B92846FFF76CFF2046BDE8F0816FF000
:10E770008904F1E721463A463046D8F80030FFF7E1
:10E7800020FE2846FFF75CFF002C08BF0446EBE79D
:10E790001FB501240394089C0294079C0194069CD5
:10E7A0000094FFF718FE04B010BD2DE9F0470546B0
:10E7B0009A46002388B0079325F0004323F47F0393
:10E7C000B3F1106F0846DDE910961746DDF8488072
:10E7D0001CD12B464FF4804207A9F6F7DFFA044616
:10E7E000B0B9CDE90368CDE901A9079800972B4698
:10E7F000D0E90912F7F758F9044648B90798F6F72F
:10E80000BDFF0446204608B0BDE8F0876FF08604DF
:10E8100031464846F6F75EFD0798C8F80060F6F7FF
:10E82000ADFFEFE703461B88084603F4E043B3F56A
:10E83000805F114602D0B3F5005F01D1F6F74ABD03
:10E840006FF0850070477FB5002203880A60CDE92C
:10E850000122428806460D46002A69D0028802F449
:10E86000E042B2F5804F63D023F0FF03B3F5E24FEF
:10E8700002D0B3F5824F04D13046FFF746FD04467F
:10E88000D8B9304602AA01A9F6F7A4FB044600282D
:10E8900043D1019B9B6A9BB10199304601F128034A
:10E8A000D1E90912F6F7BCFF0446002839D1294600
:10E8B0000198F6F7F5FA044678BB204604B070BD1F
:10E8C00073681B0A22D13088718800F4E043B3F5E5
:10E8D000805F15D0B3F5005F12D020F0FF03B3F5D1
:10E8E000E24F22D1C0B242280ED10831C9080391AB
:10E8F00003990198FFF7E8FD04460028CCD00CE00E
:10E90000FFF7B3FD044640B90731EFE7304603A9EE
:10E91000F6F76CFF04460028EAD00198F6F7BCFB36
:10E92000CBE70198FFF705FEF7E76FF08504F4E702
:10E930006FF08604C1E71C22002101F093B9037F28
:10E94000022B06D1036A5A1C03D001330362002054
:10E9500070476FF09600704703466FF040420846DC
:10E96000591E914207D338B103F1404393428CBF03
:10E9700000200120704701207047034668B1017FE5
:10E980008A1E012A0BD80329026A03D1012A01D168
:10E99000FFF7DABD1AB1013A1A62002070476FF032
:10E9A0009600704700207047C0B2FF280CBF6FF080
:10E9B000860000207047F7F7F9B870470368052B09
:10E9C00002D10830F7F7AABB6FF08600704710B489
:10E9D0000468052C04D15DF8044B0830F7F7B8BB88
:10E9E0006FF086005DF8044B70470368052B02D179
:10E9F000083000F017B9002070470020F7F78CBAF4
:10EA00000020F7F7C3BA002000F006B9E2F750B9CA
:10EA10000A2840DCC31C22DA10F1400F47D010F165
:10EA20003F0F2BDA10F1410F44D010F1550F44D0B5
:10EA300010F1490F08BF6FF0840018BF6FF0860017
:10EA4000704709282AD8DFE800F005292908162987
:10EA50003829292F6FF09800704700207047C31C99
:10EA60000D2B1BD8DFE803F0072F1A1C1A1A1A1AED
:10EA70001A1A1D1A1A1D6FF08500704710F1210F28
:10EA80001ED00BDB10F1200F1DD010F1100F08BFAE
:10EA90006FF09400D1E764380928D2D96FF086006E
:10EAA00070476FF0940070476FF08C0070476FF004
:10EAB000840070476FF0890070476FF093007047D3
:10EAC0006FF0880070476FF09200704710B5013802
:10EAD0000A44914200D110BD10F8013F11F8014BDA
:10EAE00063400370F5E70144814200D1704711F89B
:10EAF000013D1A440A70120AF6E730B5002503F505
:10EB00008073013A002A0DDAFF2BDAB28CBF0021A4
:10EB1000012152EA050003D0FF2B94BF0020012001
:10EB2000401A30BD845C1C448B5C013AE41A230A11
:10EB3000E4B2FF332543E5E7002313B58DF8073032
:10EB40008B4206D19DF80700B0FA80F0400902B070
:10EB500010BDC45C9DF80720013322438DF80720C7
:10EB6000EEE78B4230B50CD8002421469C4203D1FD
:10EB7000081E18BF012030BD155D0555294301341D
:10EB8000F4E70020F7E710B58B4294BFC41844188F
:10EB9000A04200D110BD00F8012BF9E700231A466E
:10EBA00082B001908B4201D102B070470198C254EB
:10EBB0000133F7E707B501A9F7F70EF9003818BFD9
:10EBC000012003B05DF804FBF7B506460D46202D85
:10EBD0002F46A8BF202700216846F8F7AFF8044663
:10EBE00070B93A4631466846F8F7FAF810F1520F14
:10EBF000044608D0431CF4D0684600F01BFC34B136
:10EC0000204603B0F0BD684600F014FCE3E7EC1BBF
:10EC10003E44F5D02546DAE700207047F7F738BACA
:10EC2000F7F736BA08B54FF4AA71FFF7B7FF00201F
:10EC300008BDF0B504461F460D461646D9B04FF440
:10EC4000AA72002103A801F00DF8214633462A4696
:10EC5000009703A8F7F71CFA044670B9DDE95E12C5
:10EC600003A8F7F75BFA044638B9DDE96123609938
:10EC700003A8F7F76DFA044610B103A8FFF7D2FF17
:10EC8000204659B0F0BD2DE9F041044680680F469A
:10EC90009042154609D3201A1C3000F0D6FFA36815
:10ECA0005B1BA3600020BDE8F081237F43B904F122
:10ECB000200000F000FB18B1BDE8F041FFF7A8BE4E
:10ECC000A26832F0100309D0A01A39461C3000F0B7
:10ECD000BCFFA3681F44ED1A0023A360A3686E1E47
:10ECE00026F00F068BBB102204F10C0104F120006A
:10ECF00000F04FFA0028DFD110222077A26046B141
:10ED00003246394604F1200000F043FA0028D3D1FE
:10ED1000207704F12008404600F022FB0028CBD1E8
:10ED2000404600F07AFB0028C6D1102104F10C0007
:10ED3000FFF734FFAA1BB5D0B91904F10C0000F09D
:10ED400084FFA3685B1B3344ABE7002ED8D1237F3D
:10ED5000002BDED02A46EFE738B543680446102B77
:10ED600021D8037F00F120053BB9284600F0A3FA23
:10ED700018B1BDE83840FFF74BBEA2680C34102A2A
:10ED800007D021462846C2F1100200F002FA0028FE
:10ED9000EFD12146284600F02DFA0028E9D1284677
:10EDA00000F03BFBE5E76FF0860038BD2DE9F04150
:10EDB0004FF00008DDE906CE04880D4616461F46D2
:10EDC000CEF80080BCF1000F15D024F0FF04B4F59C
:10EDD000E24F03D1BDE8F041F8F718BBB4F5824F1C
:10EDE0000DD13A4631462846CDF818E06346BDE8D5
:10EDF000F04100F053BC6FF08600BDE8F0816FF089
:10EE00008500FAE7F7F76CBBCA0448BF41F480619C
:10EE10008B0448BF41F4006181607047C0F3025326
:10EE2000013B10B5052B21D8DFE803F0030B0B0BDA
:10EE30001B13012300F030002028136013D00020A2
:10EE400010BD0B8844F212118B420CBF0423022325
:10EE5000F0E70B8844F212118B4214BF0323062300
:10EE6000E8E70323E6E702331360E8E76FF0980072
:10EE7000E6E713B50C46F6F7AFFFC31C0FD0013021
:10EE800009D004224FF0FF3321460DEB020001931D
:10EE900000F0F0FE30B96FF08B0002B010BD6FF0E3
:10EEA0008400FAE70020F8E730B589B0054618225B
:10EEB0000C4601A8002100F0D5FE012344EA0524F8
:10EEC00001A9BA2007940593F6F740FF002818BF60
:10EED0006FF0920009B030BDF7B5BA2001A9F6F77E
:10EEE0007BFF044610B1002003B0F0BD019D2F0A46
:10EEF000EDB2AC4205D1BA20F6F754FF0028F2D0AB
:10EF000008E0E6193046F6F74DFF30B13046FFF71E
:10EF100051FE10B96FF09200E6E70134E9E738B529
:10EF200003780446033303F00303012B0FD86FF07B
:10EF3000210038BD60782844F6F726FF48B901352E
:10EF40002378C3F382039D42F4D30020F1E7002528
:10EF5000F6E70220EDE708B5F820FFF72BFE18B919
:10EF6000F920FFF727FE10B16FF0920008BDF820DE
:10EF7000F6F70AFF0028F7D1F920F6F705FF002879
:10EF8000F4D0F1E74368A3F11001914241D8012286
:10EF900043F80C2C53F8042C42F0200243F8042CC4
:10EFA00053F8082C42F0005243F8082C836800F113
:10EFB0001402A3F1100191422FD8012243F80C2C26
:10EFC00053F8042C42F0200243F8042C53F8082C88
:10EFD00042F0005243F8082CC36803F15402BFF317
:10EFE0005F8F4FF0A3431A60BFF35F8FC268043294
:10EFF000BFF35F8F1A61BFF35F8FBFF35F8F032291
:10F000005A63BFF35F8FBFF35F8F9A63BFF35F8F66
:10F010007047103242F80C2CB7E7103242F80C2C33
:10F02000C9E738B5BFF35F8F4FF0A344E569BFF37D
:10F030005F8FBFF35F8F10236363BFF35F8F012088
:10F0400000F090FDBFF35F8F00236363BFF35F8F1A
:10F05000BFF35F8FE36BBFF35F8F5B06F8D425B11F
:10F06000BFF35F8FE561BFF35F8F38BD08B5F7F77A
:10F07000ABFF30B9BFF35F8F4FF0A343986ABFF384
:10F080005F8FBFF35F8F4FF0A342D36BBFF35F8FF0
:10F0900010F0240F03F0230304D0FFF7C2FF6FF03A
:10F0A0001F0008BD4FF0FF30002BFAD1BFF35F8F78
:10F0B0001063BFF35F8F1846F3E710B59EB00246AA
:10F0C00046F611031AA901A8F7F7F8FD0023039AE1
:10F0D00010211360039A01A89360039B1AAA1033AE
:10F0E0000393FFF74FFFFFF7C1FF431C0446FAD01D
:10F0F00001A87421FFF752FD20461EB010BD38B59F
:10F1000002690546146914B15069A047044605F127
:10F110001400F7F7F9FE204638BD08B582680346AB
:10F120005AB902681169426A114206D0FFF7E7FF37
:10F13000002808BF6FF0530008BD03F114007021D0
:10F1400003F17802FFF71EFF0020F5E773B50646CE
:10F1500001A8F8F729F8044678B906F11400F7F782
:10F16000A9FE0198FFF7A9FF044648B93269D368A0
:10F170001BB150699847054618B9204602B070BDCA
:10F1800005463046FFF7BBFF002814BF04462C4657
:10F19000F3E710B5047D03464CB3B2F1807F06D38C
:10F1A000FFF7ADFF002808BF6FF03F0010BD4468B7
:10F1B000062C06D9FFF7A3FF002808BF6FF0440014
:10F1C000F4E70AB90020F1E78069016099698A6073
:10F1D000186899698069C068C86099691031996137
:10F1E000596801315960996811449960EAE76FF0F4
:10F1F0002000DBE710B4037D002B57D08368C3B930
:10F20000836900F124021A60036882691B68013374
:10F2100043F000539360046882692368A469013352
:10F22000E4681B0203F4F8532343D360836910336B
:10F230008361036882681C68131923EA04038469E4
:10F240009B1A54F8042C42EA032244F8042C8269E5
:10F2500052F8084C234443F0005342F8083C03683A
:10F260001A68C368134423EA0203C2691160C269C1
:10F27000C1689160C26902F11001C161C1688B422D
:10F280000AD000211161C168C2695B1A43F0804352
:10F290009360C3691033C3610368DA68436A23EA81
:10F2A000020343625DF8044BFFF737BF6FF02000A5
:10F2B0005DF8044B704738B5037D0446002B49D1F7
:10F2C00003685B69002B48D0FFF740FF0546002824
:10F2D0003ED1214651F8783B626A9B6904F11400E3
:10F2E0001B68F7F7EBFC0123636023699A689AB9FE
:10F2F000A2691B6813602369A2695B6843F000532D
:10F3000093602268A36992699268DA60A3691033F6
:10F31000A361636801336360236AA269C433136025
:10F320002368A2695B6943F0005393602268A36974
:10F3300092695268DA60A36922681033A361636836
:10F34000013363601269636A134363620023A3603D
:10F35000284638BD6FF02005FAE76FF04705F7E75C
:10F3600038B5027D0346002A40D00268816894685F
:10F370008C4206D9FFF7C3FE002808BF6FF0530088
:10F3800038BD5468B1FBF4F504FB151434B1FFF734
:10F39000B6FE002808BF6FF04500F1E7416AD0686B
:10F3A00001435962D3E90701C43152690160186809
:10F3B000D96940690F328860D96922F00F0201F1E2
:10F3C0001000D8611868406990420AD00C61186832
:10F3D000D9694069121A42F080428A60DA691032B3
:10F3E000DA611846BDE83840FFF797BE6FF020009D
:10F3F000C6E738B5037D054663B1FFF737FE431C0A
:10F40000044605D02846FFF77AFE002818BF0446B8
:10F41000204638BD6FF02004FAE710B5037D04469E
:10F420002BB12046FFF7E5FF431CFAD010BD6FF06B
:10F430002000FBE710B5037804461BB1F6F780FB0C
:10F4400000232370002010BD0368D868C0F300407B
:10F450007047036803F580535B6A13F4A02F14BF51
:10F46000012000207047022203689A6070470368F9
:10F47000D868F7F74DBE024608B51046FFF7E4FF1F
:10F480000028FAD1BDE808401046FFF7F0BF036836
:10F490005A5070470369996670470369986E7047C0
:10F4A000C0F30B03482B4B6028BF482310F4003FE8
:10F4B0008B6008BF0023CB6010F4803308BFC1E924
:10F4C000013300F47003B3F5700F14BF00238B6891
:10F4D00000284FF0010C4FF008028B60B8BF0023EA
:10F4E000C1E905C2B8BFC1E9053370472DE9F04F46
:10F4F0004FF0000B91461E46448805888BB005F4FA
:10F500004F4300940734B3F5824F82460F464FF0C5
:10F510001C0259464FEAD40803A818BF5D46CDF82F
:10F5200008B000F09FFBC845C6F800B041D8B4F55C
:10F53000847F41D26A4649465046F7F719FF044690
:10F5400040BBEDB22846009901AAF7F753FE0446E6
:10F5500000BBA5F14103012B20D8424602A9F6F7D2
:10F5600015FD20BB414602A8FFF7E6FA38BB412D46
:10F5700005D1B8F1200F02D102A800F051FA42469D
:10F58000384602A900F061FB202102A8FFF706FB24
:10F59000C6F8008020460BB0BDE8F08F4A463946D9
:10F5A000019800F048FA0028EED0FFF731FA04463F
:10F5B000F0E76FF08904EDE76FF08504EAE76FF09C
:10F5C0009304E7E72DE9F341DDF820801E464388E8
:10F5D00042450F461546019315D8294601AAF7F76B
:10F5E000C7FE044658B92B463A4641463046FFF717
:10F5F000B8FA58B10A9B019A1A60099B1D6020460F
:10F6000002B0BDE8F0816FF08904F8E76FF086047E
:10F61000F5E72DE9F0411F460588438894B0029331
:10F6200005F44F43B3F5824F064614461346D0F80F
:10F630000C800A4603A84FF0410118BF0025FFF7D0
:10F6400090FA18B31A9B9C4223D83046214602AA4E
:10F65000F7F78EFE0646A8B9E9B21229029D01D03D
:10F66000302906D12A464046009403ABF7F74AFEFC
:10F6700090B92246384603A900F0E7FA1C9B1D60AA
:10F680001B9B1C60304614B0BDE8F0816FF086060D
:10F69000F8E76FF08906F5E70646F3E78B4238B5E1
:10F6A00005460C46104607D30A46294600F0CDFA17
:10F6B0000020049B1C6038BD6FF08900FBE7F8B5A3
:10F6C0000668054696420C46A2EB060701DDFAF7EE
:10F6D00000FD3946204600F03FF832466968E019DF
:10F6E000BDE8F84000F056B8FFF7E9BFF8B50746A7
:10F6F0001646D2E900208A420C460BDB551A2946F1
:10F7000000F02AF82246394670682844BDE8F840DF
:10F7100000F09BBA891A3944F8E770B514460E46D2
:10F720001D4621461A46FFF7E1FF2146304605F106
:10F730000802BDE87040FFF7D9BF70B50546164610
:10F740001C461A46FFF7BBFF2246314605F108006A
:10F75000BDE87040FFF7B3BF38B503460C46A9B10A
:10F76000580706D00022013C03F8012B01D05907AD
:10F77000F9D124F00F052A460021184600F072FA4C
:10F7800003460021421923449A4200D138BD02F8B1
:10F79000011BF9E78B18991A12B110F00F0F01D164
:10F7A00000F053BA0978013AC9B200F8011BF2E738
:10F7B00070B506460D461446FFF76FFE013D026820
:10F7C00044EA0524304622430421BDE87040FFF797
:10F7D0005EBE73B50546D0E90146CDE90023FFF7CB
:10F7E0005CFE03689DF8002013F0805FE8689DF8D8
:10F7F000073004EB061416D002F03F0242F020025C
:10F8000043F00103A0F10801201A8DF800208DF8C3
:10F810000730FFF7A1FF083C082269462046FFF7A2
:10F82000B9FF02B070BDA41B03F03F0342F0010218
:10F8300043F02003A0F1080104F108008DF8002036
:10F840008DF80730FFF788FFE6E710B50446FFF7AD
:10F8500024FEC2684AB142F420222046BDE810408E
:10F86000002142F40062FFF712BE10BDC06870476D
:10F870002DE9F8430A680C4612F4700F15D1D0E94F
:10F880000159D1F80880FFF708FE03682046DB0025
:10F8900048BF63684FF0000744BFA9EB0303ED18AE
:10F8A00000F0B0F80646B74201DBBDE8F8834146F8
:10F8B00028466268FFF76EFF63684D44984401373D
:10F8C000F1E770B50C461E461046D1E9012505EB5F
:10F8D00042052946FFF75EFF62683046A918BDE879
:10F8E0007040FFF757BF38B50446FFF7D6FDD4E99F
:10F8F000013501684268C90042BFE168691A5B18B6
:10F90000002112B904F1140038BDD00707D50B2926
:10F9100001D9FAF7DEFB04EB8100436101312B448E
:10F920005210EEE72DE9F04F044685B00E469146A1
:10F930000193FFF7B2FDD4E9018BD4F848A0054646
:10F940008768BAF1000F07D02046F7F7C7FB1025EC
:10F95000284605B0BDE8F08FF7F760FB3268110666
:10F960004CBFC26842687168914204DD2046F7F7D7
:10F97000B5FB0D25ECE7E1603268204649EA020953
:10F980002A6949EA0202FFF713FF2A68D20003D569
:10F99000E268ABEB020290443FB931462046FFF7E4
:10F9A00067FF2B696BB90025D2E7FB0748BF019BB6
:10F9B0004FEA670744BF43F82A800AF1010AD84496
:10F9C000EAE702A800F043F8054618B12046F7F729
:10F9D00085FBBDE72046DDE90223FFF7FAFE08219B
:10F9E0000DEB0100FFF7DAF8DDE710B50446FFF78D
:10F9F0002CFFBFF35F8F03222046BDE81040082193
:10FA0000FFF745BD0368024613F4700F06D1806806
:10FA100028B1D368506893FBF0F07047002070471E
:10FA2000037823F007030370C37F03F07F0343F0E1
:10FA30004003C37770470B46D0E901108A4208445F
:10FA400002D31A4600F019B86FF04000704710B5A5
:10FA50000446F7F7E3FA436963B12046F7F7A4FBDE
:10FA600050B9D4E900321343F7D0201DBDE810404F
:10FA7000F7F79ABB6FF0020010BD2DE9F04704467E
:10FA8000104639B122460023164612F8015B35B9FB
:10FA90008B4202D16FF0530435E00133F4E78B421F
:10FAA000F8D04A1E9A4201D1022DF3D9A25CD207A6
:10FAB0002FD5FF2415EA040228D1E443A1EB030863
:10FAC000C718FFF760F8E5B208EB070A4246394667
:10FAD0000020F6F75BFA0446E8B93B7881462B40F4
:10FAE0003B703B4613F8012B534549EA0209F9D113
:10FAF0000023424631463846FEF7FFFFB9F1000FBA
:10FB0000E4D00028E2DA2046BDE8F0876400E4B2E1
:10FB1000D0E76624F7E70224F5E7F3F709BC4FF0D6
:10FB2000FF324FF0FF33F3F78BBBFDF769BF4FF0A8
:10FB3000FF324FF0FF33F3F783BBF3F7F9BB00F06D
:10FB400074B807B54FF0FF334FF0FF32CDE9002313
:10FB5000002200F077F803B05DF804FB00F06EB807
:10FB600000F068B8FEF72CBA2DE9F3470446DDE94A
:10FB70000A9815460E4659B302F0010AF4F746FA00
:10FB80000746EFF31181402383F31288BFF36F8F91
:10FB9000A80744BF0023A360A36803EA0600BAF1E4
:10FBA000000F0CD086420CD16A0744BF8343A36088
:10FBB00081F31188BFF36F8F02B0BDE8F087002892
:10FBC000F2D159EA080305D181F31188BFF36F8F91
:10FBD0000020F1E7C7E91A652246CDE9009804F153
:10FBE0000C00F4F765F80028F2D1B86EE4E710B520
:10FBF0004B68D0E91A4212F0010F03EA040301D066
:10FC00009C4210D17BB18366520744BF8A681A4375
:10FC10000B6848BF8A6043660123086080F8703033
:10FC20001830FEF736FA002010BD0023C0E90000AE
:10FC3000836070474FF0FF32F7F724BD0A4600217A
:10FC4000F7F720BD5200FFF78FBF0A44431E9142D1
:10FC500000D1704710B511F8014B914203F8014FE4
:10FC6000F9D110BD02440346934200D1704703F816
:10FC7000011BF9E70139024410B5904201D100207F
:10FC800005E0037811F8014FA34201D0181B10BD05
:10FC90000130F2E710B56AB10139841810F8012B70
:10FCA00011F8013F9A4203D1A04201D0002AF5D1B8
:10FCB000D01A10BD1046FCE710B50139044632B128
:10FCC00011F8013F013A00F8013B002BF7D1002168
:10FCD000FFF7C8FF204610BD0246014410B58A4216
:10FCE000134603D01C780132002CF8D1181A10BD2D
:10FCF0002DE9F047C3F137090746884603F01F0591
:10FD00005FFA89F916464FF0000A384641462A46FE
:10FD10005346D8F741F84346D4B23A468846074698
:10FD2000092C84BF4C44E4B2AA4204F1300473EBC2
:10FD30000A0306F8014BE8D23046BDE8F0872DE90A
:10FD4000F04F061889B09946154641EB010404AB03
:10FD50003046DDF84CB021460093A9F1410AD2E9C2
:10FD6000002300F0A9F806AB074688463046214636
:10FD70000093D5E9022300F09FF80022DDE9046337
:10FD8000841951EB0306069B28BF0122D5E9000127
:10FD9000D218079B43F10003381848EB0101B84221
:10FDA00071EB0801E968039138BF0120A96828BFF9
:10FDB0000020CDF800A014EB010C039946EB0101E3
:10FDC00010EB0C0041F10001A04271EB060C34BFB6
:10FDD0004FF0010C4FF0000CCDE906231CEB0202A2
:10FDE00043F1000300F083F8129BC3E90001149B68
:10FDF000012BDDE9062329D1D5E90201D5E900C5AA
:10FE0000201ACDF800A066EB0101674578EB0505E7
:10FE100034BF01250025401B61F10001844276EBCF
:10FE2000010534BF01250025521B63F1000300F0DA
:10FE30005EF8DDE90623CBE9000120463146CDF826
:10FE400000A000F054F809B0BDE8F08F17EB070EE2
:10FE500048EB080C201946EB0601BE457CEB080870
:10FE600034BF01270027C71941F10008D5E9000177
:10FE700086457CEB010C34BF01200020D5E902153A
:10FE8000381A68F1000C401A6CEB050192185B41BE
:10FE9000A74278EB060534BF01250025521943F12E
:10FEA0000003874278EB010834BF01250025521B6F
:10FEB000A9F140050095B8E7F0B50F460446A0FB50
:10FEC0000201059EA7FB02524919A3FB0445A7FBAB
:10FED000037342F10002611845F10004D21943F1A5
:10FEE0000003121943F10003C6E90023F0BDF0B589
:10FEF000059CC4F14007C4F12006A4F12005E040B0
:10FF000002FA06F6BB4022FA05F5BA403343C4F1C3
:10FF100020062B4301FA06F6A4F12005304321FA0E
:10FF200005F5E140284319431043F0BD2DE9F043A6
:10FF300057EC106B3B463446FE0F40F2FF77C3F39D
:10FF40000A55C3F31303067154EA030C07D0BD42EC
:10FF50000CD146F0080606710020BDE8F083002DA4
:10FF600064D0BD425FD146F00406F4E7002D5AD1BB
:10FF70000125A5F2FF35002905605ADB0C295ADC62
:10FF8000C1F10D050126AD0005F1FF3EA5F1210CE3
:10FF9000C5F1210706FA0CFC26FA07F706FA0EF659
:10FFA0004CEA070CB7194CEB0C09D7F1000869EBC8
:10FFB000490E013F49F1FF39274009EA0309BE42D2
:10FFC0007CEB090910DBC5F12009B5F1200724FA03
:10FFD00005F503FA09F958BF43FA07F745EA090599
:10FFE00058BF3D43ED0703D5A619344643EB0C0338
:10FFF00004EA080403EA0E0300F112050D26084680
:020000040004F6
:10000000C2F127024FF0300E04F00F01240906F16F
:10001000FF3C6F1E44EA03741B11B1B9B0420CDA05
:1000200066463D46F0E743F48013A2E72C462B4694
:10003000A1E70021E0E70D21DEE785F800E01CF1F3
:10004000010166463D46DFD187E70929C8BF891807
:10005000B04201F13001B8BF30462970EFE7D1E975
:10006000043293421EBF5A1C0A6118707047000088
:10007000014800687047000060AB0120B202FE7FBB
:1000800001000000156A0200000000005111030089
:1000900000000000000000006401040043D80300D9
:1000A00000000000F52F03000000000019300300DD
:1000B00000000000000000009C010400000000009F
:1000C0008001040000000000B801040009200300C2
:1000D0000000000043D30300000000000000000007
:1000E000D401040000000000280204000000000009
:1000F0000C02040000000000F0010400490B0300A2
:100100000000000009D10300000000008538020053
:1001100000000000A56702000000000000000000D1
:1001200044020400F10B02000000000075350300DA
:10013000000000002944020000000000A16B020042
:1001400000000000BFD2030000000000C9D203007D
:100150000000000019710200000000000D440200C0
:100160000000000022780400301C0400040B04008E
:10017000D0170020E8B10120A5080300000000000E
:1001800051780400541C0400E00A0400D417002035
:100190003CB201206D0D0300000000005D780400FA
:1001A000681C0400E00A0400D617002048B20120B1
:1001B0006D0D030000000000687804007C1C040042
:1001C000E00A0400D817002054B201206D0D03008E
:1001D000000000004978040000000000D80A040074
:1001E000D217002000000000F1CC03000000000046
:1001F0007C7804009C1C0400200B0400DA1700200B
:10020000EC1600202FD003000000000088780400C6
:10021000EC1C0400200B0400DC1700200C1700204D
:1002200051D003000000000093780400341D040046
:10023000200B0400DE1700202C1700206FD00300D5
:1002400000000000477A040000000000A41D040024
:10025000E017002064B20120D9150300000000005F
:100260000000000035A003000000000035A00300DE
:100270000000000035A003000000000035A00300CE
:100280000000000035A003000000000035A00300BE
:100290000000000035A003000000000035A00300AE
:1002A0000000000035A003000000000035A003009E
:1002B0000000000035A003000000000035A003008E
:1002C0000000000035A003000000000035A003007E
:1002D0000000000035A003000000000035A003006E
:1002E0000000000035A003000000000035A003005E
:1002F0000000000035A003000000000035A003004E
:100300000000000035A003000000000035A003003D
:100310000000000035A003000000000035A003002D
:100320000000000035A003000000000035A003001D
:100330000000000035A003000000000035A003000D
:1003400000000000612003000000000035A0030051
:100350000000000035A003000000000035A00300ED
:100360000000000035A003000000000035A00300DD
:100370000000000035A003000000000035A00300CD
:100380000000000035A003000000000035A00300BD
:100390000000000035A003000000000035A00300AD
:1003A0000000000035A003000000000035A003009D
:1003B0000000000035A003000000000035A003008D
:1003C0000000000035A003000000000035A003007D
:1003D0000000000035A003000000000035A003006D
:1003E0000000000035A003000000000035A003005D
:1003F0000000000035A003000000000035A003004D
:100400000000000035A003000000000035A003003C
:100410000000000035A003000000000035A003002C
:100420000000000035A003000000000035A003001C
:100430000000000035A003000000000035A003000C
:100440000000000035A003000000000035A00300FC
:100450000000000035A003000000000035A00300EC
:100460000000000035A003000000000035A00300DC
:100470000000000035A003000000000035A00300CC
:100480000000000035A003000000000035A00300BC
:100490000000000035A003000000000035A00300AC
:1004A00000000000396F03000000000035A00300C9
:1004B0000000000035A003000000000035A003008C
:1004C0000000000035A003000000000035A003007C
:1004D0000000000035A003000000000035A003006C
:1004E0000000000035A003000000000035A003005C
:1004F0000000000035A003000000000035A003004C
:100500000000000035A003000000000035A003003B
:100510000000000035A003000000000035A003002B
:100520000000000035A003000000000035A003001B
:100530000000000035A003000000000035A003000B
:100540000000000035A003000000000035A00300FB
:100550000000000035A003000000000035A00300EB
:100560000000000035A003000000000035A00300DB
:100570000000000035A003000000000035A00300CB
:100580000000000035A003000000000035A00300BB
:100590000000000035A003000000000035A00300AB
:1005A0000000000035A003000000000035A003009B
:1005B0000000000035A003000000000035A003008B
:1005C0000000000035A003000000000035A003007B
:1005D0000000000035A003000000000035A003006B
:1005E0000000000035A003000000000035A003005B
:1005F0000000000035A003000000000035A003004B
:100600000000000035A003000000000035A003003A
:100610000000000035A003000000000035A003002A
:100620000000000035A003000000000035A003001A
:100630000000000035A003000000000035A003000A
:100640000000000035A003000000000035A00300FA
:100650000000000035A003000000000035A00300EA
:100660000000000035A003000000000035A00300DA
:100670000000000035A003000000000035A00300CA
:100680000000000035A003000000000035A00300BA
:100690000000000035A003000000000035A00300AA
:1006A0000000000035A003000000000035A003009A
:1006B0000000000035A003000000000035A003008A
:1006C0000000000035A003000000000035A003007A
:1006D0000000000035A003000000000035A003006A
:1006E0000000000035A003000000000035A003005A
:1006F0000000000035A003000000000035A003004A
:100700000000000035A003000000000035A0030039
:100710000000000035A003000000000035A0030029
:100720000000000035A003000000000035A0030019
:100730000000000035A003000000000035A0030009
:100740000000000035A003000000000035A00300F9
:100750000000000035A003000000000035A00300E9
:100760000000000035A003000000000035A00300D9
:100770000000000035A003000000000035A00300C9
:100780000000000035A003000000000035A00300B9
:100790000000000035A003000000000035A00300A9
:1007A0000000000035A003000000000035A0030099
:1007B0000000000035A003000000000035A0030089
:1007C0000000000035A003000000000035A0030079
:1007D0000000000035A003000000000035A0030069
:1007E0000000000035A003000000000035A0030059
:1007F0000000000035A003000000000035A0030049
:100800000000000035A003000000000035A0030038
:100810000000000035A003000000000035A0030028
:100820000000000035A003000000000035A0030018
:100830000000000035A003000000000035A0030008
:100840000000000035A003000000000035A00300F8
:100850000000000035A003000000000035A00300E8
:100860000000000035A003000000000035A00300D8
:100870000000000035A003000000000035A00300C8
:100880000000000035A003000000000035A00300B8
:1008900028020400C5CD03000C020400C5CD0300EE
:1008A0000000000035A003000000000035A0030098
:1008B0000000000035A003000000000035A0030088
:1008C0000000000035A003000000000035A0030078
:1008D0000000000035A003000000000035A0030068
:1008E0000000000035A003000000000035A0030058
:1008F0000000000035A003000000000035A0030048
:100900000000000035A003000000000035A0030037
:100910000000000035A003000000000035A0030027
:100920000000000035A003000000000035A0030017
:100930000000000035A00300001500209BCD03003F
:100940000000000035A003000000000035A00300F7
:100950000000000035A003000000000035A00300E7
:100960000000000035A003000000000035A00300D7
:100970000000000035A003000000000035A00300C7
:10098000CD2A030061D303000000000035A003005E
:100990000000000035A003000000000035A00300A7
:1009A0000000000035A003000000000035A0030097
:1009B0000000000035A003000000000035A0030087
:1009C0000000000035A003000000000035A0030077
:1009D0000000000035A003000000000035A0030067
:1009E0000000000035A003000000000035A0030057
:1009F0000000000035A003000000000035A0030047
:100A00000000000035A003000000000035A0030036
:100A10000000000035A003000000000035A0030026
:100A20000000000035A003000000000035A0030016
:100A30000000000035A003000000000035A0030006
:100A40000000000035A003000000000035A00300F6
:100A50000000000035A003000000000035A00300E6
:100A60000000000035A003000000000035A00300D6
:100A70000000000035A003000000000035A00300C6
:100A8000F0010400C5CD03005DD3030061D3030072
:100A90000000000035A003000000000035A00300A6
:100AA0000000000035A003000000000035A0030096
:100AB0000000000035A003000000000035A0030086
:100AC0000000000035A00300881400209BCD030027
:100AD0000000000035A00300DDCC03000000000092
:100AE000990B030001CD03000DCD030021CD0300C0
:100AF0002BCD030035CD0300B50D030049CD030018
:100B000000000000FD08030047CC0300A7CC030051
:100B100000000000E5CB0300000000000000000022
:100B200027CE03005910030019CE03008DD0030017
:100B30004DCE030075CE0300ABCE0300BFCE030045
:100B4000EDCE030003CF0300BFCE0300DDCE0300D4
:100B500019CF030025CF030031CF030067CF030077
:100B60006BCF03000500000011AB0200060000007F
:100B700009EF020004000000A1BF02000000000015
:100B8000E59F0300000000000000000000000000DE
:100B90000000000000000000000000000000000055
:100BA0000000000000000000000000000000000045
:100BB000000000000000000000000000590F0200CB
:100BC0009D0D020000000000CF8D0300000000001A
:100BD00000000000491402000000000000000000B6
:100BE0000000000000000000000000000000000005
:100BF00000000000000000000000000000000000F5
:100C00004BC70300000000000000000000000000CF
:100C100000000000000000000000000000000000D4
:100C200000000000000000000000000000000000C4
:100C300000000000000000000000000000000000B4
:100C400000000000000000000000000000000000A4
:100C50000000000000000000000000003918020041
:100C6000000000006518020000000000B918020032
:100C70002118020005180200000000006C1A040090
:100C8000080000000C1B040005000000BB36040037
:100C900003000000856B04000300000034550400CD
:100CA00003000000D066040003000000D8770400B1
:100CB00003000000C2770400030000005E5504003A
:100CC000030000007863040003000000AD6E040020
:100CD00003000000E642040003000000775F040008
:100CE00003000000D56104000300000091720400BD
:100CF00003000000A268040003000000F354040095
:100D000003000000F842040003000000647A0400BD
:100D100003000000527A0400030000008A720400FD
:100D20000300000017780400030000008A3F04005D
:100D3000030000003B78040003000000D97B04009E
:100D400003000000F978040003000000AE3F040037
:100D500003000000B23F040003000000E64004006E
:100D600003000000907A04000300000027540400F0
:100D700003000000B454040003000000BC5404004D
:100D800003000000F442040003000000B67A0400EF
:100D900003000000BB7B040003000000B64F04000A
:100DA00003000000CB540400030000009B3F04003C
:100DB000030000009E78040003000000B016040049
:100DC00050A50120C540040001000000F4160400F5
:0C0DD00064140020D54004000100000065
:100DE0000000000001000000AC17002000016000BE
:100DF0003000000000000000000000006000600003
:100E00000000000000000000625E0400675E040055
:100E10006B5E04006F5E0400735E0400775E040086
:100E20007B5E04007F5E0400835E0400875E040036
:100E30008B5E04008F5E0400935E0400975E0400E6
:100E40009B5E04009F5E0400A35E040000A010509F
:100E500000820D5000040550050000000400000051
:100E60000100000001020803040200010202030362
:100E700025262701020401020403010203032804BA
:100E8000BE119042B400EE03500B010204010204B3
:100E90004C018604E80B0304020001020303000076
:100EA0000028000000200102FFFFFFFFFF030F14D6
:100EB0001E28323C5064780102030301010002073E
:100EC0000001020401000100000101000001000115
:100ED00000000100010000000102080F141E28326A
:100EE0003C506478020B000001000B0002000A0075
:100EF000050009000A000800140007001E00060093
:100F0000320005004B00040064000300960002005C
:100F1000FA000100F40100000102030302030100D2
:100F2000F401FA00960064004B0032001E00140029
:100F30000A000500020001000C0802170D01010261
:100F4000090901010602091818030101090903032F
:100F500085030201230202240910040405050B0B7A
:100F6000040B2B1B1B159A9A1C021D161305014915
:100F70000D150508061B1B0F01010000FEFEFEFEFD
:100F8000FEFEFEFEFEFEFEFEFEFEFEFEFEFEFEFE81
:100F9000FE16FEFEFEFEFEFEFEFEFEFEFE1F1FFE17
:100FA000FE26FEFEFEFEFE30FEFEFE32FEFE32FE9F
:100FB000FE35FEFE3E3EFEFEFEFE3B3B6000BE02F8
:100FC00090062C01CE05D0122804BE119042640078
:100FD000AE02500672050813DA4300010202010254
:100FE0000400A201B003BE05EE024806A209C40532
:100FF000F40B241226FEFEFEFE2E3630FEFEFE32DE
:10100000FEFEFEFEFE35FEFEFEFEFEFEFEFEFEFEC9
:101010002E010203030102030301020412FEFEFE7D
:10102000FEFEFEFEFEFEFEFE0303030303030303B8
:1010300003030303030303030314FEFE16FEFEFE75
:10104000FEFEFEFE23FEFEFEFEFEFEFEFEFEFEFE9B
:101050002E363039FEFE32FEFEFEFEFE35FEFEFE70
:10106000FEFEFEFEFEFEFE2E010203032804BE115C
:10107000904272050813DA432C00CE01D00204100E
:1010800040002804BE1190422C00CE01D002B400D2
:10109000EE03500B6400AE025006B400EE03500B9A
:1010A00001020303010204002804BE119042280437
:1010B000BE1190420102030300010202010204007A
:1010C00001030200042600200200000B01000000C2
:1010D0000700000000000000000000000000000009
:1010E0000406080A0C0E10121416181C1E202224C6
:1010F00026282A2C2E30323436383A3C3E404244A0
:1011000046484A4C4E021A500000000028000000D9
:101110001800000050010000500100000000000015
:10112000F023000024130000E86700001879000095
:101130001C0C7805A438143700000000400600009D
:10114000400600004006000040060000000098082D
:101150006B0358029C180000000000000000000013
:1011600000000000F0230000241300003CF0000009
:101170003CF000000000000048A3000014A00000A4
:1011800068A600003CA50000000000000000000070
:101190000000000000000000000040060C03600991
:1011A000340800000000000000000000E3A3C300BA
:1011B000781100200200000B6A2600200200000CBB
:1011C000CE2600200200000BCE2600200100000CDD
:1011D000CC2600200100000C010208FF7F00200047
:1011E00018000A800720029801AA80000102030467
:1011F00002030404010203040101010201010101CF
:1012000002030402E4E1D8D2C6C9B4B19C93878D2D
:101210006C6378724E4B272D1B1E363900206020E0
:101220004060800102040301020400010200050481
:10123000000808000000000000000000000001019C
:101240000101010101010101010102020202020288
:10125000030304040505060607070808090A0B0C22
:101260000D0E0F101112131415161718191A1B0052
:1012700010010000D200000030010000D800000082
:1012800001000000E400000002000000EA0000008D
:1012900002000000EC00000003000000EE0000006F
:1012A00004000000F000000005000000F200000053
:1012B00006000000F400000007000000F600000037
:1012C00008000000F700000009000000F80000001E
:1012D0000A000000F90000000B000000FA00000006
:1012E0000D000000FB0000000F000000FC000000EB
:1012F00011000000FD00000013000000FE000000CF
:1013000015000000FF0000001800000000000000B1
:101310001B000000010000001F0000000200000090
:10132000230000000300000028000000040000006B
:101330002D00000005000000330000000600000042
:1013400039000000070000003F0000000800000016
:1013500000100200FA000000000100081200000066
:101360000000000001030062746C650000000000D2
:10137000000000000000000000000000000000006D
:10138000000000000000000000000000000000005D
:10139000000000000000000000010000000000004C
:1013A0000338FDD870470000000000000000000076
:1013B0000338FDD870470000010000000000000065
:1013C00005000000000000001900000000000000FF
:1013D0007D0000000000000071020000000000001D
:1013E000350C000000000000093D00000000000076
:1013F0002D31010000000000E1F5050000000000B3
:1014000065CD1D0000000000F902950000000000FD
:10141000DD0EE90200000000514A8D0E00000000C0
:101420009573C24800000000E941CC6B0100000048
:101430008D49FD1A07000000C16FF28623000000ED
:10144000C52EBCA2B1000000D9E9AC2D7803000084
:101450003D9160E45811000031D6E275BC560000A1
:10146000F52E6E4DAEB10100C9EA268367780800FB
:10147000ED95C28F055A2A00A1EDCCCE1BC2D30038
:1014800025A4000A8BCA220400000000000000000E
:10149000000000000000001000000000000000003C
:1014A000B9340332B7F4AD1410DB1AB30892540EFA
:1014B0000D307D951447BA1A66088F4D26ADC66D5E
:1014C000F598BF85E2B74511CA96853D92BD1DEBE3
:1014D000FCA11860DCEF52163C92AE220BB8C1B4EE
:1014E000839D2D5B0562DA1C304C7E8F4E8BB25B88
:1014F00016F4529F8B56A512FBD4827643ED8AF0E8
:101500008FE7F9311565191850F19BD94A13EEB4DC
:10151000284CF0A686C1251F035FC270CB9E4916DA
:10152000E642889C44EB2014B0650836AD6EA58574
:1015300085F0CA14E2FD031A0B899979D5B13D09EA
:10154000D8DA973A35EBCF10AC363F5E73BB38CF65
:101550003E6752FA44AFBA150100000000000000D7
:101560000000000000000020345065C05FC9A65292
:10157000BB13CBAEC440C21806C8DF7100D5A87C2F
:10158000F56F0FDA58FC27136E4756357D2420651A
:1015900002C7E768E48CA41DE9E60268D7CD39618B
:1015A0007977FCC2405BEF16798CDE43FFA751F9D7
:1015B00091F3B278F5BDBE11E857E9D6E8BEE87BF5
:1015C000B054AC8F848D751BEA23A499E9F9D38BB1
:1015D000B7A3714061DA3E15CEE33ECB73F94808FC
:1015E0008C97B427D51B7010A2BFEFB9EB853215CD
:1015F0004DB44DB49BBB6F1996B6076CF8E7EEADD2
:1016000036D9B4F59135AE13222218AF4E6A684D23
:1016100091DAAA3D4F40741E9FBD9EE006A1C0987E
:1016200057C2A7FDA40E90170E7D497173E3208F5A
:10163000B220D87605143B12853D7434811343B033
:10164000AD297A5F27F4351C010E0200000000006E
:10165000310F0200450F0200051702008517020036
:10166000D516020030A2002000010000779A030086
:10167000219A0300020000001F9C030000000000EC
:10168000000000000000000000000000A94004006D
:10169000B140040000000000000000000000000055
:1016A000036D0400B9400400BD400400C1400400C3
:1016B000D5420200C9420200F9420200B1420200D2
:1016C00000000000BD42020000000000554302007F
:1016D00058A501208EF3012010000000E41604003C
:1016E00068A50120DD43020088A501209EF30120AA
:1016F00001000000DD9C0300D39C0300A19C0300BB
:10170000959C030000000000899C0300000000007D
:10171000201100200000000006000100020000006F
:101720002417040000000000975404000600000085
:10173000E04F1600000000209F540400210000002C
:10174000E0EF022078140020316802000000000061
:10175000EFA0030048170400641704000201000012
:10176000000000006C5C0220481704007817040099
:101770002E000000000000004C6E022048170400FC
:101780008C1704000201000000000000206F0220FE
:10179000A75E0400C55E0400E05E0400F05E040085
:1017A000FD5E0400065F04000D5F0400145F04008A
:1017B0001B5F0400235F0400FD5E04002B5F040038
:1017C0003D5F0400525F0400655F04000E030000EB
:1017D000398402000F040000058402001A01000091
:1017E0008D6D020005040000316E0200130100003F
:1017F000F97102003E01000069740200011200004C
:10180000D7A403000A1E000025A50300FF01000065
:10181000DD7502003E010000BD75020005040000F8
:10182000896E020008040000E17802003003000025
:101830005978020010010000D16F0200020100007F
:10184000658F020001120000218102000A1E0000C3
:10185000FDA503000309000031700200040B000025
:10186000A5710200060A000041830200070A000079
:10187000356F02000C050000016F0200050C00002E
:101880007D82020021080000656F02002C1F00000D
:10189000D9FD02003822000051FF02002D4B00004C
:1018A000CD0003002F2100000D0403002E030000D3
:1018B000210503003015000081050300310F0000F1
:1018C0003D01030032080000C10203004817040074
:1018D000DC18040003010000000000003C7002203E
:1018E0005D6604006A6604008A6604007E66040081
:1018F00095660400AC660400BC660400F434040081
:101900006B3504004817040014190400000000009F
:1019100000000000907302204817040028190400FA
:1019200000010000000000005874022067AC0300B2
:10193000B9AC03000000000000000000000000003F
:10194000D5AE020000000000000000000000000012
:10195000000000000202010075B40300040401004D
:1019600059BE02000606010099BD020008040100EC
:1019700085BC02000A0201005DB403000C040100F2
:1019800045B403000E04010059BB0200200401000D
:10199000BDBA020010040100CDB90200120201001C
:1019A00035B3030016040100C5BE02001801010092
:1019B00075B802001E00040057B603005202000072
:1019C0000BB303000104020011C402000302020071
:1019D0005BB603000501020025B603000704020000
:1019E0002FB603000901020033B603000B0002000A
:1019F00037B603000D0002003BB603000F000200E3
:101A00003FB603002102020043B6030011010200A9
:101A100047B60300130002004BB603001704020090
:101A20004FB603001900020053B603001B02030067
:101A3000FFAE03001D0205008DB302002304030066
:101A4000EDAE030048170400541A04000201000020
:101A500000000000D077022048170400681A040034
:101A6000F700000000000000A87C022030340400D1
:101A7000DFBB0300000000002C3404000000010064
:101A80002834040043BE0300000000003C16002080
:101A900000000100203404000000000000000000ED
:101AA00000000000000000001C340400B1BB030073
:101AB00061C802004416002000000300183404002E
:101AC00043BE0300000000003416002000000100A7
:101AD0001034040017BC03005DCB020000000000BE
:101AE000000003000C34040043BE030000000000AB
:101AF0002C1600200000010004340400A5CE0200D2
:101B0000000000000000000000000100503404004C
:101B1000DFBB0300000000004C34040000000100A3
:101B20004834040043BE030000000000C01600203B
:101B3000000001004034040047BC03000000000026
:101B400000000000000001003C34040043BE03001C
:101B500000000000B816002000000100343404002A
:101B600071BC030000000000000000000000010044
:101B700049EE02009FC603002DF80200000000009D
:101B800000000000FDF40200000000000000000062
:101B90000000000000000000000000000000000045
:101BA00093C3030006000000E1E702000600000006
:101BB0004FC3030010000000F9EC02001000000009
:101BC000CDF702000100000043C203001000000036
:101BD0008FC303000A00000049EF0200100000005C
:101BE000E1F5020007000000F1C203001000000050
:101BF00099F1020001000000EDEA0200400000003F
:101C000019E602001000000009C3030001000000F3
:101C100048170400201C0400C0120000000000004F
:101C2000D07E02206108030031080300000000009C
:101C3000B9090300390903002F780400D3CC03004D
:101C4000CFCC03003578040000A0105000820D5066
:101C5000000405507F00000000A0105088140020F0
:101C60000000000000000000FFFF000000820D5097
:101C7000001500200000000001000000FF07000028
:101C800000040550000000000000000002000000F9
:101C900000A0105000820D5000040550004010506C
:101CA0000000000000000000C81C040000C2010089
:101CB0000000D6010000000000000040000000000D
:101CC000EAF40120E9F4012000401050D41C040083
:101CD00001000000DC1C0400040000000000000003
:101CE00002000002010600010306000300700C5010
:101CF0000000000000000000181D040000C20100E8
:101D00000000D601000000000000004000000000BC
:101D10000CF501200BF5012000700C50241D04006F
:101D2000010000002C1D040002000000280000003B
:101D30002900000100600C500000000000000000BD
:101D4000601D040000C201000000D6010000000078
:101D500000000040000000002EF501202DF50120BC
:101D600000600C506C1D040001000000741D040094
:101D700004000000240000002600000225060001E7
:101D800027060003B8010400090000009C010400BC
:101D90000A000000B8010400070000009C010400D4
:101DA0000E0000006D1403007BD10300A9D10300D5
:101DB00000A0105000820D500004055008000000E3
:101DC000020000000400000001000000717B04001C
:101DD0007F7B0400937B0400A27B0400AE7B0400A5
:101DE0008400040094000400040104000C010400B9
:101DF0005C01040064010400BE7B040000010000DB
:101E00000000000000388A408F409440A140A64066
:101E1000AC401548CB40AE40A340003800380038F5
:101E20000038CE40ED409D41494156413241374155
:101E30003C414141B941BE41D7410E42FA418D4139
:101E40001B42804162426A42774274436E4366435A
:101E50007F432E4824460038003800380038AF4809
:101E6000D548F34863457D4585439D45A845BB4519
:101E7000E345ED45CF45FC4515468C466E469546F7
:101E80008E460038003800382842003800380038C4
:101E90000038003800380038003800380038003882
:101EA0000038003819491949194919491949194976
:101EB00019491949194919490038003800380038BA
:101EC0000038003800380038003800380038003852
:101ED0000038003800380038003800380038003842
:101EE0000038003800380038003800380038003832
:101EF0000038003800380038003800380038003822
:101F0000003800388C090038FFFFFF000000000097
:101F100010270081878A001A7B627AA678797A8DE9
:101F200000307B627AA778797A8D003078207B62E6
:101F300079217A220C10865082A2808182A2828727
:101F4000828D001A0030722095407AAC797B003087
:101F500078247B627AA884797A8D00307224A74035
:101F60007B2479257A26856286A87284868D11A6BF
:101F70008584116286A785868420862186228650E4
:101F80009A5086A6867286A88685868D8462868DFE
:101F9000781086A67270001A00307ABB787900300B
:101FA00000830030001C001C001C001C001B7C2255
:101FB000001D1310D040001A001C001C001C001B48
:101FC0007C22001D001B7C22001D1310DA40001A29
:101FD000000C016A3427001A006E1027001A7B6279
:101FE000782479257A260C1086500E1022590E106E
:101FF0001A59848FC50811B885850410295911A272
:1020000084871AA211111120071890A2801A90201B
:10201000001919A272871AA61970001B7C201AA237
:102020001A8013100B410E101D590410335986A24B
:102030001A72868D001A0030870811B8858211A2A5
:1020400084871AA211111120031890A2801A9020DF
:10205000001915A281871AA215151520031890A240
:10206000801A90200019074186500524082504266F
:10207000F5408650042406250526F54086500C249C
:1020800006250B26F54086500B2408251A26F55008
:1020900000AB0C1A00300DA702720AAC060D0EA799
:1020A00003720BAC060E02620CA872030C8D00309A
:1020B0007DBB0203048F05A6707003628650042066
:1020C00072210E229A500070108A0E240B250E26C3
:1020D000F35002728650042072210D229A5002722F
:1020E0001027108A0D240A250D26F35005A70D0E82
:1020F00005200C2105229A50007005BB030505A69A
:102100000E05003002628650042072210D229A5082
:102110000070108A0D240A250D26F35000300DA7FB
:102120000D0E05A67070027286500C200D2105223E
:102130009A50007005BB030505A60E05003002622B
:102140000DA7027203620EA7037201BB0D0E00BB46
:1021500002030D200E21802282AC80818120822109
:102160003910A941006201A80180018D01240825D0
:102170000626B15000300324062508268650F34079
:10218000032405250A268650F350026286500A2051
:1021900072210A229A503810003906200A210B2297
:1021A0009A500BA60B0C0BA80B050B8D38100039A1
:1021B000003002620A8E0A8F0B8E0B8F0727875022
:1021C0000EA8720B0C200E210D229A500A200E210F
:1021D0000E229A500062865003240D251A260821EB
:1021E0000E221A510262008107271A2072211A2238
:1021F0009A5000AB0A1A003086500DBB08060DA697
:10220000040D032406250E26F3500E2007210E226E
:102210009A500EA7050E0E8D0E240D250B26F340A9
:1022200086500A2408250D26F35002200D210E2287
:102230009A500E240C250B26F340865007200A21C5
:102240000D229A5003240C250E26F35005A60D0EE0
:10225000058D0030865001A700720AB901000624DE
:102260000A250426F55077A70472381000300118AB
:1022700077A70401381000300420042104229A506A
:1022800077A704723810003C001977A704013910B1
:10229000003C0030A0A27210685380A2811090A26E
:1022A00091100210965308105B541410FB5439100F
:1022B0008134001A000C865033A2041002102D4401
:1022C0000810D74414105B455852262078214852F4
:1022D0002621001C7A20CC425852262078214852D0
:1022E0001D2079214A52262026211D22001E7A20F7
:1022F000CC425852782479257D527A20CC42112044
:1023000084214852112010107A590E1036490121AB
:102310008526006886AC86012EA67070C1522E22DA
:1023200036102C2235A78682006CC80811B835817A
:10233000EA5026201121001C2620021012541121DF
:1023400026220718B120021015540810C754141083
:10235000515580210019E35226202621D050112208
:10236000BC520068C152006C2320361026201B226C
:102370000318001E802100192621001A001B0B10D3
:102380002320001F001A2CBA73742CBA2C2C2CA7F3
:102390002C742DA7018677A72D2C001AA122DC52C0
:1023A00002108D53081054541410F65480A28072F9
:1023B00090A29072808D908D001A003082A28210BF
:1023C00082A2827282A81082001A2C201321162267
:1023D000071880A2818280219020B2220019322227
:1023E000DC5229A2322828A2323131A2292525A285
:1023F000293030A2312222A2312F2FA2301F1FA25A
:10240000302E2EA22F1C1CA22F2D2DA22E1919A268
:102410002E2C2CA22D1616A22D132FA6117030A62D
:10242000127031A6137013A62C70112011210818F8
:1024300002108D53081054541410F654A020B121EA
:10244000001926A62F7027A6307028A63170001A12
:102450001120842148521D20822148528A0811B837
:102460008583142011211122001C05188024B1201D
:102470008421001E001920201D211D22001C05188A
:102480008024B1208421001E0019E3522620262139
:102490001922001EDA501122BC5219222620BC52E9
:1024A00077A22872F810821077A78501771086200E
:1024B000CC4285A6850183A6830183A6830113A24E
:1024C00072101DA619701EA61A701FA613702C4339
:1024D000585278210810E044818F918F001A003003
:1024E00077A701003810013A001A00305852042131
:1024F0006853021039540810F0543810053A001A85
:1025000000305852262078214A52001A0030585282
:10251000151075536E53262002214A5200302DA209
:10252000A1A12EA2A12D80A2812D90A2912E001AF0
:102530002FA205102EA280802CA280332EA22E80E6
:102540002DA290902EA62E2C2EA62F2E2CA72D2E0F
:102550002CA22C722C8D001A30A691912CA6818170
:102560002DA230911A10E24331A2A1A11810C54347
:102570002EA2818131A231312CA22C2D31A23133F6
:102580002FBA2E742EA62F3131A62C2CD1432EA675
:1025900081312FA781312CA22C2D2EA22E2F31A6D6
:1025A0002C2C2EBA2E742DA22D2D2FA22E2E2DA620
:1025B0002D2D80A72F3131A72C80A0A230A12FA2D2
:1025C0002E3190A72F2D001A2EA281812CA22C2D06
:1025D000CD4331A67092ED4331A77092ED4330A206
:1025E000A1A12FA231A131A230822FA22F3031A779
:1025F00031812FA72F9130A23131A0A231A12CA27D
:10260000813030A231302EA62C2C31A22F2F2EA6B5
:10261000302E80A7312E2CA72C802EA2913031A2F3
:102620002F2C90A7312E001AB0A2A0A0001A2EA61F
:1026300070921B442EA770921B442DA2A2B231A20D
:10264000A1A12CA281B22FA2A13131A282312DA24F
:10265000912D2FA22E2F2EA2A1A22C21F543AAC389
:10266000E7D3EAE32CA6047477A72C00381477A6E6
:1026700004707814001A2DA205102EA633332FA64D
:102680002D2D2EA22E2E2FA62F2D2EA22E332FA291
:102690002F2F30A62F2F2EA62E2F2FA62E3077A22B
:1026A0002F72001A90A77090908D001A2DA2A1A1F0
:1026B00080A281A190A2912D001A2FA205102EA216
:1026C00080802CA280332EA22E802CA22C802DA2C2
:1026D000909030A280902EA62E2C2DA62D302EA6C6
:1026E0002F2E2CA72D2E001A2CA281A12DA2818184
:1026F0002EA62D912DA22D2DA0A22C2C2CA22C2E5D
:102700002EA22E2E181085442FA2A03387442FBA54
:10271000A0042EA62E2C80A62E2F2CA6A02C2DA2F7
:102720002DA02CA22C8090A62C2D001A702398444A
:102730008223984431A683922FA282A130A2A1A124
:1027400030A2313031A2818132A22F2F29A631321D
:1027500031A63191A0A229A131A22F312EA6812F1D
:1027600032A630322FA6913032A281322FA22F2EE4
:102770002CA2812F2DA2299180A632312CA62C2D9E
:1027800032A62FA031A22C2929A2328090A631296D
:10279000001A30A2A1A12DA2A2A22CA281A22FA236
:1027A00082A12DA2912D30A292302EA2A1A22C2185
:1027B000A04472C494D496E4006877A772043714D6
:1027C000006C001A2DA272872CA22D8177A7812C74
:1027D000391081362CA22D9177A7912C3910913682
:1027E000001A003077A60570001A90A68090001A93
:1027F00080A281A190A291A1001A31A272102CA2F4
:1028000080802DA290902EA62C2D2FA22C2D2FA2B1
:10281000332F2FA62F312EA72E2F2E8D001A2CA648
:10282000819130A281812DA291912EA2A1A12CA2F1
:102830002C2C2EA62E2E2FA6302D2DA7302D2CA7DA
:102840002C2F2EA72F2E90A22D2F80A22C2EA0A2AF
:102850002E2F001A2EA670822E452EA770822E458E
:102860002FA2A1922EA2A12E30A2819131A22E2FB1
:1028700032A6912E2EA7812E2CA6812F2FA6912F26
:1028800032A22C322CA22E2F2EA630312FA730317F
:1028900030A72C2F31A7322E80A22E3090A22F31BC
:1028A000A0A23031001A2CA2A2812DA2A2912FA2A7
:1028B000A1922EA2A1822C2132450DC528D52BE54F
:1028C000001A80A77080808D001A585202240725B4
:1028D0007D522620CC52E6508750262072210A22B3
:1028E0009A503810003906200A210B229A500BA664
:1028F0000C0B0BA80B070B8D381000390030E6507D
:1029000087500A8E0A8F0B8E0B8F0DA8720B0C202E
:102910000D2135229A500A202B229A50EA50585203
:1029200008222B230224352526262653E650008133
:10293000262072212C229A5000AB0A2C0030E6503F
:102940002BA872062B8DEA50585202242B257D525B
:102950000820CC42000C006435A60A0CE6508750D3
:102960003520722135229A500BA7073506200B21FE
:102970000B229A50381000390030000C006435A644
:102980000A0CE65087500B8F3520722135229A5061
:10299000EA50585208220B23022435250D262653CF
:1029A0000030585226200B2148521D2006214A5241
:1029B000262026211D22001E1D2008214A522620E5
:1029C00026211D22001E0D20CC42E65087500B20F0
:1029D0000C210A229A5082A70882828D0030585218
:1029E00008220C2378240A25262626530068262050
:1029F000062100AB818000AB919000305852062038
:102A0000021050540810F35414105F5506240B257F
:102A10007D521D2008214A52262026211D22001EFB
:102A20001120CC5211240A257D520D20CC42E650B3
:102A300087500A200D212B229A50EA50CF550BA621
:102A40002B700D240B257D520820CC4286500008A7
:102A500000B8797917A70173179E179E0BA27810FB
:102A600017A217100C200E2280A60B7090A27210D5
:102A700082A6907092A6707068460E227AA8829202
:102A80007A8D00300E210C2211A6819112A781911E
:102A900013A2111114A2121215A6829216A78292E5
:102AA00015A2151216A2111611A7131481A2131440
:102AB00012A2171114A6151615A7151682A2141422
:102AC00016A2151513A6131292A2160B91A211139A
:102AD00012103B46001B0A1040460C210E224246B3
:102AE00006217A5608217C5636A2060B36A2368776
:102AF0000AA608360A8D0030E650875091A29187C9
:102B000036A2768736A2913681A2818781A6368148
:102B100081A28172818D91A67070001A02248F4665
:102B2000062408217A56EA501410C447F3460621B9
:102B30007A560A8FEA501410C9471C4735A28110F3
:102B400034A2911031A2353536A2343433A20410A8
:102B500035A2313634A2721033A2333531A7363163
:102B600036A6343331A73136318D39108134001A0D
:102B700031A2911036A2041031A2313133A2721069
:102B800036A2363131A7313336A6363333A2363644
:102B900033A2333634A2333335A2343635A235313D
:102BA00034A2313335A23572358D33A7007333A784
:102BB0003374339E339E339E352433253526F550AA
:102BC00035A2351034A2343533A2343433A233362F
:102BD00033A63331338D72203810052081A2348022
:102BE000818D7D1081A70081001A000C8650D008CD
:102BF00011B8080132A2041032A6323284210C200E
:102C0000A5570C212D2088571120AE570718802278
:102C10002D21C0205D578021AE5700190C210C20BA
:102C200088C75DD768E7D050112217570A20B957D7
:102C30000030001B0C200B102D206847000C865024
:102C40000821B6569C5632A2041032A6323292089F
:102C500011B80A0602210C20A5570C212D208857F7
:102C60001120AE57031880222D21C0205D578021EE
:102C7000AE57001908212120A55721212D20885762
:102C80002120AE57031880222D21C0205D578021BE
:102C9000AE5700190C2121220C205D5788C75DD743
:102CA00068E7DA5011221757212217570C20B9571D
:102CB00077A680703E10003900AB0B90003031A633
:102CC000918136A7918131A2318236A2369233A604
:102CD00070B2734731A6918136A7918131A23192AA
:102CE00036A2368233A770B2734734A2A1A233A2B0
:102CF000B13335A6313631A7313636A7343333A652
:102D0000343380A2313690A23533A0A23633B0A23C
:102D10003531001A31A6918136A7918134A2313123
:102D200033A2313631A2A1B136A2A1A131A63131EF
:102D300036A6363636A7363334A7343180A231363C
:102D4000A0A2363390A23334B0A23134001A80A24C
:102D5000811090A29110A0A27210B0A28090001ACF
:102D600031A6918190A7918180A63170A0A6A1A1E2
:102D7000B0A2B132001A35A2721035A835A180A2D6
:102D8000813590A29135808D908D001A082558527A
:102D90007D520A20CC4258520821DB5708205F554B
:102DA0000822062302240A252626265377A6267003
:102DB0003E100B3900AB0B270030918F2CA291876E
:102DC0002DA272872CA22C2C2EA72C2D2CA22C33BA
:102DD0002CA72C2D2DA22E2E2FA22E2C2DA22D2F46
:102DE0002FA22F2F2FA22D2F2FA22F722F8D30A782
:102DF0000074309E309E2F2430252F26F5502FA2B0
:102E00002F872DA22F2D2FA22D2D2FA22F2C2FA7B4
:102E10002F2E2F8D3910913481A22D72818D7C102F
:102E200081A7008177A7810037109134001A000C28
:102E30007B62865078231BA67D721B9E341043480C
:102E40001B9E83241B257A26F5507A207A211B228B
:102E50009A501BA71B831B8D3910003D001A0030B0
:102E60005852782078211C229A501CA61C041C2041
:102E70009A501CA61C051C8D1C23195877A67A7025
:102E80003D1000307AA7007A00301DA77D721EA683
:102E90001D701E9E83241E257A26F55038100030A2
:102EA0001EA77A723910003D1FA283101DB91D00A4
:102EB00020A6757021A2721022A6212122239E58DD
:102EC00024A6287025A67570A85823A72821238D2D
:102ED00039106B4822A622215C481DA71D721D9E39
:102EE0001F239E5826A21F2827A2262828A727216D
:102EF000288D381099482AA6727029A2272728A75A
:102F00002921288D3810874829A229292AA62A7222
:102F10007D481EA7202A28A6247025A61E70A85822
:102F20002BA6287024A22B2B20A62A7026A22B26A3
:102F300027A2272474487AA226727A8D001A0030BC
:102F400023A28372238D23241D252326F55028A236
:102F50002310001A25A725723810001A28A2282845
:102F6000A848061000385852022407257D52262012
:102F7000CC5200680AA60C800AAC0A01381000394D
:102F80002AA67206E6502BA8722A2AAC2B0187507B
:102F90000A2006212B229A502BA7072B2BAC2B01A2
:102FA0002A202B210B229A503810003900300610AD
:102FB0000038E65087500A8E0A8F0B8E0B8F2AA698
:102FC0000A0B2AAC2A0138100039EA50585208225C
:102FD0002A2302240B2523262653E6502AA60C2357
:102FE0002AAC2A0100AB0A2A0030061000385852D9
:102FF000E65087502AAC0D0F2AA62A0F2A20072157
:103000002A229A502AA6062A2AAC2A012BAC0A0F99
:103010002BA62B0F2B202A212B229A502BBB2B0CBB
:103020002ABB2A0CEA50585208222A230A242B25AC
:103030000D2626530030003885A9010F001A11BA59
:10304000010F85A78511001A007001A6707000702D
:1030500001A77D72001A007009A67070007009BB8C
:103060007D0F7D2109620081001A81620081001AB2
:103070000F210F260068868EC15236108636006CEE
:10308000021050590310875211A6267012A62770FD
:1030900013A62870E65036A8850F368D01213626F6
:1030A000EA508742900811B8868615D418E411209A
:1030B00012541D201121001C125411211D2203182D
:1030C000C120001E12548021001926A6117027A6C7
:1030D000127028A6137026202621001C001C001C3C
:1030E000001B7C22001D262113106B491122BC52AB
:1030F0002621E7D3EAE3001A00680F8E006C2CA2A9
:103100000F10875902108759A0A2A02C15108959B9
:10311000001A80A2802C90A2902C001AFA1ED65F72
:10312000000101000002020000140000002800005D
:103130000040000001000000020000000F0000003D
:10314000100000001000000020000000100000002F
:103150001000000058310400110000001128000088
:1031600011080000010000006C31040000000000A4
:10317000000000000000000000000000000000004F
:1031800030000000C0000000180000003100000006
:103190000000000030000000E00000001C00000003
:1031A00039000000000000003000000000010000B5
:1031B000200000004100000000000000300000007E
:1031C0004001000028000000510000000000000045
:1031D00030000000800100003000000061000000AD
:1031E000000000003000000000020000400000006D
:1031F000810000000000000017000000C000000077
:10320000180000003100000000000000170000005E
:10321000E10000001D0000003B0000000000000075
:103220001700000000010000200000004100000025
:103230000000000012000000C000000018000000A4
:10324000310000000100000012000000E00000005A
:103250001C00000039000000010000001200000006
:1032600000010000200000004100000001000000FB
:103270001200000040010000280000005100000082
:10328000010000001200000080010000300000007A
:1032900061000000010000001200000009020000AF
:1032A0004200000085000000010000004100000015
:1032B000FF000000200000002000000000000000CF
:1032C00041000000C001000038000000380000008C
:1032D0000000000042000000FF000000200000008D
:1032E000200000000000000042000000C0010000BB
:1032F000390000003900000000000000000010004C
:1033000020000000F57B0400C00000001033040022
:103310002600001000000000003000000C0000003B
:10332000000000002833040022000010000C000000
:10333000003100000C00000000000003000000004D
:10334000000000000000000000000000000000403D
:1033500095596959555554551555555604051541F6
:1033600010545540455155444045504450555545DD
:10337000004000404004449665555655454045542C
:103380005141154055915555555540510501000085
:1033900054455454455505040010041014044000CD
:1033A000000001405555154154040000440001003F
:1033B0000000004041000044504445505400555521
:1033C0005455655100400040010000010005010016
:1033D00011545151545555050000000000000000E3
:1033E000000000006937AC3168212233B40F143378
:1033F0006821A2333863ED3EDA0F493F5E987B3F88
:10340000DA0FC93F00002A2B00002A2B00000328F6
:103410000000292B0000292B0000032800000229AE
:103420000000052A0000052A0000032800000118FA
:10343000000000280000012A0000012A00000328E3
:103440000000002A0000002A0000032800000018E5
:10345000000000287075626C69630072616E646FB1
:103460006D007075626C69632D69640072616E64D1
:103470006F6D2D696400253032583A253032583A44
:10348000253032583A253032583A253032583A25CC
:10349000303258202825732900446973636F6E6E9B
:1034A00065637465643A2025732028726561736FC3
:1034B0006E203078253032582900466F756E6420B2
:1034C000626561636F6E3A202573005B25645D2041
:1034D00025732020252E3266206D005B25645D203B
:1034E000257320202D2D206D004E6F2062656163B5
:1034F0006F6E7320636F6E6E656374656400436FF7
:103500006E6E656374696F6E20617474656D70743E
:10351000206661696C656400436F6E6E65637469F3
:103520006E672E2E2E00436F6E6E65637465643A6F
:103530002025732028657272203078253032582972
:10354000004475706C696361746520636F6E6E65AD
:103550006374696F6E2072656A6563746564005197
:10356000756575652066756C6C2C20646973636F76
:103570006E6E656374696E67005374617274696E10
:1035800067206D756C74692D626561636F6E20696B
:103590006E69746961746F72005541525420696E8E
:1035A0006974206661696C656400426C7565746F4E
:1035B0006F746820696E6974206661696C65642047
:1035C00028657272202564290046696C7465722032
:1035D000616464206661696C65642028657272208C
:1035E0002564290046696C74657220656E61626CA1
:1035F00065206661696C65642028657272202564A7
:10360000290057616974696E6720666F72202564AE
:10361000207265666C6563746F72732E2E2E005374
:1036200063616E20696E6974206661696C656420EF
:103630002865727220256429005761697420666FBD
:1036400072207265666C6563746F7273206661695F
:103650006C656420286572722025642900416C6CB9
:10366000202564207265666C6563746F72732063D5
:103670006F6E6E656374656420E28094207374617C
:103680007274696E67206170706C69636174696FD0
:103690006E00426561636F6E5B25645D2072616ED2
:1036A00067696E67206661696C6564006379636C45
:1036B000653A20256C6C64206D73006170705F6DDD
:1036C00061696E005365637572697479206661691A
:1036D0006C656420286572722025642900556E701F
:1036E000616972206661696C656420286572722068
:1036F000256429005374616C6520626F6E642072CA
:10370000656D6F7665642C2077696C6C2072652D11
:1037100070616972005365637572697479206C65B4
:1037200076656C202564005363616E20737461724A
:1037300074206661696C6564202865727220256456
:1037400029005363616E6E696E672E2E2E20282528
:10375000642F256429005374696C6C207363616E57
:103760006E696E672C206E6F20626561636F6E20DC
:10377000666F756E64202825647329004E6F206281
:103780006561636F6E20736C6F7420617661696C24
:1037900061626C6500536563757269747920736545
:1037A000747570206661696C65642028657272208A
:1037B000256429004B657920706F6F6C20707572DD
:1037C0006765640054696D656F757420776169740D
:1037D000696E6720666F72207365637572697479AC
:1037E000004353207365747570206661696C65646D
:1037F00020286572722025642900426561636F6E1E
:1038000020636F6E6E656374656420616E642073FF
:10381000656375726564202825642F256429004737
:1038200041545420646973636F76657279206572C0
:10383000726F7220286572722025642900524153EC
:10384000205252455120616C6C6F63206661696C37
:103850006564202865727220256429004D54552026
:1038600065786368616E6765206661696C65642070
:10387000284154542065727220257529004D5455F5
:103880002065786368616E6765643A20257500522B
:10389000616E67696E672053657276696365206E35
:1038A0006F7420666F756E64206F6E207265666C33
:1038B0006563746F7200435320636F6E666967209F
:1038C0006372656174696F6E206661696C656420FE
:1038D0002873746174757320257529004353206320
:1038E0006F6E666967202575206372656174656413
:1038F00020286D6F6465202575290043532073755A
:10390000626576656E742061626F727465642062B0
:10391000256420287375626576656E74203078257D
:10392000582C2070726F636564757265203078253D
:103930005829005374657020646174612062756653
:10394000666572206F766572666C6F77206225649B
:103950000052542072616E67696E67206461746101
:1039600020622564206661696C6564202865727236
:10397000202564290052542064617461206225640A
:103980002074726F70206772616E646520282575DF
:1039900029004D54552065786368616E6765207312
:1039A00074617274206661696C6564202865727246
:1039B00020256429004741545420646973636F765D
:1039C000657279207374617274206661696C6564D4
:1039D0002028657272202564290052656164207276
:1039E000656D6F7465204353206361706162696C1B
:1039F0006974696573206661696C65642028657205
:103A00007220256429005365742064656661756CB5
:103A1000742043532073657474696E677320666104
:103A2000696C6564202865727220256429005254EF
:103A3000207375627363726962653A2062656163BF
:103A40006F6E20696E636F6E6E75005265616C7487
:103A5000696D652052442073756273637269626593
:103A6000206661696C65642028657272202564296E
:103A70000043726561746520435320636F6E66690D
:103A800067206661696C6564202865727220256410
:103A90002900435320736563757269747920656EDC
:103AA00061626C65206661696C656420286572726C
:103AB00020256429005365742070726F63656475F6
:103AC000726520706172616D6574657273206661E4
:103AD000696C65642028657272202564290043534F
:103AE00020736574757020636F6D706C65746520EC
:103AF000666F7220626561636F6E00436170732050
:103B00004353206C6F63616C657320696C6C6973DF
:103B100069626C65732C206F7074696F6E732063BB
:103B20006F6E73657276C3A965732074656C6C657E
:103B300073207175656C6C6573004353206361700D
:103B4000733A20324D5F3242543D25642043534145
:103B500033433D256420525454736F756E645F6E19
:103B60003D25752052545461615F6E3D2575204E90
:103B700041444D736F756E643D25640063617073DD
:103B80003A2043535F53594E4320324D5F324254E3
:103B9000206E6F6E20737570706F727465202D3E8D
:103BA000207265706C6920324D00636170733A2039
:103BB00043534120233343206E6F6E207375707022
:103BC0006F727465202D3E207265706C69202333FE
:103BD0004200636170733A2052545420736F756EC3
:103BE00064696E67206E6F6E20737570706F72748B
:103BF00065202D3E207265706C692041415F4F4EFB
:103C00004C590050726F63656475726520656E6112
:103C1000626C6520622564206661696C6564202899
:103C2000657272202564290050726F636564757235
:103C3000652064697361626C65206661696C6564A6
:103C40002028657272202564290054696D656F759E
:103C5000742077616974696E6720666F72204353C0
:103C60002070726F63656475726520646973616248
:103C70006C6500426561636F6E5B25645D207072E8
:103C80006F636564757265206661696C6564006266
:103C900025643A206C6F63616C202575206F637416
:103CA000657473206D6169732073655F636F756EF2
:103CB000743D3000426561636F6E5B25645D207208
:103CC000645F72656164792074696D656F757400F5
:103CD000426561636F6E5B25645D20525420636FA3
:103CE000756E74657220736B65772028736E6170D2
:103CF0002025752070656572202575292C206D653D
:103D000073757265207065726475650049514C2C3D
:103D100025642C25752C256C6C642C004951502C85
:103D200025642C25752C256C6C642C006225642080
:103D300074696D696E673A20737461727475703D51
:103D4000256C6C64206D73206D6561733D256C6C12
:103D500064206D732066657463683D256C6C642017
:103D60006D730030313233343536373839414243A0
:103D700044454600546F6F206D616E792049512093
:103D800073616D706C657300426561636F6E5B2576
:103D9000755D2064697374616E63653A20252E3207
:103DA00066206D20287261773A20252E3266206DBC
:103DB0002900426561636F6E5B25755D20646973E0
:103DC00074616E636520686F727320706C616765E3
:103DD00020287261773A20252E3266206D29005303
:103DE000657269616C69736174696F6E20646F6E6E
:103DF000652C20627566666572206C656E677468F6
:103E0000203D2025640073636865643A206D6F640B
:103E100065204155544F004F524445523A00736358
:103E20006865643A20696E64657820256C64206951
:103E30006E76616C6964652028302E2E2564292CED
:103E4000206C69676E652069676E6F7265650073C7
:103E5000636865643A204F52444552207669646530
:103E60002C206C69676E652069676E6F72656500EE
:103E700073636865643A206D6F6465204D414E55EB
:103E8000414C2C20256420736C6F742873292F7289
:103E90006F756E640049514F4E0073636865643AF4
:103EA0002064756D70204951204F4E0049514F4696
:103EB000460073636865643A2064756D70204951EB
:103EC000204F46460073636865643A20636F6D6DEA
:103ED000616E6465205541525420696E636F6E6E49
:103EE00075653A2025730028756E7369676E656481
:103EF000292063686172202A207573656420666FCB
:103F0000722025257020617267756D656E742E2094
:103F100049742773207265636F6D6D656E646564A7
:103F200020746F206361737420697420746F20762D
:103F30006F6964202A206265636175736520697406
:103F4000206D6179206361757365206D69736265A9
:103F5000686176696F7220696E2063657274616949
:103F60006E20636F6E66696775726174696F6E73D8
:103F70002E20537472696E673A2225732220617273
:103F800067756D656E743A25640063627072696E60
:103F900074665F7061636B616765007379735F67F7
:103FA00065746F7074006C6F6767696E67006C6F23
:103FB00067006C6F675F6D676D74004D657373614B
:103FC0006765202822257322292064726F7070652E
:103FD0006420626563617573652069742065786328
:103FE000656564732073697A65206C696D697461B5
:103FF00074696F6E2028257529004D65737361679C
:10400000652064726F7070656420626563617573AA
:104010006520697420657863656564732073697AC7
:1040200065206C696D69746174696F6E20282575EF
:1040300029000D0A001B5B306D00257320005B25F5
:1040400030386C755D20005B253032753A25303292
:10405000753A253032752E253033752C2530337561
:104060005D200025732F003C25733E200025733A08
:104070002000253032782000202020007C0025639D
:1040800000206D657373616765732064726F707073
:104090006564202D2D2D0D0A1B5B306D001B5B31DF
:1040A0003B33316D2D2D2D20001B5B313B33316DAA
:1040B000001B5B313B33336D0077726E00696E66B7
:1040C00000646267006C6F675F6261636B656E645A
:1040D0005F727474006C6F675F6261636B656E64BE
:1040E0005F75617274006C6F675F75617274002A2E
:1040F0002A2A20426F6F74696E67206E52462043F1
:104100006F6E6E6563742053444B2076332E332ECE
:10411000302D626131363764396633646234202A67
:104120002A2A0A002A2A2A205573696E67205A65AE
:1041300070687972204F532076342E332E39392D02
:10414000666439323034613032643532202A2A2AAA
:104150000A004254204741545420444D20575100F6
:10416000556E737570706F7274656420555549444F
:1041700020747970652E004E6F2073706163652026
:10418000666F72206E6577206174747269627574EF
:10419000652E004E6F20737061636520666F72201C
:1041A00061747472696275746520646174612E0053
:1041B000556E696E697469616C697A6564205555DC
:1041C00049442E004E6F20737061636520666F72E4
:1041D000206120555549442E0041747472696275FE
:1041E000746573206E6F74206C6F636B6564004739
:1041F00041545420646973636F7665722066616907
:104200006C65642C206572726F723A2025642E00F2
:10421000556E657870656374656420636F6E6E209B
:104220006F626A6563742E2041626F7274696E6793
:104230002E004E6F7420656E6F756768206D656D1A
:104240006F727920666F722073657276696365207C
:104250006174747269627574652E004E6F742065A6
:104260006E6F756768206D656D6F727920666F720D
:104270002073657276696365206174747269627512
:10428000746520646174612E004E6F7420656E6FDA
:10429000756768206D656D6F727920666F72206E2C
:1042A00065787420617474726962757465206465E0
:1042B0007363726970746F722061742068616E64D8
:1042C0006C652025752E00446973636F76657220D6
:1042D0006661696C65642C206572726F723A202584
:1042E000642E0004081162745F676174745F646D0A
:1042F000000204106E72665F62745F7363616E0029
:1043000052616E67696E67206461746120636F6DCE
:10431000706C657465642077697468206D69737367
:10432000696E67207365676D656E747300526563AF
:1043300065697665642052616E67696E67204461C5
:10434000746120526561647920496E6469636174A7
:10435000696F6E207769746820696E76616C696434
:104360002073697A650052616E67696E67206461C7
:104370007461207265616479206E6F746966696327
:104380006174696F6E207265636569766564207714
:104390006974686F7574206173736F6369617465A4
:1043A00064205252455120636F6E746578742C20DE
:1043B000756E7375627363726962696E67005261CC
:1043C0006E67696E672044617461204F766572770D
:1043D00072697474656E20496E6469636174696F93
:1043E0006E2073697A65206572726F720052616E19
:1043F00067696E672064617461206F766572777299
:10440000697474656E206E6F74696669636174693E
:104410006F6E20726563656976656420776974687C
:104420006F7574206173736F636961746564205282
:1044300052455120636F6E746578742C20756E73CD
:1044400075627363726962696E67004E6F20726590
:1044500061642063616C6C6261636B207072657370
:10446000656E7400526561642076616C75652065C7
:1044700072726F723A2025640052415320435020DB
:104480006E6F74696669636174696F6E20726563CB
:10449000656976656420776974686F7574206173E7
:1044A000736F636961746564205252455120636F74
:1044B0006E746578742C20756E737562736372699F
:1044C00062696E6700526563656976656420636F33
:1044D0006D706C6574652072616E67696E672064CB
:1044E00061746120726573706F6E73652077697493
:1044F0006820696E76616C6964206C656E677468AB
:104500003A20256400526563656976656420636FAF
:104510006D706C6574652072616E67696E6720648A
:1045200061746120726573706F6E73652077697452
:104530006820756E65787065637465642072616E5D
:1045400067696E6720636F756E74657220256400FD
:1045500041434B2072616E67696E672064617461CC
:10456000207772697465206661696C65642C2065CA
:1045700072722025642E20456E64696E6720646126
:10458000746120726563656976652070726F63651A
:10459000737320686572652C207065657220776979
:1045A0006C6C206A757374206861766520746F2066
:1045B0007761697420666F722074696D656F7574B8
:1045C0002E00526563656976656420726573706F4D
:1045D0006E7365206F70636F6465207769746820FF
:1045E000696E76616C6964206C656E6774683A20E8
:1045F000256400556E657870656374656420526546
:1046000073706F6E736520636F6465207265636598
:10461000697665642025640041434B2052616E67D2
:10462000696E6720446174612072657475726E658D
:104630006420616E206572726F722025642E205492
:104640006869732073686F756C6420686176652093
:104650006E6F20696D706163742C20736F20636FBF
:104660006E74696E75652E00526563656976656462
:1046700020756E6B6E6F776E205241532D43502024
:104680006F70636F64653A202564005375627363CD
:104690007269626520746F206363635F68616E6432
:1046A0006C65202564206661696C65642C206572E8
:1046B000722025640052616E67696E6720446174E0
:1046C00061206E6F74696669636174696F6E2072D0
:1046D0006563656976656420696E76616C696420DE
:1046E000726F6C6C696E675F7365676D656E745F22
:1046F000636F756E746572202564004E6F2073754C
:1047000070706F727420666F72207265636569766F
:10471000696E67207365676D656E7473206F75745D
:10472000206F66206F726465722C206578706563F7
:1047300074656420636F756E7465722025642C2027
:10474000726563656976656420636F756E74657202
:104750002025640052616E67696E67206461746130
:10476000206F757420627566666572206E6F7420A6
:104770006C6172676520656E6F75676820666F7221
:10478000206E657874207365676D656E74004F6E7A
:104790002D64656D616E642072616E67696E67205D
:1047A00064617461206E6F74696669636174696FB6
:1047B0006E20726563656976656420776974686FD9
:1047C0007574206173736F636961746564205252FC
:1047D000455120636F6E746578742C20756E737507
:1047E000627363726962696E670052616E67696EB7
:1047F000672064617461206E6F74696669636174B7
:10480000696F6E2072656365697665642077697487
:10481000686F757420726571756972656420627560
:1048200066666572206F722063616C6C6261636B97
:104830002C20756E7375627363726962696E6700AE
:10484000556E6578706563746564204F6E2D646580
:104850006D616E642052616E67696E672044617499
:1048600061206E6F74696669636174696F6E20722E
:1048700065636569766564004F6E2D64656D616E74
:10488000642052616E67696E672044617461206EB6
:104890006F74696669636174696F6E2072656365C0
:1048A00069766564206166746572206C617374203A
:1048B0007365676D656E74004F6E2D64656D616E16
:1048C000642052616E67696E672044617461206E76
:1048D0006F74696669636174696F6E207265636580
:1048E0006976656420696E76616C6964206C656EBA
:1048F000677468005265616C2D74696D6520726122
:104900006E67696E672064617461206E6F7469669A
:1049100069636174696F6E20726563656976656449
:1049200020776974686F7574206173736F63696150
:10493000746564205252455120636F6E74657874BB
:104940002C20756E7375627363726962696E67009D
:104950005265616C2D74696D652052616E67696E78
:10496000672044617461206E6F7469666963617465
:10497000696F6E20726563656976656420696E761D
:10498000616C6964206C656E677468004661696C6F
:10499000656420746F20756E7375627363726962EB
:1049A0006520746F205241532D43503A20256400F6
:1049B0004661696C656420746F20756E73756273EF
:1049C000637269626520746F206F6E64656D616EDD
:1049D000642072616E67696E6720646174613A2059
:1049E0002564004661696C656420746F20756E7380
:1049F000756273637269626520746F207265616CA1
:104A00002D74696D652072616E67696E67206461DF
:104A100074613A202564004661696C656420746F96
:104A200020756E73756273637269626520746F209E
:104A300072616E67696E672064617461207265617E
:104A400064793A202564004661696C656420746F5E
:104A500020756E73756273637269626520746F206E
:104A600072616E67696E672064617461206F76653C
:104A7000727772697474656E3A20256400436F75AD
:104A80006C64206E6F74206C6F63617465206D615F
:104A90006E6461746F7279204F6E2D64656D616E06
:104AA000642072616E67696E67206461746120635F
:104AB0006861726163746572697374696300436FDE
:104AC000756C64206E6F74206C6F63617465206D0B
:104AD000616E6461746F7279204F6E2D64656D61D3
:104AE0006E642072616E67696E6720646174612014
:104AF00064657363726970746F7200436F756C6480
:104B0000206E6F74206C6F63617465206D616E64DC
:104B100061746F7279204F6E2D64656D616E6420D3
:104B200072616E67696E67206461746120434343FC
:104B300000436F756C64206E6F74206C6F636174DA
:104B400065205265616C2D74696D652072616E67B8
:104B5000696E672064617461206368617261637467
:104B60006572697374696300436F756C64206E6F5E
:104B700074206C6F63617465205265616C2D74697B
:104B80006D652072616E67696E6720646174612073
:104B900064657363726970746F7200436F756C64DF
:104BA000206E6F74206C6F63617465205265616C58
:104BB0002D74696D652072616E67696E672064612E
:104BC00074612043434300436F756C64206E6F74BF
:104BD000206C6F63617465206D616E6461746F72C7
:104BE000792072616E67696E6720646174612072FA
:104BF0006561647920636861726163746572697369
:104C000074696300436F756C64206E6F74206C6F01
:104C100063617465206D616E6461746F7279207276
:104C2000616E67696E67206461746120726561649A
:104C3000792064657363726970746F7200436F7575
:104C40006C64206E6F74206C6F63617465206D619D
:104C50006E6461746F72792072616E67696E67202D
:104C60006461746120726561647920434343004349
:104C70006F756C64206E6F74206C6F636174652057
:104C80006D616E6461746F72792072616E67696EB6
:104C9000672064617461206F7665727772697474DD
:104CA000656E2063686172616374657269737469AB
:104CB0006300436F756C64206E6F74206C6F63616A
:104CC0007465206D616E6461746F72792072616EBB
:104CD00067696E672064617461206F7665727772B0
:104CE000697474656E2064657363726970746F7241
:104CF00000436F756C64206E6F74206C6F63617419
:104D000065206D616E6461746F72792072616E6787
:104D1000696E672064617461206F7665727772696D
:104D20007474656E2043434300436F756C64206E5A
:104D30006F74206C6F63617465206D616E64617463
:104D40006F72792052415320435020636861726131
:104D500063746572697374696300436F756C642072
:104D60006E6F74206C6F63617465206D616E646139
:104D7000746F7279205241532043502064657363ED
:104D8000726970746F7200436F756C64206E6F741B
:104D9000206C6F63617465206D616E6461746F7205
:104DA00079205241532043502043434300436F75C1
:104DB0006C64206E6F74206C6F63617465206D612C
:104DC0006E6461746F72792052415320466561743C
:104DD000757265732063686172616374657269736B
:104DE00074696300436F756C64206E6F74206C6F20
:104DF00063617465206D616E6461746F72792052B5
:104E000041532046656174757265732064657363F0
:104E1000726970746F72004E6F20706565722073D6
:104E200074657020646174612070726F7669646566
:104E3000642E00547269656420746F20706172730F
:104E40006520656D70747920706565722073746576
:104E50007020646174612E004E6F206C6F63616C12
:104E6000207374657020646174612070726F76695C
:104E70006465642E00547269656420746F207061EB
:104E800072736520656D707479206C6F63616C203E
:104E90007374657020646174612E00456D7074795F
:104EA0002070656572207374657020646174612080
:104EB000627566207768657265207374657073200B
:104EC000776572652065787065637465642E004C43
:104ED0006F63616C2073746570206461746120611C
:104EE000707065617273206D616C666F726D656460
:104EF0002E00506565722073746570206461746162
:104F00002061707065617273206D616C666F726D87
:104F100065642E004D69736D61746368206F66204F
:104F20006C6F63616C20616E6420706565722073C4
:104F3000746570206D6F646520256420213D2025F7
:104F40006400456E636F756E7465726564207A6582
:104F5000726F2D6C656E6774682073746570206461
:104F60006174612E005065657220737465702061F4
:104F7000626F727465640050656572206F72206C98
:104F80006F63616C2062756666657273206E6F7404
:104F90002066756C6C7920647261696E656420614D
:104FA000742074686520656E64206F66207061727D
:104FB00073696E672E007261735F72726571007241
:104FC000302F61313A202030782530387820207217
:104FD000312F61323A202030782530387820207205
:104FE000322F61333A202030782530387800723300
:104FF0002F61343A202030782530387820723132D1
:105000002F69703A2020307825303878207231347A
:105010002F6C723A20203078253038780020787054
:1050200073723A202030782530387800735B25324F
:10503000645D3A20203078253038782020735B2555
:1050400032645D3A20203078253038782020735B38
:105050002532645D3A20203078253038782020735E
:105060005B2532645D3A2020307825303878006640
:10507000707363723A2020307825303878004661AA
:10508000756C74696E6720696E7374727563746988
:105090006F6E206164647265737320287231352FDE
:1050A0007063293A2030782530387800556E686171
:1050B0006E646C6564204952516E3A202564002A62
:1050C0002A2A2A2A204D5055204641554C54202A40
:1050D0002A2A2A2A002020537461636B696E672094
:1050E0006572726F722028636F6E746578742061C8
:1050F000726561206D69676874206265206E6F74E7
:105100002076616C696429002020556E7374616398
:105110006B696E67206572726F7200202044617443
:1051200061204163636573732056696F6C617469B4
:105130006F6E0020204D4D464152204164647265DF
:1051400073733A2030782578002020496E7374728A
:10515000756374696F6E204163636573732056696C
:105160006F6C6174696F6E002020466C6F617469AA
:105170006E672D706F696E74206C617A792073741C
:1051800061746520707265736572766174696F6EA3
:10519000206572726F72002A2A2A2A2A20555341EA
:1051A0004745204641554C54202A2A2A2A2A0020C5
:1051B000204469766973696F6E206279207A65721E
:1051C0006F002020556E616C69676E6564206D65A7
:1051D0006D6F72792061636365737300202053746F
:1051E00061636B206F766572666C6F772028636FE2
:1051F0006E746578742061726561206E6F742076BC
:10520000616C6964290020204E6F20636F70726F9B
:10521000636573736F7220696E73747275637469FA
:105220006F6E73002020496C6C6567616C206C6F39
:105230006164206F66204558435F52455455524E75
:1052400020696E746F205043002020496C6C6567A4
:10525000616C20757365206F662074686520455009
:105260005352002020417474656D707420746F2057
:105270006578656375746520756E646566696E65CD
:105280006420696E737472756374696F6E002A2A84
:105290002A2A2A20425553204641554C54202A2A76
:1052A0002A2A2A002020537461636B696E67206587
:1052B00072726F720020205072656369736520649A
:1052C00061746120627573206572726F72002020B4
:1052D0004246415220416464726573733A203078CB
:1052E0002578002020496D707265636973652064BC
:1052F00061746120627573206572726F7200202084
:10530000496E737472756374696F6E206275732071
:105310006572726F720052657365727665642045BE
:105320007863657074696F6E2028005370757269B8
:105330006F757320696E7465727275707420284978
:1053400052512000535053454C20696E20746872AE
:10535000656164206D6F646520646F6573206E6F96
:105360007420696E64696361746520505350002A2B
:105370002A2A2A2A2048415244204641554C54208A
:105380002A2A2A2A2A002020427573206661756C19
:1053900074206F6E20766563746F72207461626C26
:1053A0006520726561640020204465627567206530
:1053B00076656E740020204661756C742065736399
:1053C000616C6174696F6E20287365652062656C1D
:1053D0006F772900415243485F4558434550542058
:1053E0007769746820726561736F6E2025780A0092
:1053F0002A2A2A2A2A204465627567206D6F6E6901
:10540000746F7220657863657074696F6E202A2AE4
:105410002A2A2A002A2A2A2A2A20257320256429B2
:10542000202A2A2A2A2A006D7075004661696C6557
:105430006420746F20616C6C6F63617465206E65AD
:1054400077204D505520726567696F6E2025750A6B
:1054500000506172746974696F6E2025753A20730B
:10546000616E69747920636865636B206661696C3D
:1054700065642E00496E76616C696420756E6465A2
:10548000726C79696E6720726567696F6E20696EEC
:1054900064657820257500464C4153485F300053C1
:1054A00052414D5F3000657869740061626F7274BB
:1054B00028290A006E65745F627566006E65745F08
:1054C0006275665F73696D706C6500736F63000071
:1054D000000000000000FFFFFFFFFFFF00000000D2
:1054E0000000303132333435363738396162636425
:1054F00065660062745F727061004254204C5720F0
:1055000057510002FB349B5F8000008000100000B8
:105510000000000001040002000000020000000082
:105520000000000500000000000000000000000076
:105530000000000562745F627566006D616C666FE5
:10554000726D6564206164766572746973696E67F3
:105550002064617461202575202F202575006274F8
:105560005F646174610044617461206275666665A0
:1055700072206F766572666C6F7720286C696E6B2F
:105580002074797065203078253032782900556E86
:1055900061626C6520746F206C6F6F6B207570207A
:1055A000636F6E6E20776974682068616E646C65E5
:1055B000202575004572726F72207768696C6520CE
:1055C0007570646174696E672074686520736361C7
:1055D0006E6E6572202825642900556E61626C65C7
:1055E00020746F206C6F6F6B757020636F6E6E2010
:1055F000666F722068616E646C6520257500556E5B
:105600006B6E6F776E20636F6E6E2068616E646C78
:10561000652030782530345820666F7220747261AE
:105620006E736D697420706F776572207265706F2C
:105630007274004861726477617265206572726F7E
:10564000722C20686172647761726520636F646593
:105650003A20256400436F756C64206E6F7420736C
:1056600075626D69742072785F776F726B3A20256E
:105670006400696E74657276616C20657863656537
:105680006473207468652076616C69642072616E51
:105690006765202575207573006C6174656E63798C
:1056A0002065786365656473207468652076616C35
:1056B00069642072616E6765203078253034780027
:1056C000737570765F74696D656F75742065786346
:1056D00065656473207468652076616C6964207206
:1056E000616E67652030782530347800556E6162D0
:1056F0006C6520746F20616C6C6F636174652062EF
:10570000756666657200556E68616E646C656420CE
:105710006576656E7420307825303278206C656E41
:105720002025753A20257300657674206E756D5FAF
:1057300068616E646C657320283D25752920746F3F
:105740006F206C617267652028257A75203E2025C0
:105750007529004E6F20636F6E6E656374696F6E9E
:1057600020666F722068616E646C6520257500701C
:1057700061636B65747320636F756E74206D6973FC
:105780006D6174636800546F6F20736D616C6C2081
:1057900028257520627974657329206576656E7495
:1057A0002030782530327800496E76616C6964204B
:1057B000484349206576656E742073697A652028B0
:1057C00025752900496E76616C6964204C45206D11
:1057D000657461206576656E742073697A6520282A
:1057E00025752900574553545F544F504449522F53
:1057F0007A65706879722F7375627379732F626C32
:105800007565746F6F74682F686F73742F68636940
:105810005F636F72652E63006576745F666C6167A7
:10582000732026202831554C203C3C202830292943
:1058300000415353455254494F4E204641494C2054
:105840005B25735D20402025733A25640A00496E6C
:1058500076616C69642062756620747970652025B4
:105860007500496E76616C69642048434920414364
:105870004C207061636B65742073697A65202825FC
:1058800075290041434C2064617461206C656E672A
:105890007468206D69736D617463682028257520B4
:1058A000213D2025752900556E61626C6520746F5D
:1058B0002066696E6420636F6E6E20666F7220686A
:1058C000616E646C652025750062745F6863695F52
:1058D0006576745F6765745F666C6167732868647A
:1058E000722D3E657674292026202831554C203CA7
:1058F0003C202831292900556E6B6E6F776E20622F
:105900007566207479706520257500556E68616E26
:10591000646C65642076656E646F722D7370656368
:1059200069666963206576656E742030782530324B
:1059300078206C656E2025753A202573004E6F2007
:10594000636F6D6D616E642073656E7420666F7237
:1059500020636D6420636F6D706C657465203078B2
:1059600025303478004F70436F64652030782530DF
:10597000347820636F6D706C6574656420696E7334
:1059800074656164206F6620657870656374656412
:1059900020307825303478004661696C6564207465
:1059A0006F20736574207265717569726564207308
:1059B00065637572697479206C6576656C004E6FED
:1059C000206368616E676520746F20656E6372790D
:1059D0007074696F6E2073746174652028656E63DE
:1059E00072797074203078253032782900756E6BAA
:1059F0006E6F776E005B305D0048434920747261C2
:105A00006E73706F72743A202573005344430049DB
:105A100064656E7469747925733A2025730049644E
:105A2000656E746974795B25645D3A20257300485E
:105A300043493A2076657273696F6E20257320287A
:105A400030782530327829207265766973696F6EF7
:105A5000203078253034782C206D616E7566616356
:105A6000747572657220307825303478004C4D5052
:105A70003A2076657273696F6E202573202830781E
:105A8000253032782920737562766572203078254A
:105A900030347800435320496E69746961746F72C1
:105AA00000556E61626C6520746F2073656E6420B2
:105AB000746F206472697665722028657272202581
:105AC000642900657272203D3D20300009436F6EED
:105AD00074726F6C6C657220756E726573706F6E28
:105AE000736976652C20636F6D6D616E64206F70D5
:105AF000636F6465203078253034782074696D6573
:105B00006F75742077697468206572722025640A45
:105B1000006F70636F6465203078253034782073AF
:105B200074617475732030782530327820257300C5
:105B30004661696C656420746F20726561642044FD
:105B40004C45206D61782064617461206C656E0045
:105B500074785F6F637465747320657863656564DA
:105B600073207468652076616C69642072616E6769
:105B7000652025750074785F74696D6520657863AC
:105B800065656473207468652076616C6964207251
:105B9000616E6765202575004E6F2070656E6469C3
:105BA0006E672063656E7472616C20636F6E6E65E4
:105BB0006374696F6E00436F6E6E656374696F6EB8
:105BC000206372656174696F6E2074696D656F75AD
:105BD0007420747269676765726564004661696CF8
:105BE000656420746F207265737461727420696ECD
:105BF00069746961746F7200556E6578706563745D
:105C00006564207374617475732030782530327840
:105C1000202573004E6F2070656E64696E67206387
:105C20006F6E6E20666F722070656572202573003E
:105C30004E6F6E2D4C452063617061626C65206310
:105C40006F6E74726F6C6C657220646574656374DA
:105C5000656421004E756D206F6620436F6E74720F
:105C60006F6C6C657227732041434C207061636BCD
:105C700065747320213D2041434C2062745F636F43
:105C80006E6E5F747820636F6E746578747320280D
:105C9000257520213D202575290041434C20425285
:105CA0002F4544522062756666657273206E6F746C
:105CB00020696E697469616C697A65640056656E05
:105CC000646F722048434920657874656E73696F0C
:105CD0006E73206E6F7420617661696C61626C65B1
:105CE00000485720506C6174666F726D3A202573BE
:105CF00020283078253034782900485720566172A2
:105D000069616E743A202573202830782530347804
:105D100029004669726D776172653A2025732028E3
:105D2000307825303278292056657273696F6E207D
:105D300025752E2575204275696C642025750046F1
:105D400061696C656420746F20726561642073758D
:105D500070706F727465642076656E646F72206314
:105D60006F6D6D616E6473004661696C656420746B
:105D70006F207265616420737570706F72746564F2
:105D80002076656E646F72206665617475726573E6
:105D90000048434920647269766572206973206EF9
:105DA0006F74207265616479004254205258205704
:105DB000510048434920647269766572206F7065AE
:105DC0006E206661696C65642028256429004F7522
:105DD00074206F6620636F6D6D616E6420627566FE
:105DE0006665727300556E657870656374656420CE
:105DF000484F53545F4E554D5F434F4D504C4554A3
:105E000045445F5041434B4554532C207374617497
:105E100075732030782530327820257300556E63F5
:105E20006C65617265642070656E64696E6720736D
:105E3000656E745F636D6400000909090901020958
:105E400009090909090909090909070909090909C4
:105E500006090909090909090909090909090909B5
:105E60000905312E306200312E3100312E320032E0
:105E70002E3000322E3100332E3000342E300034DC
:105E80002E3100342E3200352E3000352E310035C3
:105E90002E3200352E3300352E3400362E300036AB
:105EA0002E3100362E32005374616E6461726420AC
:105EB000426C7565746F6F746820636F6E74726F77
:105EC0006C6C65720056656E646F722073706563EA
:105ED0006966696320636F6E74726F6C6C657200C3
:105EE0004669726D77617265206C6F6164657200DE
:105EF00052657363756520696D61676500726573CE
:105F00006572766564006E5246353178006E524691
:105F1000353278006E5246353378006E524635344D
:105F20004878006E524635344C7800496E74656C82
:105F300020436F72706F726174696F6E004E6F7282
:105F40006469632053656D69636F6E647563746F14
:105F500072004E58502053656D69636F6E647563AF
:105F6000746F727300457370726573736966205342
:105F7000797374656D730062745F6863695F636FE2
:105F8000726500636D6420646973616C6C6F776522
:105F900064004661696C656420746F206469736194
:105FA000626C652061646472657373207265736FDF
:105FB0006C7574696F6E005265736F6C76696E678D
:105FC000206C6973742073697A65206578636565F0
:105FD0006465642E20537769746368696E67207402
:105FE0006F20686F73742E004661696C656420745D
:105FF0006F20636C656172207265736F6C75746974
:106000006F6E206C697374004661696C65642074FE
:106010006F206164642049524B20746F20636F6E5F
:1060200074726F6C6C65720053657420707269765F
:10603000616379206D6F646520636F6D6D616E645F
:10604000206973206E6F7420737570706F72746541
:1060500064004661696C656420746F207365742008
:1060600070726976616379206D6F6465004469734D
:1060700061626C696E67206164647265737320721B
:1060800065736F6C7574696F6E206661696C6564A9
:10609000202865727220256429004661696C656458
:1060A00020746F2072656D6F76652049524B2066B3
:1060B000726F6D20636F6E74726F6C6C6572004FDF
:1060C0006E6C792072616E646F6D20737461746997
:1060D00063206964656E74697479206164647265B3
:1060E000737320737570706F7274656400496E7697
:1060F000616C696420696E70757420706172616D85
:106100006574657273004661696C656420746F2004
:1061100072656164207075626C6963206164647289
:106120006573730052656164205374617469632000
:1061300041646472657373657320636F6D6D616E26
:1061400064206E6F7420617661696C61626C6500B9
:106150004661696C656420746F20726561642073A8
:10616000746174696320616464726573736573003C
:106170004E6F207374617469632061646472657327
:106180007365732073746F72656420696E20636F2A
:106190006E74726F6C6C657200556E61626C652016
:1061A000746F20736574206964656E7469747920F6
:1061B0006164647265737300556E61626C6520740E
:1061C0006F207365742072616E646F6D206164640A
:1061D000726573730062745F696400556E657870F0
:1061E000656374656420656E64206F662062756601
:1061F00066657200030502000A4661696C656420E9
:10620000746F2067656E6572617465204543432035
:106210006B6579202564004661696C656420746F44
:10622000206578706F727420454343207075626CEE
:106230006963206B6579202564004661696C65643B
:1062400020746F206578706F72742045434320700E
:10625000726976617465206B6579202564004661FA
:10626000696C656420746F2064657374726F792043
:10627000454343206B6579204944202564004661ED
:10628000696C656420746F20696D706F727420741E
:1062900068652070726976617465206B6579206627
:1062A0006F72206B65792061677265656D656E74CC
:1062B00020256400526177206B65792061677265E3
:1062C000656D656E74206661696C65642025640087
:1062D0004661696C656420746F2064657374726FC5
:1062E0007920746865206B6579202564007073617E
:1062F0005F696D706F72745F6B65792829207265B4
:106300007475726E6564207374617475732025648E
:10631000004275737920706572666F726D696E6781
:1063200020616E6F746865722045434448206F7029
:1063300065726174696F6E00E69D350E480103CC8D
:10634000DBFDF4AC1191F4EFB9A5F9E9A7832C5E5C
:106350002CBE97F2D203B0208BD28915D08E1C743C
:106360002430ED8FC24563765C15525ABF9A326372
:106370006DEB2A65499C80DC62745F65636300464F
:1063800061696C656420726561642072656D6F740B
:10639000652066656174757265732028256429001F
:1063A00050485920307825303278206E6F74207331
:1063B0007570706F72746564004661696C65642005
:1063C0004C452053657420504859202825642900E5
:1063D0004661696C656420746F2073657420646124
:1063E0007461206C656E202825642900556E6578DF
:1063F000706563746564206669727374204C3243FF
:106400004150206672616D6500556E6578706563F8
:10641000746564204C3243415020636F6E74696E22
:10642000756174696F6E004E6F7420656E6F75676D
:1064300068206275666665722073706163652066A8
:106440006F72204C32434150206461746100556E7C
:1064500065787065637465642041434C20666C61A7
:1064600067732028307825303278290041434C204A
:106470006C656E206D69736D617463682028257585
:10648000203E202575290028756E6B6E6F776E296A
:10649000006E6F207472616E736974696F6E20256F
:1064A00073004572726F72207768696C652072653F
:1064B0006D6F76696E6720636F6E6E20757365729F
:1064C0002066726F6D207363616E6E657220282581
:1064D000642900496E76616C69642028257529203D
:1064E0006F6C6420737461746500636F6E6E202539
:1064F00070206661696C656420746F2065737461D7
:10650000626C6973682E205246206E6F6973653F16
:10651000006E6F2076616C696420282575292073D0
:1065200074617465207761732073657400696E63AC
:106530006F6D70617469626C652068616E646C6512
:106540002025750054696D656F75742064697363E7
:1065500061726465642E204E6F20626C6F636B699C
:106560006E6720696E2073797377712E00466174AF
:10657000616C206572726F7220282564292E204478
:106580006973636F6E6E656374696E672025700052
:10659000466F756E642076616C696420636F6E6E01
:1065A000656374696F6E2028257029207769746887
:1065B000206164647265737320257320696E2025E1
:1065C0007320737461746520002A636F6E6E20738C
:1065D000686F756C6420626520756E7265666572A1
:1065E000656E63656420616E6420696E69746961BB
:1065F0006C697A656420746F204E554C4C004E6F68
:10660000206275666665727320746F2063616E63C5
:10661000656C20636F6E6E656374696F6E2C20729B
:1066200065747279696E6720696E203130206D73F0
:106630000053656E64204C4520706172616D207559
:106640007064617465206661696C65642028657298
:1066500072202564290001010101010203646973AC
:10666000636F6E6E656374656400646973636F6EF7
:106670006E6563742D636F6D706C65746500736314
:10668000616E2D6265666F72652D696E69746961F0
:1066900074696E6700696E6974696174696E672DEB
:1066A00066696C7465722D6C697374006164762D13
:1066B000636F6E6E65637461626C65006164762DF4
:1066C0006469722D636F6E6E65637461626C6500E0
:1066D00062745F636F6E6E00556E61626C652074EC
:1066E0006F20616C6C6F63617465206275666665AE
:1066F0007220666F72206F702030782530327800FB
:106700004E6F20617661696C61626C65204C32432A
:10671000415020636F6E7465787420666F722063D9
:106720006F6E6E20257000457870656374696E67C2
:1067300020757020746F20256420726566732C208C
:10674000676F7420256400616C72656164792068EC
:106750006176652076696577206F6E202570004C24
:1067600032434150206C656E677468206D69736DAB
:10677000617463682028257520213D202575290036
:10678000496E76616C6964206964656E7420766117
:106790006C756520696E204C324341502050445541
:1067A00000496E76616C6964204C4520636F6E6EA3
:1067B00020706172616D207273702073697A652038
:1067C00028257520213D20257A752900496E76619E
:1067D0006C6964204C4520636F6E6E207570646137
:1067E000746520706172616D207265712073697AC1
:1067F000652028257520213D20257A7529004E6FBA
:106800007420636F6E6E65637465640052656A65BB
:106810006374696E6720756E6B6E6F776E204C3295
:106820004341502050445520636F646520307825E3
:1068300030327800546F6F20736D616C6C204C3275
:10684000434150207369676E616C696E67205044E4
:106850005500546F6F20736D616C6C204C32434156
:10686000502050445520726563656976656400491F
:10687000676E6F72696E67206461746120666F7203
:1068800020756E6B6E6F776E206368616E6E656CDF
:106890002049442030782530347800636F6E666973
:1068A000670062745F6C326361700041545420630E
:1068B00068616E6E656C206E6F7420636F6E6E65BE
:1068C00063746564004572726F72207369676E69E4
:1068D0006E6720646174610052616E206F75742070
:1068E0006F662054582062756666657273206F72F9
:1068F00020636F6E74657874732E004661696C65F1
:106900006420746F207375626D6974206174745FA4
:1069100074785F64657374726F795F776F726B3AC6
:1069200020256400556E61626C6520746F2063726F
:1069300065617465206572722072737020504455D1
:1069400000415454204D5455206578636565646555
:10695000642C206D61782025752C2077616E74651C
:106960006420257A7500556E61626C6520746F2015
:1069700063726561746520636F6E6669726D205025
:10698000445500556E61626C6520746F20637265BA
:10699000617465207273702050445500546F6F20ED
:1069A000736D616C6C2041545420504455207265C5
:1069B00063656976656400556E68616E646C6564D4
:1069C0002041545420636F6465203078253032783C
:1069D00000496E76616C6964206C656E20257520B7
:1069E000666F7220636F64652030782530327800DE
:1069F000556E61626C6520746F20637265617465A9
:106A000020555549443A2073697A6520257500550B
:106A10006E61626C6520746F2063726561746520BD
:106A2000555549443A2073697A65202564004E6FB4
:106A300020617661696C61626C6520415454206309
:106A40006F6E7465787420666F7220636F6E6E204F
:106A50002570004E6F20617661696C61626C652003
:106A6000415454206368616E6E656C20666F7220BD
:106A7000636F6E6E20257000556E61626C652074C8
:106A80006F2066696E6420415454206368616E6EA5
:106A9000656C00476F74206572722025642C206E2F
:106AA0006F742063616C6C696E672041545420637D
:106AB00062004661696C656420746F2072652D7395
:106AC00075626D69742025733A202564004E6F202D
:106AD000415454206368616E6E656C20666F72204D
:106AE0004D545520257A75004E6F2070656E64698F
:106AF0006E6720415454207265717565737400553A
:106B00006E61626C6520746F2063726561746520CC
:106B100072657472792050445520282575290044E7
:106B20006973636F6E6E656374696E672066616911
:106B30006C656420286572722025642900415454D4
:106B40002054696D656F757420666F722064657678
:106B50006963652025732E20446973636F6E6E65CB
:106B60006374696E672E2E2E006174745F74785F93
:106B700064657374726F795F776F726B5F68616E53
:106B8000646C65720062745F61747400434D4143CC
:106B900020757064617465206661696C6564202588
:106BA00064004E6F20737061636520746F2073748E
:106BB0006F7265204343432063666700756E6162B0
:106BC0006C6520746F20736176652053433A206EA4
:106BD0006F20636667206C656674004E6F2073706B
:106BE00061636520746F2073746F726520436C69F4
:106BF000656E7420537570706F727465642046659D
:106C000061747572657300556E61626C6520746F96
:106C100020696D706F727420746865206B657920CF
:106C2000666F722041455320434D41432025640047
:106C3000434D4143206F7065726174696F6E2069C6
:106C40006E6974206661696C656420256400434D3B
:106C500041432066696E697368206661696C65648A
:106C60002025640052656164206D6574686F64203E
:106C70006E6F7420736574004661696C656420747E
:106C80006F207265616420617474726962757465E5
:106C9000202570202865727220257A642900496EAB
:106CA00076616C69642072656164206C656E6774DE
:106CB000683A20257A6400434343202570206E6F94
:106CC00074207772697461626C6500534320726549
:106CD00073746F726520696E6469636174696F6E45
:106CE000206661696C656400556E6B6E6F776E200F
:106CF000555549442074797065202575005061729E
:106D000073652065727200496E76616C69642064F7
:106D1000617461206C656E20257500506172736529
:106D20002065727220646174005061727365206521
:106D300072722063657000506172736520657272B3
:106D40002063636300506172736520657272207303
:106D500063630050617273652065727220637066B0
:106D600000496E76616C696420666F726D61742093
:106D700025750042616420706565723A2041545463
:106D800020726561642D62792D7575696420727356
:106D9000703A20696E76616C6964204154545220C7
:106DA000504455206C656E20257500496E76616CE7
:106DB00069642068616E646C65004261642070657E
:106DC00065723A2041545420726561642D62792DB8
:106DD00075756964207273703A2048616E646C65E1
:106DE00020307825303478206973206F757473698A
:106DF0006465207265717565737465642072616E77
:106E00006765203078253034782D30782530347817
:106E10002E2041626F7274696E6720726561642E04
:106E2000004661696C656420746F20756E737562CD
:106E30007363726962652028657272202564290077
:106E4000496E76616C69642064617461206C656E62
:106E5000202575203E202575004661696C656420FB
:106E6000746F20736574207365637572697479201B
:106E7000666F7220626F6E64656420706565722053
:106E80002825642900636F6E6E2025702070617262
:106E9000616D73202570207265737562206661696B
:106EA0006C65642028657272202564290062745F15
:106EB0006761747400556E61626C6520746F206642
:106EC000696E6420534D50206368616E6E656C007E
:106ED000556E6B6E6F776E2070616972696E672098
:106EE0006D6574686F642028257529004661696C9A
:106EF000656420746F20737461727420656E6372B0
:106F0000797074696F6E004661696C656420746F96
:106F10002067656E65726174652044484B65790031
:106F200043616C63756C617465204C544B206661E1
:106F3000696C65640043616C63756C617465206C99
:106F40006F63616C2044484B657920636865636BAF
:106F5000206661696C65640052656D6F74652069B7
:106F600073207573696E672044656275672050757C
:106F7000626C6963206B657900526563656976654B
:106F80006420696E76616C6964207075626C6963F7
:106F9000206B65790052656D6F7465207075626C49
:106FA0006963206B65792072656A65637465640046
:106FB00043616C63756C61746520636F6E666972A2
:106FC0006D206661696C6564004E6F206B65797336
:106FD00020737061636520666F72202573004E6FA9
:106FE00020617661696C61626C6520534D5020634D
:106FF0006F6E7465787420666F7220636F6E6E209A
:10700000257000556E61626C6520746F2067657431
:10701000206B65797320666F72202573004E65774B
:10702000206175746820726571756972656D656E31
:1070300074733A20307825782C20726570616972FB
:10704000696E6700556E737570706F727465642039
:107050006175746820726571756972656D656E74AD
:10706000733A20307825782C2072657061697269D6
:107070006E670054686520696E2D70726F67726567
:1070800073732070616972696E6720686173206232
:1070900065656E2064656C657465642100534D50B0
:1070A00020646F6573206E6F7420616C6C6F772045
:1070B000612070616972696E67206661696C7572C2
:1070C00065206174207468697320706F696E742E16
:1070D000204B6E6F776E2069737375652E2044693F
:1070E00073636F6E6E656374696E6720696E737427
:1070F0006561642E005075626C6963206B65792050
:107100006E6F7420617661696C61626C6500546FAA
:107110006F20736D616C6C20534D5020504455208E
:10712000726563656976656400534D5020636F6DC9
:107130006D616E642028636F64652030782530327D
:107140007829207265636569766564206166746577
:10715000722074696D656F75740052656365697638
:10716000656420726573657276656420534D5020A6
:10717000636F64652030782530327800556E686121
:107180006E646C656420534D5020636F64652030DD
:10719000782530327800556E657870656374656463
:1071A00020534D5020636F6465203078253032784D
:1071B00000496E76616C6964206964656E746974F7
:1071C00079202573005265667573696E67206E6558
:1071D000772070616972696E672E20546865206F30
:1071E0006C6420626F6E64206D757374206265201C
:1071F000756E7061697265642066697273742E00C1
:1072000070616972696E67206661696C65642028C7
:107210007065657220726561736F6E2030782578B5
:107220002900534D502054696D656F757420286690
:107230006C6167733A30782530387820616C6C6FF8
:107240007765645F636D64733A30782530387829E8
:10725000000005061F1F2918120308020305080A6B
:1072600000080103040105040509060701010606DB
:1072700008000001000100030100030202010002F6
:107280000000000000020301000362745F736D7070
:107290000062745F6B657973004661696C65642098
:1072A000746F20616C6C6F63617465206E6577200C
:1072B0007265617373656D626C792062756666656F
:1072C00072004E6F7420656E6F756768207265611D
:1072D0007373656D626C7920627566666572207382
:1072E0007061636520666F72207375626576656E86
:1072F0007420726573756C7400417474656D70747C
:10730000656420646F75626C652066726565206FC8
:107310006E207265617373656D626C79206275664B
:1073200066657200546865206275666665722077CE
:107330006173206E6F7420696E20746865206C69BB
:10734000737400526561642052656D6F74652053DB
:107350007570706F72746564204361706162696CEE
:107360006974696573206661696C6564202873744B
:1073700061747573203078253032582900436F7559
:107380006C64206E6F74206C6F6F6B757020636F10
:107390006E6E656374696F6E2068616E646C6520E3
:1073A0007768656E2072656164696E672072656DCD
:1073B0006F7465204353206361706162696C697406
:1073C00069657300526561642052656D6F74652054
:1073D000464145205461626C65206661696C656454
:1073E0002077697468207374617475732030782510
:1073F00030325800436F756C64206E6F74206C6F70
:107400006F6B757020636F6E6E656374696F6E204D
:1074100068616E646C65207768656E207265616472
:10742000696E672072656D6F746520464145205412
:1074300061626C6500556E6B6E6F776E20636F6E68
:107440006E656374696F6E2068616E646C65207729
:1074500068656E2070726F63657373696E67207301
:1074600075626576656E7420726573756C747300F1
:1074700050726F636564757265207374617475739F
:1074800020697320696E636F6E73697374656E74BF
:107490002077697468207375626576656E742073F1
:1074A00074617475732E2044697363617264696ECC
:1074B00067207375626576656E7420726573756C8E
:1074C00074730044697363617264696E67207061EC
:1074D000727469616C20726573756C74732077695E
:1074E00074686F75742073746570206461746100D2
:1074F0004E6F2062756666657220616C6C6F6361A9
:1075000074656420666F7220746865207265737597
:107510006C74207265617373656D626C79004F766F
:1075200065722D7772697474656E20696E636F6D14
:10753000706C657465204353207375626576656E63
:107540007420726573756C7473004E6F2072656180
:107550007373656D626C79206275666665722077FB
:10756000617320616C6C6F636174656420666F7217
:1075700020746869732043532070726F636564756B
:1075800072652C20706F737369626C792064756505
:1075900020746F20616E206F75742D6F662D6F7271
:1075A000646572207375626576656E7420726573AA
:1075B000756C7420636F6E74696E75652065766591
:1075C0006E7400446973636172646564206F7574DE
:1075D0002D6F662D6F7264657220706172746961BF
:1075E0006C204353207375626576656E74207265F6
:1075F00073756C74730052656365697665642069A0
:107600006E636F6E73697374656E74206E756D62F0
:107610006572206F6620616E74656E6E61207061A8
:107620007468732066726F6D2074686520636F6E76
:1076300074726F6C6C65723A2025642C20707265D0
:1076400076696F7573206E756D62657220776173F0
:107650003A20256400435320436F6E6669672066B5
:1076600061696C6564202873746174757320307867
:10767000253032582900436F756C64206E6F74207A
:107680006C6F6F6B757020636F6E6E656374696F7E
:107690006E2068616E646C65207768656E20726527
:1076A0006164696E6720435320636F6E6669677516
:1076B000726174696F6E00536563757269747920C5
:1076C000456E61626C65206661696C6564207769EE
:1076D0007468207374617475732030782530325863
:1076E0000043616E2774206C6F6F6B757020636F41
:1076F0006E6E2068616E646C65207768656E2072BE
:10770000656164696E672053656375726974792079
:10771000456E61626C6520436F6D706C65746520A9
:107720006576656E740050726F636564757265206E
:10773000456E61626C65206661696C65642077697D
:1077400074682073746174757320307825303258F2
:107750000043616E2774206C6F6F6B757020636FD0
:107760006E6E2068616E646C65207768656E20724D
:10777000656164696E672050726F636564757265D8
:1077800020456E61626C6520436F6D706C65746539
:10779000206576656E740044652D616C6C6F636165
:1077A00074696E6720612064616E676C696E672022
:1077B0007265617373656D626C792062756666656A
:1077C000720062745F6373006C888391AAF5A538B8
:1077D00060370BDB5A6083BE62745F6372797074CA
:1077E0006F004661696C656420746F20696D706F0D
:1077F000727420414553206B6579202564004661F1
:10780000696C656420746F20636F6D70757465209A
:107810004D41432025640063616368655F6E726655
:107820007800636C6F636B403130653030300068D6
:1078300066636C6B006C66636C6B00636C6F636B90
:107840005F636F6E74726F6C007073612D726E6720
:10785000006770696F4031306130303000677069A7
:107860006F406438323030006770696F40353034B3
:1078700030300000010405020608090F75617274BA
:1078800040313034303030007561727440633730CD
:10789000303000756172744063363030300075618D
:1078A00072745F6E7266785F7561727465004C45C4
:1078B0004420696E646578206F7574206F6620744B
:1078C00068652072616E67650043616E6E6F74203B
:1078D0007772697465204C4544206770696F004376
:1078E000616E6E6F7420636F6E6669677572652076
:1078F0004C4544206770696F00646B5F62757474F7
:107900006F6E735F616E645F6C65647300536F6666
:107910007444657669636520436F6E74726F6C6C36
:107920006572204153534552543A2025732C20252B
:107930006400536F667444657669636520436F6EB7
:1079400074726F6C6C6572206275696C642072650C
:10795000766973696F6E3A2000456E74726F707944
:1079600020736F7572636520646576696365206E48
:107970006F74207265616479004661696C6564208A
:10798000746F2072656769737465722072616E64CA
:1079900020736F75726365202825642900416C6C23
:1079A0006F6361746564206D656D6F727920746FAB
:1079B0006F206C6F773A20257A75203C2025750062
:1079C0004576656E742062756666657220746F6FA9
:1079D00020736D616C6C2E20257A75203E202575F4
:1079E00000556E6578706563746564206D73675FBC
:1079F000747970653A2025752E2054686973206962
:107A0000662D656C7365206E656564732061206EFC
:107A10006577206272616E636800556E6B6E6F777A
:107A20006E206572726F72207768656E2070726F5B
:107A300063657373696E6720686369206D6573732E
:107A40006167652025640062745F6863695F7364C1
:107A5000630062745F7364635F6863695F64726923
:107A60007665720062745F7364635F6372797074C9
:107A70006F004D50534C204153534552543A2025EA
:107A8000732C202564004D50534C20576F726B00AF
:107A90006D70736C5F696E697400556E737570708C
:107AA0006F72746564204846434C4B206576656E62
:107AB000743A202564006E7266785F636C6F636B46
:107AC0005F6D70736C000007182323232323232387
:107AD0002323232323230001025465726D696E6101
:107AE0006C000000000000005454522052454747EB
:107AF00045530048616C74696E67207379737465CF
:107B00006D00556E6B6E6F776E206572726F7200CE
:107B10003E3E3E205A455048595220464154414C21
:107B2000204552524F522025643A202573206F6E13
:107B300020435055202564004661756C742064759F
:107B400072696E6720696E746572727570742068F0
:107B5000616E646C696E670A0043757272656E745B
:107B6000207468726561643A202570202825732985
:107B70000043505520657863657074696F6E0055D9
:107B80006E68616E646C656420696E74657272758E
:107B9000707400537461636B206F766572666C6FEE
:107BA00077004B65726E656C206F6F7073004B656C
:107BB000726E656C2070616E6963006F730073791B
:107BC00073776F726B7100141400001C2030401C1E
:107BD0002000001C203040004063726163656E002D
:107BE000141400001C2030401C2000001C203040D9
:107BF0000040010302FFFFFFFF0000000100000042
:107C0000000000000000000000FFFFFFFFFFFFFF7B
:107C1000FFFFFFFFFFFFFFFFFF00000000FFFFFF70
:107C2000FFFFFFFFFFBCE6FAADA7179E84F3B9CABA
:107C3000C2FC6325516B17D1F2E12C4247F8BCE638
:107C4000E563A440F277037D812DEB33A0F4A139E5
:107C500045D898C2964FE342E2FE1A7F9B8EE7EB2F
:107C60004A7C0F9E162BCE33576B315ECECBB6407F
:107C70006837BF51F5FFFFFFFF0000000100000063
:107C8000000000000000000000FFFFFFFFFFFFFFFB
:107C9000FFFFFFFFFC5AC635D8AA3A93E7B3EBBD06
:107CA00055769886BC651D06B0CC53B0F63BCE3CED
:107CB0003E27D2604B27037D53048DFE99A9F29A8B
:107CC000ADDE5B6AE2746CAC7500FFFFFFFF1F0066
:107CD000FFC1FBE84C90728BE7B3518963AB232360
:107CE00000647261676F6F6E2F6C6962732F7363CC
:107CF0006865642F7372632F73636865645F68617E
:107D00006C5F74696D65725F677274632E63006E79
:0C7D1000616E00286E756C6C290000008C
:107D2400FFFFFFFFFF1F00001F0000000000000016
:107D34007FFE0000E40700001D400000000000007A
:107D44000000000000000000FFFFFFFF1FFF1B00FA
:107D5400BAABBABA10101010A0354D00FF000000E5
:107D6400C40900000000000000500850000000009A
:107D7400000000000C000000010000FF7F00000074
:107D840000000000AAAAAAAA5555555501000000F2
:107D9400D1CD01000000000083CD010000000000EF
:107DA400B3CD010000000000EBCD01000000000095
:107DB4009BCD0100000000004DD900000000000030
:107DC4004DD90000000000004BCD01000000000070
:107DD400FDCC010000000000D8550100FF000000A8
:107DE4000C7A010001000101010300001E001E02C3
:107DF400000000000000000002007C007E00E001A2
:107E0400030000000000000000000000000000006B
:107E1400000000000000000000000000000000005E
:107E2400000000000000000000000000000000004E
:107E3400000000000000000000000000000000003E
:107E4400000000000000000000000000000000002E
:107E5400000000000000000000000000000000001E
:107E6400000000000000000000000000000000000E
:107E740000000000000000000000000000000000FE
:107E840000000000000000000000000000000000EE
:107E940000000000000000000000000000000000DE
:107EA40000000000000000000000000000000000CE
:107EB40000000000000000000000000000000000BE
:107EC40000000000000000000000000000000000AE
:107ED4009581020000000000000000000000000086
:107EE400000000000000000000000000000000008E
:107EF400000000000000000000000000000000007E
:107F0400000000000000000000000000000000006D
:107F1400000000000000000000000000000000005D
:107F2400000000000000000000000000000000004D
:107F3400000000000000000000000000000000003D
:107F4400000000000000000000000000000000002D
:107F5400000000000000000000000000000000001D
:107F6400000000000000000000000000000000000D
:107F7400000000004402040000000000710C020034
:107F840000000000000100000000000000000000EC
:107F940000000000000000000000000000000000DD
:107FA4000000000000000000000000006700000066
:107FB40000000000000000000000000000000000BD
:107FC40000000000000000000000000000000000AD
:107FD400000000000000000000000000000000009D
:107FE400000000000000000000000000000000008D
:107FF400000000000000000000000000000000007D
:10800400000000000000000000000000000000006C
:10801400000000000000000000000000000000005C
:10802400000000000000000000000000000000004C
:1080340000000000000000004816040000000000DA
:10804400000064000400040001000000401F000060
:10805400401F000000028001FFFF00003193030075
:10806400419A0300DC16040000000000414B0200AA
:10807400000000000000000000000000E5A0030074
:10808400000000000000000000C0105000000000CC
:1080940000000000000000000000000000000000DC
:1080A40000000000000000000000000000000000CC
:1080B40000000000000000000000000000000000BC
:1080C40000000000000000000000000000000000AC
:1080D400000000000000000000000000000000009C
:1080E400000000000000000000000000000000008C
:1080F400000000000000000000000000000100007B
:1081040000A00D500000000000000000000000006E
:10811400000000000000000000000000000000005B
:10812400000000000000000000000000000000004B
:10813400000000000000000000000000000000003B
:10814400000000000000000000000000000000002B
:10815400000000000000000000000000000000001B
:10816400000000000000000000000000000000000B
:10817400000000000000000000000000B1840200C4
:1081840000000000000000000000000089740200EC
:10819400000000000000000000000000E193020065
:1081A400000000000000000000000000B192020086
:1081B400000000000000000000000000119D02000B
:1081C4000000000000000000000000003D970200D5
:1081D4000000000000000000D8150020D815002081
:1081E400000000000000000088A402200000EE014E
:1081F40088A40220F1B1020019C5020085C402005E
:108204000000000000000000EDB50200D5B403003A
:1082140093B5030059B10200000000000000000003
:1082240011C1020000000000000000000834040036
:10823400000002001434040000000A002434040086
:10824400000020000000000000000000000000000A
:10825400000000000000000000000000000000001A
:10826400000000000000000000000000000000000A
:1082740000000000000000000000000000000000FA
:1082840000000000000000000000000000000000EA
:1082940000000000000000000000000000000000DA
:1082A40000000000000000000000000000000000CA
:1082B40089BD0300000000003834040000000200FF
:1082C4004434040000000200C8160020C816002030
:1082D40000000000000000000E000000DC1600207A
:1082E400DC160020ADF4020000000000F8160020A7
:1082F400000000000000000000000000000000007A
:10830400EBF40120200000000000000018170020FA
:108314000000000000000000000000000000000059
:108324000DF5012020000000000000003817002097
:108334000000000000000000000000000000000039
:108344002FF5012020000000000000000D110300A3
:1083540000000000FF0000000090D003FF000000B8
:108364000F00000071020000681700206817002049
:10837400F5E20300F1E2030065FC030067742000EA
:10838400A4180020F4180020CC180020981A00200B
:108394008C1A0020B8180020E01800201BFB0300F2
:1083A4001FFB03002BFB030000005B1830003000B0
:1083B4000000800C0002020A010300000200000019
:1083C40000000000000000010000020001000100A4
:1083D4000000000000000000000000000000000099
:1083E4000000000000000000000000000000000089
:1083F4000000000000000000000000000000000079
:108404000000000000000000000000000000000068
:108414000000000000000000000000000000000058
:108424000000000000000000281800202818002088
:10843400507B022000000000050000003400000012
:10844400000000004418002044180020B029022035
:108454000000000005000000B00000000000000063
:108464006018002060180020547C022000000000E6
:10847400030000001C0000000000000000000000D9
:10848400605A02200002000000000000000000000A
:108494009018002090180020000000000000000048
:1084A4000E000000A4180020A41800200000000002
:1084B400000000000E000000B8180020B8180020CA
:1084C40000000000000000000E000000CC18002096
:1084D400CC18002000000000000000000E00000086
:1084E400E0180020E0180020000000000000000058
:1084F4000E000000F4180020F41800200000000012
:10850400000000000E0000000819002008190020D7
:1085140000000000000000000E0000001C190020F4
:108524001C19002000000000000000000E000000E4
:108534003019002030190020000000000000000065
:108544000E0000004419002044190020000000001F
:10855400000000000E0000005819002058190020E7
:1085640000000000000000000E0000006C19002054
:108574006C1900200400000003000000605C02206D
:108584006C5C0220605C0220605C02200000000041
:108594009019002090190020000000009C19002070
:1085A4009C1900200000000001000000AC1900200C
:1085B400AC190020B4190020B419002000000000F8
:1085C400FFFFFFFFC4190020C4190020CC190020AC
:1085D400CC1900200000000001000000DC1900207C
:1085E400DC190020E4190020E41900200000000038
:1085F40001000000F4190020F4190020FC190020E7
:10860400FC19002000000000010000000C1A0020EA
:108614000C1A0020141A0020141A00200000000074
:1086240001000000241A0020241A00202C1A002023
:108634002C1A002000000000010000003C1A002059
:108644003C1A0020441A0020441A002000000000B4
:1086540001000000541A0020541A00205C1A002063
:108664005C1A002000000000010000006C1A0020C9
:108674006C1A0020741A0020741A002000000000F4
:1086840001000000841A0020841A00208C1A0020A3
:108694008C1A002000000000981A0020981A00206C
:1086A400000000000000000000000000AC1A0020E0
:1086B400AC1A0020B41A0020B41A002000000000F4
:1086C40000000000C41A0020C41A0020CC1A0020A4
:1086D400CC1A00200300030010000000000000007A
:1086E4001819040058770220000000000000000060
:1086F400F01A0020F01A0020F81A0020F81A0020BE
:108704000300030010000000F5B00200441A040046
:10871400D87A022000000000000000001C1B00208A
:108724001C1B0020241B0020241B0020030003002A
:10873400000000000000000068170400D86E02204A
:108744000000000000000000481B0020481B00201F
:10875400501B0020501B00200500050010000000E5
:10876400F196020004190400907302200000000036
:1087740000000000741B0020741B00207C1B0020E0
:108784007C1B002003000300000000000000000028
:10879400CC18040048730220000000000000000010
:1087A400A01B0020A01B0020A81B0020A81B002049
:1087B40010001000040000006D6C02005417040047
:1087C4008C6C02200000000000000000CC1B002084
:1087D400CC1B0020D41B0020D41B0020020002006C
:1087E4000400000000000000581A0400987E0220D3
:1087F4000000000000000000F81B0020F81B00200F
:10880400001C0020001C00200200020002000000E6
:1088140000000000101C040050A40220000000000E
:1088240000000000241C0020241C00202C1C00201C
:108834002C1C0020010001000000000000000000CA
:0C8844007C1704002470022015E015E0F1
:00000001FF
